"repeat_idx","fold_idx","method","k","disease_label","ontology_ids","open_targets_sum","open_targets_expected","open_targets_enrichment","open_targets_z","open_targets_empirical_p","open_targets_overlap","open_targets_pool_targets","GO_semantic_mean_ratio","GO_semantic_expected","GO_semantic_enrichment","GO_semantic_z","GO_semantic_empirical_p","GO_annotated","hallmark_edges","hallmark_expected","hallmark_enrichment","hallmark_z","hallmark_empirical_p","hallmark_annotated","string_edges","string_expected","string_enrichment","string_z","string_empirical_p","string_mapped","pool_size","n_null","null_seed"
1,1,"GS_full_ungrouped",10,"Asthma","MONDO_0004979",0,0.0484153600483337,0,-0.296266396361067,1,0,18,2.02535024520122,0.988723570356702,2.0484494412028,2.20759978401952,0.034965034965035,8,0,0.198,0,-0.370835234748609,1,4,8,0.35,22.8571428571429,8.33522099832454,0.002997002997003,8,2000,1000,950101
1,1,"DGE",10,"Asthma","MONDO_0004979",0.558012762851594,0.0484153600483337,11.5255316142341,3.11836132113361,0.037962037962038,1,18,1.49813631287115,0.988723570356702,1.51522261407267,1.08484518838025,0.135864135864136,9,0,0.198,0,-0.370835234748609,1,5,6,0.506,11.8577075098814,5.14311021172777,0.00699300699300699,9,2000,1000,950101
1,1,"LASSO",10,"Asthma","MONDO_0004979",0,0.0484153600483337,0,-0.296266396361067,1,0,18,1.37390197280504,0.988723570356702,1.38957137666838,0.820275783643582,0.195804195804196,10,0,0.198,0,-0.370835234748609,1,5,12,0.648,18.5185185185185,9.7147730386197,0.000999000999000999,10,2000,1000,950101
1,1,"ElasticNet",10,"Asthma","MONDO_0004979",0,0.0484153600483337,0,-0.296266396361067,1,0,18,1.17936154594612,0.988723570356702,1.19281220889742,0.405982562430428,0.297702297702298,7,0,0.198,0,-0.370835234748609,1,2,4,0.35,11.4285714285714,3.97693550900452,0.017982017982018,8,2000,1000,950101
1,1,"mRMR",10,"Asthma","MONDO_0004979",0,0.0484153600483337,0,-0.296266396361067,1,0,18,1.34624930681833,0.988723570356702,1.36160333098223,0.761386676367833,0.216783216783217,6,0,0.198,0,-0.370835234748609,1,0,0,0.302,0,-0.38685996832134,1,7,2000,1000,950101
1,1,"Boruta",10,"Asthma","MONDO_0004979",0,0.0484153600483337,0,-0.296266396361067,1,0,18,1.06340609762355,0.988723570356702,1.07553428430952,0.159043882494194,0.384615384615385,9,3,0.198,15.1515151515152,5.24788044326062,0.013986013986014,7,0,0.506,0,-0.473682884443803,1,9,2000,1000,950101
1,1,"RF_importance",10,"Asthma","MONDO_0004979",0,0.0484153600483337,0,-0.296266396361067,1,0,18,1.35577491264227,0.988723570356702,1.37123757670018,0.781672403013587,0.208791208791209,10,3,0.198,15.1515151515152,5.24788044326062,0.013986013986014,6,2,0.648,3.08641975308642,1.15700961488846,0.271728271728272,10,2000,1000,950101
1,1,"GS_full_ungrouped",20,"Asthma","MONDO_0004979",0.558012762851594,0.101739684154483,5.48471098066609,1.90650566688391,0.0899100899100899,1,18,1.75933202579639,1.02889428103774,1.70992497307102,2.15754317060054,0.026973026973027,15,1,0.798,1.2531328320802,0.185298925608991,0.476523476523477,6,18,1.752,10.2739726027397,7.41052793256967,0.000999000999000999,16,2000,1000,950102
1,1,"DGE",20,"Asthma","MONDO_0004979",0.558012762851594,0.101739684154483,5.48471098066609,1.90650566688391,0.0899100899100899,1,18,1.95321986166295,1.02889428103774,1.89836788643915,2.73024273211435,0.010989010989011,19,3,0.798,3.7593984962406,2.01994175342078,0.0789210789210789,7,24,2.25,10.6666666666667,9.0038106265123,0.000999000999000999,18,2000,1000,950102
1,1,"LASSO",20,"Asthma","MONDO_0004979",0,0.101739684154483,0,-0.425112270356549,1,0,18,1.84870543655591,1.02889428103774,1.79678852397868,2.42153143435217,0.014985014985015,16,0,0.798,0,-0.732022488296902,1,6,18,1.752,10.2739726027397,7.41052793256967,0.000999000999000999,16,2000,1000,950102
1,1,"ElasticNet",20,"Asthma","MONDO_0004979",0,0.101739684154483,0,-0.425112270356549,1,0,18,1.05475126098908,1.02889428103774,1.02513084233033,0.076375503465787,0.426573426573427,12,0,0.798,0,-0.732022488296902,1,5,6,1.032,5.81395348837209,3.21126926636996,0.020979020979021,13,2000,1000,950102
1,1,"mRMR",20,"Asthma","MONDO_0004979",0,0.101739684154483,0,-0.425112270356549,1,0,18,1.73185801177823,1.02889428103774,1.68322250759474,2.07639132468458,0.031968031968032,13,0,0.798,0,-0.732022488296902,1,3,4,1.25,3.2,1.62147343236762,0.13986013986014,14,2000,1000,950102
1,1,"Boruta",20,"Asthma","MONDO_0004979",0.558012762851594,0.101739684154483,5.48471098066609,1.90650566688391,0.0899100899100899,1,18,2.20002130401601,1.02889428103774,2.13823844155987,3.45923677748525,0.002997002997003,19,4,0.798,5.0125313283208,2.93726316732667,0.02997002997003,9,14,2.64,5.3030303030303,4.19713563391924,0.00599400599400599,19,2000,1000,950102
1,1,"RF_importance",20,"Asthma","MONDO_0004979",0.558012762851594,0.101739684154483,5.48471098066609,1.90650566688391,0.0899100899100899,1,18,2.33454287788554,1.02889428103774,2.26898226660461,3.85658221189533,0.001998001998002,20,3,0.798,3.7593984962406,2.01994175342078,0.0789210789210789,7,28,2.552,10.9717868338558,9.21223501278904,0.001998001998002,20,2000,1000,950102
1,1,"GS_full_ungrouped",50,"Asthma","MONDO_0004979",0.558012762851594,0.239926491558239,2.32576552604715,0.87995628018144,0.18981018981019,1,18,1.81676997346325,1.00609669135518,1.80576080716072,3.92977009955427,0.001998001998002,39,15,5.321,2.81901898139447,2.33973407582998,0.036963036963037,15,78,10.694,7.29380961286703,10.6193999058503,0.000999000999000999,39,2000,1000,950103
1,1,"DGE",50,"Asthma","MONDO_0004979",0.558012762851594,0.239926491558239,2.32576552604715,0.87995628018144,0.18981018981019,1,18,1.69170690168063,1.00609669135518,1.68145558594569,3.32352202046164,0.004995004995005,43,9,5.321,1.69141138883668,0.889335847192738,0.181818181818182,13,142,12.438,11.4166264672777,18.6501406322667,0.000999000999000999,42,2000,1000,950103
1,1,"LASSO",50,"Asthma","MONDO_0004979",0,0.239926491558239,0,-0.663734471060718,1,0,18,2.10231301778215,1.00609669135518,2.08957353288819,5.31395105440473,0.000999000999000999,41,8,5.321,1.50347679007705,0.64760280908653,0.236763236763237,12,134,11.94,11.2227805695142,18.4028283544569,0.000999000999000999,41,2000,1000,950103
1,1,"ElasticNet",50,"Asthma","MONDO_0004979",0,0.239926491558239,0,-0.663734471060718,1,0,18,1.66626380144184,1.00609669135518,1.65616666445592,3.20018560767355,0.00599400599400599,37,3,5.321,0.563803796278895,-0.561062381444508,0.74025974025974,13,40,9.778,4.0908161178155,5.24479505420455,0.001998001998002,37,2000,1000,950103
1,1,"mRMR",50,"Asthma","MONDO_0004979",0,0.239926491558239,0,-0.663734471060718,1,0,18,1.46095487177932,1.00609669135518,1.45210185495339,2.20494262783681,0.020979020979021,33,4,5.321,0.751738395038526,-0.319329343338301,0.597402597402597,11,26,9.516,2.73224043715847,2.84718294556894,0.01998001998002,36,2000,1000,950103
1,1,"Boruta",50,"Asthma","MONDO_0004979",0.558012762851594,0.239926491558239,2.32576552604715,0.87995628018144,0.18981018981019,1,18,1.75354008306988,1.00609669135518,1.7429140739027,3.62326075954023,0.002997002997003,40,13,5.321,2.44314978387521,1.85626799961757,0.0599400599400599,14,76,11.292,6.7304286220333,9.93216168857282,0.000999000999000999,40,2000,1000,950103
1,1,"RF_importance",50,"Asthma","MONDO_0004979",0.558012762851594,0.239926491558239,2.32576552604715,0.87995628018144,0.18981018981019,1,18,1.8506497523953,1.00609669135518,1.83943528320577,4.09400363871871,0.001998001998002,43,11,5.321,2.06728058635595,1.37280192340515,0.101898101898102,17,140,12.438,11.2558289114005,18.3622454063167,0.000999000999000999,42,2000,1000,950103
1,1,"GS_full_ungrouped",100,"Asthma","MONDO_0004979",0.558012762851594,0.482923032035971,1.15549005914887,0.149336138591075,0.392607392607393,1,18,1.80430853201987,1.01133953423787,1.78407791937015,5.35097049397096,0.000999000999000999,78,70,22.32,3.13620071684588,4.35854259344301,0.001998001998002,33,290,41.622,6.96746912690404,16.6846744346436,0.000999000999000999,76,2000,1000,950104
1,1,"DGE",100,"Asthma","MONDO_0004979",0.558012762851594,0.482923032035971,1.15549005914887,0.149336138591075,0.392607392607393,1,18,1.57870757159106,1.01133953423787,1.56100648510764,3.82861074719311,0.000999000999000999,86,32,22.32,1.4336917562724,0.884871902360073,0.194805194805195,23,330,49.632,6.64893617021277,17.0779005497185,0.000999000999000999,83,2000,1000,950104
1,1,"LASSO",100,"Asthma","MONDO_0004979",0,0.482923032035971,0,-0.960422418053746,1,0,18,1.86670621662596,1.01133953423787,1.84577597674226,5.77203130486421,0.000999000999000999,82,36,22.32,1.61290322580645,1.25052144878986,0.125874125874126,26,282,49.632,5.68181818181818,14.154103160621,0.000999000999000999,83,2000,1000,950104
1,1,"ElasticNet",100,"Asthma","MONDO_0004979",0,0.482923032035971,0,-0.960422418053746,1,0,18,1.77307709848946,1.01133953423787,1.75319666488231,5.14022016227694,0.000999000999000999,77,29,22.32,1.29928315412186,0.610634742537736,0.253746253746254,27,250,43.738,5.71585349124331,13.0211581429626,0.000999000999000999,78,2000,1000,950104
1,1,"mRMR",100,"Asthma","MONDO_0004979",0,0.482923032035971,0,-0.960422418053746,1,0,18,1.44668930327728,1.01133953423787,1.43046845723033,2.93774885929072,0.004995004995005,70,28,22.32,1.25448028673835,0.51922235593029,0.280719280719281,24,102,39.194,2.60243914884931,4.59266531767233,0.001998001998002,74,2000,1000,950104
1,1,"Boruta",100,"Asthma","MONDO_0004979",0.558012762851594,0.482923032035971,1.15549005914887,0.149336138591075,0.392607392607393,1,18,1.52172006957362,1.01133953423787,1.50465794924191,3.44405795550344,0.000999000999000999,80,24,22.32,1.0752688172043,0.153572809500508,0.387612387612388,24,358,47.404,7.55210530756898,19.7815269467745,0.000999000999000999,81,2000,1000,950104
1,1,"RF_importance",100,"Asthma","MONDO_0004979",0.558012762851594,0.482923032035971,1.15549005914887,0.149336138591075,0.392607392607393,1,18,1.66792486103911,1.01133953423787,1.64922343542719,4.43065078245797,0.000999000999000999,83,47,22.32,2.10573476702509,2.25605770147176,0.032967032967033,31,382,48.984,7.79846480483423,20.5481515938864,0.000999000999000999,82,2000,1000,950104
1,1,"GS_full_ungrouped",200,"Asthma","MONDO_0004979",0.558012762851594,0.972160239553211,0.573992578742006,-0.613391439332653,0.699300699300699,1,18,1.31447905197823,1.01167322924792,1.299311886463,2.92986165297182,0.002997002997003,163,142,89.53,1.58606053836703,1.82486982258898,0.051948051948052,58,464,205.746,2.25520787767441,6.21942522496153,0.000999000999000999,169,2000,1000,950105
1,1,"DGE",200,"Asthma","MONDO_0004979",1.11688380676934,0.972160239553211,1.14886801715183,0.214349240775445,0.335664335664336,2,18,1.41627056724813,1.01167322924792,1.39992887654148,3.91476694474623,0.000999000999000999,155,92,89.53,1.02758851781526,0.085904868721074,0.417582417582418,41,730,174.736,4.17773097701676,14.6153805165832,0.000999000999000999,154,2000,1000,950105
1,1,"LASSO",200,"Asthma","MONDO_0004979",1.11259246802621,0.972160239553211,1.14445378730727,0.207993363711374,0.33966033966034,2,18,1.49895768870725,1.01167322924792,1.48166190956894,4.71482364171883,0.000999000999000999,161,332,89.53,3.70825421646375,8.43293664728701,0.000999000999000999,66,814,211.316,3.85205095686082,14.16181828568,0.000999000999000999,170,2000,1000,950105
1,1,"ElasticNet",200,"Asthma","MONDO_0004979",1.11259246802621,0.972160239553211,1.14445378730727,0.207993363711374,0.33966033966034,2,18,1.4665092973213,1.01167322924792,1.44958792515594,4.40086238177642,0.000999000999000999,160,241,89.53,2.69183513905953,5.26802043124743,0.000999000999000999,61,722,199.506,3.6189387787836,12.8307201715163,0.000999000999000999,166,2000,1000,950105
1,1,"mRMR",200,"Asthma","MONDO_0004979",0,0.972160239553211,0,-1.43986092430342,1,0,18,1.40079263197973,1.01167322924792,1.38462953400584,3.76500691503089,0.000999000999000999,145,134,89.53,1.49670501507874,1.54663542997011,0.0779220779220779,49,400,166.786,2.39828282949408,6.23452422358679,0.000999000999000999,151,2000,1000,950105
1,1,"Boruta",200,"Asthma","MONDO_0004979",0.558012762851594,0.972160239553211,0.573992578742006,-0.613391439332653,0.699300699300699,1,18,1.38852249985948,1.01167322924792,1.3725009812622,3.64628466176678,0.000999000999000999,155,117,89.53,1.30682452809114,0.955387345655026,0.176823176823177,45,812,188.382,4.31039058933444,15.5084571953862,0.000999000999000999,161,2000,1000,950105
1,1,"RF_importance",200,"Asthma","MONDO_0004979",0.558012762851594,0.972160239553211,0.573992578742006,-0.613391439332653,0.699300699300699,1,18,1.46392746429644,1.01167322924792,1.44703588270762,4.3758813113805,0.000999000999000999,153,154,89.53,1.72009382329945,2.24222141151728,0.02997002997003,51,772,174.736,4.41809358117389,15.7208834515772,0.000999000999000999,154,2000,1000,950105
1,1,"GS_full_ungrouped",500,"Asthma","MONDO_0004979",0.558012762851594,2.4368471148884,0.228989647911149,-1.8666894928599,0.979020979020979,1,18,0.909112403701676,1.00756503443951,0.902286574689844,-1.75135251283816,0.965034965034965,419,482,562.555,0.856805112389011,-0.819273194852542,0.79020979020979,119,1558,1495.328,1.04191187485288,0.400176379001167,0.328671328671329,453,2000,1000,950106
1,1,"DGE",500,"Asthma","MONDO_0004979",1.60075912176997,2.4368471148884,0.656897641214264,-0.830683487433868,0.779220779220779,3,18,1.14760612695216,1.00756503443951,1.13898963116615,2.49116064684693,0.00899100899100899,381,430,562.555,0.764369706073184,-1.3481318148306,0.925074925074925,108,1860,1167.612,1.59299493324837,5.31379868338087,0.000999000999000999,400,2000,1000,950106
1,1,"LASSO",500,"Asthma","MONDO_0004979",3.87163271829533,2.4368471148884,1.58878769810417,1.42551109281288,0.0819180819180819,7,18,1.25465692624097,1.00756503443951,1.2452366679625,4.39546411675671,0.000999000999000999,401,1060,562.555,1.88426020566878,5.05919377336506,0.000999000999000999,147,2258,1316.19,1.71555778421049,6.35341313074873,0.000999000999000999,424,2000,1000,950106
1,1,"ElasticNet",500,"Asthma","MONDO_0004979",3.87163271829533,2.4368471148884,1.58878769810417,1.42551109281288,0.0819180819180819,7,18,1.2492883909887,1.00756503443951,1.23990844093122,4.29996440655226,0.000999000999000999,395,1042,562.555,1.85226333425176,4.87612732798804,0.000999000999000999,143,2160,1271.016,1.69942785928737,6.23209133038016,0.000999000999000999,418,2000,1000,950106
1,1,"mRMR",500,"Asthma","MONDO_0004979",2.18589208211943,2.4368471148884,0.897016504960158,-0.249332849562971,0.563436563436563,4,18,1.24824301591836,1.00756503443951,1.23887091478194,4.281368455966,0.000999000999000999,385,1099,562.555,1.95358676040565,5.4558377383486,0.000999000999000999,142,2380,1212.138,1.96347280590164,7.89661688603245,0.000999000999000999,408,2000,1000,950106
1,1,"Boruta",500,"Asthma","MONDO_0004979",1.04188807785223,2.4368471148884,0.427555783654463,-1.38594196693418,0.93006993006993,2,18,1.18329074119722,1.00756503443951,1.17440631696342,3.12594651655292,0.003996003996004,389,688,562.555,1.22299152971709,1.27582056890667,0.102897102897103,120,2654,1234.01,2.15071190671064,9.85242641800325,0.000999000999000999,411,2000,1000,950106
1,1,"RF_importance",500,"Asthma","MONDO_0004979",2.85326131190915,2.4368471148884,1.17088236454252,0.413722479266819,0.300699300699301,5,18,1.29808379168433,1.00756503443951,1.28833747432138,5.16797521523048,0.000999000999000999,387,811,562.555,1.44163681773338,2.5267746123163,0.012987012987013,130,2582,1156.704,2.23220460895787,10.4112899356753,0.000999000999000999,398,2000,1000,950106
1,2,"GS_full_ungrouped",10,"Asthma","MONDO_0004979",0,0.0377376240095237,0,-0.264374956890724,1,0,17,1.59798864364678,1.02343187844634,1.5614020603625,1.21452001628536,0.125874125874126,9,3,0.19,15.7894736842105,5.75826759098881,0.00999000999000999,5,4,0.556,7.19424460431655,3.04869485691442,0.044955044955045,10,2000,1000,950201
1,2,"DGE",10,"Asthma","MONDO_0004979",0,0.0377376240095237,0,-0.264374956890724,1,0,17,1.25036848834882,1.02343187844634,1.22174080628306,0.479707266275681,0.276723276723277,9,3,0.19,15.7894736842105,5.75826759098881,0.00999000999000999,5,8,0.462,17.3160173160173,6.83644155472128,0.001998001998002,9,2000,1000,950201
1,2,"LASSO",10,"Asthma","MONDO_0004979",0,0.0377376240095237,0,-0.264374956890724,1,0,17,1.25550589856449,1.02343187844634,1.22676059345587,0.490566920041346,0.275724275724276,7,0,0.19,0,-0.389349054194973,1,4,2,0.294,6.80272108843538,2.16281236845888,0.135864135864136,7,2000,1000,950201
1,2,"ElasticNet",10,"Asthma","MONDO_0004979",0,0.0377376240095237,0,-0.264374956890724,1,0,17,1.25550589856449,1.02343187844634,1.22676059345587,0.490566920041346,0.275724275724276,7,0,0.19,0,-0.389349054194973,1,4,2,0.294,6.80272108843538,2.16281236845888,0.135864135864136,7,2000,1000,950201
1,2,"mRMR",10,"Asthma","MONDO_0004979",0,0.0377376240095237,0,-0.264374956890724,1,0,17,1.09990196270093,1.02343187844634,1.07471927137025,0.161645382318025,0.376623376623377,8,0,0.19,0,-0.389349054194973,1,3,2,0.228,8.7719298245614,2.35830922350971,0.103896103896104,6,2000,1000,950201
1,2,"Boruta",10,"Asthma","MONDO_0004979",0,0.0377376240095237,0,-0.264374956890724,1,0,17,1.43917441467593,1.02343187844634,1.40622394610252,0.878812438481908,0.177822177822178,9,4,0.19,21.0526315789474,7.80747313938341,0.000999000999000999,5,4,0.462,8.65800865800866,3.20871984884636,0.028971028971029,9,2000,1000,950201
1,2,"RF_importance",10,"Asthma","MONDO_0004979",0,0.0377376240095237,0,-0.264374956890724,1,0,17,1.44174185317421,1.02343187844634,1.4087326020789,0.884239587957133,0.177822177822178,9,2,0.19,10.5263157894737,3.70906204259422,0.024975024975025,5,6,0.462,12.987012987013,5.02258070178382,0.00599400599400599,9,2000,1000,950201
1,2,"GS_full_ungrouped",20,"Asthma","MONDO_0004979",0,0.0982200546632879,0,-0.4254583586281,1,0,17,2.38141973213573,1.01729345394814,2.34093684854982,4.00843714209063,0.001998001998002,17,6,0.876,6.84931506849315,4.12881680737459,0.00799200799200799,7,8,1.708,4.68384074941452,3.04741147548503,0.025974025974026,16,2000,1000,950202
1,2,"DGE",20,"Asthma","MONDO_0004979",0.558012762851594,0.0982200546632879,5.68125078696545,1.99167727614882,0.0899100899100899,1,17,1.9397000730083,1.01729345394814,1.90672619142517,2.71045944284823,0.00999000999000999,19,3,0.876,3.42465753424658,1.71147675621851,0.108891108891109,8,46,2.228,20.6463195691203,18.7370223065356,0.000999000999000999,18,2000,1000,950202
1,2,"LASSO",20,"Asthma","MONDO_0004979",0,0.0982200546632879,0,-0.4254583586281,1,0,17,1.9711043691012,1.01729345394814,1.93759663099304,2.80273986357821,0.00899100899100899,16,0,0.876,0,-0.705863294937577,1,6,8,1.544,5.18134715025907,3.28604986255409,0.020979020979021,15,2000,1000,950202
1,2,"ElasticNet",20,"Asthma","MONDO_0004979",0,0.0982200546632879,0,-0.4254583586281,1,0,17,1.1601105016001,1.01729345394814,1.14038923291767,0.419662876879996,0.323676323676324,15,3,0.876,3.42465753424658,1.71147675621851,0.108891108891109,7,6,1.544,3.8860103626943,2.2680666337579,0.0549450549450549,15,2000,1000,950202
1,2,"mRMR",20,"Asthma","MONDO_0004979",0,0.0982200546632879,0,-0.4254583586281,1,0,17,1.63185080391742,1.01729345394814,1.60411019807919,1.8058551814093,0.050949050949051,15,0,0.876,0,-0.705863294937577,1,4,2,1.366,1.46412884333821,0.343559560807998,0.47052947052947,14,2000,1000,950202
1,2,"Boruta",20,"Asthma","MONDO_0004979",0,0.0982200546632879,0,-0.4254583586281,1,0,17,1.86839202491354,1.01729345394814,1.83663034266293,2.50092324881436,0.015984015984016,19,8,0.876,9.1324200913242,5.74037684147865,0.001998001998002,8,24,2.532,9.47867298578198,8.45208154622188,0.000999000999000999,19,2000,1000,950202
1,2,"RF_importance",20,"Asthma","MONDO_0004979",0,0.0982200546632879,0,-0.4254583586281,1,0,17,1.61856655237234,1.01729345394814,1.59105177182713,1.76681987496469,0.0559440559440559,18,8,0.876,9.1324200913242,5.74037684147865,0.001998001998002,8,22,2.228,9.87432675044884,8.46359327983237,0.000999000999000999,18,2000,1000,950202
1,2,"GS_full_ungrouped",50,"Asthma","MONDO_0004979",0,0.226707450259062,0,-0.653942375822432,1,0,17,1.6202140448924,1.02842746626193,1.57542860147586,2.7725817904199,0.00599400599400599,41,27,5.584,4.8352435530086,5.1856089649829,0.000999000999000999,16,70,10.596,6.60626651566629,9.36675649937428,0.000999000999000999,39,2000,1000,950203
1,2,"DGE",50,"Asthma","MONDO_0004979",0.558012762851594,0.226707450259062,2.46137814268541,0.955657094602668,0.196803196803197,1,17,2.02016569974196,1.02842746626193,1.96432491936913,4.64639697198495,0.000999000999000999,45,13,5.584,2.32808022922636,1.79568902149389,0.0739260739260739,15,212,12.788,16.5780419142946,28.8468525235168,0.000999000999000999,44,2000,1000,950203
1,2,"LASSO",50,"Asthma","MONDO_0004979",0,0.226707450259062,0,-0.653942375822432,1,0,17,2.17458948198582,1.02842746626193,2.11448016833885,5.36988848415802,0.000999000999000999,41,13,5.584,2.32808022922636,1.79568902149389,0.0739260739260739,14,102,11.322,9.00900900900901,14.6014055394978,0.000999000999000999,41,2000,1000,950203
1,2,"ElasticNet",50,"Asthma","MONDO_0004979",0,0.226707450259062,0,-0.653942375822432,1,0,17,1.98823738934911,1.02842746626193,1.93327916121867,4.4968095105745,0.000999000999000999,40,18,5.584,3.22349570200573,3.00637471559711,0.015984015984016,14,64,10.596,6.04001510003775,8.42068318787597,0.000999000999000999,39,2000,1000,950203
1,2,"mRMR",50,"Asthma","MONDO_0004979",0,0.226707450259062,0,-0.653942375822432,1,0,17,1.42220678506662,1.02842746626193,1.38289459560622,1.84489714398135,0.043956043956044,37,7,5.584,1.25358166189112,0.342866188570031,0.335664335664336,11,22,9.512,2.31286795626577,2.2730249661922,0.037962037962038,37,2000,1000,950203
1,2,"Boruta",50,"Asthma","MONDO_0004979",0.558012762851594,0.226707450259062,2.46137814268541,0.955657094602668,0.196803196803197,1,17,1.68035865739523,1.02842746626193,1.63391071565105,3.0543655676105,0.003996003996004,41,19,5.584,3.4025787965616,3.24851185441775,0.010989010989011,15,124,12.674,9.7838093735206,16.8564846699159,0.000999000999000999,42,2000,1000,950203
1,2,"RF_importance",50,"Asthma","MONDO_0004979",0,0.226707450259062,0,-0.653942375822432,1,0,17,1.90825571107726,1.02842746626193,1.85550831116294,4.12208701305363,0.000999000999000999,42,20,5.584,3.58166189111748,3.49064899323839,0.00799200799200799,18,142,12.674,11.204039766451,19.5819641092067,0.000999000999000999,42,2000,1000,950203
1,2,"GS_full_ungrouped",100,"Asthma","MONDO_0004979",0,0.447974759536009,0,-0.905227969865783,1,0,17,1.20273595571159,1.02011444359837,1.17902061210803,1.27366982470679,0.106893106893107,81,40,22.417,1.78436008386492,1.62667583045593,0.0789210789210789,27,112,47.124,2.3767082590612,4.23952987655223,0.000999000999000999,83,2000,1000,950204
1,2,"DGE",100,"Asthma","MONDO_0004979",0.558012762851594,0.447974759536009,1.24563438223519,0.222355113159995,0.357642357642358,1,17,1.926643878317,1.02011444359837,1.88865464106255,6.32247084611691,0.000999000999000999,85,40,22.417,1.78436008386492,1.62667583045593,0.0789210789210789,27,448,44.594,10.0461945553213,26.818186623538,0.000999000999000999,80,2000,1000,950204
1,2,"LASSO",100,"Asthma","MONDO_0004979",0,0.447974759536009,0,-0.905227969865783,1,0,17,1.81421175156463,1.02011444359837,1.7784394319182,5.53832769937022,0.000999000999000999,83,41,22.417,1.82896908596155,1.71918995378277,0.0669330669330669,27,254,49.666,5.11416260620948,12.9592142454907,0.000999000999000999,84,2000,1000,950204
1,2,"ElasticNet",100,"Asthma","MONDO_0004979",0,0.447974759536009,0,-0.905227969865783,1,0,17,1.83204979141575,1.02011444359837,1.79592574432468,5.66273677269013,0.000999000999000999,80,51,22.417,2.27505910692778,2.64433118705123,0.022977022977023,29,254,47.35,5.36430834213305,12.7096245027394,0.000999000999000999,82,2000,1000,950204
1,2,"mRMR",100,"Asthma","MONDO_0004979",0,0.447974759536009,0,-0.905227969865783,1,0,17,1.35342687776673,1.02011444359837,1.32674023611765,2.32464392988166,0.013986013986014,73,47,22.417,2.09662309854129,2.27427469374385,0.033966033966034,28,108,36.89,2.92762266196801,5.67185358610395,0.000999000999000999,73,2000,1000,950204
1,2,"Boruta",100,"Asthma","MONDO_0004979",0.558012762851594,0.447974759536009,1.24563438223519,0.222355113159995,0.357642357642358,1,17,1.54100703562602,1.02011444359837,1.51062172023587,3.63289718008469,0.002997002997003,77,55,22.417,2.45349511531427,3.01438768035861,0.010989010989011,30,278,42.448,6.549189596683,16.6794621019084,0.000999000999000999,78,2000,1000,950204
1,2,"RF_importance",100,"Asthma","MONDO_0004979",0.558012762851594,0.447974759536009,1.24563438223519,0.222355113159995,0.357642357642358,1,17,1.53397606504485,1.02011444359837,1.50372938514024,3.58386059636565,0.002997002997003,80,45,22.417,2.00740509434804,2.08924644709016,0.040959040959041,29,302,44.594,6.77221150827465,17.1121950244131,0.000999000999000999,80,2000,1000,950204
1,2,"GS_full_ungrouped",200,"Asthma","MONDO_0004979",0,0.928340312853208,0,-1.35975143695165,1,0,17,1.04726782428353,1.02337698868723,1.02334509751578,0.241105783373625,0.395604395604396,166,98,90.275,1.08557186374965,0.253612718154051,0.360639360639361,49,232,215.828,1.07493003688122,0.388608304002676,0.353646353646354,176,2000,1000,950205
1,2,"DGE",200,"Asthma","MONDO_0004979",0.558012762851594,0.928340312853208,0.601086428248031,-0.542423302409254,0.676323676323676,1,17,1.51550903920393,1.02337698868723,1.48089028379269,4.96658574727455,0.000999000999000999,160,108,90.275,1.19634450290778,0.581913971427903,0.246753246753247,49,810,181.942,4.45196820964923,17.0385875838195,0.000999000999000999,160,2000,1000,950205
1,2,"LASSO",200,"Asthma","MONDO_0004979",1.11259246802621,0.928340312853208,1.19847479703506,0.269876390467113,0.344655344655345,2,17,1.41562887337077,1.02337698868723,1.38329167942961,3.95859732721215,0.000999000999000999,161,250,90.275,2.7693159789532,5.24379176791661,0.000999000999000999,61,670,201.23,3.32952343089997,11.8938683565205,0.000999000999000999,169,2000,1000,950205
1,2,"ElasticNet",200,"Asthma","MONDO_0004979",1.11259246802621,0.928340312853208,1.19847479703506,0.269876390467113,0.344655344655345,2,17,1.43276256672177,1.02337698868723,1.40003398802205,4.13151018079671,0.000999000999000999,160,227,90.275,2.5145389088895,4.48869888538675,0.001998001998002,59,674,197.644,3.41017182408775,11.8085820684025,0.000999000999000999,168,2000,1000,950205
1,2,"mRMR",200,"Asthma","MONDO_0004979",0.598376536982012,0.928340312853208,0.644565929861358,-0.483301987612591,0.636363636363636,1,17,1.27976939577771,1.02337698868723,1.25053563830801,2.5875064902358,0.003996003996004,140,166,90.275,1.83882581002492,2.48606124041625,0.020979020979021,50,402,151.282,2.65728903636917,7.65454517043989,0.000999000999000999,147,2000,1000,950205
1,2,"Boruta",200,"Asthma","MONDO_0004979",0.558012762851594,0.928340312853208,0.601086428248031,-0.542423302409254,0.676323676323676,1,17,1.40263446383942,1.02337698868723,1.37059410104453,3.8274580342015,0.000999000999000999,162,186,90.275,2.06037108834118,3.14266374696395,0.00999000999000999,60,790,181.942,4.34204306867024,16.4960075168888,0.000999000999000999,160,2000,1000,950205
1,2,"RF_importance",200,"Asthma","MONDO_0004979",0.558012762851594,0.928340312853208,0.601086428248031,-0.542423302409254,0.676323676323676,1,17,1.46455588610109,1.02337698868723,1.43110105297541,4.45236765537513,0.000999000999000999,156,149,90.275,1.65051232345611,1.9279491098507,0.038961038961039,57,702,173.4,4.0484429065744,15.1558502113046,0.000999000999000999,158,2000,1000,950205
1,2,"GS_full_ungrouped",500,"Asthma","MONDO_0004979",1.56828124465802,2.30515690349403,0.680336007618792,-0.739629185179657,0.779220779220779,3,17,0.861560646205456,1.02266194491155,0.84246866766903,-2.87027668276397,0.997002997002997,422,426,556.789,0.765101322044796,-1.32799683204214,0.917082917082917,115,1408,1484.846,0.948246484820648,-0.527385103203482,0.687312687312687,459,2000,1000,950206
1,2,"DGE",500,"Asthma","MONDO_0004979",0.558012762851594,2.30515690349403,0.242071488498588,-1.75367279627074,0.974025974025974,1,17,1.19518242258198,1.02266194491155,1.16869746501161,3.07372757596505,0.001998001998002,385,535,556.789,0.960866683788652,-0.221239729437233,0.581418581418581,117,2156,1148.802,1.87673767977423,7.76506412764209,0.000999000999000999,404,2000,1000,950206
1,2,"LASSO",500,"Asthma","MONDO_0004979",3.87163271829533,2.30515690349403,1.67955279418374,1.57232935653664,0.0739260739260739,7,17,1.25197086439299,1.02266194491155,1.22422748848963,4.08550427602759,0.000999000999000999,404,1002,556.789,1.79960451804903,4.5205544624572,0.000999000999000999,140,2070,1295.426,1.59792994736867,5.75043854520274,0.000999000999000999,428,2000,1000,950206
1,2,"ElasticNet",500,"Asthma","MONDO_0004979",3.87163271829533,2.30515690349403,1.67955279418374,1.57232935653664,0.0739260739260739,7,17,1.25238696777284,1.02266194491155,1.22463437111777,4.09291782165628,0.000999000999000999,402,1017,556.789,1.82654470544497,4.67286048575145,0.000999000999000999,141,2096,1279.162,1.63857275309929,6.06598802990123,0.000999000999000999,426,2000,1000,950206
1,2,"mRMR",500,"Asthma","MONDO_0004979",3.38947815509019,2.30515690349403,1.47038934744642,1.08837309819396,0.140859140859141,6,17,1.19842257692872,1.02266194491155,1.17186581831044,3.13145609550347,0.001998001998002,387,1083,556.789,1.94508152998712,5.34300698824617,0.000999000999000999,138,2168,1201.102,1.80500906667377,7.23280023771436,0.000999000999000999,413,2000,1000,950206
1,2,"Boruta",500,"Asthma","MONDO_0004979",2.15516561584197,2.30515690349403,0.934932287071344,-0.150551768863396,0.54945054945055,4,17,1.21399487387218,1.02266194491155,1.18709303686583,3.40890141203945,0.001998001998002,400,764,556.789,1.37215354470006,2.10396555952171,0.028971028971029,134,2622,1242.746,2.10984384580598,10.4442318069568,0.000999000999000999,419,2000,1000,950206
1,2,"RF_importance",500,"Asthma","MONDO_0004979",2.7883629791005,2.30515690349403,1.20961960327909,0.485011699991868,0.296703296703297,5,17,1.30796694190195,1.02266194491155,1.27898270626964,5.08316374178664,0.000999000999000999,384,1105,556.789,1.98459380483451,5.56638915574441,0.000999000999000999,143,2640,1134.666,2.32667586761214,12.1766183673849,0.000999000999000999,402,2000,1000,950206
1,3,"GS_full_ungrouped",10,"Asthma","MONDO_0004979",0,0.0413849535829166,0,-0.276729904140342,1,0,14,1.75243147476946,1.04169985462862,1.68228061757215,1.47401866793834,0.0849150849150849,9,1,0.21,4.76190476190477,1.54291530190935,0.173826173826174,5,4,0.708,5.64971751412429,2.56096568513248,0.048951048951049,10,2000,1000,950301
1,3,"DGE",10,"Asthma","MONDO_0004979",0,0.0413849535829166,0,-0.276729904140342,1,0,14,1.3960376126904,1.04169985462862,1.34015341030081,0.73487721009935,0.201798201798202,10,3,0.21,14.2857142857143,5.44902999028746,0.011988011988012,6,8,0.708,11.2994350282486,5.67271013851338,0.003996003996004,10,2000,1000,950301
1,3,"LASSO",10,"Asthma","MONDO_0004979",0,0.0413849535829166,0,-0.276729904140342,1,0,14,0.980316987337814,1.04169985462862,0.94107432479897,-0.127304723350147,0.496503496503497,9,1,0.21,4.76190476190477,1.54291530190935,0.173826173826174,4,4,0.552,7.2463768115942,2.96465905709379,0.034965034965035,9,2000,1000,950301
1,3,"ElasticNet",10,"Asthma","MONDO_0004979",0,0.0413849535829166,0,-0.276729904140342,1,0,14,0.980316987337814,1.04169985462862,0.94107432479897,-0.127304723350147,0.496503496503497,9,1,0.21,4.76190476190477,1.54291530190935,0.173826173826174,4,4,0.552,7.2463768115942,2.96465905709379,0.034965034965035,9,2000,1000,950301
1,3,"mRMR",10,"Asthma","MONDO_0004979",0,0.0413849535829166,0,-0.276729904140342,1,0,14,1.80314752882833,1.04169985462862,1.73096647831555,1.57920100164699,0.0739260739260739,9,0,0.21,0,-0.4101420422797,1,4,2,0.552,3.6231884057971,1.24501923279345,0.228771228771229,9,2000,1000,950301
1,3,"Boruta",10,"Asthma","MONDO_0004979",0,0.0413849535829166,0,-0.276729904140342,1,0,14,1.68886125991283,1.04169985462862,1.62125515560807,1.34217750487744,0.103896103896104,9,2,0.21,9.52380952380954,3.49597264609841,0.026973026973027,4,2,0.552,3.6231884057971,1.24501923279345,0.228771228771229,9,2000,1000,950301
1,3,"RF_importance",10,"Asthma","MONDO_0004979",0,0.0413849535829166,0,-0.276729904140342,1,0,14,1.54074481196196,1.04169985462862,1.47906789572439,1.03499205945567,0.144855144855145,9,2,0.21,9.52380952380954,3.49597264609841,0.026973026973027,4,4,0.552,7.2463768115942,2.96465905709379,0.034965034965035,9,2000,1000,950301
1,3,"GS_full_ungrouped",20,"Asthma","MONDO_0004979",0,0.0729076567073385,0,-0.366986130124093,1,0,14,1.72346589185724,1.02814495935268,1.67628686614613,1.97110425449792,0.038961038961039,16,4,0.829,4.82509047044632,2.6450763502369,0.047952047952048,9,10,2.008,4.9800796812749,3.44517410615512,0.017982017982018,17,2000,1000,950302
1,3,"DGE",20,"Asthma","MONDO_0004979",0,0.0729076567073385,0,-0.366986130124093,1,0,14,1.59125661213576,1.02814495935268,1.54769675001628,1.59631577688884,0.0729270729270729,18,6,0.829,7.23763570566949,4.31336796186535,0.00999000999000999,9,50,2.556,19.5618153364632,18.3655205909373,0.000999000999000999,19,2000,1000,950302
1,3,"LASSO",20,"Asthma","MONDO_0004979",0,0.0729076567073385,0,-0.366986130124093,1,0,14,1.92601275934872,1.02814495935268,1.87328911339636,2.5452865832387,0.011988011988012,18,1,0.829,1.20627261761158,0.142638932794233,0.478521478521479,9,10,2.204,4.53720508166969,3.25850143599331,0.015984015984016,18,2000,1000,950302
1,3,"ElasticNet",20,"Asthma","MONDO_0004979",0,0.0729076567073385,0,-0.366986130124093,1,0,14,1.24140489477732,1.02814495935268,1.20742205025146,0.604551864295708,0.251748251748252,17,1,0.829,1.20627261761158,0.142638932794233,0.478521478521479,8,8,2.204,3.62976406533575,2.4225595591351,0.044955044955045,18,2000,1000,950302
1,3,"mRMR",20,"Asthma","MONDO_0004979",0,0.0729076567073385,0,-0.366986130124093,1,0,14,1.72900822575619,1.02814495935268,1.68167748139792,1.9868157301883,0.038961038961039,16,0,0.829,0,-0.691506873019991,1,6,8,1.696,4.71698113207547,3.11192451468349,0.015984015984016,16,2000,1000,950302
1,3,"Boruta",20,"Asthma","MONDO_0004979",0,0.0729076567073385,0,-0.366986130124093,1,0,14,1.42721626314718,1.02814495935268,1.38814692438482,1.13129219614312,0.141858141858142,17,8,0.829,9.65018094089265,5.9816595734938,0.001998001998002,9,16,2.204,7.25952813067151,5.76632706656794,0.001998001998002,18,2000,1000,950302
1,3,"RF_importance",20,"Asthma","MONDO_0004979",0,0.0729076567073385,0,-0.366986130124093,1,0,14,1.36453301482971,1.02814495935268,1.32717959896319,0.953596959787646,0.171828171828172,18,7,0.829,8.44390832328107,5.14751376767958,0.004995004995005,8,22,2.008,10.9561752988048,8.61810819948113,0.000999000999000999,17,2000,1000,950302
1,3,"GS_full_ungrouped",50,"Asthma","MONDO_0004979",0,0.181072336356583,0,-0.573782552728574,1,0,14,1.52726380789256,1.01697292345623,1.50177430752244,2.34842306056012,0.021978021978022,42,24,5.694,4.21496311907271,4.26844848463841,0.004995004995005,18,92,12.072,7.62094102054341,11.3521736082585,0.000999000999000999,41,2000,1000,950303
1,3,"DGE",50,"Asthma","MONDO_0004979",0.558012762851594,0.181072336356583,3.08171184002789,1.1944499336165,0.166833166833167,1,14,1.78731734096188,1.01697292345623,1.75748763781006,3.54522224445058,0.000999000999000999,45,12,5.694,2.10748155953635,1.47038327019173,0.102897102897103,14,268,14.7,18.2312925170068,33.253033331608,0.000999000999000999,45,2000,1000,950303
1,3,"LASSO",50,"Asthma","MONDO_0004979",0,0.181072336356583,0,-0.573782552728574,1,0,14,2.13388202494864,1.01697292345623,2.09826827807425,5.14015666454955,0.000999000999000999,43,16,5.694,2.80997541271514,2.40307167500729,0.028971028971029,16,132,13.02,10.1382488479263,17.1120848793694,0.000999000999000999,43,2000,1000,950303
1,3,"ElasticNet",50,"Asthma","MONDO_0004979",0,0.181072336356583,0,-0.573782552728574,1,0,14,2.1717314503425,1.01697292345623,2.13548600975704,5.31434449767549,0.000999000999000999,42,16,5.694,2.80997541271514,2.40307167500729,0.028971028971029,15,114,12.776,8.92298058860363,15.2155340435259,0.000999000999000999,42,2000,1000,950303
1,3,"mRMR",50,"Asthma","MONDO_0004979",0,0.181072336356583,0,-0.573782552728574,1,0,14,1.41855478315223,1.01697292345623,1.39487959849629,1.84813040713915,0.035964035964036,38,8,5.694,1.40498770635757,0.53769486537617,0.271728271728272,14,48,10.686,4.49185850645705,6.3679347251604,0.000999000999000999,39,2000,1000,950303
1,3,"Boruta",50,"Asthma","MONDO_0004979",0.558012762851594,0.181072336356583,3.08171184002789,1.1944499336165,0.166833166833167,1,14,1.43755896775679,1.01697292345623,1.41356660988689,1.93559006345219,0.031968031968032,40,16,5.694,2.80997541271514,2.40307167500729,0.028971028971029,16,60,13.02,4.60829493087558,6.7568141505528,0.000999000999000999,43,2000,1000,950303
1,3,"RF_importance",50,"Asthma","MONDO_0004979",0,0.181072336356583,0,-0.573782552728574,1,0,14,1.60342030818441,1.01697292345623,1.57665978238153,2.69890488759589,0.00899100899100899,40,20,5.694,3.51246926589392,3.33576007982285,0.011988011988012,17,162,13.02,12.4423963133641,21.4267810163762,0.000999000999000999,43,2000,1000,950303
1,3,"GS_full_ungrouped",100,"Asthma","MONDO_0004979",0,0.396499230432706,0,-0.866142357351492,1,0,14,1.27241021361922,1.01098292489905,1.25858724443469,1.7425682844535,0.0539460539460539,76,60,22.532,2.6628794603231,3.41268175614066,0.00599400599400599,28,148,44.052,3.35966584945065,6.74153161744109,0.000999000999000999,78,2000,1000,950304
1,3,"DGE",100,"Asthma","MONDO_0004979",0.558012762851594,0.396499230432706,1.40734891778384,0.352822151913875,0.343656343656344,1,14,1.62041842434019,1.01098292489905,1.60281482944136,4.06224988196614,0.000999000999000999,85,34,22.532,1.50896502751642,1.04453491991623,0.154845154845155,24,464,50.64,9.16271721958926,25.3967531253325,0.000999000999000999,84,2000,1000,950304
1,3,"LASSO",100,"Asthma","MONDO_0004979",0.504193736677722,0.396499230432706,1.27161340547241,0.235255875304138,0.435564435564436,1,14,1.86807677490517,1.01098292489905,1.84778271610443,5.71304000868676,0.000999000999000999,84,58,22.532,2.57411681164566,3.23051661489263,0.00799200799200799,31,332,53.106,6.25164764810003,16.1702752841901,0.000999000999000999,86,2000,1000,950304
1,3,"ElasticNet",100,"Asthma","MONDO_0004979",0.504193736677722,0.396499230432706,1.27161340547241,0.235255875304138,0.435564435564436,1,14,1.93910900035171,1.01098292489905,1.91804327510807,6.18651201630792,0.000999000999000999,82,66,22.532,2.92916740635541,3.95917717988476,0.002997002997003,32,338,50.64,6.67456556082148,17.6553391186751,0.000999000999000999,84,2000,1000,950304
1,3,"mRMR",100,"Asthma","MONDO_0004979",0,0.396499230432706,0,-0.866142357351492,1,0,14,1.36602352502296,1.01098292489905,1.35118357726898,2.36655665327847,0.014985014985015,76,41,22.532,1.81963429788745,1.68211291428434,0.0719280719280719,24,120,40.698,2.94854784018871,5.52229733261969,0.000999000999000999,75,2000,1000,950304
1,3,"Boruta",100,"Asthma","MONDO_0004979",0.558012762851594,0.396499230432706,1.40734891778384,0.352822151913875,0.343656343656344,1,14,1.32138148392322,1.01098292489905,1.30702650992366,2.06899091194171,0.02997002997003,81,45,22.532,1.99715959524232,2.04644319678041,0.041958041958042,29,204,52.606,3.87788465194084,9.0088800274838,0.000999000999000999,85,2000,1000,950304
1,3,"RF_importance",100,"Asthma","MONDO_0004979",0.558012762851594,0.396499230432706,1.40734891778384,0.352822151913875,0.343656343656344,1,14,1.45501326340375,1.01098292489905,1.43920656577759,2.9597261594281,0.004995004995005,78,46,22.532,2.04154091958104,2.13752576740443,0.034965034965035,27,298,49.71,5.9947696640515,14.8686042241749,0.000999000999000999,83,2000,1000,950304
1,3,"GS_full_ungrouped",200,"Asthma","MONDO_0004979",0,0.770910718242573,0,-1.26550598041595,1,0,14,1.01424848767254,1.02299282612977,0.991452199630461,-0.0863365444255637,0.527472527472527,163,129,91.396,1.411440325616,1.35456502677651,0.0999000999000999,54,302,220.302,1.37084547575601,1.90261188535961,0.048951048951049,174,2000,1000,950305
1,3,"DGE",200,"Asthma","MONDO_0004979",0.558012762851594,0.770910718242573,0.723835782337652,-0.349487469028593,0.587412587412587,1,14,1.38501011192238,1.02299282612977,1.35388057134498,3.57434946400325,0.000999000999000999,158,89,91.396,0.97378441069631,-0.0863083130559651,0.4995004995005,43,758,190.672,3.97541327515314,13.8154129344415,0.000999000999000999,162,2000,1000,950305
1,3,"LASSO",200,"Asthma","MONDO_0004979",1.11259246802621,0.770910718242573,1.4432183152967,0.560895428637854,0.240759240759241,2,14,1.51760638046932,1.02299282612977,1.48349660105712,4.88352839000922,0.000999000999000999,163,275,91.396,3.00888441507287,6.61375271716503,0.000999000999000999,65,764,212.594,3.59370443192188,12.9568956343386,0.000999000999000999,171,2000,1000,950305
1,3,"ElasticNet",200,"Asthma","MONDO_0004979",1.11259246802621,0.770910718242573,1.4432183152967,0.560895428637854,0.240759240759241,2,14,1.50493873193681,1.02299282612977,1.47111367108053,4.75845534924754,0.000999000999000999,162,231,91.396,2.52746290866121,5.02879204334931,0.000999000999000999,63,732,208.574,3.50954577272335,11.9426876280175,0.000999000999000999,169,2000,1000,950305
1,3,"mRMR",200,"Asthma","MONDO_0004979",0.598376536982012,0.770910718242573,0.776194341085459,-0.283227399807283,0.542457542457542,1,14,1.31408424967242,1.02299282612977,1.28454884150451,2.87406848940261,0.002997002997003,142,126,91.396,1.37861613199702,1.24649952628907,0.112887112887113,47,360,164.218,2.19220791874216,5.42413724372955,0.000999000999000999,150,2000,1000,950305
1,3,"Boruta",200,"Asthma","MONDO_0004979",0.558012762851594,0.770910718242573,0.723835782337652,-0.349487469028593,0.587412587412587,1,14,1.30447043490878,1.02299282612977,1.27515110721149,2.7791472384126,0.002997002997003,161,168,91.396,1.8381548426627,2.75941653311317,0.013986013986014,59,634,210.882,3.00642065230793,9.90723923490957,0.000999000999000999,170,2000,1000,950305
1,3,"RF_importance",200,"Asthma","MONDO_0004979",1.15638929983361,0.770910718242573,1.50003012342311,0.632791111580072,0.221778221778222,2,14,1.39520980580143,1.02299282612977,1.36385101651187,3.67505534678935,0.000999000999000999,157,137,91.396,1.49897150859994,1.642739694743,0.0749250749250749,51,638,193.204,3.30220906399453,10.7504707483565,0.000999000999000999,163,2000,1000,950305
1,3,"GS_full_ungrouped",500,"Asthma","MONDO_0004979",2.07239202378255,1.89018668578945,1.09639541922654,0.220836915979231,0.443556443556444,4,14,0.813414294445784,1.01887636965744,0.798344449502996,-3.46870116257766,1,424,574,570.434,1.00625138052781,0.0361214482606198,0.47052947052947,120,1604,1526.916,1.05048345816011,0.490543441323548,0.295704295704296,457,2000,1000,950306
1,3,"DGE",500,"Asthma","MONDO_0004979",1.0265000750846,1.89018668578945,0.543068090999631,-1.04680735252574,0.867132867132867,2,14,1.10534823763363,1.01887636965744,1.08486983362394,1.45985612512808,0.0749250749250749,384,422,570.434,0.739787600318354,-1.50354768679663,0.948051948051948,110,1766,1201.074,1.47035070278767,4.14326752387437,0.000999000999000999,405,2000,1000,950306
1,3,"LASSO",500,"Asthma","MONDO_0004979",3.38947815509019,1.89018668578945,1.79319756115759,1.81717455636172,0.02997002997003,6,14,1.24175827310119,1.01887636965744,1.21875264760403,3.76279036798598,0.000999000999000999,402,1150,570.434,2.01600886342679,5.87065711795126,0.000999000999000999,153,2246,1323.26,1.69732327736046,6.31476587215795,0.000999000999000999,425,2000,1000,950306
1,3,"ElasticNet",500,"Asthma","MONDO_0004979",3.38947815509019,1.89018668578945,1.79319756115759,1.81717455636172,0.02997002997003,6,14,1.24046676289377,1.01887636965744,1.21748506475897,3.74098652436505,0.000999000999000999,402,1150,570.434,2.01600886342679,5.87065711795126,0.000999000999000999,153,2250,1323.26,1.70034611489805,6.34213984910555,0.000999000999000999,425,2000,1000,950306
1,3,"mRMR",500,"Asthma","MONDO_0004979",2.78426861910145,1.89018668578945,1.47301250190458,1.08364715853083,0.133866133866134,5,14,1.23205012315558,1.01887636965744,1.20922435719047,3.59889310875642,0.000999000999000999,384,1037,570.434,1.81791407945529,4.72603466886265,0.000999000999000999,140,2182,1240.064,1.75958660198183,6.75197965270501,0.000999000999000999,411,2000,1000,950306
1,3,"Boruta",500,"Asthma","MONDO_0004979",1.04016732605673,1.89018668578945,0.550298726510338,-1.03024234083155,0.855144855144855,2,14,1.22360917230784,1.01887636965744,1.20093978891593,3.45638926229886,0.000999000999000999,395,823,570.434,1.44276112573935,2.5583425971373,0.011988011988012,132,2770,1311.542,2.11201776229812,10.0376549612048,0.000999000999000999,424,2000,1000,950306
1,3,"RF_importance",500,"Asthma","MONDO_0004979",1.15638929983361,1.89018668578945,0.611785760913152,-0.889378727610314,0.772227772227772,2,14,1.30073425723231,1.01887636965744,1.2766360041009,4.75844888311109,0.000999000999000999,386,903,570.434,1.58300522058643,3.36869477348323,0.002997002997003,132,2878,1226.492,2.34652977760964,11.696664705948,0.000999000999000999,409,2000,1000,950306
1,4,"GS_full_ungrouped",10,"Asthma","MONDO_0004979",0,0.0365052797471497,0,-0.261059304585317,1,0,16,1.30773684199968,1.06507048351425,1.22784065678427,0.493058498851403,0.282717282717283,8,1,0.267,3.74531835205992,1.18582166600641,0.204795204795205,4,6,0.528,11.3636363636364,4.97366912515589,0.00799200799200799,9,2000,1000,950401
1,4,"DGE",10,"Asthma","MONDO_0004979",0,0.0365052797471497,0,-0.261059304585317,1,0,16,2.01123236414433,1.06507048351425,1.88835611846849,1.9224467678403,0.044955044955045,10,3,0.267,11.2359550561798,4.42135145047136,0.017982017982018,5,46,0.61,75.4098360655737,38.234641493582,0.000999000999000999,10,2000,1000,950401
1,4,"LASSO",10,"Asthma","MONDO_0004979",0,0.0365052797471497,0,-0.261059304585317,1,0,16,0.792936716276892,1.06507048351425,0.744492245865796,-0.552931471829399,0.66033966033966,8,0,0.267,0,-0.431943226226072,1,4,2,0.528,3.78787878787879,1.33794608045129,0.21978021978022,9,2000,1000,950401
1,4,"ElasticNet",10,"Asthma","MONDO_0004979",0,0.0365052797471497,0,-0.261059304585317,1,0,16,0.938605840618478,1.06507048351425,0.881261714737888,-0.256955547415576,0.547452547452547,9,0,0.267,0,-0.431943226226072,1,6,2,0.528,3.78787878787879,1.33794608045129,0.21978021978022,9,2000,1000,950401
1,4,"mRMR",10,"Asthma","MONDO_0004979",0,0.0365052797471497,0,-0.261059304585317,1,0,16,0.995301521416587,1.06507048351425,0.934493572793929,-0.14175916238657,0.496503496503497,9,1,0.267,3.74531835205992,1.18582166600641,0.204795204795205,6,0,0.528,0,-0.479915441901007,1,9,2000,1000,950401
1,4,"Boruta",10,"Asthma","MONDO_0004979",0,0.0365052797471497,0,-0.261059304585317,1,0,16,1.85729423769354,1.06507048351425,1.7438228421891,1.60966957854407,0.0749250749250749,9,5,0.267,18.7265917602996,7.65688123493632,0.001998001998002,5,16,0.528,30.3030303030303,14.0629767369174,0.000999000999000999,9,2000,1000,950401
1,4,"RF_importance",10,"Asthma","MONDO_0004979",0,0.0365052797471497,0,-0.261059304585317,1,0,16,2.87703112890571,1.06507048351425,2.70125890580764,3.68160877910971,0.000999000999000999,10,4,0.267,14.9812734082397,6.03911634270384,0.003996003996004,5,40,0.61,65.5737704918032,33.1804919240405,0.000999000999000999,10,2000,1000,950401
1,4,"GS_full_ungrouped",20,"Asthma","MONDO_0004979",0,0.0816755217590353,0,-0.390559697414563,1,0,16,1.55025014957229,1.06374664952907,1.45734903161256,1.40951661968691,0.0859140859140859,15,4,1.005,3.98009950248756,2.21712007551622,0.0609390609390609,8,24,1.996,12.0240480961924,9.93138591555451,0.000999000999000999,17,2000,1000,950402
1,4,"DGE",20,"Asthma","MONDO_0004979",0,0.0816755217590353,0,-0.390559697414563,1,0,16,1.99755141746403,1.06374664952907,1.87784508496301,2.70545502721004,0.010989010989011,20,8,1.005,7.96019900497512,5.17821533497027,0.001998001998002,9,140,2.816,49.7159090909091,50.7690503086495,0.000999000999000999,20,2000,1000,950402
1,4,"LASSO",20,"Asthma","MONDO_0004979",0,0.0816755217590353,0,-0.390559697414563,1,0,16,1.94077754651908,1.06374664952907,1.82447347531321,2.54096758846857,0.011988011988012,18,1,1.005,0.99502487562189,-0.00370136907431781,0.521478521478521,10,10,2.158,4.6339202965709,3.33277764464815,0.015984015984016,18,2000,1000,950402
1,4,"ElasticNet",20,"Asthma","MONDO_0004979",0,0.0816755217590353,0,-0.390559697414563,1,0,16,1.15725794337829,1.06374664952907,1.08790748613932,0.270924510917603,0.376623376623377,16,2,1.005,1.99004975124378,0.736572445789195,0.244755244755245,9,4,1.996,2.00400801603206,0.904494518031778,0.256743256743257,17,2000,1000,950402
1,4,"mRMR",20,"Asthma","MONDO_0004979",0,0.0816755217590353,0,-0.390559697414563,1,0,16,1.1044811816447,1.06374664952907,1.03829345280069,0.118017650452773,0.426573426573427,17,4,1.005,3.98009950248756,2.21712007551622,0.0609390609390609,10,12,1.996,6.01202404809619,4.51525107704087,0.002997002997003,17,2000,1000,950402
1,4,"Boruta",20,"Asthma","MONDO_0004979",0,0.0816755217590353,0,-0.390559697414563,1,0,16,1.94493350918834,1.06374664952907,1.82838038554517,2.55300840308266,0.011988011988012,16,7,1.005,6.96517412935323,4.43794152010676,0.00599400599400599,6,66,1.996,33.0661322645291,28.8878578503523,0.000999000999000999,17,2000,1000,950402
1,4,"RF_importance",20,"Asthma","MONDO_0004979",0,0.0816755217590353,0,-0.390559697414563,1,0,16,1.91963220221402,1.06374664952907,1.80459529819799,2.47970448506987,0.011988011988012,19,6,1.005,5.97014925373134,3.69766770524324,0.014985014985015,8,86,2.816,30.5397727272727,30.7847320450978,0.000999000999000999,20,2000,1000,950402
1,4,"GS_full_ungrouped",50,"Asthma","MONDO_0004979",0,0.195865280284301,0,-0.589084547125489,1,0,16,1.64514451480308,1.05885159064376,1.55370642055972,2.66448558859815,0.00699300699300699,39,17,5.821,2.92046040199278,2.73116176655474,0.021978021978022,19,90,10.504,8.56816450875857,12.4794931632825,0.000999000999000999,38,2000,1000,950403
1,4,"DGE",50,"Asthma","MONDO_0004979",0.558012762851594,0.195865280284301,2.84896211335481,1.08919500919781,0.165834165834166,1,16,1.87045732112299,1.05885159064376,1.76649620933732,3.68844937978123,0.002997002997003,47,17,5.821,2.92046040199278,2.73116176655474,0.021978021978022,16,306,15.862,19.2913882234271,37.56556221295,0.000999000999000999,47,2000,1000,950403
1,4,"LASSO",50,"Asthma","MONDO_0004979",0,0.195865280284301,0,-0.589084547125489,1,0,16,2.07758949841015,1.05885159064376,1.96211585907617,4.62978890235513,0.000999000999000999,42,12,5.821,2.0615014602302,1.50960269751693,0.0969030969030969,17,100,13.518,7.39754401538689,12.1148162958209,0.000999000999000999,43,2000,1000,950403
1,4,"ElasticNet",50,"Asthma","MONDO_0004979",0,0.195865280284301,0,-0.589084547125489,1,0,16,1.85654608687446,1.05885159064376,1.75335816962386,3.62522793935882,0.002997002997003,40,12,5.821,2.0615014602302,1.50960269751693,0.0969030969030969,18,46,11.532,3.98890045091918,5.27353714109466,0.001998001998002,40,2000,1000,950403
1,4,"mRMR",50,"Asthma","MONDO_0004979",0,0.195865280284301,0,-0.589084547125489,1,0,16,1.22739829404529,1.05885159064376,1.15917877905728,0.76598274294892,0.221778221778222,38,13,5.821,2.23329324858272,1.75391451132449,0.0739260739260739,16,34,12.56,2.70700636942675,3.12716559737616,0.013986013986014,42,2000,1000,950403
1,4,"Boruta",50,"Asthma","MONDO_0004979",0,0.195865280284301,0,-0.589084547125489,1,0,16,1.59404587388914,1.05885159064376,1.50544787199119,2.43226106958763,0.014985014985015,41,17,5.821,2.92046040199278,2.73116176655474,0.021978021978022,14,178,13.518,13.1676283473887,23.0414330608591,0.000999000999000999,43,2000,1000,950403
1,4,"RF_importance",50,"Asthma","MONDO_0004979",0,0.195865280284301,0,-0.589084547125489,1,0,16,1.66557577290462,1.05885159064376,1.5730020973874,2.75733813810917,0.004995004995005,44,19,5.821,3.26404397869782,3.21978539416987,0.013986013986014,15,268,13.518,19.8254179612369,35.6490677897493,0.000999000999000999,43,2000,1000,950403
1,4,"GS_full_ungrouped",100,"Asthma","MONDO_0004979",0,0.44830295939686,0,-0.910935000493694,1,0,16,1.54872924089535,1.04736468562518,1.47869148363629,3.37346460698898,0.001998001998002,78,55,23.881,2.30308613542146,2.83536567243797,0.014985014985015,31,194,46.08,4.21006944444444,9.50465633422867,0.000999000999000999,80,2000,1000,950404
1,4,"DGE",100,"Asthma","MONDO_0004979",0.558012762851594,0.44830295939686,1.24472246090531,0.2229262550456,0.377622377622378,1,16,1.63148495120316,1.04736468562518,1.55770475517735,3.93029188329936,0.000999000999000999,81,51,23.881,2.13558896193627,2.47091107268374,0.024975024975025,27,442,49.434,8.94121454869118,24.0655258522318,0.000999000999000999,82,2000,1000,950404
1,4,"LASSO",100,"Asthma","MONDO_0004979",0.504193736677722,0.44830295939686,1.12467189008981,0.113567988260512,0.473526473526474,1,16,1.93575035202138,1.04736468562518,1.8482104453101,5.9775617790311,0.000999000999000999,84,86,23.881,3.60118922993174,5.65988882053326,0.000999000999000999,37,368,54.46,6.7572530297466,18.2472232737722,0.000999000999000999,86,2000,1000,950404
1,4,"ElasticNet",100,"Asthma","MONDO_0004979",0,0.44830295939686,0,-0.910935000493694,1,0,16,1.81174046646554,1.04736468562518,1.72980862476197,5.14315305300155,0.000999000999000999,79,55,23.881,2.30308613542146,2.83536567243797,0.014985014985015,35,234,48.31,4.84371765679983,11.5683241141002,0.000999000999000999,81,2000,1000,950404
1,4,"mRMR",100,"Asthma","MONDO_0004979",0,0.44830295939686,0,-0.910935000493694,1,0,16,1.39553938909783,1.04736468562518,1.33242929444851,2.34271654600905,0.013986013986014,74,49,23.881,2.05184037519367,2.28868377280663,0.031968031968032,26,134,46.222,2.89905239929038,5.55801769834124,0.000999000999000999,79,2000,1000,950404
1,4,"Boruta",100,"Asthma","MONDO_0004979",0,0.44830295939686,0,-0.910935000493694,1,0,16,1.24812620435032,1.04736468562518,1.19168253568269,1.35083717176549,0.0999000999000999,81,48,23.881,2.00996608182237,2.19757012286807,0.033966033966034,34,392,54.46,7.19794344473008,19.643961675796,0.000999000999000999,86,2000,1000,950404
1,4,"RF_importance",100,"Asthma","MONDO_0004979",0,0.44830295939686,0,-0.910935000493694,1,0,16,1.28052034348946,1.04736468562518,1.22261172356132,1.56880328187648,0.0699300699300699,86,69,23.881,2.88932624261966,4.11095677157778,0.000999000999000999,38,420,59.54,7.05408128988915,19.1710740264553,0.000999000999000999,90,2000,1000,950404
1,4,"GS_full_ungrouped",200,"Asthma","MONDO_0004979",0.604597965726421,0.859921320122322,0.703085214401265,-0.403582418253005,0.545454545454545,1,16,1.2325940274982,1.04875578202235,1.17529175869843,1.7012119573642,0.048951048951049,166,169,96.489,1.75149498906611,2.4537979361722,0.018981018981019,58,396,220.126,1.79896968100088,3.91420810159349,0.000999000999000999,173,2000,1000,950405
1,4,"DGE",200,"Asthma","MONDO_0004979",0.558012762851594,0.859921320122322,0.648911417584365,-0.477218333289109,0.656343656343656,1,16,1.33598744837977,1.04875578202235,1.27387850563602,2.65799939547989,0.004995004995005,161,120,96.489,1.24366508099369,0.795620571738695,0.203796203796204,50,772,208.582,3.70118226884391,12.5389270376541,0.000999000999000999,168,2000,1000,950405
1,4,"LASSO",200,"Asthma","MONDO_0004979",1.11259246802621,0.859921320122322,1.29383054238957,0.399390150325603,0.292707292707293,2,16,1.49838131487713,1.04875578202235,1.4287228166578,4.16076823867045,0.000999000999000999,164,370,96.489,3.83463399973054,9.25570916578717,0.000999000999000999,69,882,216.654,4.07100722811487,15.4414902071078,0.000999000999000999,172,2000,1000,950405
1,4,"ElasticNet",200,"Asthma","MONDO_0004979",1.11259246802621,0.859921320122322,1.29383054238957,0.399390150325603,0.292707292707293,2,16,1.54143387410664,1.04875578202235,1.46977389829903,4.55917025978846,0.000999000999000999,162,366,96.489,3.79317849703075,9.1203477482824,0.000999000999000999,68,828,209.58,3.9507586601775,13.3719561172307,0.000999000999000999,169,2000,1000,950405
1,4,"mRMR",200,"Asthma","MONDO_0004979",0,0.859921320122322,0,-1.35925335425507,1,0,16,1.36030611315184,1.04875578202235,1.29706661595582,2.88304072564644,0.000999000999000999,146,159,96.489,1.64785623231664,2.11539439241026,0.030969030969031,53,448,174.63,2.56542403939758,7.11788548101628,0.000999000999000999,154,2000,1000,950405
1,4,"Boruta",200,"Asthma","MONDO_0004979",0,0.859921320122322,0,-1.35925335425507,1,0,16,1.2660695614913,1.04875578202235,1.2072110430227,2.0109896021671,0.024975024975025,165,185,96.489,1.91731699986527,2.9952436061913,0.00899100899100899,63,844,216.654,3.89561235887637,14.5595781976119,0.000999000999000999,172,2000,1000,950405
1,4,"RF_importance",200,"Asthma","MONDO_0004979",1.04016732605673,0.859921320122322,1.20960755561773,0.284909773050599,0.401598401598402,2,16,1.29688804558837,1.04875578202235,1.23659680148559,2.29617929987155,0.010989010989011,158,145,96.489,1.50276197286737,1.64162943114354,0.0659340659340659,58,740,205.226,3.60578094393498,11.9651077921699,0.000999000999000999,166,2000,1000,950405
1,4,"GS_full_ungrouped",500,"Asthma","MONDO_0004979",1.66746720528531,2.12457603631391,0.784847036201315,-0.481447414600076,0.649350649350649,3,16,0.96435844717254,1.04856639517862,0.919692307141185,-1.38728172703755,0.914085914085914,420,538,610.096,0.881828433557997,-0.66496550613561,0.733266733266733,124,1422,1476.96,0.962788430289243,-0.348714858105516,0.623376623376623,448,2000,1000,950406
1,4,"DGE",500,"Asthma","MONDO_0004979",1.11688380676934,2.12457603631391,0.525697262738175,-1.06134641401505,0.825174825174825,2,16,1.22763557809727,1.04856639517862,1.17077524488867,2.95007076197436,0.001998001998002,390,599,610.096,0.981812698329443,-0.102342116845327,0.527472527472527,121,2058,1243.076,1.65557053631475,5.86786800995801,0.000999000999000999,411,2000,1000,950406
1,4,"LASSO",500,"Asthma","MONDO_0004979",3.87163271829533,2.12457603631391,1.82230838158776,1.84007804182439,0.037962037962038,7,16,1.28369953551864,1.04856639517862,1.22424249091061,3.87369502212677,0.000999000999000999,399,1135,610.096,1.86036295927198,4.84136504150863,0.000999000999000999,150,2396,1297.838,1.84614720789498,7.34855456159966,0.000999000999000999,420,2000,1000,950406
1,4,"ElasticNet",500,"Asthma","MONDO_0004979",3.38947815509019,2.12457603631391,1.59536683891571,1.33225134468885,0.0809190809190809,6,16,1.31172544077407,1.04856639517862,1.25097032177025,4.33540709521689,0.000999000999000999,399,1181,610.096,1.9357609294275,5.26563841703901,0.000999000999000999,151,2384,1289.322,1.84903383328602,7.38312510334427,0.000999000999000999,419,2000,1000,950406
1,4,"mRMR",500,"Asthma","MONDO_0004979",2.31556697073465,2.12457603631391,1.08989602215043,0.201160173129897,0.388611388611389,4,16,1.27063615522912,1.04856639517862,1.2117841665264,3.65848269124697,0.000999000999000999,387,1276,610.096,2.09147412866172,6.14185517085174,0.000999000999000999,148,2388,1250.356,1.90985607299041,8.0194357474161,0.000999000999000999,412,2000,1000,950406
1,4,"Boruta",500,"Asthma","MONDO_0004979",1.63170961107334,2.12457603631391,0.768016575158365,-0.519108908137471,0.678321678321678,3,16,1.17062092129123,1.04856639517862,1.11640133297598,2.01078422865772,0.022977022977023,393,877,610.096,1.437478691878,2.46174480483825,0.013986013986014,141,2664,1297.838,2.05264447488824,9.14192623400201,0.000999000999000999,420,2000,1000,950406
1,4,"RF_importance",500,"Asthma","MONDO_0004979",2.72705313983915,2.12457603631391,1.28357521370265,0.634555764751402,0.261738261738262,5,16,1.23857842439745,1.04856639517862,1.181211251946,3.13034840884107,0.001998001998002,377,887,610.096,1.45386955495529,2.55397814734486,0.00999000999000999,140,2458,1181.03,2.08123417694724,9.35933702212469,0.000999000999000999,400,2000,1000,950406
1,5,"GS_full_ungrouped",10,"Asthma","MONDO_0004979",0,0.0387245675147372,0,-0.270246119023997,1,0,15,1.75221134487108,1.04009388839223,1.68466651369295,1.50848410137664,0.0779220779220779,8,1,0.217,4.60829493087557,1.42431168699497,0.175824175824176,3,6,0.552,10.8695652173913,4.64324663947748,0.00899100899100899,9,2000,1000,950501
1,5,"DGE",10,"Asthma","MONDO_0004979",0,0.0387245675147372,0,-0.270246119023997,1,0,15,1.43491001980099,1.04009388839223,1.37959662662673,0.836342167684021,0.192807192807193,9,0,0.217,0,-0.394732613126321,1,3,0,0.552,0,-0.470461113251022,1,9,2000,1000,950501
1,5,"LASSO",10,"Asthma","MONDO_0004979",0,0.0387245675147372,0,-0.270246119023997,1,0,15,0.886591945980607,1.04009388839223,0.852415301998456,-0.325164391845288,0.566433566433566,7,0,0.217,0,-0.394732613126321,1,3,2,0.458,4.36681222707423,1.5155047170227,0.195804195804196,8,2000,1000,950501
1,5,"ElasticNet",10,"Asthma","MONDO_0004979",0,0.0387245675147372,0,-0.270246119023997,1,0,15,0.886591945980607,1.04009388839223,0.852415301998456,-0.325164391845288,0.566433566433566,7,0,0.217,0,-0.394732613126321,1,3,2,0.458,4.36681222707423,1.5155047170227,0.195804195804196,8,2000,1000,950501
1,5,"mRMR",10,"Asthma","MONDO_0004979",0,0.0387245675147372,0,-0.270246119023997,1,0,15,1.62459499271341,1.04009388839223,1.56196955952188,1.23815336231935,0.11988011988012,8,0,0.217,0,-0.394732613126321,1,3,0,0.552,0,-0.470461113251022,1,9,2000,1000,950501
1,5,"Boruta",10,"Asthma","MONDO_0004979",0,0.0387245675147372,0,-0.270246119023997,1,0,15,1.22262821335049,1.04009388839223,1.17549793051897,0.386663919905243,0.305694305694306,9,1,0.217,4.60829493087557,1.42431168699497,0.175824175824176,4,6,0.552,10.8695652173913,4.64324663947748,0.00899100899100899,9,2000,1000,950501
1,5,"RF_importance",10,"Asthma","MONDO_0004979",0,0.0387245675147372,0,-0.270246119023997,1,0,15,1.37465722802876,1.04009388839223,1.32166647969993,0.708708197157045,0.220779220779221,9,0,0.217,0,-0.394732613126321,1,4,2,0.626,3.19488817891374,1.15240820918864,0.253746253746254,10,2000,1000,950501
1,5,"GS_full_ungrouped",20,"Asthma","MONDO_0004979",0,0.0823997618750146,0,-0.386728937207551,1,0,15,1.8751616913292,1.02851378923151,1.82317603415924,2.40848251898488,0.01998001998002,16,1,0.88,1.13636363636364,0.091892522743084,0.478521478521479,6,14,2.348,5.96252129471891,4.65962623919479,0.002997002997003,18,2000,1000,950502
1,5,"DGE",20,"Asthma","MONDO_0004979",0,0.0823997618750146,0,-0.386728937207551,1,0,15,1.64387055320887,1.02851378923151,1.59829704805139,1.75052227178088,0.0589410589410589,19,4,0.88,4.54545454545455,2.38920559132018,0.048951048951049,9,12,2.348,5.11073253833049,3.85982770860866,0.00799200799200799,18,2000,1000,950502
1,5,"LASSO",20,"Asthma","MONDO_0004979",0,0.0823997618750146,0,-0.386728937207551,1,0,15,2.04206133318308,1.02851378923151,1.98544866832449,2.88326650986699,0.010989010989011,15,0,0.88,0,-0.673878500115949,1,5,6,1.8,3.33333333333333,2.02534913191412,0.0759240759240759,16,2000,1000,950502
1,5,"ElasticNet",20,"Asthma","MONDO_0004979",0,0.0823997618750146,0,-0.386728937207551,1,0,15,1.99183451898657,1.02851378923151,1.9366143068192,2.74038491330615,0.011988011988012,16,1,0.88,1.13636363636364,0.091892522743084,0.478521478521479,6,6,1.88,3.19148936170213,1.8730294511104,0.0889110889110889,17,2000,1000,950502
1,5,"mRMR",20,"Asthma","MONDO_0004979",0,0.0823997618750146,0,-0.386728937207551,1,0,15,1.61678058591874,1.02851378923151,1.57195810386439,1.67345869848615,0.0659340659340659,16,2,0.88,2.27272727272727,0.857663545602117,0.217782217782218,5,0,1.88,0,-0.854683341768824,1,17,2000,1000,950502
1,5,"Boruta",20,"Asthma","MONDO_0004979",0,0.0823997618750146,0,-0.386728937207551,1,0,15,1.15207206832811,1.02851378923151,1.12013283671085,0.351489626966197,0.330669330669331,16,2,0.88,2.27272727272727,0.857663545602117,0.217782217782218,7,12,1.8,6.66666666666667,4.91870503464859,0.003996003996004,16,2000,1000,950502
1,5,"RF_importance",20,"Asthma","MONDO_0004979",0,0.0823997618750146,0,-0.386728937207551,1,0,15,1.22886031027655,1.02851378923151,1.19479225572147,0.569931245894394,0.26973026973027,16,8,0.88,9.09090909090909,5.45228968275632,0.004995004995005,10,16,2.348,6.81431005110732,5.45942476978092,0.000999000999000999,18,2000,1000,950502
1,5,"GS_full_ungrouped",50,"Asthma","MONDO_0004979",0,0.211290375377211,0,-0.612056143451168,1,0,15,1.54021534437186,1.02734936531704,1.4992128251294,2.3441903606096,0.012987012987013,40,10,5.583,1.79115171054988,1.03164215380988,0.15984015984016,15,38,11.704,3.24675324675325,4.23386449930333,0.003996003996004,41,2000,1000,950503
1,5,"DGE",50,"Asthma","MONDO_0004979",0.558012762851594,0.211290375377211,2.64097577495136,1.00436930431352,0.175824175824176,1,15,1.61378380874408,1.02734936531704,1.57082280208161,2.68045459350733,0.00899100899100899,41,10,5.583,1.79115171054988,1.03164215380988,0.15984015984016,13,92,11.04,8.33333333333333,13.1479314357473,0.000999000999000999,40,2000,1000,950503
1,5,"LASSO",50,"Asthma","MONDO_0004979",0,0.211290375377211,0,-0.612056143451168,1,0,15,2.37248588835423,1.02734936531704,2.30932725365736,6.14830423499519,0.000999000999000999,38,11,5.583,1.97026688160487,1.26520388208923,0.122877122877123,13,52,9.934,5.23454801691162,7.26560301114,0.000999000999000999,38,2000,1000,950503
1,5,"ElasticNet",50,"Asthma","MONDO_0004979",0,0.211290375377211,0,-0.612056143451168,1,0,15,2.40187453941381,1.02734936531704,2.33793354091633,6.28263288095483,0.000999000999000999,39,11,5.583,1.97026688160487,1.26520388208923,0.122877122877123,13,54,10.692,5.05050505050505,7.29828188497117,0.000999000999000999,39,2000,1000,950503
1,5,"mRMR",50,"Asthma","MONDO_0004979",0,0.211290375377211,0,-0.612056143451168,1,0,15,1.26036058093529,1.02734936531704,1.22680815648953,1.06503973332931,0.137862137862138,36,10,5.583,1.79115171054988,1.03164215380988,0.15984015984016,12,18,9.272,1.94132873166523,1.57645142038002,0.0899100899100899,37,2000,1000,950503
1,5,"Boruta",50,"Asthma","MONDO_0004979",0.558012762851594,0.211290375377211,2.64097577495136,1.00436930431352,0.175824175824176,1,15,1.63344747979302,1.02734936531704,1.5899630008424,2.77033263184412,0.00899100899100899,36,15,5.583,2.68672756582482,2.19945079520662,0.038961038961039,16,58,9.272,6.25539257981018,8.80125169709871,0.000999000999000999,37,2000,1000,950503
1,5,"RF_importance",50,"Asthma","MONDO_0004979",0.558012762851594,0.211290375377211,2.64097577495136,1.00436930431352,0.175824175824176,1,15,1.34995755006748,1.02734936531704,1.3140199387293,1.47456651022061,0.0809190809190809,40,12,5.583,2.14938205265986,1.49876561036858,0.102897102897103,14,50,11.704,4.27204374572796,6.16595964653637,0.001998001998002,41,2000,1000,950503
1,5,"GS_full_ungrouped",100,"Asthma","MONDO_0004979",0,0.401418628262556,0,-0.850129092829387,1,0,15,1.49239236564452,1.02673847148236,1.45352726823401,3.05156775056967,0.00599400599400599,75,44,23.97,1.83562786816854,1.76216196472221,0.0629370629370629,29,142,40.37,3.51746346296755,7.1456159693428,0.000999000999000999,75,2000,1000,950504
1,5,"DGE",100,"Asthma","MONDO_0004979",0.558012762851594,0.401418628262556,1.39010181283021,0.331636900252443,0.320679320679321,1,15,1.5545262967809,1.02673847148236,1.51404309856681,3.45874978608783,0.003996003996004,83,41,23.97,1.7104714226116,1.49823356261703,0.0849150849150849,25,376,48.764,7.71060618489049,20.4091895675777,0.000999000999000999,83,2000,1000,950504
1,5,"LASSO",100,"Asthma","MONDO_0004979",0,0.401418628262556,0,-0.850129092829387,1,0,15,2.04693061320558,1.02673847148236,1.99362415070541,6.68562096891442,0.000999000999000999,78,43,23.97,1.7939090529829,1.67418583068715,0.0689310689310689,28,288,46.506,6.19274932266804,15.9244064344503,0.000999000999000999,81,2000,1000,950504
1,5,"ElasticNet",100,"Asthma","MONDO_0004979",0,0.401418628262556,0,-0.850129092829387,1,0,15,2.07099993873537,1.02673847148236,2.01706665938538,6.84335438097325,0.000999000999000999,78,43,23.97,1.7939090529829,1.67418583068715,0.0689310689310689,28,294,46.506,6.32176493355696,16.3200536911386,0.000999000999000999,81,2000,1000,950504
1,5,"mRMR",100,"Asthma","MONDO_0004979",0,0.401418628262556,0,-0.850129092829387,1,0,15,1.50798932758434,1.02673847148236,1.4687180518396,3.15377925713952,0.00599400599400599,73,44,23.97,1.83562786816854,1.76216196472221,0.0629370629370629,27,74,43.026,1.71989029888904,2.03745261451058,0.040959040959041,78,2000,1000,950504
1,5,"Boruta",100,"Asthma","MONDO_0004979",0.558012762851594,0.401418628262556,1.39010181283021,0.331636900252443,0.320679320679321,1,15,1.51164750947362,1.02673847148236,1.47228096682807,3.17775240547777,0.00599400599400599,77,23,23.97,0.959532749269921,-0.0853368500140053,0.500499500499501,25,222,45.08,4.924578527063,10.8228536010502,0.000999000999000999,80,2000,1000,950504
1,5,"RF_importance",100,"Asthma","MONDO_0004979",0.558012762851594,0.401418628262556,1.39010181283021,0.331636900252443,0.320679320679321,1,15,1.56839661729463,1.02673847148236,1.52755220619156,3.5496461004973,0.002997002997003,81,44,23.97,1.83562786816854,1.76216196472221,0.0629370629370629,30,256,46.506,5.50466606459382,13.8142877321123,0.000999000999000999,81,2000,1000,950504
1,5,"GS_full_ungrouped",200,"Asthma","MONDO_0004979",0,0.815940149143184,0,-1.25779448147352,1,0,15,1.13180788092402,1.02789464005186,1.10109328020906,0.993177685080479,0.156843156843157,159,130,94.318,1.37831591000657,1.21422535228,0.11988011988012,55,254,202.01,1.25736349685659,1.29378216637594,0.108891108891109,168,2000,1000,950505
1,5,"DGE",200,"Asthma","MONDO_0004979",0.558012762851594,0.815940149143184,0.683889331144645,-0.397602254821169,0.599400599400599,1,15,1.25469621658229,1.02789464005186,1.22064671581417,2.16771474800045,0.021978021978022,152,88,94.318,0.93301384677368,-0.214995677812484,0.551448551448551,39,664,176.594,3.76003714735495,12.8628734804762,0.000999000999000999,157,2000,1000,950505
1,5,"LASSO",200,"Asthma","MONDO_0004979",1.11259246802621,0.815940149143184,1.36357117515855,0.457297817737268,0.272727272727273,2,15,1.57126293885323,1.02789464005186,1.52862256269179,5.19338310132775,0.000999000999000999,162,308,94.318,3.26554846370788,7.27140019410054,0.000999000999000999,63,788,206.336,3.81901364764268,13.4083737922289,0.000999000999000999,170,2000,1000,950505
1,5,"ElasticNet",200,"Asthma","MONDO_0004979",1.11259246802621,0.815940149143184,1.36357117515855,0.457297817737268,0.272727272727273,2,15,1.58329760161813,1.02789464005186,1.54033063304839,5.30840750442831,0.000999000999000999,162,294,94.318,3.11711444263025,6.79499318406971,0.000999000999000999,62,794,206.336,3.84809243176179,13.5466842992456,0.000999000999000999,170,2000,1000,950505
1,5,"mRMR",200,"Asthma","MONDO_0004979",0,0.815940149143184,0,-1.25779448147352,1,0,15,1.44991749990972,1.02789464005186,1.41057015321782,4.03359267295245,0.000999000999000999,145,142,94.318,1.50554507093026,1.62257421802071,0.0609390609390609,49,334,169.706,1.96810955417015,4.50289776350227,0.000999000999000999,155,2000,1000,950505
1,5,"Boruta",200,"Asthma","MONDO_0004979",0.558012762851594,0.815940149143184,0.683889331144645,-0.397602254821169,0.599400599400599,1,15,1.29609828652645,1.02789464005186,1.26092523107336,2.56342574343818,0.00899100899100899,155,124,94.318,1.31470132954473,1.01005091940965,0.154845154845155,55,668,185.744,3.59634766129727,12.2166462295867,0.000999000999000999,161,2000,1000,950505
1,5,"RF_importance",200,"Asthma","MONDO_0004979",0.558012762851594,0.815940149143184,0.683889331144645,-0.397602254821169,0.599400599400599,1,15,1.48247683205677,1.02789464005186,1.44224590176089,4.34478691401511,0.000999000999000999,159,169,94.318,1.79181068300855,2.54135916593731,0.017982017982018,54,730,185.744,3.9301404083039,13.7872478731834,0.000999000999000999,161,2000,1000,950505
1,5,"GS_full_ungrouped",500,"Asthma","MONDO_0004979",1.06286923955889,2.02503111175808,0.524865634600612,-1.07903283024865,0.867132867132867,2,15,0.854411847325014,1.02563791845798,0.833054074882099,-2.86618882164212,1,425,519,590.669,0.878664700534479,-0.700358695283222,0.763236763236763,119,1592,1503.072,1.05916416512316,0.555187946726745,0.287712287712288,457,2000,1000,950506
1,5,"DGE",500,"Asthma","MONDO_0004979",0.558012762851594,2.02503111175808,0.275557624577502,-1.64521273060752,0.956043956043956,1,15,1.15097162832763,1.02563791845798,1.12220073733047,2.09798704032853,0.023976023976024,385,451,590.669,0.763541001813198,-1.36486345018784,0.933066933066933,111,1706,1189.202,1.43457545480078,3.78222772138084,0.000999000999000999,407,2000,1000,950506
1,5,"LASSO",500,"Asthma","MONDO_0004979",3.38947815509019,2.02503111175808,1.67379065704701,1.53018239179016,0.0639360639360639,6,15,1.24810839120982,1.02563791845798,1.21690936806073,3.72397951975201,0.000999000999000999,398,1107,590.669,1.87414609535967,5.04565300889201,0.000999000999000999,147,2190,1273.97,1.71903577007308,6.41387756845563,0.000999000999000999,422,2000,1000,950506
1,5,"ElasticNet",500,"Asthma","MONDO_0004979",3.38947815509019,2.02503111175808,1.67379065704701,1.53018239179016,0.0639360639360639,6,15,1.24969472218127,1.02563791845798,1.21845604544356,3.75053344385781,0.000999000999000999,398,1107,590.669,1.87414609535967,5.04565300889201,0.000999000999000999,147,2196,1273.97,1.72374545711437,6.45588849103539,0.000999000999000999,422,2000,1000,950506
1,5,"mRMR",500,"Asthma","MONDO_0004979",2.18589208211943,2.02503111175808,1.07943629578199,0.180400276856557,0.414585414585415,4,15,1.25019245867139,1.02563791845798,1.21894133999162,3.7588651585006,0.000999000999000999,390,1231,590.669,2.08407754596906,6.25739697371808,0.000999000999000999,147,2262,1258.398,1.79752351799669,7.4684197862583,0.000999000999000999,420,2000,1000,950506
1,5,"Boruta",500,"Asthma","MONDO_0004979",2.60460499611786,2.02503111175808,1.28620492840557,0.649973010621931,0.293706293706294,5,15,1.2430601057242,1.02563791845798,1.21198727480075,3.63947521890809,0.000999000999000999,395,838,590.669,1.41873028718284,2.41695037551933,0.022977022977023,136,2430,1262.234,1.92515809271498,7.92359922740501,0.000999000999000999,418,2000,1000,950506
1,5,"RF_importance",500,"Asthma","MONDO_0004979",1.53090814789611,2.02503111175808,0.755992408712684,-0.554142619441117,0.735264735264735,3,15,1.3334900470358,1.02563791845798,1.30015673468924,5.15320081696715,0.000999000999000999,386,857,590.669,1.45089720300202,2.60262082174268,0.014985014985015,125,2708,1160.992,2.33248807915989,11.3910468082512,0.000999000999000999,403,2000,1000,950506
2,1,"GS_full_ungrouped",10,"Asthma","MONDO_0004979",0,0.044956929979514,0,-0.29341726766295,1,0,16,1.92174043744031,1.04674317261997,1.83592354620307,1.76659698210514,0.0659340659340659,8,1,0.196,5.10204081632653,1.62158141588929,0.163836163836164,4,6,0.512,11.71875,5.1787898637801,0.004995004995005,9,2000,1000,960101
2,1,"DGE",10,"Asthma","MONDO_0004979",0,0.044956929979514,0,-0.29341726766295,1,0,16,1.87347810299028,1.04674317261997,1.789816405777,1.66915656964137,0.0749250749250749,9,0,0.196,0,-0.395310892430723,1,3,2,0.388,5.15463917525773,1.72396031923094,0.168831168831169,8,2000,1000,960101
2,1,"LASSO",10,"Asthma","MONDO_0004979",0,0.044956929979514,0,-0.29341726766295,1,0,16,1.78094723313967,1.04674317261997,1.70141757761076,1.48233912231686,0.0939060939060939,9,0,0.196,0,-0.395310892430723,1,3,2,0.636,3.14465408805031,1.13787593064653,0.263736263736264,10,2000,1000,960101
2,1,"ElasticNet",10,"Asthma","MONDO_0004979",0,0.044956929979514,0,-0.29341726766295,1,0,16,1.95503851663344,1.04674317261997,1.86773467243167,1.83382494792577,0.056943056943057,10,0,0.196,0,-0.395310892430723,1,4,4,0.636,6.28930817610063,2.80631571165318,0.043956043956044,10,2000,1000,960101
2,1,"mRMR",10,"Asthma","MONDO_0004979",0,0.044956929979514,0,-0.29341726766295,1,0,16,1.72234058450264,1.04674317261997,1.64542805680946,1.36401380545462,0.107892107892108,8,0,0.196,0,-0.395310892430723,1,2,2,0.388,5.15463917525773,1.72396031923094,0.168831168831169,8,2000,1000,960101
2,1,"Boruta",10,"Asthma","MONDO_0004979",0,0.044956929979514,0,-0.29341726766295,1,0,16,1.31827396643967,1.04674317261997,1.25940536410671,0.548213691855353,0.255744255744256,9,1,0.196,5.10204081632653,1.62158141588929,0.163836163836164,5,0,0.636,0,-0.530563850360114,1,10,2000,1000,960101
2,1,"RF_importance",10,"Asthma","MONDO_0004979",0,0.044956929979514,0,-0.29341726766295,1,0,16,1.73222118358232,1.04674317261997,1.6548674296548,1.3839624809732,0.105894105894106,10,1,0.196,5.10204081632653,1.62158141588929,0.163836163836164,5,2,0.636,3.14465408805031,1.13787593064653,0.263736263736264,10,2000,1000,960101
2,1,"GS_full_ungrouped",20,"Asthma","MONDO_0004979",0,0.0952676378946458,0,-0.438128598484159,1,0,16,2.03393006178543,1.01209172765771,2.00963016118368,3.08397876373195,0.004995004995005,14,1,0.958,1.04384133611691,0.0303096565951539,0.513486513486514,6,8,1.676,4.77326968973747,3.11442189686081,0.024975024975025,16,2000,1000,960102
2,1,"DGE",20,"Asthma","MONDO_0004979",0.558012762851594,0.0952676378946458,5.85731708251953,2.12812952575745,0.0859140859140859,1,16,2.19765265742968,1.01209172765771,2.17139671965872,3.57810488060046,0.000999000999000999,18,3,0.958,3.13152400835073,1.47362663731678,0.102897102897103,8,12,2.2,5.45454545454546,4.12740890406605,0.00699300699300699,18,2000,1000,960102
2,1,"LASSO",20,"Asthma","MONDO_0004979",0,0.0952676378946458,0,-0.438128598484159,1,0,16,1.54727923173463,1.01209172765771,1.5287934773615,1.61523290139323,0.0669330669330669,16,0,0.958,0,-0.691348833765659,1,6,6,2.058,2.91545189504373,1.68793401961308,0.103896103896104,17,2000,1000,960102
2,1,"ElasticNet",20,"Asthma","MONDO_0004979",0,0.0952676378946458,0,-0.438128598484159,1,0,16,1.57775827020402,1.01209172765771,1.5589083746939,1.70722074745383,0.0589410589410589,17,0,0.958,0,-0.691348833765659,1,6,8,2.2,3.63636363636364,2.44275220852888,0.046953046953047,18,2000,1000,960102
2,1,"mRMR",20,"Asthma","MONDO_0004979",0,0.0952676378946458,0,-0.438128598484159,1,0,16,1.97659136800937,1.01209172765771,1.95297650795329,2.91092662031588,0.004995004995005,17,0,0.958,0,-0.691348833765659,1,4,8,1.676,4.77326968973747,3.11442189686081,0.024975024975025,16,2000,1000,960102
2,1,"Boruta",20,"Asthma","MONDO_0004979",0,0.0952676378946458,0,-0.438128598484159,1,0,16,1.46553315788248,1.01209172765771,1.44802404548269,1.36851759686933,0.101898101898102,16,2,0.958,2.08768267223382,0.751968146955967,0.221778221778222,7,8,2.2,3.63636363636364,2.44275220852888,0.046953046953047,18,2000,1000,960102
2,1,"RF_importance",20,"Asthma","MONDO_0004979",0,0.0952676378946458,0,-0.438128598484159,1,0,16,2.25987182139793,1.01209172765771,2.2328725348126,3.76588662059464,0.000999000999000999,18,3,0.958,3.13152400835073,1.47362663731678,0.102897102897103,9,18,2.2,8.18181818181819,6.65439394737179,0.000999000999000999,18,2000,1000,960102
2,1,"GS_full_ungrouped",50,"Asthma","MONDO_0004979",0,0.216361376247574,0,-0.633726473700467,1,0,16,1.76798671249023,1.01165164328975,1.74762402079532,3.61266883230286,0.001998001998002,38,21,5.944,3.53297442799462,3.50221508950318,0.00999000999000999,18,72,10.184,7.06991358994501,10.3893837477641,0.000999000999000999,38,2000,1000,960103
2,1,"DGE",50,"Asthma","MONDO_0004979",0.558012762851594,0.216361376247574,2.57907752543171,1.0007032318915,0.171828171828172,1,16,1.81002627331792,1.01165164328975,1.78917939324644,3.81347270522977,0.001998001998002,42,17,5.944,2.8600269179004,2.57176474691466,0.027972027972028,16,142,12.134,11.7026537003461,20.8549601393272,0.000999000999000999,42,2000,1000,960103
2,1,"LASSO",50,"Asthma","MONDO_0004979",0,0.216361376247574,0,-0.633726473700467,1,0,16,2.17293991207298,1.01165164328975,2.14791319372238,5.54694619461058,0.000999000999000999,42,12,5.944,2.01884253028264,1.40870181867901,0.106893106893107,14,70,12.134,5.76891379594528,9.29260255511302,0.000999000999000999,42,2000,1000,960103
2,1,"ElasticNet",50,"Asthma","MONDO_0004979",0,0.216361376247574,0,-0.633726473700467,1,0,16,1.59235106684084,1.01165164328975,1.57401124923074,2.77373718848831,0.00799200799200799,39,12,5.944,2.01884253028264,1.40870181867901,0.106893106893107,18,56,10.994,5.09368746589049,7.00749152561738,0.001998001998002,39,2000,1000,960103
2,1,"mRMR",50,"Asthma","MONDO_0004979",0,0.216361376247574,0,-0.633726473700467,1,0,16,1.5898552156063,1.01165164328975,1.57154414382831,2.76181564163394,0.00799200799200799,41,11,5.944,1.85060565275909,1.17608923303188,0.136863136863137,14,28,11.674,2.39849237622066,2.53774064606459,0.023976023976024,41,2000,1000,960103
2,1,"Boruta",50,"Asthma","MONDO_0004979",0.558012762851594,0.216361376247574,2.57907752543171,1.0007032318915,0.171828171828172,1,16,1.50871075460757,1.01165164328975,1.49133425978674,2.3742254357824,0.015984015984016,41,17,5.944,2.8600269179004,2.57176474691466,0.027972027972028,21,68,13.348,5.09439616421936,7.93222031139835,0.000999000999000999,43,2000,1000,960103
2,1,"RF_importance",50,"Asthma","MONDO_0004979",0.558012762851594,0.216361376247574,2.57907752543171,1.0007032318915,0.171828171828172,1,16,1.75606421171429,1.01165164328975,1.73583883677964,3.55572046548725,0.001998001998002,37,17,5.944,2.8600269179004,2.57176474691466,0.027972027972028,18,44,10.184,4.32050274941084,5.68343795804306,0.000999000999000999,38,2000,1000,960103
2,1,"GS_full_ungrouped",100,"Asthma","MONDO_0004979",0,0.42735625820411,0,-0.939584468438205,1,0,16,1.56978543409636,1.02148591803212,1.53676659304372,3.67141486126203,0.001998001998002,74,44,23.684,1.85779429150481,1.89370925343979,0.0529470529470529,32,134,38.108,3.51632203211924,7.45827751320132,0.000999000999000999,73,2000,1000,960104
2,1,"DGE",100,"Asthma","MONDO_0004979",0.558012762851594,0.42735625820411,1.30573204940661,0.287261085126236,0.341658341658342,1,16,1.77189397352667,1.02148591803212,1.73462398477328,5.02473412110515,0.000999000999000999,82,30,23.684,1.26667792602601,0.588731425710068,0.268731268731269,20,324,45.792,7.07547169811321,18.6491252458575,0.000999000999000999,80,2000,1000,960104
2,1,"LASSO",100,"Asthma","MONDO_0004979",0,0.42735625820411,0,-0.939584468438205,1,0,16,1.87108670338044,1.02148591803212,1.83173029637556,5.68892887569548,0.000999000999000999,83,47,23.684,1.98446208410741,2.17334735938188,0.02997002997003,30,274,51.17,5.3547000195427,13.3800474956673,0.000999000999000999,85,2000,1000,960104
2,1,"ElasticNet",100,"Asthma","MONDO_0004979",0,0.42735625820411,0,-0.939584468438205,1,0,16,1.4978773241848,1.02148591803212,1.46637099713566,3.18991798658007,0.001998001998002,75,36,23.684,1.52001351123121,1.14800763759424,0.134865134865135,28,136,40.878,3.32697294388179,6.7784343920618,0.000999000999000999,75,2000,1000,960104
2,1,"mRMR",100,"Asthma","MONDO_0004979",0,0.42735625820411,0,-0.939584468438205,1,0,16,1.4498690683261,1.02148591803212,1.41937254614264,2.86845459137575,0.00599400599400599,72,44,23.684,1.85779429150481,1.89370925343979,0.0529470529470529,25,100,38.74,2.58131130614352,4.43490337157461,0.001998001998002,74,2000,1000,960104
2,1,"Boruta",100,"Asthma","MONDO_0004979",0.558012762851594,0.42735625820411,1.30573204940661,0.287261085126236,0.341658341658342,1,16,1.74377838031762,1.02148591803212,1.70709977449027,4.83647204222924,0.000999000999000999,79,37,23.684,1.56223610876541,1.24122033957493,0.11988011988012,29,212,44.988,4.71236774250911,10.4214775764932,0.000999000999000999,79,2000,1000,960104
2,1,"RF_importance",100,"Asthma","MONDO_0004979",0.558012762851594,0.42735625820411,1.30573204940661,0.287261085126236,0.341658341658342,1,16,1.8927347969591,1.02148591803212,1.85292304430924,5.83388456169205,0.000999000999000999,77,40,23.684,1.68890390136801,1.52085844551701,0.0819180819180819,26,196,41.674,4.70317224168546,10.7052791980282,0.000999000999000999,77,2000,1000,960104
2,1,"GS_full_ungrouped",200,"Asthma","MONDO_0004979",0,0.813901250553358,0,-1.27621655584345,1,0,16,1.24380423767984,1.02349361517345,1.21525353870338,2.15684037804622,0.024975024975025,160,122,94.801,1.28690625626312,0.903830287598774,0.178821178821179,55,324,191.606,1.69097001137751,3.2854793882576,0.004995004995005,163,2000,1000,960105
2,1,"DGE",200,"Asthma","MONDO_0004979",0.558012762851594,0.813901250553358,0.685602537743013,-0.401239246447533,0.603396603396603,1,16,1.55533301716183,1.02349361517345,1.51963138226149,5.206706257712,0.000999000999000999,149,77,94.801,0.812227719116887,-0.591532150062347,0.702297702297702,42,724,158.758,4.56040010582144,16.1176777619078,0.000999000999000999,149,2000,1000,960105
2,1,"LASSO",200,"Asthma","MONDO_0004979",1.11259246802621,0.813901250553358,1.36698704820736,0.468354946702352,0.275724275724276,2,16,1.5516632231942,1.02349361517345,1.51604582597347,5.17077898503468,0.000999000999000999,160,289,94.801,3.04849104967247,6.45328644514116,0.000999000999000999,63,790,201.862,3.91356471252638,13.6427450703678,0.000999000999000999,168,2000,1000,960105
2,1,"ElasticNet",200,"Asthma","MONDO_0004979",0,0.813901250553358,0,-1.27621655584345,1,0,16,1.57374236409585,1.02349361517345,1.53761815488137,5.38693371269826,0.000999000999000999,156,139,94.801,1.46622925918503,1.46874498627075,0.0879120879120879,56,520,176.128,2.95239825581395,9.25292629922204,0.000999000999000999,157,2000,1000,960105
2,1,"mRMR",200,"Asthma","MONDO_0004979",0,0.813901250553358,0,-1.27621655584345,1,0,16,1.27414736961591,1.02349361517345,1.24490016422818,2.45389955481922,0.010989010989011,141,159,94.801,1.67719749791669,2.13335051412014,0.030969030969031,51,274,158.758,1.72589727761751,3.28608528849198,0.00599400599400599,149,2000,1000,960105
2,1,"Boruta",200,"Asthma","MONDO_0004979",0.558012762851594,0.813901250553358,0.685602537743013,-0.401239246447533,0.603396603396603,1,16,1.42092229573455,1.02349361517345,1.38830596954311,3.8908256709362,0.001998001998002,157,151,94.801,1.59281020242402,1.86750830298039,0.044955044955045,55,662,191.606,3.45500662818492,11.6732615629111,0.000999000999000999,163,2000,1000,960105
2,1,"RF_importance",200,"Asthma","MONDO_0004979",0.558012762851594,0.813901250553358,0.685602537743013,-0.401239246447533,0.603396603396603,1,16,1.50941568833185,1.02349361517345,1.47476805517351,4.75717573691446,0.000999000999000999,157,149,94.801,1.57171337855086,1.80104775019545,0.050949050949051,56,628,176.128,3.5655886627907,12.1589961168169,0.000999000999000999,157,2000,1000,960105
2,1,"GS_full_ungrouped",500,"Asthma","MONDO_0004979",1.06286923955889,2.15614752524681,0.492948291855504,-1.17763199790047,0.893106893106893,2,16,0.883433765837089,1.02058858791204,0.865612036329397,-2.24397016526781,0.992007992007992,421,476,591.323,0.804974607786269,-1.10528441393585,0.861138861138861,117,1472,1446.556,1.017589363979,0.166128615953462,0.412587412587413,448,2000,1000,960106
2,1,"DGE",500,"Asthma","MONDO_0004979",0.558012762851594,2.15614752524681,0.258800827085206,-1.72144151931953,0.961038961038961,1,16,1.2263904981005,1.02058858791204,1.20165021696891,3.36709522444378,0.000999000999000999,384,528,591.323,0.892913010317542,-0.606903435946515,0.717282717282717,110,2130,1154.99,1.84417181101135,7.39309368042161,0.000999000999000999,401,2000,1000,960106
2,1,"LASSO",500,"Asthma","MONDO_0004979",3.38947815509019,2.15614752524681,1.57200660687733,1.3284903145958,0.0819180819180819,6,16,1.28947587369846,1.02058858791204,1.26346295556421,4.3992259112465,0.000999000999000999,403,1014,591.323,1.71479884935983,4.05104185833844,0.000999000999000999,142,2164,1310.576,1.65118238087681,5.8240399952174,0.000999000999000999,426,2000,1000,960106
2,1,"ElasticNet",500,"Asthma","MONDO_0004979",3.38947815509019,2.15614752524681,1.57200660687733,1.3284903145958,0.0819180819180819,6,16,1.29048415488197,1.02058858791204,1.26445089644015,4.41572225355358,0.000999000999000999,396,1143,591.323,1.93295373256241,5.28741005373507,0.000999000999000999,149,2334,1255.044,1.85969575568665,7.7303967063808,0.000999000999000999,418,2000,1000,960106
2,1,"mRMR",500,"Asthma","MONDO_0004979",2.79110161810818,2.15614752524681,1.29448545863702,0.683945036446889,0.217782217782218,5,16,1.24194110478102,1.02058858791204,1.21688711738569,3.62151644649764,0.000999000999000999,383,1151,591.323,1.94648271756722,5.36408405034881,0.000999000999000999,144,2246,1221.214,1.8391534980765,7.60979656682244,0.000999000999000999,411,2000,1000,960106
2,1,"Boruta",500,"Asthma","MONDO_0004979",1.54436106273445,2.15614752524681,0.716259460287937,-0.658989868881878,0.78021978021978,3,16,1.15809303446493,1.02058858791204,1.13473053508682,2.24969032067805,0.012987012987013,405,783,591.323,1.3241494073459,1.83708020611658,0.036963036963037,129,2478,1310.99,1.89017460087415,8.05722308988435,0.000999000999000999,428,2000,1000,960106
2,1,"RF_importance",500,"Asthma","MONDO_0004979",1.66058303651133,2.15614752524681,0.770162067793226,-0.533800594595067,0.674325674325674,3,16,1.32734194806002,1.02058858791204,1.30056514817155,5.01874726571058,0.000999000999000999,393,764,591.323,1.29201806795947,1.65497946415894,0.0589410589410589,125,2446,1178.536,2.07545632886904,9.69098160060038,0.000999000999000999,405,2000,1000,960106
2,2,"GS_full_ungrouped",10,"Asthma","MONDO_0004979",0,0.047239058357772,0,-0.29886654253798,1,0,15,1.6078185123437,1.02127761175622,1.57432072713201,1.22482139720632,0.11988011988012,9,0,0.188,0,-0.384639972294095,1,2,4,0.653999999999998,6.11620795107035,2.50929937710143,0.042957042957043,10,2000,1000,960201
2,2,"DGE",10,"Asthma","MONDO_0004979",0,0.047239058357772,0,-0.29886654253798,1,0,15,1.65119950585172,1.02127761175622,1.61679790768375,1.31541008254348,0.110889110889111,9,1,0.188,5.31914893617021,1.66131732714258,0.158841158841159,4,12,0.542,22.140221402214,10.7913768587606,0.000999000999000999,9,2000,1000,960201
2,2,"LASSO",10,"Asthma","MONDO_0004979",0,0.047239058357772,0,-0.29886654253798,1,0,15,0.985124266803531,1.02127761175622,0.964599884951436,-0.0754958272036747,0.468531468531469,8,1,0.188,5.31914893617021,1.66131732714258,0.158841158841159,4,6,0.542,11.070110701107,5.14045513135934,0.00599400599400599,9,2000,1000,960201
2,2,"ElasticNet",10,"Asthma","MONDO_0004979",0,0.047239058357772,0,-0.29886654253798,1,0,15,0.985124266803531,1.02127761175622,0.964599884951436,-0.0754958272036747,0.468531468531469,8,1,0.188,5.31914893617021,1.66131732714258,0.158841158841159,4,6,0.542,11.070110701107,5.14045513135934,0.00599400599400599,9,2000,1000,960201
2,2,"mRMR",10,"Asthma","MONDO_0004979",0,0.047239058357772,0,-0.29886654253798,1,0,15,1.42356198012585,1.02127761175622,1.39390305215626,0.840054805465807,0.184815184815185,9,3,0.188,15.9574468085106,5.75323192601592,0.00999000999000999,6,2,0.542,3.690036900369,1.3731739797585,0.234765234765235,9,2000,1000,960201
2,2,"Boruta",10,"Asthma","MONDO_0004979",0,0.047239058357772,0,-0.29886654253798,1,0,15,0.801764451222895,1.02127761175622,0.785060244142778,-0.458389885036686,0.634365634365634,8,1,0.188,5.31914893617021,1.66131732714258,0.158841158841159,4,6,0.542,11.070110701107,5.14045513135934,0.00599400599400599,9,2000,1000,960201
2,2,"RF_importance",10,"Asthma","MONDO_0004979",0,0.047239058357772,0,-0.29886654253798,1,0,15,1.14118412876295,1.02127761175622,1.11740834776602,0.250390156163406,0.350649350649351,9,3,0.188,15.9574468085106,5.75323192601592,0.00999000999000999,5,6,0.653999999999998,9.17431192660553,4.00917945905088,0.015984015984016,10,2000,1000,960201
2,2,"GS_full_ungrouped",20,"Asthma","MONDO_0004979",0,0.075740869889225,0,-0.378062934931239,1,0,15,1.36652188419042,1.02418433442771,1.33425384303891,1.02139487579757,0.137862137862138,17,3,0.913,3.28587075575027,1.65874669011855,0.0929070929070929,7,14,2.452,5.70962479608483,4.62812350826563,0.004995004995005,19,2000,1000,960202
2,2,"DGE",20,"Asthma","MONDO_0004979",0,0.075740869889225,0,-0.378062934931239,1,0,15,1.46254433636504,1.02418433442771,1.42800889176095,1.30788649987053,0.0949050949050949,17,4,0.913,4.38116100766703,2.45354625414277,0.0529470529470529,7,22,2.452,8.97226753670473,7.83430536366266,0.000999000999000999,19,2000,1000,960202
2,2,"LASSO",20,"Asthma","MONDO_0004979",0,0.075740869889225,0,-0.378062934931239,1,0,15,1.76854103972459,1.02418433442771,1.72678001437389,2.22085519126601,0.022977022977023,18,3,0.913,3.28587075575027,1.65874669011855,0.0929070929070929,7,10,2.292,4.3630017452007,3.22049474100889,0.015984015984016,18,2000,1000,960202
2,2,"ElasticNet",20,"Asthma","MONDO_0004979",0,0.075740869889225,0,-0.378062934931239,1,0,15,0.978285047171087,1.02418433442771,0.955184544701836,-0.136944652548846,0.508491508491508,17,3,0.913,3.28587075575027,1.65874669011855,0.0929070929070929,6,12,2.452,4.89396411092985,3.82657804441637,0.011988011988012,19,2000,1000,960202
2,2,"mRMR",20,"Asthma","MONDO_0004979",0,0.075740869889225,0,-0.378062934931239,1,0,15,1.41629961661585,1.02418433442771,1.38285616075864,1.16991121840561,0.117882117882118,15,10,0.913,10.9529025191676,7.22234363828808,0.001998001998002,9,4,2.042,1.9588638589618,0.840749219525256,0.25974025974026,17,2000,1000,960202
2,2,"Boruta",20,"Asthma","MONDO_0004979",0,0.075740869889225,0,-0.378062934931239,1,0,15,1.07071300446173,1.02418433442771,1.04542997629427,0.138822472683347,0.407592407592408,16,4,0.913,4.38116100766703,2.45354625414277,0.0529470529470529,7,20,2.452,8.15660685154975,7.0327598998134,0.000999000999000999,19,2000,1000,960202
2,2,"RF_importance",20,"Asthma","MONDO_0004979",0,0.075740869889225,0,-0.378062934931239,1,0,15,1.39768932633591,1.02418433442771,1.36468532016447,1.11438574320662,0.126873126873127,18,5,0.913,5.47645125958379,3.24834581816699,0.017982017982018,8,24,2.834,8.46859562455893,7.60393856547784,0.000999000999000999,20,2000,1000,960202
2,2,"GS_full_ungrouped",50,"Asthma","MONDO_0004979",0,0.213370628634771,0,-0.638761502015411,1,0,15,1.16714533626638,1.00690307363611,1.15914368207419,0.792336985233769,0.210789210789211,42,12,5.867,2.04533833304926,1.3887508166132,0.108891108891109,15,90,13.746,6.54735923177652,10.9116684939273,0.000999000999000999,44,2000,1000,960203
2,2,"DGE",50,"Asthma","MONDO_0004979",0.558012762851594,0.213370628634771,2.6152276272605,1.03174522528571,0.166833166833167,1,15,1.56765199751142,1.00690307363611,1.55690457061606,2.77268995409529,0.00999000999000999,44,15,5.867,2.55667291631157,2.06806802676151,0.04995004995005,15,158,15.294,10.3308486988361,19.1921417940267,0.000999000999000999,46,2000,1000,960203
2,2,"LASSO",50,"Asthma","MONDO_0004979",0,0.213370628634771,0,-0.638761502015411,1,0,15,2.03862369294218,1.00690307363611,2.02464740283327,5.10146569129933,0.000999000999000999,43,22,5.867,3.74978694392364,3.65314151710757,0.00799200799200799,15,126,13.138,9.59050083726595,16.8752345885613,0.000999000999000999,43,2000,1000,960203
2,2,"ElasticNet",50,"Asthma","MONDO_0004979",0,0.213370628634771,0,-0.638761502015411,1,0,15,1.93336495705328,1.00690307363611,1.92011029430226,4.58100131383255,0.000999000999000999,41,20,5.867,3.40889722174876,3.2002633770087,0.012987012987013,14,78,12.788,6.09946825148577,9.52330412859608,0.000999000999000999,42,2000,1000,960203
2,2,"mRMR",50,"Asthma","MONDO_0004979",0,0.213370628634771,0,-0.638761502015411,1,0,15,1.26838467458356,1.00690307363611,1.25968894900995,1.29292697187409,0.0979020979020979,40,20,5.867,3.40889722174876,3.2002633770087,0.012987012987013,17,26,12.788,2.03315608382859,1.92942854301373,0.0599400599400599,42,2000,1000,960203
2,2,"Boruta",50,"Asthma","MONDO_0004979",0,0.213370628634771,0,-0.638761502015411,1,0,15,1.28902696161815,1.00690307363611,1.28018971772848,1.39499522283888,0.0839160839160839,38,14,5.867,2.38622805522414,1.84162895671207,0.0589410589410589,16,52,12.788,4.06631216765718,5.72636633580491,0.000999000999000999,42,2000,1000,960203
2,2,"RF_importance",50,"Asthma","MONDO_0004979",0,0.213370628634771,0,-0.638761502015411,1,0,15,1.58441810046522,1.00690307363611,1.57355572939469,2.85559195042558,0.00699300699300699,41,23,5.867,3.92023180501108,3.87958058715701,0.00699300699300699,17,152,13.746,11.0577622581115,19.7836417231808,0.000999000999000999,44,2000,1000,960203
2,2,"GS_full_ungrouped",100,"Asthma","MONDO_0004979",0.604597965726421,0.379562786639769,1.59287998457084,0.503797883925077,0.233766233766234,1,15,0.998006351374892,1.00944043715721,0.988672847489129,-0.0774304271452581,0.533466533466533,85,29,23.574,1.23016883006702,0.478022959200536,0.274725274725275,26,126,62.27,2.02344628231893,3.49743199631332,0.003996003996004,93,2000,1000,960204
2,2,"DGE",100,"Asthma","MONDO_0004979",0.558012762851594,0.379562786639769,1.47014613258488,0.399505182997988,0.290709290709291,1,15,1.35164095852102,1.00944043715721,1.33900021117394,2.31734596389853,0.017982017982018,82,41,23.574,1.73920420802579,1.53520606100784,0.0799200799200799,26,322,54.636,5.89355004026649,15.5099427727668,0.000999000999000999,86,2000,1000,960204
2,2,"LASSO",100,"Asthma","MONDO_0004979",0.504193736677722,0.379562786639769,1.32835397574483,0.279017748049585,0.416583416583417,1,15,1.92694309967511,1.00944043715721,1.90892204110802,6.21323159701321,0.000999000999000999,84,74,23.574,3.1390514974124,4.44245959097792,0.001998001998002,30,330,54.636,6.03997364375137,15.9740274744549,0.000999000999000999,86,2000,1000,960204
2,2,"ElasticNet",100,"Asthma","MONDO_0004979",0,0.379562786639769,0,-0.849746824038513,1,0,15,1.79564498625885,1.00944043715721,1.77885184718352,5.32409457296642,0.000999000999000999,82,57,23.574,2.41791804530415,2.94478353008424,0.013986013986014,30,286,51.96,5.50423402617398,14.2866025300819,0.000999000999000999,85,2000,1000,960204
2,2,"mRMR",100,"Asthma","MONDO_0004979",0,0.379562786639769,0,-0.849746824038513,1,0,15,1.19095582566212,1.00944043715721,1.17981782958496,1.22920313289098,0.104895104895105,77,45,23.574,1.90888266734538,1.88760042827694,0.050949050949051,27,102,48.632,2.09738443822997,3.50075689557127,0.003996003996004,82,2000,1000,960204
2,2,"Boruta",100,"Asthma","MONDO_0004979",0.558012762851594,0.379562786639769,1.47014613258488,0.399505182997988,0.290709290709291,1,15,1.15776740759278,1.00944043715721,1.14693979453933,1.00445465397389,0.161838161838162,77,36,23.574,1.5271061338763,1.09471310192146,0.141858141858142,27,214,48.632,4.40039480177661,10.8475709471374,0.000999000999000999,82,2000,1000,960204
2,2,"RF_importance",100,"Asthma","MONDO_0004979",0,0.379562786639769,0,-0.849746824038513,1,0,15,1.47284826149036,1.00944043715721,1.45907396541216,3.13814908018717,0.002997002997003,80,70,23.574,2.96937303809281,4.09006522370882,0.003996003996004,36,306,48.632,6.29215331468992,16.8824539180667,0.000999000999000999,82,2000,1000,960204
2,2,"GS_full_ungrouped",200,"Asthma","MONDO_0004979",1.07329961409322,0.793267760757289,1.3530105056439,0.466743767119968,0.324675324675325,2,15,0.98726965829466,1.0153341439395,0.9723593599089,-0.276056690730217,0.605394605394605,172,90,93.87,0.958772770853308,-0.128894881213562,0.500499500499501,54,294,255.662,1.14995580101853,0.811909193325407,0.190809190809191,187,2000,1000,960205
2,2,"DGE",200,"Asthma","MONDO_0004979",0.558012762851594,0.793267760757289,0.70343557428691,-0.392111835308183,0.586413586413586,1,15,1.20624593970077,1.0153341439395,1.18802853907831,1.87790644824866,0.032967032967033,161,74,93.87,0.788324278257164,-0.661793614913043,0.728271728271728,42,632,217.056,2.91169099218635,9.23430297408155,0.000999000999000999,171,2000,1000,960205
2,2,"LASSO",200,"Asthma","MONDO_0004979",1.11259246802621,0.793267760757289,1.40254340724005,0.532235226206159,0.247752247752248,2,15,1.40202112099784,1.0153341439395,1.38084701412482,3.80365165377036,0.001998001998002,164,332,93.87,3.53680622136998,7.93119846599109,0.000999000999000999,63,824,216.698,3.80252701916954,15.3633685759514,0.000999000999000999,172,2000,1000,960205
2,2,"ElasticNet",200,"Asthma","MONDO_0004979",1.11259246802621,0.793267760757289,1.40254340724005,0.532235226206159,0.247752247752248,2,15,1.40972789212561,1.0153341439395,1.38843739328598,3.8794594116845,0.001998001998002,161,274,93.87,2.91893043570896,5.99944055633047,0.000999000999000999,61,766,217.056,3.52904319622586,12.2163839260339,0.000999000999000999,171,2000,1000,960205
2,2,"mRMR",200,"Asthma","MONDO_0004979",0.598376536982012,0.793267760757289,0.754318486876077,-0.324835417399359,0.53946053946054,1,15,1.25579204321899,1.0153341439395,1.23682636963878,2.3652673622846,0.012987012987013,147,176,93.87,1.87493341855758,2.73543581242115,0.016983016983017,51,386,179.358,2.15212034032494,5.80810415946729,0.000999000999000999,156,2000,1000,960205
2,2,"Boruta",200,"Asthma","MONDO_0004979",1.06220649952932,0.793267760757289,1.33902643227967,0.448254291658622,0.351648351648352,2,15,1.14421685366727,1.0153341439395,1.12693625098404,1.26775650870832,0.107892107892108,158,117,93.87,1.2464046021093,0.770371731904312,0.20979020979021,52,710,202.952,3.4983641452166,12.3630838062538,0.000999000999000999,167,2000,1000,960205
2,2,"RF_importance",200,"Asthma","MONDO_0004979",1.15638929983361,0.793267760757289,1.45775406116299,0.605233701280276,0.217782217782218,2,15,1.18511338704284,1.0153341439395,1.16721514204634,1.67003580963238,0.0539460539460539,161,188,93.87,2.00276978800469,3.13510986269576,0.00899100899100899,60,706,207.876,3.39625545998576,11.9680885671378,0.000999000999000999,168,2000,1000,960205
2,2,"GS_full_ungrouped",500,"Asthma","MONDO_0004979",2.64158085875125,1.98687944622139,1.32951239883978,0.732382627917134,0.24975024975025,5,15,0.79166632438329,1.01712534852894,0.778337031446784,-3.99551556437514,1,425,487,585.654,0.831549003336441,-0.977802969580066,0.844155844155844,119,1710,1619.982,1.05556728408093,0.583841800220412,0.27972027972028,469,2000,1000,960206
2,2,"DGE",500,"Asthma","MONDO_0004979",0.558012762851594,1.98687944622139,0.280848827498223,-1.59840366384101,0.932067932067932,1,15,1.07506762565511,1.01712534852894,1.05696670249146,1.0268352352283,0.13986013986014,396,478,585.654,0.816181567956507,-1.06700590839877,0.865134865134865,116,1650,1311.184,1.25840461750601,2.47418917406956,0.011988011988012,422,2000,1000,960206
2,2,"LASSO",500,"Asthma","MONDO_0004979",3.38947815509019,1.98687944622139,1.70593045367511,1.56901895834487,0.0539460539460539,6,15,1.24059391536115,1.01712534852894,1.21970602458724,3.96024129133942,0.000999000999000999,403,1132,585.654,1.93288187223173,5.41507431242718,0.000999000999000999,149,2242,1337.384,1.67640707530522,6.42341734913454,0.000999000999000999,428,2000,1000,960206
2,2,"ElasticNet",500,"Asthma","MONDO_0004979",3.38947815509019,1.98687944622139,1.70593045367511,1.56901895834487,0.0539460539460539,6,15,1.23345640654828,1.01712534852894,1.21268869007366,3.83375255281699,0.000999000999000999,401,1144,585.654,1.95337178607164,5.53401156418545,0.000999000999000999,150,2238,1335.242,1.67610066190249,6.12839392239798,0.000999000999000999,427,2000,1000,960206
2,2,"mRMR",500,"Asthma","MONDO_0004979",2.78426861910145,1.98687944622139,1.40132740534234,0.892000485610582,0.163836163836164,5,15,1.23883464008951,1.01712534852894,1.21797637024898,3.92906395542884,0.000999000999000999,388,1242,585.654,2.12070608243092,6.50533245354469,0.000999000999000999,145,2314,1265.834,1.8280438035319,7.58642850851474,0.000999000999000999,414,2000,1000,960206
2,2,"Boruta",500,"Asthma","MONDO_0004979",1.66058303651133,1.98687944622139,0.835774429933027,-0.365011923679758,0.593406593406593,3,15,1.08986442612986,1.01712534852894,1.07151436910517,1.28905958763052,0.0949050949050949,392,756,585.654,1.29086457191448,1.68837375733458,0.0679320679320679,133,2530,1271.562,1.98967883595137,9.10560413619319,0.000999000999000999,416,2000,1000,960206
2,2,"RF_importance",500,"Asthma","MONDO_0004979",2.12928468487813,1.98687944622139,1.07167281282594,0.159301814415794,0.445554445554446,4,15,1.20721532182807,1.01712534852894,1.18688942673,3.36871611072741,0.000999000999000999,380,975,585.654,1.66480549949287,3.85897860192309,0.000999000999000999,143,2688,1220.274,2.2027839649128,11.0211482129207,0.000999000999000999,408,2000,1000,960206
2,3,"GS_full_ungrouped",10,"Asthma","MONDO_0004979",0,0.0436574265462971,0,-0.285014640910227,1,0,15,1.47097290811796,1.02320171229811,1.43761771548852,0.926318721387456,0.182817182817183,9,1,0.235,4.25531914893617,1.37379204245106,0.186813186813187,4,12,0.494,24.2914979757085,10.3611534377249,0.000999000999000999,9,2000,1000,960301
2,3,"DGE",10,"Asthma","MONDO_0004979",0,0.0436574265462971,0,-0.285014640910227,1,0,15,2.31342723711752,1.02320171229811,2.26096888747533,2.66913117594333,0.012987012987013,10,3,0.235,12.7659574468085,4.96540522532964,0.012987012987013,5,46,0.662,69.4864048338369,35.7606435289466,0.000999000999000999,10,2000,1000,960301
2,3,"LASSO",10,"Asthma","MONDO_0004979",0,0.0436574265462971,0,-0.285014640910227,1,0,15,1.88890911859296,1.02320171229811,1.84607697181278,1.79091684588245,0.0539460539460539,9,0,0.235,0,-0.422014548988233,1,4,12,0.494,24.2914979757085,10.3611534377249,0.000999000999000999,9,2000,1000,960301
2,3,"ElasticNet",10,"Asthma","MONDO_0004979",0,0.0436574265462971,0,-0.285014640910227,1,0,15,1.66165680660343,1.02320171229811,1.62397774224922,1.32079265513575,0.111888111888112,8,0,0.235,0,-0.422014548988233,1,3,10,0.346,28.9017341040462,10.8679763022343,0.000999000999000999,8,2000,1000,960301
2,3,"mRMR",10,"Asthma","MONDO_0004979",0,0.0436574265462971,0,-0.285014640910227,1,0,15,2.09727133858854,1.02320171229811,2.04971445354412,2.22196249377941,0.032967032967033,8,0,0.235,0,-0.422014548988233,1,3,2,0.346,5.78034682080925,1.86198806752595,0.150849150849151,8,2000,1000,960301
2,3,"Boruta",10,"Asthma","MONDO_0004979",0,0.0436574265462971,0,-0.285014640910227,1,0,15,1.24376572971167,1.02320171229811,1.21556259607714,0.456287899940781,0.290709290709291,8,5,0.235,21.2765957446809,8.55701840820822,0.000999000999000999,5,6,0.346,17.3410404624277,6.36498218488011,0.004995004995005,8,2000,1000,960301
2,3,"RF_importance",10,"Asthma","MONDO_0004979",0,0.0436574265462971,0,-0.285014640910227,1,0,15,1.84971308360093,1.02320171229811,1.80776973041461,1.70983074352432,0.0639360639360639,9,2,0.235,8.51063829787234,3.16959863389035,0.035964035964036,5,30,0.494,60.7287449392712,26.5701541225023,0.000999000999000999,9,2000,1000,960301
2,3,"GS_full_ungrouped",20,"Asthma","MONDO_0004979",0,0.0844203295632331,0,-0.400513262873931,1,0,15,1.75353786543085,1.03671772918659,1.69143231186629,2.07049418189853,0.031968031968032,17,5,0.904999999999999,5.52486187845304,3.30036529929085,0.01998001998002,8,32,2.29,13.9737991266376,12.424962829232,0.000999000999000999,18,2000,1000,960302
2,3,"DGE",20,"Asthma","MONDO_0004979",0,0.0844203295632331,0,-0.400513262873931,1,0,15,1.97235869006538,1.03671772918659,1.9025030965882,2.70254568460583,0.014985014985015,20,6,0.904999999999999,6.62983425414365,4.10631531132768,0.012987012987013,10,154,2.778,55.4355651547876,57.1986175404689,0.000999000999000999,20,2000,1000,960302
2,3,"LASSO",20,"Asthma","MONDO_0004979",0,0.0844203295632331,0,-0.400513262873931,1,0,15,2.20167609838625,1.03671772918659,2.12369870448119,3.36491597211491,0.003996003996004,17,3,0.904999999999999,3.31491712707183,1.68846527521717,0.0999000999000999,8,18,1.684,10.6888361045131,7.84235263567865,0.001998001998002,16,2000,1000,960302
2,3,"ElasticNet",20,"Asthma","MONDO_0004979",0,0.0844203295632331,0,-0.400513262873931,1,0,15,1.86800585546498,1.03671772918659,1.80184615626339,2.40112845874942,0.022977022977023,16,3,0.904999999999999,3.31491712707183,1.68846527521717,0.0999000999000999,8,18,1.684,10.6888361045131,7.84235263567865,0.001998001998002,16,2000,1000,960302
2,3,"mRMR",20,"Asthma","MONDO_0004979",0,0.0844203295632331,0,-0.400513262873931,1,0,15,1.988934638895,1.03671772918659,1.91849197028348,2.7504243697541,0.014985014985015,17,1,0.904999999999999,1.10497237569061,0.0765652511435,0.513486513486514,7,6,1.978,3.03336703741153,1.82359461963776,0.0929070929070929,17,2000,1000,960302
2,3,"Boruta",20,"Asthma","MONDO_0004979",0,0.0844203295632331,0,-0.400513262873931,1,0,15,1.21396589311178,1.03671772918659,1.1709705148616,0.511971237418248,0.278721278721279,16,5,0.904999999999999,5.52486187845304,3.30036529929085,0.01998001998002,10,22,1.978,11.1223458038423,9.07807346454183,0.000999000999000999,17,2000,1000,960302
2,3,"RF_importance",20,"Asthma","MONDO_0004979",0,0.0844203295632331,0,-0.400513262873931,1,0,15,1.9973058060834,1.03671772918659,1.92656665344238,2.7746040099217,0.014985014985015,18,5,0.904999999999999,5.52486187845304,3.30036529929085,0.01998001998002,8,78,2.29,34.061135371179,31.6625357051886,0.000999000999000999,18,2000,1000,960302
2,3,"GS_full_ungrouped",50,"Asthma","MONDO_0004979",0,0.183897089010823,0,-0.58987975410808,1,0,15,1.84613059759334,1.03452768773124,1.78451540687323,3.91873717889513,0.000999000999000999,40,23,5.644,4.07512402551382,4.14003455352123,0.004995004995005,19,116,12.178,9.52537362456889,15.0653782456359,0.000999000999000999,41,2000,1000,960303
2,3,"DGE",50,"Asthma","MONDO_0004979",0.558012762851594,0.183897089010823,3.03437518153837,1.20003673184943,0.158841158841159,1,15,1.80487156899334,1.03452768773124,1.7446334113604,3.71952240603612,0.000999000999000999,45,21,5.644,3.72076541459958,3.66296212283199,0.00999000999000999,17,320,14.066,22.7498933598749,41.4736432093214,0.000999000999000999,45,2000,1000,960303
2,3,"LASSO",50,"Asthma","MONDO_0004979",0,0.183897089010823,0,-0.58987975410808,1,0,15,2.31555690836539,1.03452768773124,2.23827446652828,6.18531152753391,0.000999000999000999,42,8,5.644,1.41743444365698,0.561991323351926,0.270729270729271,15,108,12.178,8.86845130563311,13.9045161358221,0.000999000999000999,41,2000,1000,960303
2,3,"ElasticNet",50,"Asthma","MONDO_0004979",0,0.183897089010823,0,-0.58987975410808,1,0,15,2.10262563567942,1.03452768773124,2.03244984219858,5.157195826266,0.000999000999000999,39,7,5.644,1.24025513819986,0.323455108007306,0.346653346653347,15,48,10.532,4.55753892897835,6.1528821491379,0.000999000999000999,38,2000,1000,960303
2,3,"mRMR",50,"Asthma","MONDO_0004979",0,0.183897089010823,0,-0.58987975410808,1,0,15,1.49403134821554,1.03452768773124,1.44416758094895,2.21866390114863,0.023976023976024,35,11,5.644,1.94897236002835,1.27759996938579,0.116883116883117,13,36,9.698,3.71210558878119,4.53574302345585,0.000999000999000999,37,2000,1000,960303
2,3,"Boruta",50,"Asthma","MONDO_0004979",0,0.183897089010823,0,-0.58987975410808,1,0,15,1.73520197543188,1.03452768773124,1.67728906244863,3.38313028223977,0.001998001998002,44,21,5.644,3.72076541459958,3.66296212283199,0.00999000999000999,21,206,14.066,14.6452438504195,26.0193448120768,0.000999000999000999,45,2000,1000,960303
2,3,"RF_importance",50,"Asthma","MONDO_0004979",0,0.183897089010823,0,-0.58987975410808,1,0,15,1.79706442418289,1.03452768773124,1.73708683246933,3.68182644874224,0.000999000999000999,42,21,5.644,3.72076541459958,3.66296212283199,0.00999000999000999,19,230,13.772,16.7005518443218,30.5115239242198,0.000999000999000999,44,2000,1000,960303
2,3,"GS_full_ungrouped",100,"Asthma","MONDO_0004979",0,0.399506863705772,0,-0.86546541005326,1,0,15,1.7111254956114,1.02148859890537,1.67512931367521,4.74467881840079,0.000999000999000999,78,62,23.573,2.63012768845713,3.58187629029276,0.003996003996004,29,256,44.532,5.74867511003323,14.1914279320591,0.000999000999000999,79,2000,1000,960304
2,3,"DGE",100,"Asthma","MONDO_0004979",0.558012762851594,0.399506863705772,1.39675388221254,0.343376761359302,0.326673326673327,1,15,1.56070191742218,1.02148859890537,1.52787012903975,3.70976962396616,0.000999000999000999,83,45,23.573,1.90896364484792,1.99726398813602,0.041958041958042,29,454,48.988,9.26757573283253,24.8365311056401,0.000999000999000999,82,2000,1000,960304
2,3,"LASSO",100,"Asthma","MONDO_0004979",0.504193736677722,0.399506863705772,1.26204023630755,0.226786760566371,0.405594405594406,1,15,2.05773160684427,1.02148859890537,2.01444402712801,7.12931728851431,0.000999000999000999,82,65,23.573,2.75739193144699,3.86151375537924,0.002997002997003,32,318,51.074,6.22625993656264,15.8793099759158,0.000999000999000999,84,2000,1000,960304
2,3,"ElasticNet",100,"Asthma","MONDO_0004979",0.504193736677722,0.399506863705772,1.26204023630755,0.226786760566371,0.405594405594406,1,15,1.98175974747967,1.02148859890537,1.9400703537987,6.60663343322257,0.000999000999000999,80,50,23.573,2.12107071649769,2.46332642994682,0.024975024975025,30,290,48.988,5.91981709806483,14.7795671111783,0.000999000999000999,82,2000,1000,960304
2,3,"mRMR",100,"Asthma","MONDO_0004979",0,0.399506863705772,0,-0.86546541005326,1,0,15,1.50248242847393,1.02148859890537,1.47087537744817,3.30922148428531,0.001998001998002,70,52,23.573,2.2059135451576,2.64975140667115,0.017982017982018,27,166,38.88,4.26954732510288,9.29323423006937,0.000999000999000999,74,2000,1000,960304
2,3,"Boruta",100,"Asthma","MONDO_0004979",0,0.399506863705772,0,-0.86546541005326,1,0,15,1.32245154021578,1.02148859890537,1.29463171848705,2.07061498533458,0.021978021978022,85,49,23.573,2.07864930216773,2.37011394158466,0.027972027972028,35,454,53.746,8.44714025229785,23.8892184897735,0.000999000999000999,87,2000,1000,960304
2,3,"RF_importance",100,"Asthma","MONDO_0004979",0.558012762851594,0.399506863705772,1.39675388221254,0.343376761359302,0.326673326673327,1,15,1.46448859423403,1.02148859890537,1.43368080251056,3.04782517354714,0.003996003996004,81,50,23.573,2.12107071649769,2.46332642994682,0.024975024975025,31,428,47.078,9.0912952971664,24.2041137756144,0.000999000999000999,81,2000,1000,960304
2,3,"GS_full_ungrouped",200,"Asthma","MONDO_0004979",0,0.788276940731502,0,-1.29254725846026,1,0,15,1.26366298530897,1.02809611673763,1.22912922705986,2.29505280462104,0.011988011988012,164,149,92.447,1.61173429099917,1.99518458759863,0.033966033966034,59,422,214.604,1.96641255521798,4.66856120713808,0.000999000999000999,173,2000,1000,960305
2,3,"DGE",200,"Asthma","MONDO_0004979",0.558012762851594,0.788276940731502,0.707889237929213,-0.377566964681334,0.604395604395604,1,15,1.27153789942779,1.02809611673763,1.23678893318131,2.37177557911031,0.010989010989011,158,100,92.447,1.08170086644239,0.266469138509583,0.370629370629371,46,740,192.086,3.85244109409327,13.8371803741229,0.000999000999000999,164,2000,1000,960305
2,3,"LASSO",200,"Asthma","MONDO_0004979",1.11259246802621,0.788276940731502,1.4114233342837,0.531784102794983,0.248751248751249,2,15,1.54305619806751,1.02809611673763,1.50088709892608,5.0170916907448,0.000999000999000999,166,357,92.447,3.86167209319935,9.33340526944602,0.000999000999000999,69,864,213.118,4.05409209921264,14.9262894350194,0.000999000999000999,172,2000,1000,960305
2,3,"ElasticNet",200,"Asthma","MONDO_0004979",1.11259246802621,0.788276940731502,1.4114233342837,0.531784102794983,0.248751248751249,2,15,1.52828981965734,1.02809611673763,1.48652426050098,4.87322757950585,0.000999000999000999,163,325,92.447,3.51552781593778,8.2044482414695,0.000999000999000999,66,806,204.378,3.9436729980722,14.6429850215579,0.000999000999000999,169,2000,1000,960305
2,3,"mRMR",200,"Asthma","MONDO_0004979",0,0.788276940731502,0,-1.29254725846026,1,0,15,1.53406950476862,1.02809611673763,1.49214599665695,4.92953720659774,0.000999000999000999,142,120,92.447,1.29804103973087,0.972067280994909,0.178821178821179,48,432,161.794,2.67006193060311,7.28701852531908,0.000999000999000999,149,2000,1000,960305
2,3,"Boruta",200,"Asthma","MONDO_0004979",0.558012762851594,0.788276940731502,0.707889237929213,-0.377566964681334,0.604395604395604,1,15,1.19109595564104,1.02809611673763,1.15854533078156,1.58805539886338,0.0689310689310689,160,184,92.447,1.990329594254,3.22998133694795,0.00599400599400599,60,800,201.016,3.97978270386437,13.960971267501,0.000999000999000999,166,2000,1000,960305
2,3,"RF_importance",200,"Asthma","MONDO_0004979",1.15638929983361,0.788276940731502,1.46698354357608,0.603598298995315,0.225774225774226,2,15,1.26558957027872,1.02809611673763,1.23100316174202,2.31382290699151,0.011988011988012,161,196,92.447,2.12013369822709,3.65334022243915,0.001998001998002,66,804,199.204,4.03606353286079,14.5505534918495,0.000999000999000999,167,2000,1000,960305
2,3,"GS_full_ungrouped",500,"Asthma","MONDO_0004979",1.54853878488539,2.04512376040837,0.757185855870249,-0.530849382603318,0.713286713286713,3,15,0.941442654096122,1.02844858462929,0.915400797051481,-1.5069375833972,0.94005994005994,420,613,583.201,1.05109559139988,0.289691801681154,0.345654345654346,127,1862,1481.13,1.25714825842431,2.37670123346083,0.011988011988012,452,2000,1000,960306
2,3,"DGE",500,"Asthma","MONDO_0004979",0.558012762851594,2.04512376040837,0.272850364195158,-1.58972178746292,0.955044955044955,1,15,1.12635043241845,1.02844858462929,1.09519372115665,1.69565422740082,0.0539460539460539,382,482,583.201,0.826473205635793,-0.983828317122538,0.842157842157842,115,1810,1193.07,1.51709455438491,4.70277806520968,0.000999000999000999,407,2000,1000,960306
2,3,"LASSO",500,"Asthma","MONDO_0004979",3.38947815509019,2.04512376040837,1.65734623043712,1.43711496640696,0.0749250749250749,6,15,1.24305859180884,1.02844858462929,1.20867354030819,3.71703266214369,0.000999000999000999,393,1072,583.201,1.83813127892442,4.7518729813063,0.000999000999000999,145,2176,1251.73,1.73839406261734,6.80673178353646,0.000999000999000999,417,2000,1000,960306
2,3,"ElasticNet",500,"Asthma","MONDO_0004979",3.38947815509019,2.04512376040837,1.65734623043712,1.43711496640696,0.0749250749250749,6,15,1.23762683757727,1.02844858462929,1.20339203736021,3.62295499933184,0.000999000999000999,394,1104,583.201,1.89300086934007,5.06296186528888,0.000999000999000999,146,2190,1251.73,1.74957858324079,6.90983395602881,0.000999000999000999,417,2000,1000,960306
2,3,"mRMR",500,"Asthma","MONDO_0004979",3.38947815509019,2.04512376040837,1.65734623043712,1.43711496640696,0.0749250749250749,6,15,1.2562552159054,1.02844858462929,1.22150512400989,3.94559741288205,0.000999000999000999,381,1101,583.201,1.88785684523861,5.03379728241552,0.000999000999000999,144,2210,1183.06,1.86803712406809,7.52257411541238,0.000999000999000999,406,2000,1000,960306
2,3,"Boruta",500,"Asthma","MONDO_0004979",1.08186600174875,2.04512376040837,0.528997815532065,-1.02972262890917,0.831168831168831,2,15,1.16842688810242,1.02844858462929,1.13610627265687,2.42441595729405,0.011988011988012,401,790,583.201,1.35459301338647,2.01040219120981,0.035964035964036,131,2322,1316.606,1.76362556451968,7.07637192988203,0.000999000999000999,427,2000,1000,960306
2,3,"RF_importance",500,"Asthma","MONDO_0004979",1.15638929983361,2.04512376040837,0.565437320821455,-0.950057216687935,0.782217782217782,2,15,1.18663556113166,1.02844858462929,1.15381126374867,2.73978909983041,0.004995004995005,385,784,583.201,1.34430496518353,1.95207302546307,0.040959040959041,136,2302,1179.202,1.95216765236151,8.33991109779346,0.000999000999000999,404,2000,1000,960306
2,4,"GS_full_ungrouped",10,"Asthma","MONDO_0004979",0,0.0495188011472552,0,-0.303876038943797,1,0,15,1.03682326124674,0.993978715085123,1.0431040881574,0.0884382204888408,0.402597402597403,9,0,0.208,0,-0.379099637869876,1,3,4,0.55,7.27272727272728,3.07014022461693,0.036963036963037,9,2000,1000,960401
2,4,"DGE",10,"Asthma","MONDO_0004979",0,0.0495188011472552,0,-0.303876038943797,1,0,15,1.76779130080897,0.993978715085123,1.77850015697527,1.59727699799045,0.0679320679320679,9,1,0.208,4.80769230769231,1.44349477496607,0.161838161838162,3,24,0.55,43.6363636363637,20.8680545702224,0.000999000999000999,9,2000,1000,960401
2,4,"LASSO",10,"Asthma","MONDO_0004979",0,0.0495188011472552,0,-0.303876038943797,1,0,15,0.885888244161171,0.993978715085123,0.891254742899907,-0.223116586747272,0.522477522477522,10,0,0.208,0,-0.379099637869876,1,4,4,0.626,6.38977635782747,2.71737751854451,0.035964035964036,10,2000,1000,960401
2,4,"ElasticNet",10,"Asthma","MONDO_0004979",0,0.0495188011472552,0,-0.303876038943797,1,0,15,0.604098821332238,0.993978715085123,0.607758307259632,-0.804776502423922,0.78021978021978,10,0,0.208,0,-0.379099637869876,1,5,2,0.626,3.19488817891374,1.1066024630943,0.260739260739261,10,2000,1000,960401
2,4,"mRMR",10,"Asthma","MONDO_0004979",0,0.0495188011472552,0,-0.303876038943797,1,0,15,0.925602600677619,0.993978715085123,0.931209679473218,-0.141139594741674,0.493506493506494,8,0,0.208,0,-0.379099637869876,1,5,0,0.398,0,-0.445424737307885,1,8,2000,1000,960401
2,4,"Boruta",10,"Asthma","MONDO_0004979",0,0.0495188011472552,0,-0.303876038943797,1,0,15,2.35746752835705,0.993978715085123,2.37174850183302,2.81446613642156,0.015984015984016,10,2,0.208,9.61538461538462,3.26608918780201,0.030969030969031,3,14,0.626,22.3642172523962,10.7712527957956,0.001998001998002,10,2000,1000,960401
2,4,"RF_importance",10,"Asthma","MONDO_0004979",0,0.0495188011472552,0,-0.303876038943797,1,0,15,1.98378453905,0.993978715085123,1.9958018305051,2.04312272023488,0.043956043956044,10,2,0.208,9.61538461538462,3.26608918780201,0.030969030969031,3,8,0.626,12.779552715655,5.93892762944494,0.003996003996004,10,2000,1000,960401
2,4,"GS_full_ungrouped",20,"Asthma","MONDO_0004979",0,0.0766878627799372,0,-0.386102643462874,1,0,15,1.60826773638293,1.03487267067407,1.55407305841344,1.61803155590807,0.0709290709290709,18,1,0.838,1.19331742243437,0.131865815812252,0.487512487512487,8,24,2.154,11.142061281337,9.22347565493769,0.000999000999000999,18,2000,1000,960402
2,4,"DGE",20,"Asthma","MONDO_0004979",0,0.0766878627799372,0,-0.386102643462874,1,0,15,1.70289723652677,1.03487267067407,1.64551377650894,1.88506126458417,0.044955044955045,19,3,0.838,3.5799522673031,1.75983885053141,0.0909090909090909,9,70,2.524,27.7337559429477,26.3530278026309,0.000999000999000999,19,2000,1000,960402
2,4,"LASSO",20,"Asthma","MONDO_0004979",0,0.0766878627799372,0,-0.386102643462874,1,0,15,1.89229382218273,1.03487267067407,1.82852816177877,2.41950892641353,0.020979020979021,19,1,0.838,1.19331742243437,0.131865815812252,0.487512487512487,7,10,2.154,4.64252553389043,3.31261512353022,0.016983016983017,18,2000,1000,960402
2,4,"ElasticNet",20,"Asthma","MONDO_0004979",0,0.0766878627799372,0,-0.386102643462874,1,0,15,1.07448273075292,1.03487267067407,1.03827529820945,0.111773419361,0.413586413586414,17,0,0.838,0,-0.682120701547328,1,7,4,1.63,2.45398773006135,1.19595930159298,0.203796203796204,16,2000,1000,960402
2,4,"mRMR",20,"Asthma","MONDO_0004979",0,0.0766878627799372,0,-0.386102643462874,1,0,15,1.46556788767685,1.03487267067407,1.41618184459568,1.21535481165619,0.122877122877123,15,0,0.838,0,-0.682120701547328,1,6,0,1.63,0,-0.822537409956354,1,16,2000,1000,960402
2,4,"Boruta",20,"Asthma","MONDO_0004979",0,0.0766878627799372,0,-0.386102643462874,1,0,15,2.27742229885962,1.03487267067407,2.20067875343178,3.50628149494205,0.002997002997003,20,5,0.838,5.96658711217184,3.38781188525057,0.021978021978022,7,80,2.762,28.9645184648805,28.0932051881113,0.000999000999000999,20,2000,1000,960402
2,4,"RF_importance",20,"Asthma","MONDO_0004979",0,0.0766878627799372,0,-0.386102643462874,1,0,15,2.09325867952909,1.03487267067407,2.02272099635759,2.98660044892772,0.00699300699300699,19,5,0.838,5.96658711217184,3.38781188525057,0.021978021978022,6,74,2.524,29.3185419968304,27.9152441641598,0.000999000999000999,19,2000,1000,960402
2,4,"GS_full_ungrouped",50,"Asthma","MONDO_0004979",0,0.196052961038663,0,-0.589128634234112,1,0,15,1.60334183812548,1.01354438709458,1.58191575873811,2.71079844079299,0.00999000999000999,41,7,5.768,1.21359223300971,0.296463691429152,0.357642357642358,16,60,12.902,4.65044179197024,6.84626716019489,0.000999000999000999,42,2000,1000,960403
2,4,"DGE",50,"Asthma","MONDO_0004979",0.558012762851594,0.196052961038663,2.84623481275322,1.08766979371278,0.172827172827173,1,15,2.11088619502287,1.01354438709458,2.08267760336961,5.04354919938967,0.000999000999000999,45,13,5.768,2.25381414701803,1.74028037046723,0.0719280719280719,15,274,13.74,19.9417758369723,36.1722918856071,0.000999000999000999,44,2000,1000,960403
2,4,"LASSO",50,"Asthma","MONDO_0004979",0,0.196052961038663,0,-0.589128634234112,1,0,15,2.03775335273428,1.01354438709458,2.01052206364211,4.70741957641463,0.000999000999000999,44,11,5.768,1.90707350901526,1.2590081441212,0.11988011988012,15,110,13.74,8.00582241630276,13.3787167329153,0.000999000999000999,44,2000,1000,960403
2,4,"ElasticNet",50,"Asthma","MONDO_0004979",0,0.196052961038663,0,-0.589128634234112,1,0,15,2.05561110221005,1.01354438709458,2.0281411730794,4.78949649850098,0.000999000999000999,43,10,5.768,1.73370319001387,1.01837203094819,0.172827172827173,14,108,12.902,8.37079522554643,13.8236509915541,0.000999000999000999,42,2000,1000,960403
2,4,"mRMR",50,"Asthma","MONDO_0004979",0,0.196052961038663,0,-0.589128634234112,1,0,15,1.25823606341745,1.01354438709458,1.24142176646481,1.12464001580826,0.126873126873127,36,6,5.768,1.04022191400832,0.0558275782561392,0.43956043956044,14,26,9.952,2.61254019292604,2.86001174937276,0.016983016983017,38,2000,1000,960403
2,4,"Boruta",50,"Asthma","MONDO_0004979",0.558012762851594,0.196052961038663,2.84623481275322,1.08766979371278,0.172827172827173,1,15,1.89153909400271,1.01354438709458,1.86626172280917,4.03539669144206,0.001998001998002,44,25,5.768,4.33425797503468,4.62791372854338,0.002997002997003,17,226,13.74,16.448326055313,29.5010015970144,0.000999000999000999,44,2000,1000,960403
2,4,"RF_importance",50,"Asthma","MONDO_0004979",0.558012762851594,0.196052961038663,2.84623481275322,1.08766979371278,0.172827172827173,1,15,1.85171940596815,1.01354438709458,1.82697416072351,3.85237937244846,0.002997002997003,42,10,5.768,1.73370319001387,1.01837203094819,0.172827172827173,16,172,13.74,12.5181950509461,21.9958000223476,0.000999000999000999,44,2000,1000,960403
2,4,"GS_full_ungrouped",100,"Asthma","MONDO_0004979",0,0.414078882585766,0,-0.882980473945348,1,0,15,1.49786573060496,1.01382857669302,1.47743490866159,3.40786250933638,0.001998001998002,75,43,22.505,1.91068651410798,1.91406162616624,0.051948051948052,30,158,41.292,3.8264070522135,8.3511683577633,0.000999000999000999,77,2000,1000,960404
2,4,"DGE",100,"Asthma","MONDO_0004979",0.558012762851594,0.414078882585766,1.34760014653975,0.306924142135142,0.351648351648352,1,15,1.7108558278447,1.01382857669302,1.68751983044835,4.90741881689881,0.000999000999000999,80,27,22.505,1.19973339257943,0.419795413984739,0.30969030969031,21,446,43.324,10.2945249746099,27.0318761906425,0.000999000999000999,79,2000,1000,960404
2,4,"LASSO",100,"Asthma","MONDO_0004979",0,0.414078882585766,0,-0.882980473945348,1,0,15,1.76305220697986,1.01382857669302,1.7390042532937,5.27490730851611,0.000999000999000999,86,71,22.505,3.15485447678294,4.52902749748386,0.001998001998002,33,280,54.522,5.13554161622831,12.7816838298308,0.000999000999000999,87,2000,1000,960404
2,4,"ElasticNet",100,"Asthma","MONDO_0004979",0,0.414078882585766,0,-0.882980473945348,1,0,15,1.7231205460637,1.01382857669302,1.69961725845636,4.99376853833716,0.000999000999000999,83,64,22.505,2.8438124861142,3.87528602965445,0.004995004995005,32,274,51.458,5.32473084845894,13.10252809318,0.000999000999000999,84,2000,1000,960404
2,4,"mRMR",100,"Asthma","MONDO_0004979",0,0.414078882585766,0,-0.882980473945348,1,0,15,1.22059058871001,1.01382857669302,1.20394178736945,1.45570748735513,0.0849150849150849,70,34,22.505,1.51077538324817,1.07353688181414,0.138861138861139,26,84,36.512,2.30061349693252,3.6034588519219,0.00799200799200799,72,2000,1000,960404
2,4,"Boruta",100,"Asthma","MONDO_0004979",0.558012762851594,0.414078882585766,1.34760014653975,0.306924142135142,0.351648351648352,1,15,1.46581985528386,1.01382857669302,1.44582613765453,3.18224359516204,0.002997002997003,80,46,22.505,2.04399022439458,2.19423654095027,0.032967032967033,28,374,46.922,7.97067473679724,20.8935616665226,0.000999000999000999,81,2000,1000,960404
2,4,"RF_importance",100,"Asthma","MONDO_0004979",0.558012762851594,0.414078882585766,1.34760014653975,0.306924142135142,0.351648351648352,1,15,1.61363791202731,1.01382857669302,1.59162796267865,4.22295629605236,0.001998001998002,82,58,22.505,2.57720506554099,3.31493620008639,0.00699300699300699,31,346,48.376,7.15230692905573,19.3967787504137,0.000999000999000999,83,2000,1000,960404
2,4,"GS_full_ungrouped",200,"Asthma","MONDO_0004979",1.07329961409322,0.830500904460734,1.29235213150086,0.375803803507394,0.342657342657343,2,15,1.20430232248262,1.01662011829011,1.18461389934735,1.77370895565334,0.043956043956044,162,162,90.301,1.79400006644445,2.47763204225001,0.016983016983017,60,342,215.192,1.58927841183687,2.98071985230839,0.003996003996004,174,2000,1000,960405
2,4,"DGE",200,"Asthma","MONDO_0004979",0.558012762851594,0.830500904460734,0.67189904292028,-0.421757101519929,0.625374625374625,1,15,1.43350862794655,1.01662011829011,1.41007304710595,3.9398454758564,0.000999000999000999,160,96,90.301,1.0631111504856,0.19693475514,0.366633366633367,48,784,185.058,4.23650963481719,15.3868532281363,0.000999000999000999,161,2000,1000,960405
2,4,"LASSO",200,"Asthma","MONDO_0004979",1.11259246802621,0.830500904460734,1.33966436646887,0.436621276471031,0.272727272727273,2,15,1.41888513133954,1.01662011829011,1.39568862135643,3.80164469647822,0.000999000999000999,164,328,90.301,3.63229643082579,8.2139312795267,0.000999000999000999,66,754,211.136,3.57115792664444,12.8169511678013,0.000999000999000999,172,2000,1000,960405
2,4,"ElasticNet",200,"Asthma","MONDO_0004979",1.11259246802621,0.830500904460734,1.33966436646887,0.436621276471031,0.272727272727273,2,15,1.42721899517703,1.01662011829011,1.4038862398056,3.88040468860078,0.000999000999000999,162,327,90.301,3.62122235634157,8.17937526002503,0.000999000999000999,65,746,202.478,3.68435089244264,13.2570741985858,0.000999000999000999,169,2000,1000,960405
2,4,"mRMR",200,"Asthma","MONDO_0004979",0,0.830500904460734,0,-1.28544916562817,1,0,15,1.37073806009123,1.01662011829011,1.34832867796943,3.34662610891938,0.002997002997003,140,145,90.301,1.60574080021262,1.89017971072167,0.04995004995005,47,370,155.7,2.37636480411047,5.99414841716468,0.000999000999000999,148,2000,1000,960405
2,4,"Boruta",200,"Asthma","MONDO_0004979",0.558012762851594,0.830500904460734,0.67189904292028,-0.421757101519929,0.625374625374625,1,15,1.30932377712337,1.01662011829011,1.28791842062457,2.76622444444723,0.00599400599400599,155,146,90.301,1.61681487469685,1.92473573022334,0.048951048951049,59,754,174.064,4.33174004963691,15.5847870349925,0.000999000999000999,157,2000,1000,960405
2,4,"RF_importance",200,"Asthma","MONDO_0004979",0.558012762851594,0.830500904460734,0.67189904292028,-0.421757101519929,0.625374625374625,1,15,1.43120209444121,1.01662011829011,1.40780422174646,3.91804735625021,0.000999000999000999,156,211,90.301,2.33662971617147,4.17087699783168,0.001998001998002,59,798,174.016,4.58578521515263,17.1943223667363,0.000999000999000999,156,2000,1000,960405
2,4,"GS_full_ungrouped",500,"Asthma","MONDO_0004979",2.62183839897861,2.04919900667685,1.27944547622556,0.609895316184659,0.296703296703297,5,15,0.906561038031944,1.01982591054077,0.888937051571121,-1.99582458690474,0.987012987012987,422,554,574.892,0.963659261217759,-0.209953285765524,0.557442557442557,123,1446,1464.444,0.987405459000139,-0.116579460523258,0.537462537462537,453,2000,1000,960406
2,4,"DGE",500,"Asthma","MONDO_0004979",0.558012762851594,2.04919900667685,0.272307746116135,-1.58820283392023,0.949050949050949,1,15,1.15578658075016,1.01982591054077,1.13331752880969,2.39574408592395,0.014985014985015,384,601,574.892,1.04541374727775,0.262371260997811,0.361638361638362,123,2090,1186.576,1.76137053168107,6.7196865723656,0.000999000999000999,406,2000,1000,960406
2,4,"LASSO",500,"Asthma","MONDO_0004979",3.87163271829533,2.04919900667685,1.88933954471015,1.94100126487179,0.026973026973027,7,15,1.25495609323168,1.01982591054077,1.23055913784955,4.14319629151889,0.000999000999000999,407,1087,574.892,1.89078992228105,5.14640806369952,0.000999000999000999,146,2224,1308.786,1.69928468061241,6.54776997275306,0.000999000999000999,427,2000,1000,960406
2,4,"ElasticNet",500,"Asthma","MONDO_0004979",3.87163271829533,2.04919900667685,1.88933954471015,1.94100126487179,0.026973026973027,7,15,1.25567762916465,1.01982591054077,1.23126664677388,4.15591037597823,0.000999000999000999,406,1069,574.892,1.85947969357723,4.96551781174761,0.000999000999000999,145,2214,1296.372,1.7078431191047,6.59232983895202,0.000999000999000999,426,2000,1000,960406
2,4,"mRMR",500,"Asthma","MONDO_0004979",2.79110161810818,2.04919900667685,1.36204517424321,0.790170801834555,0.207792207792208,5,15,1.25778198842138,1.01982591054077,1.23333009626558,4.19299099816264,0.000999000999000999,385,1160,574.892,2.01777029424657,5.88001852994896,0.000999000999000999,139,2304,1199.124,1.92140262391546,8.39662305027097,0.000999000999000999,410,2000,1000,960406
2,4,"Boruta",500,"Asthma","MONDO_0004979",1.68579270544077,2.04919900667685,0.822659341502703,-0.387049518380108,0.596403596403596,3,15,1.22289528340985,1.01982591054077,1.19912160572721,3.57825721463532,0.000999000999000999,386,808,574.892,1.40548137737175,2.34260915844484,0.018981018981019,133,2384,1174.268,2.03020094220399,9.35673853466695,0.000999000999000999,405,2000,1000,960406
2,4,"RF_importance",500,"Asthma","MONDO_0004979",2.28732438830298,2.04919900667685,1.11620412700292,0.253617821042129,0.352647352647353,4,15,1.38061610635326,1.01982591054077,1.3537762593433,6.35743392957635,0.000999000999000999,390,1111,574.892,1.93253689388616,5.38759506630208,0.000999000999000999,141,2570,1145.994,2.24259463836634,11.2812930457171,0.000999000999000999,400,2000,1000,960406
2,5,"GS_full_ungrouped",10,"Asthma","MONDO_0004979",0,0.0413273414101573,0,-0.284369480210925,1,0,17,1.58359228251929,1.03592011121277,1.52868186009572,1.11666411001205,0.140859140859141,8,1,0.198,5.05050505050505,1.64037668711775,0.167832167832168,3,4,0.41,9.75609756097561,3.71699979227007,0.026973026973027,8,2000,1000,960501
2,5,"DGE",10,"Asthma","MONDO_0004979",0,0.0413273414101573,0,-0.284369480210925,1,0,17,1.15478719963186,1.03592011121277,1.11474542016559,0.242361431625386,0.33966033966034,9,2,0.198,10.1010101010101,3.68573415235185,0.023976023976024,5,14,0.502,27.8884462151394,12.5263321141693,0.000999000999000999,9,2000,1000,960501
2,5,"LASSO",10,"Asthma","MONDO_0004979",0,0.0413273414101573,0,-0.284369480210925,1,0,17,1.84130610733363,1.03592011121277,1.7774595621838,1.64212403640848,0.0749250749250749,8,1,0.198,5.05050505050505,1.64037668711775,0.167832167832168,4,2,0.41,4.87804878048781,1.64624781886056,0.175824175824176,8,2000,1000,960501
2,5,"ElasticNet",10,"Asthma","MONDO_0004979",0,0.0413273414101573,0,-0.284369480210925,1,0,17,1.95968247645613,1.03592011121277,1.89173127854608,1.88348492673322,0.051948051948052,8,0,0.198,0,-0.404980778116352,1,2,2,0.41,4.87804878048781,1.64624781886056,0.175824175824176,8,2000,1000,960501
2,5,"mRMR",10,"Asthma","MONDO_0004979",0,0.0413273414101573,0,-0.284369480210925,1,0,17,2.18497297172063,1.03592011121277,2.10920991693332,2.34283601953854,0.024975024975025,8,0,0.198,0,-0.404980778116352,1,2,0,0.502,0,-0.465862996096679,1,9,2000,1000,960501
2,5,"Boruta",10,"Asthma","MONDO_0004979",0,0.0413273414101573,0,-0.284369480210925,1,0,17,1.40395994129194,1.03592011121277,1.3552781977061,0.750406704660414,0.200799200799201,10,3,0.198,15.1515151515152,5.73109161758596,0.00799200799200799,5,6,0.7,8.57142857142857,4.04154141919555,0.011988011988012,10,2000,1000,960501
2,5,"RF_importance",10,"Asthma","MONDO_0004979",0,0.0413273414101573,0,-0.284369480210925,1,0,17,2.03610753971735,1.03592011121277,1.96550633362418,2.03931012604109,0.040959040959041,9,5,0.198,25.2525252525253,9.82180654805416,0.000999000999000999,5,8,0.502,15.9362549800797,6.95824849548386,0.001998001998002,9,2000,1000,960501
2,5,"GS_full_ungrouped",20,"Asthma","MONDO_0004979",0,0.0800542182012387,0,-0.395985324616548,1,0,17,1.80898839585535,1.04956057113707,1.72356741059312,2.28424288630878,0.020979020979021,16,3,0.841,3.56718192627824,1.76092576815242,0.0959040959040959,6,22,1.938,11.3519091847265,8.93171755072377,0.000999000999000999,17,2000,1000,960502
2,5,"DGE",20,"Asthma","MONDO_0004979",0.558012762851594,0.0800542182012387,6.97043547972541,2.36420483154122,0.0719280719280719,1,17,1.87726999063455,1.04956057113707,1.78862472758553,2.48962349268578,0.010989010989011,19,3,0.841,3.56718192627824,1.76092576815242,0.0959040959040959,9,28,2.098,13.3460438512869,11.138400652581,0.000999000999000999,18,2000,1000,960502
2,5,"LASSO",20,"Asthma","MONDO_0004979",0,0.0800542182012387,0,-0.395985324616548,1,0,17,1.91937681242406,1.04956057113707,1.82874325237337,2.61627438037671,0.00699300699300699,15,3,0.841,3.56718192627824,1.76092576815242,0.0959040959040959,5,4,1.13,3.53982300884956,1.74733911467421,0.10989010989011,13,2000,1000,960502
2,5,"ElasticNet",20,"Asthma","MONDO_0004979",0,0.0800542182012387,0,-0.395985324616548,1,0,17,1.35028939451713,1.04956057113707,1.28652831637365,0.904546361293456,0.177822177822178,13,1,0.841,1.18906064209275,0.129683741146936,0.472527472527473,4,4,1.13,3.53982300884956,1.74733911467421,0.10989010989011,13,2000,1000,960502
2,5,"mRMR",20,"Asthma","MONDO_0004979",0,0.0800542182012387,0,-0.395985324616548,1,0,17,1.30638912670481,1.04956057113707,1.24470103263264,0.772501061933306,0.211788211788212,16,1,0.841,1.18906064209275,0.129683741146936,0.472527472527473,5,4,1.694,2.36127508854782,1.09601072527105,0.210789210789211,16,2000,1000,960502
2,5,"Boruta",20,"Asthma","MONDO_0004979",0.558012762851594,0.0800542182012387,6.97043547972541,2.36420483154122,0.0719280719280719,1,17,1.57491304473332,1.04956057113707,1.50054516913406,1.58017998756119,0.0879120879120879,17,4,0.841,4.75624256837099,2.57654678165517,0.046953046953047,6,8,1.938,4.12796697626419,2.69883719432198,0.038961038961039,17,2000,1000,960502
2,5,"RF_importance",20,"Asthma","MONDO_0004979",0,0.0800542182012387,0,-0.395985324616548,1,0,17,1.72478071475374,1.04956057113707,1.64333604194483,2.03095904514816,0.038961038961039,19,5,0.841,5.94530321046373,3.39216779515791,0.017982017982018,7,22,2.098,10.4861773117254,8.5582754145497,0.000999000999000999,18,2000,1000,960502
2,5,"GS_full_ungrouped",50,"Asthma","MONDO_0004979",0,0.247944657065727,0,-0.68102006212544,1,0,17,1.65010595011339,1.04001736456011,1.58661384544413,2.86243876807922,0.00599400599400599,39,16,5.362,2.98396120850429,2.61371018050544,0.026973026973027,14,46,10.798,4.26004815706612,5.6450818633392,0.001998001998002,39,2000,1000,960503
2,5,"DGE",50,"Asthma","MONDO_0004979",0.558012762851594,0.247944657065727,2.25055368990537,0.851652151590555,0.223776223776224,1,17,1.8042995249535,1.04001736456011,1.73487442271376,3.58589053699045,0.001998001998002,42,15,5.362,2.79746363297277,2.36801454406011,0.036963036963037,14,164,12.476,13.1452388586085,21.6395620541817,0.000999000999000999,42,2000,1000,960503
2,5,"LASSO",50,"Asthma","MONDO_0004979",0,0.247944657065727,0,-0.68102006212544,1,0,17,2.12800137356353,1.04001736456011,2.04612100343498,5.10464821038628,0.000999000999000999,40,14,5.362,2.61096605744125,2.12231890761478,0.042957042957043,12,60,9.09199999999999,6.5992080950286,9.13412904917751,0.000999000999000999,36,2000,1000,960503
2,5,"ElasticNet",50,"Asthma","MONDO_0004979",0,0.247944657065727,0,-0.68102006212544,1,0,17,1.21078628010328,1.04001736456011,1.16419813876416,0.801220635508754,0.207792207792208,39,5,5.362,0.93248787765759,-0.0889418203932107,0.494505494505495,11,36,10.134,3.55239786856128,4.34066897423455,0.003996003996004,38,2000,1000,960503
2,5,"mRMR",50,"Asthma","MONDO_0004979",0,0.247944657065727,0,-0.68102006212544,1,0,17,1.20425823115805,1.04001736456011,1.1579212734274,0.770592066439864,0.217782217782218,40,6,5.362,1.11898545318911,0.156753816052121,0.386613386613387,11,36,11.694,3.07850179579271,3.78896485212356,0.00599400599400599,41,2000,1000,960503
2,5,"Boruta",50,"Asthma","MONDO_0004979",0.558012762851594,0.247944657065727,2.25055368990537,0.851652151590555,0.223776223776224,1,17,1.52747210308156,1.04001736456011,1.4686986536303,2.28706023070789,0.016983016983017,42,24,5.362,4.47594181275643,4.5792752720681,0.003996003996004,19,62,11.694,5.30186420386523,7.84200056985633,0.000999000999000999,41,2000,1000,960503
2,5,"RF_importance",50,"Asthma","MONDO_0004979",0,0.247944657065727,0,-0.68102006212544,1,0,17,2.07187506965213,1.04001736456011,1.99215430458555,4.84131250467188,0.000999000999000999,45,22,5.362,4.1029466616934,4.08788399917744,0.00599400599400599,18,124,11.694,10.6037284077305,17.5069318967575,0.000999000999000999,41,2000,1000,960503
2,5,"GS_full_ungrouped",100,"Asthma","MONDO_0004979",0.558012762851594,0.46882526190881,1.1902361246057,0.17895791313345,0.382617382617383,1,17,1.36606593636054,1.03881665152502,1.3150212160684,2.19831293679974,0.027972027972028,79,38,22.102,1.71930142068591,1.48790277327737,0.0909090909090909,27,82,41.036,1.99824544302564,2.92115018202177,0.011988011988012,76,2000,1000,960504
2,5,"DGE",100,"Asthma","MONDO_0004979",0.558012762851594,0.46882526190881,1.1902361246057,0.17895791313345,0.382617382617383,1,17,1.74545457279713,1.03881665152502,1.68023353325607,4.74687449583436,0.000999000999000999,81,36,22.102,1.62881187222876,1.30072164693728,0.112887112887113,24,450,44.172,10.1874490627547,26.7009773156866,0.000999000999000999,79,2000,1000,960504
2,5,"LASSO",100,"Asthma","MONDO_0004979",0,0.46882526190881,0,-0.940714669752523,1,0,17,1.90532523764464,1.03881665152502,1.83413043567174,5.82081343790329,0.000999000999000999,81,38,22.102,1.71930142068591,1.48790277327737,0.0909090909090909,26,262,44.172,5.93135923209273,14.3317377970997,0.000999000999000999,79,2000,1000,960504
2,5,"ElasticNet",100,"Asthma","MONDO_0004979",0,0.46882526190881,0,-0.940714669752523,1,0,17,1.23507826259328,1.03881665152502,1.18892805653446,1.31839688763677,0.0959040959040959,72,26,22.102,1.17636412994299,0.364816015236835,0.297702297702298,22,68,37.92,1.79324894514768,2.28156941592552,0.032967032967033,73,2000,1000,960504
2,5,"mRMR",100,"Asthma","MONDO_0004979",0.598376536982012,0.46882526190881,1.2763316860225,0.259949270758814,0.324675324675325,1,17,1.31160423447081,1.03881665152502,1.26259454211225,1.83246381390711,0.046953046953047,73,39,22.102,1.76454619491449,1.58149333644742,0.0829170829170829,24,94,41.036,2.29067160541963,3.77687233279467,0.003996003996004,76,2000,1000,960504
2,5,"Boruta",100,"Asthma","MONDO_0004979",0.558012762851594,0.46882526190881,1.1902361246057,0.17895791313345,0.382617382617383,1,17,1.60293821274145,1.03881665152502,1.5430424708617,3.78951393758753,0.000999000999000999,82,48,22.102,2.17174916297168,2.42380840497782,0.034965034965035,29,226,46.332,4.87783821117154,11.6596948857501,0.000999000999000999,81,2000,1000,960504
2,5,"RF_importance",100,"Asthma","MONDO_0004979",0.558012762851594,0.46882526190881,1.1902361246057,0.17895791313345,0.382617382617383,1,17,1.82299293147485,1.03881665152502,1.75487457656617,5.2677421795182,0.000999000999000999,81,49,22.102,2.21699393720025,2.51739896814787,0.025974025974026,28,240,39.694,6.04625384189046,14.8638492386738,0.000999000999000999,75,2000,1000,960504
2,5,"GS_full_ungrouped",200,"Asthma","MONDO_0004979",0.558012762851594,0.935514992242614,0.596476558343472,-0.548555289661722,0.664335664335664,1,17,1.09518633042022,1.03670102936975,1.05641481911716,0.555909013722723,0.27972027972028,157,141,89.209,1.58055801544687,1.81377834815841,0.050949050949051,56,248,192.73,1.2867742437607,1.40404207858505,0.0969030969030969,164,2000,1000,960505
2,5,"DGE",200,"Asthma","MONDO_0004979",0.558012762851594,0.935514992242614,0.596476558343472,-0.548555289661722,0.664335664335664,1,17,1.5123834975263,1.03670102936975,1.45884247693448,4.52141250824579,0.000999000999000999,161,94,89.209,1.05370534363125,0.167786141723986,0.401598401598402,42,820,177.968,4.60756990020678,16.9880930751093,0.000999000999000999,158,2000,1000,960505
2,5,"LASSO",200,"Asthma","MONDO_0004979",1.11259246802621,0.935514992242614,1.1892834184935,0.257314469844957,0.32967032967033,2,17,1.5232000295374,1.03670102936975,1.46927608479699,4.62422479670441,0.000999000999000999,160,231,89.209,2.58942483381722,4.96567831792644,0.001998001998002,60,732,195.104,3.75184516975562,13.3466087324591,0.000999000999000999,165,2000,1000,960505
2,5,"ElasticNet",200,"Asthma","MONDO_0004979",0,0.935514992242614,0,-1.35941368712017,1,0,17,1.54218155279763,1.03670102936975,1.48758562893988,4.80464619635567,0.000999000999000999,146,152,89.209,1.70386395991436,2.19901056668561,0.025974025974026,48,500,165.51,3.02096550057398,9.48475441497491,0.000999000999000999,152,2000,1000,960505
2,5,"mRMR",200,"Asthma","MONDO_0004979",0.598376536982012,0.935514992242614,0.639622605670472,-0.489901962380264,0.611388611388611,1,17,1.25996078585613,1.03670102936975,1.21535597068145,2.1221077570452,0.021978021978022,145,122,89.209,1.36757502045758,1.1483772434296,0.140859140859141,44,332,159.26,2.08464146678388,4.82143933106521,0.000999000999000999,149,2000,1000,960505
2,5,"Boruta",200,"Asthma","MONDO_0004979",1.04188807785223,0.935514992242614,1.11370537777766,0.154572646850121,0.423576423576424,2,17,1.47583649151765,1.03670102936975,1.42358929885009,4.17402932478138,0.000999000999000999,152,87,89.209,0.975237924424666,-0.0773616337024173,0.495504495504495,45,550,173.124,3.176913657263,10.361137797606,0.000999000999000999,155,2000,1000,960505
2,5,"RF_importance",200,"Asthma","MONDO_0004979",1.15638929983361,0.935514992242614,1.23609916401394,0.320956435078186,0.311688311688312,2,17,1.46312526927927,1.03670102936975,1.41132807610769,4.05320780397479,0.000999000999000999,157,174,89.209,1.95047584884933,2.96947500374002,0.00699300699300699,58,714,176.616,4.04266884087512,14.9014561910831,0.000999000999000999,157,2000,1000,960505
2,5,"GS_full_ungrouped",500,"Asthma","MONDO_0004979",1.08186600174875,2.26515758594555,0.477611804344792,-1.21526370892147,0.884115884115884,2,17,0.821695579989792,1.03519192211794,0.793761584140507,-3.60256674444492,1,422,416,547.888,0.759279268755658,-1.35621467568166,0.926073926073926,113,1506,1451.812,1.03732439186341,0.356475191770829,0.360639360639361,450,2000,1000,960506
2,5,"DGE",500,"Asthma","MONDO_0004979",1.60075912176997,2.26515758594555,0.706687751749406,-0.682350278290711,0.72027972027972,3,17,1.18917169978432,1.03519192211794,1.14874514993447,2.59827602107096,0.004995004995005,383,392,547.888,0.715474695558216,-1.60300856304336,0.954045954045954,107,1862,1145.16,1.62597366306892,5.5722343553597,0.000999000999000999,399,2000,1000,960506
2,5,"LASSO",500,"Asthma","MONDO_0004979",3.87163271829533,2.26515758594555,1.70921120116205,1.64988152852848,0.051948051948052,7,17,1.28196060452955,1.03519192211794,1.23837964452692,4.16400880673149,0.000999000999000999,400,1084,547.888,1.97850655608446,5.51288185588563,0.000999000999000999,148,2242,1266.862,1.7697270894541,6.96499878787683,0.000999000999000999,419,2000,1000,960506
2,5,"ElasticNet",500,"Asthma","MONDO_0004979",2.18589208211943,2.26515758594555,0.965006627213079,-0.0814072300147736,0.51048951048951,4,17,1.28161405820327,1.03519192211794,1.23804487923473,4.15816113619054,0.000999000999000999,389,1136,547.888,2.07341646467891,6.04760194516931,0.000999000999000999,143,2322,1229.07,1.88923332275623,7.93880367478079,0.000999000999000999,413,2000,1000,960506
2,5,"mRMR",500,"Asthma","MONDO_0004979",2.78426861910145,2.26515758594555,1.22917214960089,0.533137231702115,0.273726273726274,5,17,1.2509809517559,1.03519192211794,1.20845316218897,3.64125386992874,0.000999000999000999,387,1114,547.888,2.03326227258126,5.82137421508775,0.000999000999000999,142,2338,1196.48,1.9540652580904,8.39112252369301,0.000999000999000999,409,2000,1000,960506
2,5,"Boruta",500,"Asthma","MONDO_0004979",3.6732934413412,2.26515758594555,1.62165028346487,1.44618319368426,0.0969030969030969,7,17,1.25640883937587,1.03519192211794,1.21369652576629,3.73284479480062,0.000999000999000999,386,613,547.888,1.11884180708466,0.669551816412289,0.246753246753247,121,2236,1216.93,1.83741053306271,7.33037476605456,0.000999000999000999,411,2000,1000,960506
2,5,"RF_importance",500,"Asthma","MONDO_0004979",1.64026461483424,2.26515758594555,0.724128257129421,-0.6417773606217,0.693306693306693,3,17,1.36995320481436,1.03519192211794,1.32338088768266,5.64880808892708,0.000999000999000999,384,725,547.888,1.32326314867272,1.82125662410022,0.041958041958042,127,2540,1186.034,2.14159121913874,10.4600361047384,0.000999000999000999,406,2000,1000,960506
3,1,"GS_full_ungrouped",10,"Asthma","MONDO_0004979",0,0.0496510354080714,0,-0.310289847104393,1,0,16,1.89346212404013,1.02625439191203,1.84502218841899,1.75904590295547,0.056943056943057,9,2,0.184,10.8695652173913,3.55870248376863,0.020979020979021,5,4,0.552,7.2463768115942,3.17889638321284,0.028971028971029,9,2000,1000,970101
3,1,"DGE",10,"Asthma","MONDO_0004979",0,0.0496510354080714,0,-0.310289847104393,1,0,16,1.4979128379554,1.02625439191203,1.45959213403669,0.956712937822815,0.154845154845155,9,0,0.184,0,-0.360573379412681,1,5,2,0.552,3.6231884057971,1.3349889683562,0.23976023976024,9,2000,1000,970101
3,1,"LASSO",10,"Asthma","MONDO_0004979",0,0.0496510354080714,0,-0.310289847104393,1,0,16,1.30983242759807,1.02625439191203,1.27632333456591,0.57521025627571,0.23976023976024,8,1,0.184,5.43478260869565,1.59906455217798,0.150849150849151,4,4,0.68,5.88235294117647,2.63526327197372,0.0529470529470529,10,2000,1000,970101
3,1,"ElasticNet",10,"Asthma","MONDO_0004979",0,0.0496510354080714,0,-0.310289847104393,1,0,16,1.2790895502404,1.02625439191203,1.24636694402575,0.51285134219136,0.25974025974026,8,1,0.184,5.43478260869565,1.59906455217798,0.150849150849151,5,4,0.68,5.88235294117647,2.63526327197372,0.0529470529470529,10,2000,1000,970101
3,1,"mRMR",10,"Asthma","MONDO_0004979",0,0.0496510354080714,0,-0.310289847104393,1,0,16,1.60809695227014,1.02625439191203,1.56695743759408,1.18021061626313,0.128871128871129,7,0,0.184,0,-0.360573379412681,1,2,4,0.552,7.2463768115942,3.17889638321284,0.028971028971029,9,2000,1000,970101
3,1,"Boruta",10,"Asthma","MONDO_0004979",0,0.0496510354080714,0,-0.310289847104393,1,0,16,1.94089818085094,1.02625439191203,1.89124470126245,1.85526529571924,0.050949050949051,10,0,0.184,0,-0.360573379412681,1,3,6,0.68,8.8235294117647,4.2227712671386,0.011988011988012,10,2000,1000,970101
3,1,"RF_importance",10,"Asthma","MONDO_0004979",0,0.0496510354080714,0,-0.310289847104393,1,0,16,1.3599380562487,1.02625439191203,1.32514712430607,0.676844613912968,0.217782217782218,10,3,0.184,16.304347826087,5.51834041535929,0.00899100899100899,5,2,0.68,2.94117647058823,1.04775527680883,0.273726273726274,10,2000,1000,970101
3,1,"GS_full_ungrouped",20,"Asthma","MONDO_0004979",0,0.0791217305776746,0,-0.385540462521431,1,0,16,1.46524268981756,1.0258531730382,1.42831618435029,1.26203357843755,0.0989010989010989,17,2,0.851,2.35017626321974,0.904300248237629,0.194805194805195,7,6,2.304,2.60416666666667,1.4774734015392,0.120879120879121,18,2000,1000,970102
3,1,"DGE",20,"Asthma","MONDO_0004979",0.558012762851594,0.0791217305776746,7.05258541209216,2.33351657922847,0.0749250749250749,1,16,1.9467679288973,1.0258531730382,1.89770620207928,2.64509120129149,0.014985014985015,19,5,0.851,5.87544065804935,3.26539750212178,0.020979020979021,8,14,2.304,6.07638888888889,4.67546777716517,0.004995004995005,18,2000,1000,970102
3,1,"LASSO",20,"Asthma","MONDO_0004979",0,0.0791217305776746,0,-0.385540462521431,1,0,16,1.10356619121195,1.0258531730382,1.07575452337257,0.223210692726309,0.371628371628372,14,4,0.851,4.70035252643948,2.4783650841604,0.043956043956044,8,8,1.898,4.21496311907271,2.81395478834856,0.024975024975025,16,2000,1000,970102
3,1,"ElasticNet",20,"Asthma","MONDO_0004979",0,0.0791217305776746,0,-0.385540462521431,1,0,16,1.26298897653657,1.0258531730382,1.23115959450226,0.681111713493594,0.245754245754246,14,2,0.851,2.35017626321974,0.904300248237629,0.194805194805195,7,8,1.898,4.21496311907271,2.81395478834856,0.024975024975025,16,2000,1000,970102
3,1,"mRMR",20,"Asthma","MONDO_0004979",0,0.0791217305776746,0,-0.385540462521431,1,0,16,1.86111859695121,1.0258531730382,1.81421537298487,2.39908548481695,0.018981018981019,16,0,0.851,0,-0.669764587685138,1,3,4,2.304,1.73611111111111,0.677974807632707,0.295704295704296,18,2000,1000,970102
3,1,"Boruta",20,"Asthma","MONDO_0004979",0.558012762851594,0.0791217305776746,7.05258541209216,2.33351657922847,0.0749250749250749,1,16,1.80591787918309,1.0258531730382,1.76040580333209,2.2405355952159,0.022977022977023,18,5,0.851,5.87544065804935,3.26539750212178,0.020979020979021,7,10,2.304,4.34027777777778,3.07647058935219,0.022977022977023,18,2000,1000,970102
3,1,"RF_importance",20,"Asthma","MONDO_0004979",0,0.0791217305776746,0,-0.385540462521431,1,0,16,1.89144774027753,1.0258531730382,1.84378017243516,2.48619816234194,0.017982017982018,19,8,0.851,9.40070505287896,5.62649475600593,0.002997002997003,9,22,2.52,8.73015873015873,7.34983165166365,0.000999000999000999,19,2000,1000,970102
3,1,"GS_full_ungrouped",50,"Asthma","MONDO_0004979",0,0.21928512219493,0,-0.645336035091966,1,0,16,1.21912153275947,1.03395425000509,1.17908653381276,0.870832409311869,0.178821178821179,41,10,5.532,1.80766449746927,1.05579327648396,0.13986013986014,14,36,13.288,2.70921131848284,3.2382910623514,0.00899100899100899,43,2000,1000,970103
3,1,"DGE",50,"Asthma","MONDO_0004979",0.558012762851594,0.21928512219493,2.54469047998412,0.996844429797259,0.193806193806194,1,16,1.88446460039015,1.03395425000509,1.82258025476551,3.99990736243041,0.000999000999000999,45,13,5.532,2.34996384671005,1.76469655075699,0.0669330669330669,14,154,14.952,10.2996254681648,18.4486979712971,0.000999000999000999,45,2000,1000,970103
3,1,"LASSO",50,"Asthma","MONDO_0004979",0,0.21928512219493,0,-0.645336035091966,1,0,16,2.15598760292773,1.03395425000509,2.08518665397152,5.27686637466065,0.000999000999000999,39,18,5.532,3.25379609544468,2.94620200787871,0.017982017982018,16,58,11.494,5.04611101444232,7.02576654367565,0.000999000999000999,40,2000,1000,970103
3,1,"ElasticNet",50,"Asthma","MONDO_0004979",0,0.21928512219493,0,-0.645336035091966,1,0,16,1.74880299351627,1.03395425000509,1.69137366910351,3.36189765462578,0.001998001998002,39,20,5.532,3.61532899493854,3.4188041907274,0.013986013986014,18,34,12.634,2.69115086275131,3.15684501666025,0.00999000999000999,42,2000,1000,970103
3,1,"mRMR",50,"Asthma","MONDO_0004979",0,0.21928512219493,0,-0.645336035091966,1,0,16,1.51972639600324,1.03395425000509,1.46981976813362,2.28456194843714,0.021978021978022,39,9,5.532,1.62689804772234,0.819492185059621,0.17982017982018,12,26,13.288,1.95665261890427,1.81248485314419,0.0629370629370629,43,2000,1000,970103
3,1,"Boruta",50,"Asthma","MONDO_0004979",0.558012762851594,0.21928512219493,2.54469047998412,0.996844429797259,0.193806193806194,1,16,1.59653105193872,1.03395425000509,1.54410221915608,2.64577037888851,0.00999000999000999,40,14,5.532,2.53073029645698,2.00099764218134,0.045954045954046,15,102,12.634,8.07345258825392,13.2039039482758,0.000999000999000999,42,2000,1000,970103
3,1,"RF_importance",50,"Asthma","MONDO_0004979",0.558012762851594,0.21928512219493,2.54469047998412,0.996844429797259,0.193806193806194,1,16,1.70871622918267,1.03395425000509,1.65260332280105,3.17337161996747,0.001998001998002,42,19,5.532,3.43456254519161,3.18250309930305,0.014985014985015,16,120,14.952,8.02568218298555,13.9376245935851,0.000999000999000999,45,2000,1000,970103
3,1,"GS_full_ungrouped",100,"Asthma","MONDO_0004979",0,0.421865873684192,0,-0.902530246545326,1,0,16,1.43484426523203,1.03306868110546,1.38891468832125,2.6776862568881,0.00999000999000999,80,68,21.507,3.16176128702283,4.55126773910157,0.000999000999000999,30,198,51.16,3.87021110242377,8.7911218531859,0.000999000999000999,83,2000,1000,970104
3,1,"DGE",100,"Asthma","MONDO_0004979",0.558012762851594,0.421865873684192,1.32272553354084,0.291269555353084,0.325674325674326,1,16,1.59872498103249,1.03306868110546,1.54754955819757,3.76989085518857,0.001998001998002,83,39,21.507,1.81336309108662,1.71241534338726,0.0639360639360639,26,444,53.984,8.22465915826912,22.9072038077158,0.000999000999000999,85,2000,1000,970104
3,1,"LASSO",100,"Asthma","MONDO_0004979",0,0.421865873684192,0,-0.902530246545326,1,0,16,1.94015993945768,1.03306868110546,1.87805513316072,6.04542907084146,0.000999000999000999,80,64,21.507,2.97577532896266,4.15970189141683,0.000999000999000999,32,288,48.876,5.89246255831083,14.8365648970843,0.000999000999000999,82,2000,1000,970104
3,1,"ElasticNet",100,"Asthma","MONDO_0004979",0,0.421865873684192,0,-0.902530246545326,1,0,16,1.83197932680037,1.03306868110546,1.77333739789694,5.32444514046172,0.000999000999000999,79,65,21.507,3.0222718184777,4.25759335333802,0.000999000999000999,34,244,51.832,4.70751659206668,11.4784136193538,0.000999000999000999,84,2000,1000,970104
3,1,"mRMR",100,"Asthma","MONDO_0004979",0,0.421865873684192,0,-0.902530246545326,1,0,16,1.40885755165134,1.03306868110546,1.36375981328149,2.50449438419635,0.012987012987013,78,44,21.507,2.04584553866183,2.20187265299317,0.02997002997003,30,114,51.16,2.22830336200156,3.76214994043995,0.003996003996004,83,2000,1000,970104
3,1,"Boruta",100,"Asthma","MONDO_0004979",0.558012762851594,0.421865873684192,1.32272553354084,0.291269555353084,0.325674325674326,1,16,1.50531947739756,1.03306868110546,1.45713397853351,3.14737758339606,0.002997002997003,82,48,21.507,2.231831496722,2.5934385006779,0.01998001998002,29,312,53.984,5.77949021932425,15.1543144323607,0.000999000999000999,85,2000,1000,970104
3,1,"RF_importance",100,"Asthma","MONDO_0004979",0.558012762851594,0.421865873684192,1.32272553354084,0.291269555353084,0.325674325674326,1,16,1.50047136558775,1.03306868110546,1.45244105549898,3.11506670419419,0.002997002997003,82,57,21.507,2.65029990235737,3.47446165796855,0.001998001998002,32,316,54.262,5.82359662378829,15.2951733697089,0.000999000999000999,86,2000,1000,970104
3,1,"GS_full_ungrouped",200,"Asthma","MONDO_0004979",0.604597965726421,0.84719234089282,0.713648998631481,-0.384236952922643,0.55044955044955,1,16,1.01351205049893,1.02986521330743,0.984121064973173,-0.157154177812563,0.547452547452547,164,127,90.176,1.4083569907736,1.29625331043254,0.105894105894106,56,354,226.182,1.56511128206489,2.79850726354847,0.00999000999000999,175,2000,1000,970105
3,1,"DGE",200,"Asthma","MONDO_0004979",0.558012762851594,0.84719234089282,0.658661245997017,-0.458021666156943,0.631368631368631,1,16,1.28239265079501,1.02986521330743,1.24520435706007,2.42679304781636,0.010989010989011,153,77,90.176,0.85388573456352,-0.463812557523873,0.68031968031968,40,684,189.546,3.6086227089994,12.782718125475,0.000999000999000999,160,2000,1000,970105
3,1,"LASSO",200,"Asthma","MONDO_0004979",1.11259246802621,0.84719234089282,1.31327021541968,0.420358205276072,0.284715284715285,2,16,1.49969815772416,1.02986521330743,1.456208189524,4.51510273295235,0.000999000999000999,161,293,90.176,3.24920156139106,7.13967199204782,0.000999000999000999,64,808,211.61,3.81834506875857,13.5112004246622,0.000999000999000999,169,2000,1000,970105
3,1,"ElasticNet",200,"Asthma","MONDO_0004979",1.11259246802621,0.84719234089282,1.31327021541968,0.420358205276072,0.284715284715285,2,16,1.50198638558388,1.02986521330743,1.45843006072632,4.53709264231442,0.000999000999000999,161,327,90.176,3.62624201561391,8.33651678225818,0.000999000999000999,66,858,216.08,3.9707515734913,14.8122530357881,0.000999000999000999,171,2000,1000,970105
3,1,"mRMR",200,"Asthma","MONDO_0004979",0,0.84719234089282,0,-1.34183904050033,1,0,16,1.49804359534682,1.02986521330743,1.45460160804522,4.49920235985051,0.000999000999000999,145,139,90.176,1.54143009226402,1.71866911874208,0.0559440559440559,48,372,171.406,2.17028575429098,5.5388984852544,0.000999000999000999,153,2000,1000,970105
3,1,"Boruta",200,"Asthma","MONDO_0004979",0.558012762851594,0.84719234089282,0.658661245997017,-0.458021666156943,0.631368631368631,1,16,1.2829006357153,1.02986521330743,1.24569761085069,2.43167479169823,0.00999000999000999,160,135,90.176,1.49707239176721,1.57786384930556,0.0719280719280719,51,678,203.536,3.33110604512224,11.8738757795671,0.000999000999000999,166,2000,1000,970105
3,1,"RF_importance",200,"Asthma","MONDO_0004979",0.558012762851594,0.84719234089282,0.658661245997017,-0.458021666156943,0.631368631368631,1,16,1.37398537938414,1.02986521330743,1.33414097459565,3.30700075586618,0.000999000999000999,162,169,90.176,1.87411284599006,2.77470863951592,0.012987012987013,58,726,203.536,3.56693656159107,13.0751176807845,0.000999000999000999,166,2000,1000,970105
3,1,"GS_full_ungrouped",500,"Asthma","MONDO_0004979",1.66802273367715,2.11691194102854,0.787950930479758,-0.468178739239039,0.65034965034965,3,16,0.838116152635512,1.03234993929578,0.811852764971567,-3.23914377311944,1,424,450,559.829,0.803816879797224,-1.12313763833656,0.865134865134865,121,1840,1563.45,1.17688445425181,1.73973398765336,0.056943056943057,459,2000,1000,970106
3,1,"DGE",500,"Asthma","MONDO_0004979",0.558012762851594,2.11691194102854,0.263597531874884,-1.62588772438081,0.94005994005994,1,16,1.1030017176416,1.03234993929578,1.06843781905389,1.17822584743689,0.11988011988012,380,396,559.829,0.707358854221557,-1.6753545616462,0.957042957042957,103,1812,1202.456,1.5069158455694,4.4218984652484,0.000999000999000999,404,2000,1000,970106
3,1,"LASSO",500,"Asthma","MONDO_0004979",3.38947815509019,2.11691194102854,1.60114272558893,1.32725054632733,0.0849150849150849,6,16,1.25851330212838,1.03234993929578,1.21907625914801,3.77161801261831,0.000999000999000999,396,1103,559.829,1.97024448536964,5.55459663798187,0.000999000999000999,146,2290,1305.87,1.75362019190272,6.59248566295154,0.000999000999000999,420,2000,1000,970106
3,1,"ElasticNet",500,"Asthma","MONDO_0004979",3.38947815509019,2.11691194102854,1.60114272558893,1.32725054632733,0.0849150849150849,6,16,1.2602585776479,1.03234993929578,1.22076684433922,3.80072313602985,0.000999000999000999,396,1159,559.829,2.07027503041107,6.1272660399326,0.000999000999000999,148,2350,1309.832,1.79412321580172,7.07504128754152,0.000999000999000999,421,2000,1000,970106
3,1,"mRMR",500,"Asthma","MONDO_0004979",2.79110161810818,2.11691194102854,1.31847790359767,0.703160752929472,0.207792207792208,5,16,1.28213882334504,1.03234993929578,1.24196144596052,4.16560950736024,0.000999000999000999,383,1119,559.829,1.99882464109576,5.71821646711065,0.000999000999000999,140,2270,1232.214,1.84221247283345,7.46069400919574,0.000999000999000999,409,2000,1000,970106
3,1,"Boruta",500,"Asthma","MONDO_0004979",1.55372279599575,2.11691194102854,0.733957216586363,-0.58739033943439,0.733266733266733,3,16,1.22774512715488,1.03234993929578,1.18927224230999,3.25851190430793,0.001998001998002,388,631,559.829,1.127129891449,0.727811678682786,0.240759240759241,118,2346,1193.9,1.96498869252031,8.69464812227987,0.000999000999000999,403,2000,1000,970106
3,1,"RF_importance",500,"Asthma","MONDO_0004979",2.14894418709756,2.11691194102854,1.01513159118629,0.0334087261043149,0.477522477522478,4,16,1.23021304226407,1.03234993929578,1.19166282230157,3.29966814182945,0.001998001998002,386,1048,559.829,1.87200020006109,4.99215347535168,0.000999000999000999,138,2970,1217.578,2.43926877785242,12.8340511045625,0.000999000999000999,406,2000,1000,970106
3,2,"GS_full_ungrouped",10,"Asthma","MONDO_0004979",0,0.0352731071057873,0,-0.258010010308703,1,0,16,2.14053683374939,1.01589070088789,2.10705426467489,2.39103325894955,0.024975024975025,9,1,0.221,4.52488687782806,1.39358117594225,0.173826173826174,5,8,0.494,16.1943319838057,7.41393817448788,0.000999000999000999,9,2000,1000,970201
3,2,"DGE",10,"Asthma","MONDO_0004979",0,0.0352731071057873,0,-0.258010010308703,1,0,16,1.12398050724758,1.01589070088789,1.1063990508676,0.229802347963326,0.348651348651349,9,1,0.221,4.52488687782806,1.39358117594225,0.173826173826174,4,14,0.494,28.3400809716599,13.3403475865485,0.000999000999000999,9,2000,1000,970201
3,2,"LASSO",10,"Asthma","MONDO_0004979",0,0.0352731071057873,0,-0.258010010308703,1,0,16,1.59212642156877,1.01589070088789,1.56722216295242,1.22509537256589,0.115884115884116,9,1,0.221,4.52488687782806,1.39358117594225,0.173826173826174,4,10,0.494,20.2429149797571,9.3894079785081,0.000999000999000999,9,2000,1000,970201
3,2,"ElasticNet",10,"Asthma","MONDO_0004979",0,0.0352731071057873,0,-0.258010010308703,1,0,16,1.15468728618948,1.01589070088789,1.13662551018558,0.295085931465697,0.327672327672328,9,0,0.221,0,-0.395354865061923,1,2,2,0.494,4.04858299595142,1.48752876242722,0.215784215784216,9,2000,1000,970201
3,2,"mRMR",10,"Asthma","MONDO_0004979",0,0.0352731071057873,0,-0.258010010308703,1,0,16,1.45529615357356,1.01589070088789,1.43253221266976,0.934189893902034,0.166833166833167,8,0,0.221,0,-0.395354865061923,1,3,2,0.442,4.52488687782806,1.58880562422093,0.191808191808192,8,2000,1000,970201
3,2,"Boruta",10,"Asthma","MONDO_0004979",0,0.0352731071057873,0,-0.258010010308703,1,0,16,1.70417011052056,1.01589070088789,1.6775132492414,1.4633038000092,0.0919080919080919,10,2,0.221,9.04977375565611,3.18251721694643,0.031968031968032,5,6,0.602,9.96677740863788,4.48117736222748,0.010989010989011,10,2000,1000,970201
3,2,"RF_importance",10,"Asthma","MONDO_0004979",0,0.0352731071057873,0,-0.258010010308703,1,0,16,1.67128669874723,1.01589070088789,1.64514420427958,1.39339262624495,0.0979020979020979,10,1,0.221,4.52488687782806,1.39358117594225,0.173826173826174,5,6,0.602,9.96677740863788,4.48117736222748,0.010989010989011,10,2000,1000,970201
3,2,"GS_full_ungrouped",20,"Asthma","MONDO_0004979",0,0.0871958484542745,0,-0.415791164122203,1,0,16,1.775126581518,0.992062886500586,1.78932868638963,2.50345653520928,0.016983016983017,17,6,0.811,7.39827373612824,4.57119841633589,0.00999000999000999,8,38,2.142,17.7404295051354,15.1888743580669,0.000999000999000999,18,2000,1000,970202
3,2,"DGE",20,"Asthma","MONDO_0004979",0.558012762851594,0.0871958484542745,6.39953361018347,2.24507836549515,0.0789210789210789,1,16,1.83140463419955,0.992062886500586,1.84605699812002,2.68337760634431,0.011988011988012,18,3,0.811,3.69913686806412,1.92837797906326,0.0869130869130869,7,20,2.364,8.46023688663283,6.80210807948276,0.000999000999000999,19,2000,1000,970202
3,2,"LASSO",20,"Asthma","MONDO_0004979",0,0.0871958484542745,0,-0.415791164122203,1,0,16,2.11589603072166,0.992062886500586,2.13282450085931,3.59289729211936,0.002997002997003,19,1,0.811,1.23304562268804,0.166497687548176,0.485514485514486,9,14,2.142,6.5359477124183,5.02285883590713,0.00599400599400599,18,2000,1000,970202
3,2,"ElasticNet",20,"Asthma","MONDO_0004979",0,0.0871958484542745,0,-0.415791164122203,1,0,16,1.17510590897912,0.992062886500586,1.18450747928309,0.585188987516714,0.258741258741259,17,0,0.811,0,-0.714442458209368,1,5,14,1.896,7.38396624472574,5.58918305075276,0.002997002997003,17,2000,1000,970202
3,2,"mRMR",20,"Asthma","MONDO_0004979",0,0.0871958484542745,0,-0.415791164122203,1,0,16,1.66187122084285,0.992062886500586,1.67516721314408,2.14137887200799,0.030969030969031,16,0,0.811,0,-0.714442458209368,1,5,14,1.896,7.38396624472574,5.58918305075276,0.002997002997003,17,2000,1000,970202
3,2,"Boruta",20,"Asthma","MONDO_0004979",0,0.0871958484542745,0,-0.415791164122203,1,0,16,2.03788878928954,0.992062886500586,2.05419315349858,3.34350795176365,0.002997002997003,19,5,0.811,6.1652281134402,3.69025827057835,0.013986013986014,9,28,2.364,11.844331641286,9.88766402390678,0.000999000999000999,19,2000,1000,970202
3,2,"RF_importance",20,"Asthma","MONDO_0004979",0,0.0871958484542745,0,-0.415791164122203,1,0,16,1.57786888280921,0.992062886500586,1.59049280472027,1.87282319325376,0.047952047952048,19,7,0.811,8.63131935881628,5.45213856209344,0.002997002997003,10,28,2.364,11.844331641286,9.88766402390678,0.000999000999000999,19,2000,1000,970202
3,2,"GS_full_ungrouped",50,"Asthma","MONDO_0004979",0,0.230304126549199,0,-0.634686146794231,1,0,16,1.29594931976798,1.00035420091604,1.29549045586179,1.45576710053313,0.0819180819180819,41,14,5.633,2.48535416296822,2.03005410290997,0.045954045954046,16,106,13.638,7.7724006452559,13.150325738256,0.000999000999000999,44,2000,1000,970203
3,2,"DGE",50,"Asthma","MONDO_0004979",0.558012762851594,0.230304126549199,2.42293862125995,0.903119430652175,0.208791208791209,1,16,1.66463602628675,1.00035420091604,1.66404661944982,3.27150066148812,0.004995004995005,45,17,5.633,3.01793005503284,2.75793294941767,0.021978021978022,14,188,13.888,13.536866359447,25.1467826441153,0.000999000999000999,45,2000,1000,970203
3,2,"LASSO",50,"Asthma","MONDO_0004979",0,0.230304126549199,0,-0.634686146794231,1,0,16,2.23750938583187,1.00035420091604,2.23671713857247,6.09282664561372,0.000999000999000999,44,14,5.633,2.48535416296822,2.03005410290997,0.045954045954046,16,136,12.798,10.62666041569,17.528778820577,0.000999000999000999,43,2000,1000,970203
3,2,"ElasticNet",50,"Asthma","MONDO_0004979",0,0.230304126549199,0,-0.634686146794231,1,0,16,1.19858430773613,1.00035420091604,1.19815991839548,0.976257216170097,0.163836163836164,42,7,5.633,1.24267708148411,0.331670127725342,0.330669330669331,18,56,12.798,4.37568370057822,6.14663968609737,0.000999000999000999,43,2000,1000,970203
3,2,"mRMR",50,"Asthma","MONDO_0004979",0,0.230304126549199,0,-0.634686146794231,1,0,16,1.32313806899772,1.00035420091604,1.3226695782215,1.58966811617584,0.0689310689310689,36,4,5.633,0.710101189419492,-0.396208718782358,0.648351648351648,11,36,10.684,3.36952452265069,4.09333348589268,0.001998001998002,39,2000,1000,970203
3,2,"Boruta",50,"Asthma","MONDO_0004979",0.558012762851594,0.230304126549199,2.42293862125995,0.903119430652175,0.208791208791209,1,16,1.60807425139044,1.00035420091604,1.60750487169236,2.99294135590281,0.00699300699300699,41,21,5.633,3.72803124445233,3.72843807809461,0.00999000999000999,17,114,12.798,8.90764181903423,14.3986905585951,0.000999000999000999,43,2000,1000,970203
3,2,"RF_importance",50,"Asthma","MONDO_0004979",0,0.230304126549199,0,-0.634686146794231,1,0,16,1.57205833903699,1.00035420091604,1.57150171169116,2.81556772232092,0.00799200799200799,45,16,5.633,2.84040475767797,2.51530666724844,0.026973026973027,16,160,15.264,10.482180293501,19.3629262749689,0.000999000999000999,47,2000,1000,970203
3,2,"GS_full_ungrouped",100,"Asthma","MONDO_0004979",0,0.419692830476616,0,-0.912377747632154,1,0,16,1.40475852764815,1.00994324700797,1.39092818513302,2.57525153392701,0.011988011988012,79,35,22.91,1.52771715408119,1.14793115871803,0.137862137862138,29,200,46.934,4.26130310648996,9.67072702462863,0.000999000999000999,82,2000,1000,970204
3,2,"DGE",100,"Asthma","MONDO_0004979",0.558012762851594,0.419692830476616,1.32957420839879,0.300696173936538,0.365634365634366,1,16,1.48658931579878,1.00994324700797,1.47195332035033,3.10900712303615,0.002997002997003,88,39,22.91,1.70231340026189,1.52772641387701,0.0849150849150849,27,432,57.956,7.45393056801712,20.469351841793,0.000999000999000999,90,2000,1000,970204
3,2,"LASSO",100,"Asthma","MONDO_0004979",0,0.419692830476616,0,-0.912377747632154,1,0,16,1.84728757229863,1.00994324700797,1.82910037546302,5.46172441612032,0.000999000999000999,84,40,22.91,1.74596246180707,1.62267522766675,0.0699300699300699,29,300,53.016,5.65866908103214,15.0005849643514,0.000999000999000999,86,2000,1000,970204
3,2,"ElasticNet",100,"Asthma","MONDO_0004979",0,0.419692830476616,0,-0.912377747632154,1,0,16,1.20642236188315,1.00994324700797,1.19454470878167,1.28156929779036,0.100899100899101,75,22,22.91,0.960279353993889,-0.086403420548669,0.509490509490509,26,148,45.616,3.24447562258857,6.55628588534105,0.000999000999000999,80,2000,1000,970204
3,2,"mRMR",100,"Asthma","MONDO_0004979",0,0.419692830476616,0,-0.912377747632154,1,0,16,1.32703700995065,1.00994324700797,1.31397186315379,2.0682993781111,0.02997002997003,74,31,22.91,1.35312090790048,0.768135903559043,0.205794205794206,25,94,43.588,2.15655685050931,3.41338918694925,0.00699300699300699,78,2000,1000,970204
3,2,"Boruta",100,"Asthma","MONDO_0004979",0.558012762851594,0.419692830476616,1.32957420839879,0.300696173936538,0.365634365634366,1,16,1.35122750252856,1.00994324700797,1.33792419181144,2.22608608539531,0.01998001998002,79,30,22.91,1.3094718463553,0.673187089769297,0.230769230769231,25,208,48.704,4.27069645203679,9.59161708848419,0.000999000999000999,83,2000,1000,970204
3,2,"RF_importance",100,"Asthma","MONDO_0004979",0,0.419692830476616,0,-0.912377747632154,1,0,16,1.50311194663544,1.00994324700797,1.4883132800665,3.21677886464055,0.002997002997003,81,39,22.91,1.70231340026189,1.52772641387701,0.0849150849150849,32,322,47.08,6.83942225998301,17.1545650111783,0.000999000999000999,81,2000,1000,970204
3,2,"GS_full_ungrouped",200,"Asthma","MONDO_0004979",0,0.875788924544634,0,-1.28863137341854,1,0,16,1.05921553617258,1.00536532876031,1.05356282524549,0.531224675350529,0.288711288711289,163,104,90.408,1.15034067781612,0.491887124418728,0.28971028971029,55,362,220.722,1.6400721269289,3.19459015969634,0.00599400599400599,176,2000,1000,970205
3,2,"DGE",200,"Asthma","MONDO_0004979",0.558012762851594,0.875788924544634,0.637154395554537,-0.467574229595438,0.648351648351648,1,16,1.27844633836437,1.00536532876031,1.27162365937245,2.69390551387669,0.00799200799200799,166,113,90.408,1.24988939031944,0.817592253889634,0.187812187812188,47,738,213.17,3.46202561336023,12.2332888397843,0.000999000999000999,172,2000,1000,970205
3,2,"LASSO",200,"Asthma","MONDO_0004979",1.11259246802621,0.875788924544634,1.27038883096713,0.348431530606203,0.296703296703297,2,16,1.48705259149773,1.00536532876031,1.47911664442553,4.75177667950585,0.000999000999000999,164,340,90.408,3.76072913901425,9.03259940832248,0.000999000999000999,67,818,206.326,3.96459971113674,14.3848139932057,0.000999000999000999,170,2000,1000,970205
3,2,"ElasticNet",200,"Asthma","MONDO_0004979",0,0.875788924544634,0,-1.28863137341854,1,0,16,1.44911368907134,1.00536532876031,1.44138021037407,4.37751477610559,0.000999000999000999,151,101,90.408,1.11715777364835,0.383318747928426,0.31968031968032,47,528,175.252,3.01280441877981,9.61357215737257,0.000999000999000999,157,2000,1000,970205
3,2,"mRMR",200,"Asthma","MONDO_0004979",0.598376536982012,0.875788924544634,0.683242868472147,-0.408183177440856,0.59040959040959,1,16,1.3761392330608,1.00536532876031,1.3687951968243,3.65763209475781,0.000999000999000999,143,108,90.408,1.19458455003982,0.636644959739131,0.242757242757243,46,350,161.18,2.17148529594242,5.36105536556218,0.000999000999000999,150,2000,1000,970205
3,2,"Boruta",200,"Asthma","MONDO_0004979",0.558012762851594,0.875788924544634,0.637154395554537,-0.467574229595438,0.648351648351648,1,16,1.26042523237428,1.00536532876031,1.25369872654,2.51612985359454,0.011988011988012,162,100,90.408,1.10609680559243,0.347129289098325,0.335664335664336,51,762,206.326,3.69318457198802,13.0678549862518,0.000999000999000999,170,2000,1000,970205
3,2,"RF_importance",200,"Asthma","MONDO_0004979",0,0.875788924544634,0,-1.28863137341854,1,0,16,1.29525552753684,1.00536532876031,1.28834314301844,2.85972578626086,0.004995004995005,160,114,90.408,1.26095035837536,0.853781712719735,0.180819180819181,51,748,182.498,4.0986750539732,14.9562592221865,0.000999000999000999,160,2000,1000,970205
3,2,"GS_full_ungrouped",500,"Asthma","MONDO_0004979",1.11688380676934,2.16197819840388,0.516602714862667,-1.09365256312767,0.846153846153846,2,16,0.822193676657445,1.00622367441931,0.817108260876421,-3.23641863417622,1,430,428,575.212,0.744073489426507,-1.48855023023187,0.944055944055944,119,1688,1549.276,1.08954117923469,0.852991234046496,0.204795204795205,464,2000,1000,970206
3,2,"DGE",500,"Asthma","MONDO_0004979",1.11688380676934,2.16197819840388,0.516602714862667,-1.09365256312767,0.846153846153846,2,16,1.08182005925791,1.00622367441931,1.07512880760058,1.32946558465209,0.0909090909090909,387,354,575.212,0.615425269292018,-2.23680931941725,0.994005994005994,103,1566,1197.752,1.30744928833348,2.76538480351341,0.00799200799200799,409,2000,1000,970206
3,2,"LASSO",500,"Asthma","MONDO_0004979",3.38947815509019,2.16197819840388,1.56776703742551,1.2845332293569,0.0879120879120879,6,16,1.25037622665621,1.00622367441931,1.24264242478473,4.29375579661574,0.000999000999000999,399,1053,575.212,1.83062940272456,4.8312055905906,0.000999000999000999,144,2148,1279.158,1.67922961823324,6.10237101574777,0.000999000999000999,422,2000,1000,970206
3,2,"ElasticNet",500,"Asthma","MONDO_0004979",2.79110161810818,2.16197819840388,1.29099434035402,0.658354351521446,0.217782217782218,5,16,1.27358214737113,1.00622367441931,1.2657048127059,4.70186357870768,0.000999000999000999,395,1124,575.212,1.95406215447522,5.54912985183603,0.000999000999000999,144,2262,1244.79,1.81717398115345,7.43603554731291,0.000999000999000999,417,2000,1000,970206
3,2,"mRMR",500,"Asthma","MONDO_0004979",2.78426861910145,2.16197819840388,1.28783380940519,0.651203871203705,0.218781218781219,5,16,1.27603806025014,1.00622367441931,1.26814553532199,4.74505415797295,0.000999000999000999,384,1030,575.212,1.79064414511519,4.59863857638433,0.000999000999000999,141,2272,1186.666,1.9146078171954,7.95258027647808,0.000999000999000999,407,2000,1000,970206
3,2,"Boruta",500,"Asthma","MONDO_0004979",0.558012762851594,2.16197819840388,0.25810286304624,-1.67849040603538,0.96003996003996,1,16,1.14688457871015,1.00622367441931,1.13979089129663,2.47371394491913,0.00699300699300699,398,606,575.212,1.05352461353379,0.311316227538371,0.36963036963037,130,2308,1258.05,1.83458527085569,7.67336673850558,0.000999000999000999,419,2000,1000,970206
3,2,"RF_importance",500,"Asthma","MONDO_0004979",1.15638929983361,2.16197819840388,0.534875560117735,-1.05231152819993,0.823176823176823,2,16,1.14092253819356,1.00622367441931,1.13386572707304,2.36886332675743,0.00899100899100899,381,591,575.212,1.02744727161464,0.159642087838632,0.424575424575425,127,2076,1147.318,1.80943731380489,7.44789943690992,0.000999000999000999,401,2000,1000,970206
3,3,"GS_full_ungrouped",10,"Asthma","MONDO_0004979",0,0.0380222984493872,0,-0.259902801529642,1,0,15,1.70797562359688,1.02131980949984,1.67232203635931,1.46219789663492,0.0939060939060939,9,3,0.214,14.0186915887851,5.33723843439635,0.00999000999000999,5,8,0.622,12.8617363344051,6.39646388185354,0.002997002997003,10,2000,1000,970301
3,3,"DGE",10,"Asthma","MONDO_0004979",0,0.0380222984493872,0,-0.259902801529642,1,0,15,2.18256464437149,1.02131980949984,2.13700412355688,2.47281056996559,0.027972027972028,9,0,0.214,0,-0.409967345642792,1,4,8,0.477999999999999,16.7364016736402,7.43136777962706,0.000999000999000999,9,2000,1000,970301
3,3,"LASSO",10,"Asthma","MONDO_0004979",0,0.0380222984493872,0,-0.259902801529642,1,0,15,1.37021780057813,1.02131980949984,1.34161482802252,0.742960152992638,0.202797202797203,8,0,0.214,0,-0.409967345642792,1,4,4,0.284,14.0845070422535,4.79755948695663,0.010989010989011,7,2000,1000,970301
3,3,"ElasticNet",10,"Asthma","MONDO_0004979",0,0.0380222984493872,0,-0.259902801529642,1,0,15,1.15937319352686,1.02131980949984,1.13517155228256,0.293977511882124,0.324675324675325,9,0,0.214,0,-0.409967345642792,1,1,0,0.477999999999999,0,-0.4722406007261,1,9,2000,1000,970301
3,3,"mRMR",10,"Asthma","MONDO_0004979",0,0.0380222984493872,0,-0.259902801529642,1,0,15,1.54253023150687,1.02131980949984,1.51033027770436,1.1098905261074,0.12987012987013,9,0,0.214,0,-0.409967345642792,1,3,0,0.477999999999999,0,-0.4722406007261,1,9,2000,1000,970301
3,3,"Boruta",10,"Asthma","MONDO_0004979",0,0.0380222984493872,0,-0.259902801529642,1,0,15,1.19994143777579,1.02131980949984,1.17489294402643,0.380365481215718,0.296703296703297,9,4,0.214,18.6915887850467,7.25297369440939,0.002997002997003,5,6,0.477999999999999,12.5523012552302,5.45546568453877,0.004995004995005,9,2000,1000,970301
3,3,"RF_importance",10,"Asthma","MONDO_0004979",0,0.0380222984493872,0,-0.259902801529642,1,0,15,1.18500842069884,1.02131980949984,1.16027165014958,0.348566396853421,0.307692307692308,8,2,0.214,9.34579439252337,3.4215031743833,0.028971028971029,4,4,0.442,9.04977375565611,3.6133363073344,0.020979020979021,8,2000,1000,970301
3,3,"GS_full_ungrouped",20,"Asthma","MONDO_0004979",0,0.070642178106212,0,-0.353022420885392,1,0,15,1.74651099463732,1.02688173992887,1.70079077923647,2.0320652911431,0.027972027972028,16,3,0.924,3.24675324675325,1.56396173904463,0.101898101898102,8,8,1.848,4.32900432900433,2.79701854658736,0.028971028971029,17,2000,1000,970302
3,3,"DGE",20,"Asthma","MONDO_0004979",0.558012762851594,0.070642178106212,7.89914436121449,2.43555264443374,0.0559440559440559,1,15,1.9489919628209,1.02688173992887,1.89797119477059,2.60382435300836,0.013986013986014,19,2,0.924,2.16450216450216,0.81060830019847,0.20979020979021,8,28,2.34,11.965811965812,10.4181055082659,0.000999000999000999,18,2000,1000,970302
3,3,"LASSO",20,"Asthma","MONDO_0004979",0,0.070642178106212,0,-0.353022420885392,1,0,15,2.32319985795019,1.02688173992887,2.26238306478321,3.6605002321345,0.004995004995005,17,3,0.924,3.24675324675325,1.56396173904463,0.101898101898102,8,18,1.754,10.2622576966933,7.39347777787678,0.000999000999000999,16,2000,1000,970302
3,3,"ElasticNet",20,"Asthma","MONDO_0004979",0,0.070642178106212,0,-0.353022420885392,1,0,15,0.874151040091522,1.02688173992887,0.851267488846448,-0.431275899361834,0.631368631368631,15,0,0.924,0,-0.696098577493854,1,5,0,1.512,0,-0.76467417178735,1,15,2000,1000,970302
3,3,"mRMR",20,"Asthma","MONDO_0004979",0,0.070642178106212,0,-0.353022420885392,1,0,15,1.12062073345871,1.02688173992887,1.0912850914423,0.26469706995978,0.364635364635365,16,2,0.924,2.16450216450216,0.81060830019847,0.20979020979021,6,6,1.512,3.96825396825397,2.26974714482912,0.0639360639360639,15,2000,1000,970302
3,3,"Boruta",20,"Asthma","MONDO_0004979",0,0.070642178106212,0,-0.353022420885392,1,0,15,1.67868982660657,1.02688173992887,1.63474503570669,1.84055411971926,0.040959040959041,15,9,0.924,9.74025974025974,6.0840823721216,0.003996003996004,8,20,1.512,13.2275132275132,9.35006355026755,0.000999000999000999,15,2000,1000,970302
3,3,"RF_importance",20,"Asthma","MONDO_0004979",0,0.070642178106212,0,-0.353022420885392,1,0,15,1.42197967438679,1.02688173992887,1.38475504928667,1.11566448134398,0.141858141858142,15,6,0.924,6.49350649350649,3.82402205558312,0.013986013986014,8,20,1.512,13.2275132275132,9.35006355026755,0.000999000999000999,15,2000,1000,970302
3,3,"GS_full_ungrouped",50,"Asthma","MONDO_0004979",0,0.196677161660131,0,-0.609404516547784,1,0,15,1.70589110792231,1.03765004890665,1.64399462971141,3.11586885968593,0.003996003996004,40,9,5.479,1.64263551743019,0.821598471668887,0.197802197802198,15,64,11.744,5.44959128065395,7.80834436661295,0.000999000999000999,41,2000,1000,970303
3,3,"DGE",50,"Asthma","MONDO_0004979",0.558012762851594,0.196677161660131,2.83720162596139,1.1195989686698,0.180819180819181,1,15,1.96022469430086,1.03765004890665,1.88909998738622,4.30177339380194,0.000999000999000999,40,13,5.479,2.37269574739916,1.75496793678549,0.0719280719280719,14,142,10.656,13.3258258258258,21.0598191854195,0.000999000999000999,39,2000,1000,970303
3,3,"LASSO",50,"Asthma","MONDO_0004979",0,0.196677161660131,0,-0.609404516547784,1,0,15,2.02259581736022,1.03765004890665,1.94920803934948,4.59259694835957,0.000999000999000999,42,13,5.479,2.37269574739916,1.75496793678549,0.0719280719280719,16,116,12.336,9.40337224383917,15.0585218143639,0.000999000999000999,42,2000,1000,970303
3,3,"ElasticNet",50,"Asthma","MONDO_0004979",0,0.196677161660131,0,-0.609404516547784,1,0,15,1.06590839221316,1.03765004890665,1.0272330188162,0.131762768460776,0.427572427572428,40,7,5.479,1.2776054024457,0.354913739110587,0.305694305694306,15,34,11.744,2.89509536784741,3.32559920819308,0.010989010989011,41,2000,1000,970303
3,3,"mRMR",50,"Asthma","MONDO_0004979",0,0.196677161660131,0,-0.609404516547784,1,0,15,1.3931683775554,1.03765004890665,1.3426187171902,1.65770790995087,0.0539460539460539,41,12,5.479,2.19018068990692,1.52162557050634,0.0959040959040959,14,24,11.744,2.04359673024523,1.83135082205313,0.0539460539460539,41,2000,1000,970303
3,3,"Boruta",50,"Asthma","MONDO_0004979",0.558012762851594,0.196677161660131,2.83720162596139,1.1195989686698,0.180819180819181,1,15,1.33677300020157,1.03765004890665,1.28826958723714,1.3947480128355,0.0849150849150849,41,24,5.479,4.38036137981383,4.32173396585614,0.003996003996004,18,60,12.336,4.86381322957199,6.92380560039974,0.000999000999000999,42,2000,1000,970303
3,3,"RF_importance",50,"Asthma","MONDO_0004979",0.558012762851594,0.196677161660131,2.83720162596139,1.1195989686698,0.180819180819181,1,15,1.57229330078134,1.03765004890665,1.51524427955073,2.4929301141888,0.013986013986014,41,16,5.479,2.92024091987589,2.45499503562294,0.032967032967033,16,78,11.744,6.641689373297,9.90029210720888,0.000999000999000999,41,2000,1000,970303
3,3,"GS_full_ungrouped",100,"Asthma","MONDO_0004979",0,0.385135035019184,0,-0.869164201209772,1,0,15,1.44678673895522,1.03481079544719,1.39811716820174,2.74555597454248,0.00599400599400599,80,46,22.336,2.05945558739255,2.25860681165545,0.037962037962038,31,214,44.838,4.77273741023239,11.0947914213231,0.000999000999000999,79,2000,1000,970304
3,3,"DGE",100,"Asthma","MONDO_0004979",0.558012762851594,0.385135035019184,1.44887562053086,0.390146620161244,0.320679320679321,1,15,1.95370178603235,1.03481079544719,1.88797971052095,6.12382030773881,0.000999000999000999,81,36,22.336,1.61174785100287,1.30415836183486,0.110889110889111,24,388,41.376,9.37741686001547,23.1464185692814,0.000999000999000999,76,2000,1000,970304
3,3,"LASSO",100,"Asthma","MONDO_0004979",1.11259246802621,0.385135035019184,2.88883733460082,1.64170979314352,0.0809190809190809,2,15,1.85178547945062,1.03481079544719,1.78949184488395,5.44461335682786,0.000999000999000999,82,64,22.336,2.86532951289398,3.97661402133251,0.002997002997003,32,266,51.29,5.18619613959836,12.6059885693656,0.000999000999000999,85,2000,1000,970304
3,3,"ElasticNet",100,"Asthma","MONDO_0004979",0,0.385135035019184,0,-0.869164201209772,1,0,15,1.47416386353582,1.03481079544719,1.4245733326533,2.92800698689534,0.001998001998002,77,45,22.336,2.01468481375358,2.16316196667339,0.041958041958042,27,122,42.096,2.89813759026986,5.48841516090805,0.000999000999000999,77,2000,1000,970304
3,3,"mRMR",100,"Asthma","MONDO_0004979",0,0.385135035019184,0,-0.869164201209772,1,0,15,1.39519080716977,1.03481079544719,1.34825691160947,2.40170211363646,0.015984015984016,76,40,22.336,1.79083094555874,1.68593774176309,0.0789210789210789,25,76,41.376,1.83681361175561,2.31207763035104,0.028971028971029,76,2000,1000,970304
3,3,"Boruta",100,"Asthma","MONDO_0004979",0.558012762851594,0.385135035019184,1.44887562053086,0.390146620161244,0.320679320679321,1,15,1.50357935128378,1.03481079544719,1.45299929020745,3.12404238508576,0.000999000999000999,79,62,22.336,2.77578796561605,3.78572433136839,0.003996003996004,31,228,44.298,5.14695923066504,11.7993180180382,0.000999000999000999,80,2000,1000,970304
3,3,"RF_importance",100,"Asthma","MONDO_0004979",0.558012762851594,0.385135035019184,1.44887562053086,0.390146620161244,0.320679320679321,1,15,1.51073966958597,1.03481079544719,1.45991873706063,3.17176132354323,0.000999000999000999,79,57,22.336,2.5519340974212,3.3085001064581,0.00699300699300699,33,190,44.838,4.23747713992595,9.52070862428977,0.000999000999000999,79,2000,1000,970304
3,3,"GS_full_ungrouped",200,"Asthma","MONDO_0004979",0,0.813307743467287,0,-1.27585642705302,1,0,15,1.19794796422336,1.0307525129057,1.16220717313251,1.62539794052037,0.0619380619380619,168,139,91.001,1.52745574224459,1.81289721085684,0.047952047952048,60,452,209.882,2.15359106545583,5.61720307721584,0.000999000999000999,171,2000,1000,970305
3,3,"DGE",200,"Asthma","MONDO_0004979",0.558012762851594,0.813307743467287,0.686102852620926,-0.400487692917201,0.59040959040959,1,15,1.54939475490581,1.0307525129057,1.50316854483143,5.04200338807183,0.000999000999000999,157,108,91.001,1.18680014505335,0.642043369390098,0.237762237762238,51,792,173.88,4.55486542443064,17.0978782413439,0.000999000999000999,156,2000,1000,970305
3,3,"LASSO",200,"Asthma","MONDO_0004979",1.11259246802621,0.813307743467287,1.36798459987977,0.469495516813137,0.294705294705295,2,15,1.4886278495871,1.0307525129057,1.44421462082168,4.45125524284166,0.000999000999000999,162,271,91.001,2.97798925286535,6.79846840677972,0.000999000999000999,61,794,206.676,3.84176198494262,13.8727104018981,0.000999000999000999,170,2000,1000,970305
3,3,"ElasticNet",200,"Asthma","MONDO_0004979",0,0.813307743467287,0,-1.27585642705302,1,0,15,1.49647092395803,1.0307525129057,1.45182369697985,4.52750203561858,0.000999000999000999,159,183,91.001,2.01096691245151,3.47475427616446,0.003996003996004,59,538,184.164,2.9213092678265,9.28452882530909,0.000999000999000999,160,2000,1000,970305
3,3,"mRMR",200,"Asthma","MONDO_0004979",0,0.813307743467287,0,-1.27585642705302,1,0,15,1.36598431005961,1.0307525129057,1.32523015268611,3.25897067412241,0.001998001998002,150,175,91.001,1.92305579059571,3.17259844610853,0.00599400599400599,53,354,173.616,2.03898258225048,4.86870169644674,0.001998001998002,155,2000,1000,970305
3,3,"Boruta",200,"Asthma","MONDO_0004979",0.558012762851594,0.813307743467287,0.686102852620926,-0.400487692917201,0.59040959040959,1,15,1.32566677132469,1.0307525129057,1.28611548817632,2.86702194639001,0.004995004995005,160,187,91.001,2.05492247337941,3.62583219119243,0.003996003996004,64,612,196.688,3.11152688521923,9.92675232994284,0.000999000999000999,165,2000,1000,970305
3,3,"RF_importance",200,"Asthma","MONDO_0004979",0.558012762851594,0.813307743467287,0.686102852620926,-0.400487692917201,0.59040959040959,1,15,1.42912937701348,1.0307525129057,1.38649128585169,3.87283822238385,0.000999000999000999,153,203,91.001,2.23074471709102,4.23014385130429,0.000999000999000999,63,658,178.504,3.68619190606373,13.1970426292886,0.000999000999000999,159,2000,1000,970305
3,3,"GS_full_ungrouped",500,"Asthma","MONDO_0004979",0.558012762851594,2.03465761599716,0.274253888449983,-1.61404671150253,0.951048951048951,1,15,0.866159719612674,1.03243331903006,0.838949793315859,-2.89914232055048,0.999000999000999,430,472,551.84,0.855320382719629,-0.812571701406675,0.789210789210789,116,1708,1489.078,1.14701849063649,1.39727947882999,0.0899100899100899,454,2000,1000,970306
3,3,"DGE",500,"Asthma","MONDO_0004979",0.558012762851594,2.03465761599716,0.274253888449983,-1.61404671150253,0.951048951048951,1,15,1.23617269212301,1.03243331903006,1.19733901389812,3.55239461325121,0.000999000999000999,387,555,551.84,1.00572629747753,0.0321609040135917,0.460539460539461,119,2190,1171.93,1.86871229510295,7.69974952533128,0.000999000999000999,402,2000,1000,970306
3,3,"LASSO",500,"Asthma","MONDO_0004979",3.87163271829533,2.03465761599716,1.90284236908227,2.00790570370417,0.030969030969031,7,15,1.28105215100546,1.03243331903006,1.24080860951773,4.33491173578546,0.000999000999000999,403,1059,551.84,1.91903450275442,5.16162154415594,0.000999000999000999,145,2150,1310.544,1.64054011158725,5.92571465833509,0.000999000999000999,425,2000,1000,970306
3,3,"ElasticNet",500,"Asthma","MONDO_0004979",2.92077650672339,2.03465761599716,1.43551253230975,0.968572286376267,0.157842157842158,5,15,1.27170888784833,1.03243331903006,1.23175885978096,4.17200283307464,0.000999000999000999,397,1164,551.84,2.10930704552044,6.23025917751892,0.000999000999000999,149,2246,1253.146,1.79228916662544,7.07165657797848,0.000999000999000999,416,2000,1000,970306
3,3,"mRMR",500,"Asthma","MONDO_0004979",2.92077650672339,2.03465761599716,1.43551253230975,0.968572286376267,0.157842157842158,5,15,1.24851827747185,1.03243331903006,1.20929676954323,3.76765193060154,0.000999000999000999,392,1170,551.84,2.12017976224993,6.29132418513967,0.000999000999000999,147,2254,1238.388,1.82010807598265,7.04969393229038,0.000999000999000999,415,2000,1000,970306
3,3,"Boruta",500,"Asthma","MONDO_0004979",1.0436823081781,2.03465761599716,0.512952302132957,-1.08318559696892,0.867132867132867,2,15,1.1850850502558,1.03243331903006,1.14785626191254,2.66163176747571,0.004995004995005,395,866,551.84,1.56929544795593,3.19736379902206,0.004995004995005,139,2096,1219.892,1.71818488849833,6.71725306228188,0.000999000999000999,411,2000,1000,970306
3,3,"RF_importance",500,"Asthma","MONDO_0004979",1.62487661206661,2.03465761599716,0.798599528142367,-0.447911141545906,0.659340659340659,3,15,1.31424375054213,1.03243331903006,1.27295751339837,4.91363963510732,0.000999000999000999,391,1016,551.84,1.8411133661931,4.72398898954062,0.000999000999000999,153,2634,1236.108,2.13088176761254,10.0496741704594,0.000999000999000999,414,2000,1000,970306
3,4,"GS_full_ungrouped",10,"Asthma","MONDO_0004979",0,0.0359942437973243,0,-0.254290450577758,1,0,15,1.44295203260852,1.03108778304678,1.39944634815157,0.836846280421532,0.17982017982018,8,3,0.19,15.7894736842105,5.48809113717116,0.010989010989011,6,6,0.568,10.5633802816901,4.67386339166906,0.00899100899100899,9,2000,1000,970401
3,4,"DGE",10,"Asthma","MONDO_0004979",0,0.0359942437973243,0,-0.254290450577758,1,0,15,1.69576381544845,1.03108778304678,1.64463573648173,1.35052184304067,0.0929070929070929,10,3,0.19,15.7894736842105,5.48809113717116,0.010989010989011,6,22,0.694,31.700288184438,16.7396572812161,0.000999000999000999,10,2000,1000,970401
3,4,"LASSO",10,"Asthma","MONDO_0004979",0,0.0359942437973243,0,-0.254290450577758,1,0,15,0.736729512375775,1.03108778304678,0.714516770045321,-0.598091784330553,0.703296703296703,6,0,0.19,0,-0.371080895395915,1,4,2,0.273999999999999,7.29927007299272,2.2712462983799,0.125874125874126,7,2000,1000,970401
3,4,"ElasticNet",10,"Asthma","MONDO_0004979",0,0.0359942437973243,0,-0.254290450577758,1,0,15,0.882398636717361,1.03108778304678,0.855793901572518,-0.302114007654783,0.558441558441558,7,0,0.19,0,-0.371080895395915,1,5,2,0.372,5.3763440860215,1.92083954479965,0.172827172827173,8,2000,1000,970401
3,4,"mRMR",10,"Asthma","MONDO_0004979",0,0.0359942437973243,0,-0.254290450577758,1,0,15,1.63695677316082,1.03108778304678,1.58760175425971,1.2310347677401,0.105894105894106,8,0,0.19,0,-0.371080895395915,1,5,0,0.568,0,-0.488725038009577,1,9,2000,1000,970401
3,4,"Boruta",10,"Asthma","MONDO_0004979",0,0.0359942437973243,0,-0.254290450577758,1,0,15,1.15677441432847,1.03108778304678,1.12189712005926,0.255376352763606,0.33966033966034,9,3,0.19,15.7894736842105,5.48809113717116,0.010989010989011,4,2,0.568,3.52112676056338,1.2321377718833,0.234765234765235,9,2000,1000,970401
3,4,"RF_importance",10,"Asthma","MONDO_0004979",0,0.0359942437973243,0,-0.254290450577758,1,0,15,1.85147578026654,1.03108778304678,1.79565291210762,1.66690516282092,0.0639360639360639,8,3,0.19,15.7894736842105,5.48809113717116,0.010989010989011,5,4,0.694,5.76368876080691,2.59745174935231,0.0649350649350649,10,2000,1000,970401
3,4,"GS_full_ungrouped",20,"Asthma","MONDO_0004979",0,0.0784411117438204,0,-0.384056760711975,1,0,15,1.13063551954557,1.02329794563656,1.10489376468183,0.312371749788138,0.353646353646354,15,8,0.894999999999999,8.93854748603353,5.71143966148994,0.001998001998002,9,10,1.72,5.81395348837209,4.00328164710998,0.010989010989011,16,2000,1000,970402
3,4,"DGE",20,"Asthma","MONDO_0004979",0,0.0784411117438204,0,-0.384056760711975,1,0,15,1.4825403477002,1.02329794563656,1.4487865963397,1.33647843420742,0.0979020979020979,19,7,0.894999999999999,7.82122905027934,4.90757764016834,0.00699300699300699,9,46,2.22,20.7207207207207,19.0439920388351,0.000999000999000999,18,2000,1000,970402
3,4,"LASSO",20,"Asthma","MONDO_0004979",0,0.0784411117438204,0,-0.384056760711975,1,0,15,1.23431710654636,1.02329794563656,1.20621478017189,0.614103916566061,0.256743256743257,13,1,0.894999999999999,1.11731843575419,0.0844055122387687,0.509490509490509,8,4,1.358,2.94550810014727,1.42049266393926,0.13986013986014,14,2000,1000,970402
3,4,"ElasticNet",20,"Asthma","MONDO_0004979",0,0.0784411117438204,0,-0.384056760711975,1,0,15,1.33488161642216,1.02329794563656,1.30448968661983,0.906764825253275,0.168831168831169,17,1,0.894999999999999,1.11731843575419,0.0844055122387687,0.509490509490509,8,20,2.22,9.00900900900901,7.73417493034464,0.000999000999000999,18,2000,1000,970402
3,4,"mRMR",20,"Asthma","MONDO_0004979",0,0.0784411117438204,0,-0.384056760711975,1,0,15,1.52770210800303,1.02329794563656,1.49292013583853,1.46790732323062,0.0869130869130869,15,5,0.894999999999999,5.58659217877096,3.29985359752515,0.021978021978022,9,4,1.72,2.32558139534884,1.10235291732014,0.207792207792208,16,2000,1000,970402
3,4,"Boruta",20,"Asthma","MONDO_0004979",0,0.0784411117438204,0,-0.384056760711975,1,0,15,1.39301893495022,1.02329794563656,1.36130336319952,1.07595493506512,0.136863136863137,15,5,0.894999999999999,5.58659217877096,3.29985359752515,0.021978021978022,7,8,1.882,4.25079702444208,2.69874014933542,0.03996003996004,17,2000,1000,970402
3,4,"RF_importance",20,"Asthma","MONDO_0004979",0,0.0784411117438204,0,-0.384056760711975,1,0,15,1.86099266468857,1.02329794563656,1.81862249662868,2.43784311168051,0.020979020979021,16,5,0.894999999999999,5.58659217877096,3.29985359752515,0.021978021978022,7,60,2.474,24.2522231204527,22.187758765789,0.000999000999000999,19,2000,1000,970402
3,4,"GS_full_ungrouped",50,"Asthma","MONDO_0004979",0,0.20757387959645,0,-0.635018669520316,1,0,15,1.75562801081839,1.02847798620756,1.70701564288425,3.57472667610314,0.000999000999000999,37,25,5.688,4.39521800281294,4.58144833138401,0.000999000999000999,19,78,9.302,8.38529348527198,12.3777970862876,0.000999000999000999,37,2000,1000,970403
3,4,"DGE",50,"Asthma","MONDO_0004979",0.558012762851594,0.20757387959645,2.6882609889859,1.07207724702888,0.172827172827173,1,15,1.52659769943697,1.02847798620756,1.48432705406383,2.44879566321544,0.015984015984016,44,12,5.688,2.10970464135021,1.49741621104473,0.0989010989010989,13,202,12.502,16.1574148136298,27.5570325192895,0.000999000999000999,43,2000,1000,970403
3,4,"LASSO",50,"Asthma","MONDO_0004979",0,0.20757387959645,0,-0.635018669520316,1,0,15,2.00243789749767,1.02847798620756,1.94699150040296,4.78806347865718,0.000999000999000999,33,9,5.688,1.58227848101266,0.785716490966437,0.207792207792208,14,30,7.816,3.83828045035824,4.26164547129742,0.001998001998002,34,2000,1000,970403
3,4,"ElasticNet",50,"Asthma","MONDO_0004979",0,0.20757387959645,0,-0.635018669520316,1,0,15,1.4069503506246,1.02847798620756,1.36799267411899,1.86059989198721,0.043956043956044,31,12,5.688,2.10970464135021,1.49741621104473,0.0989010989010989,15,50,7.816,6.3971340839304,8.1037347890917,0.000999000999000999,34,2000,1000,970403
3,4,"mRMR",50,"Asthma","MONDO_0004979",0,0.20757387959645,0,-0.635018669520316,1,0,15,1.33258976854878,1.02847798620756,1.29569109540459,1.49503742564578,0.0809190809190809,38,21,5.688,3.69198312236287,3.63251537127961,0.00799200799200799,18,40,10.422,3.83803492611783,4.73427109319827,0.001998001998002,39,2000,1000,970403
3,4,"Boruta",50,"Asthma","MONDO_0004979",0,0.20757387959645,0,-0.635018669520316,1,0,15,1.40831268563354,1.02847798620756,1.36931728682555,1.86729723797281,0.043956043956044,38,22,5.688,3.86779184247539,3.86974861130571,0.004995004995005,16,132,12.502,10.5583106702928,17.3775463170591,0.000999000999000999,43,2000,1000,970403
3,4,"RF_importance",50,"Asthma","MONDO_0004979",0,0.20757387959645,0,-0.635018669520316,1,0,15,1.6213714540553,1.02847798620756,1.5764765758711,2.91471089028282,0.00599400599400599,40,20,5.688,3.51617440225035,3.39528213125352,0.00899100899100899,18,150,12.38,12.1163166397415,20.350033345006,0.000999000999000999,42,2000,1000,970403
3,4,"GS_full_ungrouped",100,"Asthma","MONDO_0004979",0.558012762851594,0.400131819598113,1.3945723272197,0.368436758499858,0.357642357642358,1,15,1.65934241414309,1.02544001329283,1.6181759953122,4.46885024878259,0.000999000999000999,75,102,22.968,4.44096133751306,7.15413593350432,0.001998001998002,32,220,38.8,5.67010309278351,13.4005914257773,0.000999000999000999,75,2000,1000,970404
3,4,"DGE",100,"Asthma","MONDO_0004979",0.558012762851594,0.400131819598113,1.3945723272197,0.368436758499858,0.357642357642358,1,15,1.3972329258928,1.02544001329283,1.36256914863902,2.62104520781022,0.013986013986014,78,38,22.968,1.65447579240683,1.36072693785349,0.0919080919080919,24,340,42.548,7.99097489893767,21.0916122709315,0.000999000999000999,78,2000,1000,970404
3,4,"LASSO",100,"Asthma","MONDO_0004979",0.504193736677722,0.400131819598113,1.26006908719263,0.242842705534993,0.434565434565435,1,15,1.95474202981158,1.02544001329283,1.90624707878779,6.55134219738503,0.000999000999000999,73,56,22.968,2.43817485196796,2.99012321788029,0.012987012987013,31,282,40.002,7.04964751762412,17.413031463335,0.000999000999000999,76,2000,1000,970404
3,4,"ElasticNet",100,"Asthma","MONDO_0004979",0,0.400131819598113,0,-0.933762286615476,1,0,15,1.61686887920656,1.02544001329283,1.57675618100231,4.16942266038226,0.000999000999000999,76,89,22.968,3.87495646116336,5.97734973126275,0.001998001998002,31,242,42.548,5.68769389865564,14.1426658777276,0.000999000999000999,78,2000,1000,970404
3,4,"mRMR",100,"Asthma","MONDO_0004979",0,0.400131819598113,0,-0.933762286615476,1,0,15,1.24648602037403,1.02544001329283,1.21556210428281,1.55831797199733,0.056943056943057,74,48,22.968,2.08986415882968,2.26594709342393,0.030969030969031,27,98,40.002,2.44987750612469,4.17326175757859,0.002997002997003,76,2000,1000,970404
3,4,"Boruta",100,"Asthma","MONDO_0004979",0.558012762851594,0.400131819598113,1.3945723272197,0.368436758499858,0.357642357642358,1,15,1.40916890878617,1.02544001329283,1.37420901322266,2.70519084292847,0.013986013986014,78,39,22.968,1.69801462904911,1.45124895341053,0.0819180819180819,26,302,46.47,6.49881644071444,17.4508191676559,0.000999000999000999,82,2000,1000,970404
3,4,"RF_importance",100,"Asthma","MONDO_0004979",0.558012762851594,0.400131819598113,1.3945723272197,0.368436758499858,0.357642357642358,1,15,1.53214404513618,1.02544001329283,1.4941332747649,3.57213418930903,0.000999000999000999,77,53,22.968,2.3075583420411,2.71855717120915,0.018981018981019,34,354,44.874,7.88875518117395,20.7573772620241,0.000999000999000999,80,2000,1000,970404
3,4,"GS_full_ungrouped",200,"Asthma","MONDO_0004979",1.16261072857802,0.825641537009157,1.40813013452486,0.519856815670913,0.23976023976024,2,15,1.1782864514197,1.02007972627335,1.15509250999853,1.530949995287,0.0639360639360639,157,210,92.074,2.28077415991485,4.19109530177368,0.000999000999000999,56,348,194.8,1.7864476386037,3.8923322436101,0.000999000999000999,167,2000,1000,970405
3,4,"DGE",200,"Asthma","MONDO_0004979",0.558012762851594,0.825641537009157,0.675853548833028,-0.412882381524869,0.61038961038961,1,15,1.35760455349347,1.02007972627335,1.33088083071036,3.26619258545347,0.002997002997003,149,94,92.074,1.02091795729522,0.068450125936741,0.426573426573427,43,638,161.29,3.95560791121582,13.8864737412108,0.000999000999000999,152,2000,1000,970405
3,4,"LASSO",200,"Asthma","MONDO_0004979",1.11259246802621,0.825641537009157,1.34754904901772,0.442691501136383,0.25974025974026,2,15,1.52009263740162,1.02007972627335,1.49017042320306,4.83857284339293,0.000999000999000999,155,318,92.074,3.45374372787106,8.02942012065635,0.000999000999000999,66,768,193.76,3.96366639141206,14.4102378295891,0.000999000999000999,166,2000,1000,970405
3,4,"ElasticNet",200,"Asthma","MONDO_0004979",0.504193736677722,0.825641537009157,0.610669054398762,-0.495911300100475,0.683316683316683,1,15,1.62359987998771,1.02007972627335,1.59164018083096,5.84020164522012,0.000999000999000999,158,324,92.074,3.51890870386863,8.24266038837205,0.000999000999000999,60,830,183.638,4.51976170509372,16.6797980893816,0.000999000999000999,161,2000,1000,970405
3,4,"mRMR",200,"Asthma","MONDO_0004979",0,0.825641537009157,0,-1.27375258941887,1,0,15,1.31610176048306,1.02007972627335,1.29019499808233,2.86457438177154,0.00599400599400599,145,198,92.074,2.15044420791972,3.76461476634227,0.001998001998002,51,394,172.324,2.2863907523038,6.12994881436655,0.000999000999000999,156,2000,1000,970405
3,4,"Boruta",200,"Asthma","MONDO_0004979",0.558012762851594,0.825641537009157,0.675853548833028,-0.412882381524869,0.61038961038961,1,15,1.41827911912161,1.02007972627335,1.3903610498201,3.85333403520231,0.000999000999000999,152,174,92.074,1.88978430392945,2.91165369547946,0.010989010989011,59,758,185.496,4.0863414844525,15.1939319798271,0.000999000999000999,162,2000,1000,970405
3,4,"RF_importance",200,"Asthma","MONDO_0004979",0.558012762851594,0.825641537009157,0.675853548833028,-0.412882381524869,0.61038961038961,1,15,1.44887406780769,1.02007972627335,1.42035375323148,4.14939816587331,0.000999000999000999,155,255,92.074,2.76951147989661,5.79039730964146,0.000999000999000999,63,942,185.496,5.07827662052012,20.0771877898969,0.000999000999000999,162,2000,1000,970405
3,4,"GS_full_ungrouped",500,"Asthma","MONDO_0004979",2.15313675061181,2.014229777248,1.06896282387087,0.153233988913729,0.421578421578422,4,15,0.889145803458463,1.0228037428556,0.869322007930897,-2.39746449999636,0.993006993006993,423,636,572.501,1.11091509010465,0.648787487155815,0.256743256743257,124,1676,1448.07,1.15740261175219,1.50879921364278,0.0759240759240759,453,2000,1000,970406
3,4,"DGE",500,"Asthma","MONDO_0004979",1.04188807785223,2.014229777248,0.517263764849973,-1.072630074484,0.876123876123876,2,15,1.20533340836375,1.0228037428556,1.17846010711551,3.27409202345817,0.001998001998002,379,599,572.501,1.04628638203252,0.270747879842863,0.371628371628372,121,2128,1127.764,1.88691960374688,7.82105730573843,0.000999000999000999,400,2000,1000,970406
3,4,"LASSO",500,"Asthma","MONDO_0004979",3.38947815509019,2.014229777248,1.68276638215584,1.51709298374792,0.0599400599400599,6,15,1.2535980005079,1.0228037428556,1.22564862444474,4.13982919398709,0.000999000999000999,396,1207,572.501,2.10829326062313,6.48285818379623,0.000999000999000999,153,2324,1250.278,1.85878660585886,8.08932081536254,0.000999000999000999,421,2000,1000,970406
3,4,"ElasticNet",500,"Asthma","MONDO_0004979",3.38947815509019,2.014229777248,1.68276638215584,1.51709298374792,0.0599400599400599,6,15,1.26098836549923,1.0228037428556,1.23287421883952,4.27239249541645,0.000999000999000999,397,1263,572.501,2.20610968365121,7.05502623810773,0.000999000999000999,146,2510,1260.874,1.99068265346101,9.49622469589221,0.000999000999000999,422,2000,1000,970406
3,4,"mRMR",500,"Asthma","MONDO_0004979",2.18589208211943,2.014229777248,1.08522478756419,0.189367740758992,0.38961038961039,4,15,1.20574255419325,1.0228037428556,1.17886013090537,3.28143100089542,0.001998001998002,387,1243,572.501,2.17117524685546,6.85068050442505,0.000999000999000999,143,2322,1223.212,1.89828091941544,8.16184658951212,0.000999000999000999,417,2000,1000,970406
3,4,"Boruta",500,"Asthma","MONDO_0004979",0.558012762851594,2.014229777248,0.277035306078135,-1.60641281309597,0.944055944055944,1,15,1.18048622220921,1.0228037428556,1.15416689707585,2.82840022992156,0.002997002997003,390,1167,572.501,2.03842438703164,6.07416671643088,0.000999000999000999,155,2828,1260.874,2.24288866294332,11.9137545954329,0.000999000999000999,422,2000,1000,970406
3,4,"RF_importance",500,"Asthma","MONDO_0004979",2.73081790938786,2.014229777248,1.35576285299432,0.790497807539433,0.208791208791209,5,15,1.34809191422981,1.0228037428556,1.31803576555756,5.83479624671782,0.000999000999000999,388,1140,572.501,1.99126289735738,5.79829997595927,0.000999000999000999,145,3106,1154.91,2.6893870518049,15.6527876307468,0.000999000999000999,405,2000,1000,970406
3,5,"GS_full_ungrouped",10,"Asthma","MONDO_0004979",0,0.0403242073132953,0,-0.27716506156994,1,0,16,1.80945458070005,1.01160488440102,1.7886969592594,1.62826790652976,0.0709290709290709,9,2,0.23,8.69565217391305,3.04702932686539,0.035964035964036,3,18,0.544,33.0882352941177,15.139724599585,0.000999000999000999,9,2000,1000,970501
3,5,"DGE",10,"Asthma","MONDO_0004979",0,0.0403242073132953,0,-0.27716506156994,1,0,16,1.509086984743,1.01160488440102,1.49177510707311,1.01527160042469,0.14985014985015,10,2,0.23,8.69565217391305,3.04702932686539,0.035964035964036,5,28,0.732,38.2513661202186,20.2682232438771,0.000999000999000999,10,2000,1000,970501
3,5,"LASSO",10,"Asthma","MONDO_0004979",0,0.0403242073132953,0,-0.27716506156994,1,0,16,0.72021617923788,1.01160488440102,0.711954034963294,-0.594672002938971,0.682317682317682,9,1,0.23,4.34782608695653,1.32554383146121,0.175824175824176,6,2,0.544,3.6764705882353,1.2628001270048,0.222777222777223,9,2000,1000,970501
3,5,"ElasticNet",10,"Asthma","MONDO_0004979",0,0.0403242073132953,0,-0.27716506156994,1,0,16,0.793210827641905,1.01160488440102,0.784111306571611,-0.445703038112606,0.627372627372627,9,1,0.23,4.34782608695653,1.32554383146121,0.175824175824176,5,4,0.544,7.35294117647059,2.99741568607733,0.037962037962038,9,2000,1000,970501
3,5,"mRMR",10,"Asthma","MONDO_0004979",0,0.0403242073132953,0,-0.27716506156994,1,0,16,1.43532375163311,1.01160488440102,1.41885806777513,0.864734092280187,0.183816183816184,10,0,0.23,0,-0.395941663942959,1,3,0,0.732,0,-0.544093421392037,1,10,2000,1000,970501
3,5,"Boruta",10,"Asthma","MONDO_0004979",0,0.0403242073132953,0,-0.27716506156994,1,0,16,1.25036848834882,1.01160488440102,1.23602456614192,0.487273624792952,0.263736263736264,9,3,0.23,13.0434782608696,4.76851482226956,0.016983016983017,5,8,0.544,14.7058823529412,6.46664680422239,0.002997002997003,9,2000,1000,970501
3,5,"RF_importance",10,"Asthma","MONDO_0004979",0,0.0403242073132953,0,-0.27716506156994,1,0,16,1.44412623355993,1.01160488440102,1.4275595697771,0.882698376638164,0.176823176823177,9,2,0.23,8.69565217391305,3.04702932686539,0.035964035964036,4,12,0.544,22.0588235294118,9.93587792236744,0.000999000999000999,9,2000,1000,970501
3,5,"GS_full_ungrouped",20,"Asthma","MONDO_0004979",0,0.0783879307945019,0,-0.384618581192499,1,0,16,1.51100336071211,1.00596714414987,1.50204046871635,1.56334611551479,0.0799200799200799,17,5,0.847,5.90318772136954,3.52891185777564,0.015984015984016,9,62,2.302,26.9331016507385,23.4529007607936,0.000999000999000999,18,2000,1000,970502
3,5,"DGE",20,"Asthma","MONDO_0004979",0,0.0783879307945019,0,-0.384618581192499,1,0,16,1.85127498243192,1.00596714414987,1.840293684737,2.61666130478304,0.012987012987013,19,6,0.847,7.08382526564345,4.37863780474786,0.00699300699300699,9,98,2.504,39.1373801916933,38.4011769666395,0.000999000999000999,19,2000,1000,970502
3,5,"LASSO",20,"Asthma","MONDO_0004979",0,0.0783879307945019,0,-0.384618581192499,1,0,16,1.44371064090038,1.00596714414987,1.43514691239786,1.35504063430355,0.100899100899101,16,6,0.847,7.08382526564345,4.37863780474786,0.00699300699300699,9,8,1.514,5.28401585204756,3.16333493080994,0.026973026973027,15,2000,1000,970502
3,5,"ElasticNet",20,"Asthma","MONDO_0004979",0,0.0783879307945019,0,-0.384618581192499,1,0,16,1.50826418190481,1.00596714414987,1.49931753802896,1.55486695222378,0.0809190809190809,18,4,0.847,4.72255017709563,2.67918591080341,0.042957042957043,8,20,2.108,9.48766603415559,7.82095683036098,0.000999000999000999,17,2000,1000,970502
3,5,"mRMR",20,"Asthma","MONDO_0004979",0,0.0783879307945019,0,-0.384618581192499,1,0,16,1.51707762687628,1.00596714414987,1.508078703861,1.58214908468996,0.0769230769230769,17,0,0.847,0,-0.719717877085472,1,5,4,2.108,1.89753320683112,0.827031652305106,0.274725274725275,17,2000,1000,970502
3,5,"Boruta",20,"Asthma","MONDO_0004979",0,0.0783879307945019,0,-0.384618581192499,1,0,16,1.53001256841419,1.00596714414987,1.52093691857818,1.62218936288099,0.0719280719280719,18,6,0.847,7.08382526564345,4.37863780474786,0.00699300699300699,9,38,2.302,16.5073848827107,14.0242830808203,0.000999000999000999,18,2000,1000,970502
3,5,"RF_importance",20,"Asthma","MONDO_0004979",0,0.0783879307945019,0,-0.384618581192499,1,0,16,1.77968235346859,1.00596714414987,1.7691257252468,2.3950453993908,0.018981018981019,18,5,0.847,5.90318772136954,3.52891185777564,0.015984015984016,8,62,2.504,24.7603833865815,23.924734280045,0.000999000999000999,19,2000,1000,970502
3,5,"GS_full_ungrouped",50,"Asthma","MONDO_0004979",0,0.206707074799547,0,-0.63273001824706,1,0,16,1.52662613195762,0.98902003105587,1.54357453238617,2.58911356096833,0.010989010989011,41,29,5.484,5.28811086797958,5.82642896125885,0.000999000999000999,19,168,12.29,13.6696501220504,22.5824567970502,0.000999000999000999,41,2000,1000,970503
3,5,"DGE",50,"Asthma","MONDO_0004979",0.558012762851594,0.206707074799547,2.69953393415646,1.07534613717031,0.173826173826174,1,16,2.1495669460257,0.98902003105587,2.17343115258327,5.58919950991685,0.000999000999000999,46,13,5.484,2.37053245805981,1.8621976557587,0.0669330669330669,16,318,15.752,20.1879126460132,38.5751782368742,0.000999000999000999,47,2000,1000,970503
3,5,"LASSO",50,"Asthma","MONDO_0004979",0,0.206707074799547,0,-0.63273001824706,1,0,16,2.2211600157448,0.98902003105587,2.24581903904768,5.93399207713318,0.000999000999000999,41,22,5.484,4.01167031363968,4.09207776510253,0.003996003996004,15,132,12.29,10.7404393816111,17.3614148299716,0.000999000999000999,41,2000,1000,970503
3,5,"ElasticNet",50,"Asthma","MONDO_0004979",0,0.206707074799547,0,-0.63273001824706,1,0,16,2.24698143214658,0.98902003105587,2.27192712138268,6.05834814239565,0.000999000999000999,43,20,5.484,3.64697301239971,3.59654885191502,0.00799200799200799,14,170,13.398,12.688460964323,22.4630822941286,0.000999000999000999,43,2000,1000,970503
3,5,"mRMR",50,"Asthma","MONDO_0004979",0,0.206707074799547,0,-0.63273001824706,1,0,16,1.36291025933163,0.98902003105587,1.37804110790011,1.80065713301726,0.045954045954046,35,6,5.484,1.09409190371991,0.12784645960238,0.41958041958042,12,34,10.02,3.39321357285429,4.04765670277707,0.002997002997003,37,2000,1000,970503
3,5,"Boruta",50,"Asthma","MONDO_0004979",0,0.206707074799547,0,-0.63273001824706,1,0,16,1.57727933543301,0.98902003105587,1.59479008099474,2.8330596319014,0.00699300699300699,42,13,5.484,2.37053245805981,1.8621976557587,0.0669330669330669,17,222,13.398,16.5696372592924,29.9219926483686,0.000999000999000999,43,2000,1000,970503
3,5,"RF_importance",50,"Asthma","MONDO_0004979",0,0.206707074799547,0,-0.63273001824706,1,0,16,1.73100106408554,0.98902003105587,1.75021840784917,3.57338421453203,0.001998001998002,40,14,5.484,2.5528811086798,2.10996211235246,0.0549450549450549,13,256,12.29,20.8299430431245,35.3450038276868,0.000999000999000999,41,2000,1000,970503
3,5,"GS_full_ungrouped",100,"Asthma","MONDO_0004979",0,0.4181801757306,0,-0.903178593377256,1,0,16,1.09810462490752,1.00086955774489,1.09715058911544,0.675697080031548,0.262737262737263,78,51,23.784,2.14429868819374,2.50334135837747,0.020979020979021,30,222,48.184,4.60733853561348,11.4349365760085,0.000999000999000999,82,2000,1000,970504
3,5,"DGE",100,"Asthma","MONDO_0004979",0.558012762851594,0.4181801757306,1.33438358687543,0.30200809764259,0.344655344655345,1,16,1.88786436301595,1.00086955774489,1.88622418216973,6.16382358149071,0.000999000999000999,82,35,23.784,1.47157753111335,1.0316533170033,0.163836163836164,23,524,46.518,11.2644567694226,30.4839979455226,0.000999000999000999,80,2000,1000,970504
3,5,"LASSO",100,"Asthma","MONDO_0004979",0,0.4181801757306,0,-0.903178593377256,1,0,16,1.73688288006949,1.00086955774489,1.73537387227856,5.1146367999859,0.000999000999000999,83,83,23.784,3.48974100235452,5.44671744112583,0.000999000999000999,34,308,51.19,6.01680015628052,15.6640190223922,0.000999000999000999,84,2000,1000,970504
3,5,"ElasticNet",100,"Asthma","MONDO_0004979",0,0.4181801757306,0,-0.903178593377256,1,0,16,1.74053590753567,1.00086955774489,1.73902372598618,5.14002208601697,0.000999000999000999,85,74,23.784,3.1113353514968,4.61889291785285,0.000999000999000999,33,338,53.186,6.35505584176287,16.6056189814604,0.000999000999000999,86,2000,1000,970504
3,5,"mRMR",100,"Asthma","MONDO_0004979",0,0.4181801757306,0,-0.903178593377256,1,0,16,1.32113648057806,1.00086955774489,1.31998867420324,2.22556975486154,0.020979020979021,67,22,23.784,0.924991590985536,-0.164093216613221,0.529470529470529,24,132,33.24,3.97111913357401,7.88503872923067,0.000999000999000999,68,2000,1000,970504
3,5,"Boruta",100,"Asthma","MONDO_0004979",0,0.4181801757306,0,-0.903178593377256,1,0,16,1.46254747943779,1.00086955774489,1.46127681486599,3.20825019929477,0.002997002997003,83,37,23.784,1.5556676757484,1.21561432217507,0.130869130869131,28,402,53.186,7.55838002481856,20.3370353262099,0.000999000999000999,86,2000,1000,970504
3,5,"RF_importance",100,"Asthma","MONDO_0004979",0,0.4181801757306,0,-0.903178593377256,1,0,16,1.57039722730681,1.00086955774489,1.56903286262912,3.95770985252212,0.000999000999000999,76,25,23.784,1.05112680793811,0.111848291144437,0.415584415584416,26,416,41.318,10.0682511254175,26.9230530372407,0.000999000999000999,76,2000,1000,970504
3,5,"GS_full_ungrouped",200,"Asthma","MONDO_0004979",0,0.874350170074825,0,-1.31355837795159,1,0,16,0.968674250530636,0.997932899434433,0.970680745248124,-0.285140659144675,0.599400599400599,161,102,92.184,1.10648268680031,0.351689920186796,0.34965034965035,50,390,224.084,1.7404187715321,4.16493311413023,0.001998001998002,176,2000,1000,970505
3,5,"DGE",200,"Asthma","MONDO_0004979",0.558012762851594,0.874350170074825,0.638202841321391,-0.475241688901369,0.62037962037962,1,16,1.47676473178462,0.997932899434433,1.47982367614251,4.66646374358277,0.000999000999000999,155,68,92.184,0.737655124533542,-0.866469950060868,0.794205794205794,40,846,174.284,4.85414610635514,18.3021793977218,0.000999000999000999,155,2000,1000,970505
3,5,"LASSO",200,"Asthma","MONDO_0004979",1.11259246802621,0.874350170074825,1.27247927215592,0.357917430758556,0.305694305694306,2,16,1.42327981508583,0.997932899434433,1.42622797173283,4.14522558074297,0.000999000999000999,161,304,92.184,3.29775232144407,7.58899267871704,0.000999000999000999,65,758,205.48,3.68892349620401,13.9970832939714,0.000999000999000999,168,2000,1000,970505
3,5,"ElasticNet",200,"Asthma","MONDO_0004979",1.11259246802621,0.874350170074825,1.27247927215592,0.357917430758556,0.305694305694306,2,16,1.42979382881892,0.997932899434433,1.43275547847881,4.20870801206227,0.000999000999000999,162,289,92.184,3.13503427926755,7.05156920654895,0.000999000999000999,64,796,205.644,3.87076695648791,14.1969837904714,0.000999000999000999,169,2000,1000,970505
3,5,"mRMR",200,"Asthma","MONDO_0004979",1.20358607297076,0.874350170074825,1.3765492524211,0.494619425229141,0.246753246753247,2,16,1.35758858680555,0.997932899434433,1.36040067180363,3.50503060135578,0.001998001998002,144,115,92.184,1.24750499001996,0.817456929399139,0.202797202797203,48,410,163.39,2.50933349654202,7.06018075637867,0.000999000999000999,150,2000,1000,970505
3,5,"Boruta",200,"Asthma","MONDO_0004979",0.558012762851594,0.874350170074825,0.638202841321391,-0.475241688901369,0.62037962037962,1,16,1.37085537983323,0.997932899434433,1.37369494543185,3.63432235782368,0.000999000999000999,154,138,92.184,1.49700598802395,1.64150625339021,0.0609390609390609,52,836,188.358,4.43835674619607,16.7545462476181,0.000999000999000999,161,2000,1000,970505
3,5,"RF_importance",200,"Asthma","MONDO_0004979",0.598376536982012,0.874350170074825,0.684367153414981,-0.414602169988462,0.59040959040959,1,16,1.39201583159996,0.997932899434433,1.39489922858428,3.8405418994164,0.000999000999000999,156,176,92.184,1.90922502820446,3.00297904954936,0.00999000999000999,62,846,188.358,4.49144713789698,17.0132469842537,0.000999000999000999,161,2000,1000,970505
3,5,"GS_full_ungrouped",500,"Asthma","MONDO_0004979",1.56828124465802,2.10966773101468,0.743378315742515,-0.607139864334732,0.734265734265734,3,16,0.820200852278953,1.00360036021988,0.817258427547051,-3.30851407399067,1,421,530,581.92,0.91077811383008,-0.525979125784874,0.668331668331668,120,1728,1550.536,1.11445332452778,1.19985818557225,0.105894105894106,460,2000,1000,970506
3,5,"DGE",500,"Asthma","MONDO_0004979",0.558012762851594,2.10966773101468,0.264502677197991,-1.74010916527427,0.964035964035964,1,16,1.16618888059646,1.00360036021988,1.16200524314375,2.93308533907564,0.004995004995005,385,498,581.92,0.855787737146,-0.85015732349512,0.783216783216783,118,2026,1193.806,1.69709316254065,6.07670123603408,0.000999000999000999,404,2000,1000,970506
3,5,"LASSO",500,"Asthma","MONDO_0004979",3.38947815509019,2.10966773101468,1.60664075449453,1.43524810247203,0.0709290709290709,6,16,1.21525048733604,1.00360036021988,1.21089084411029,3.81815323382047,0.000999000999000999,403,1182,581.92,2.03120703876822,6.07915165256139,0.000999000999000999,149,2262,1319.832,1.71385449057153,6.77471229409923,0.000999000999000999,426,2000,1000,970506
3,5,"ElasticNet",500,"Asthma","MONDO_0004979",3.38947815509019,2.10966773101468,1.60664075449453,1.43524810247203,0.0709290709290709,6,16,1.2130730692096,1.00360036021988,1.20872123734972,3.77887276574744,0.000999000999000999,404,1162,581.92,1.99683805334067,5.87654027899249,0.000999000999000999,149,2264,1329.268,1.70319303556544,6.84202787156847,0.000999000999000999,427,2000,1000,970506
3,5,"mRMR",500,"Asthma","MONDO_0004979",3.38947815509019,2.10966773101468,1.60664075449453,1.43524810247203,0.0709290709290709,6,16,1.21159030182981,1.00360036021988,1.20724378931506,3.75212374771804,0.000999000999000999,393,1131,581.92,1.94356612592796,5.56249264996069,0.000999000999000999,144,2364,1280.428,1.84625765759574,7.730202853971,0.000999000999000999,418,2000,1000,970506
3,5,"Boruta",500,"Asthma","MONDO_0004979",1.58605973842647,2.10966773101468,0.751805469226014,-0.587202107174796,0.722277722277722,3,16,1.20732374003326,1.00360036021988,1.20299253357058,3.67515527648316,0.000999000999000999,398,998,581.92,1.71501237283475,4.21512701572747,0.000999000999000999,131,2676,1275.158,2.09856347213443,10.0513396455746,0.000999000999000999,417,2000,1000,970506
3,5,"RF_importance",500,"Asthma","MONDO_0004979",2.17571050498913,2.10966773101468,1.03130482255738,0.0740639115338422,0.437562437562438,4,16,1.37624858474853,1.00360036021988,1.37131136984348,6.72254745578596,0.000999000999000999,376,1024,581.92,1.75969205389057,4.47852180136705,0.000999000999000999,145,2898,1171.394,2.47397545147064,13.3870690956989,0.000999000999000999,400,2000,1000,970506
