"dataset","repeat_idx","fold_idx","method","k","GO_observed","GO_expected","GO_enrichment","GO_annotated","hallmark_edges","hallmark_expected","hallmark_enrichment","hallmark_annotated","string_edges","string_expected","string_enrichment","string_mapped","string_reference","ot_0.05_observed","ot_0.05_expected","ot_0.05_enrichment","ot_0.05_annotated","ot_0.10_observed","ot_0.10_expected","ot_0.10_enrichment","ot_0.10_annotated","pool_size","n_null","null_seed"
"GSE101794",1,1,"Stabl",10,1.77845479104904,1.02373975031619,1.73721376990563,7,0,0.636,0,2,0,0.86,0,8,"recomputed matched null",0.139036434805603,0.431876561625347,0.321935587989184,2,0,0.342130130750799,0,0,2000,1000,950101
"GSE101794",1,1,"Stabl",20,1.53628907521402,1.01307074572751,1.51646771135493,15,0,2.413,0,4,8,4.496,1.77935943060498,18,"saved matched null",0.325884805508508,0.815613288905615,0.399557988989829,4,0,0.626983483069602,0,0,2000,1000,950102
"GSE101794",1,1,"Stabl",50,1.31349748280333,1.02069484630369,1.28686598894859,40,2,15.782,0.126726650614624,10,62,30.964,2.00232528097145,46,"saved matched null",1.17179744767295,2.13932602724862,0.547741406755095,11,0.478767309418788,1.66945043643712,0.286781385640029,2,2000,1000,950103
"GSE101794",1,1,"Stabl",100,1.08891887748576,1.02961923215283,1.05759376231633,73,43,65.531,0.656177992095344,27,188,112.018,1.67830170151226,86,"recomputed matched null",2.95583921511644,4.26887660126449,0.692416176715178,19,2.12269436094776,3.33127510406779,0.637201760477769,8,2000,1000,950104
"GSE101794",1,1,"Stabl",200,1.21699814069099,1.02449165638187,1.18790439444767,146,112,257.101,0.43562646586361,49,532,397.702,1.33768500032688,162,"recomputed matched null",4.66792239380232,8.39913390686382,0.555762349495067,38,2.72714960043656,6.53137809639437,0.417545816547058,12,2000,1000,950105
"GSE101794",1,1,"Stabl",500,1.23180581408712,1.02349378017482,1.20353033691785,409,1359,1610.182,0.844003969737582,142,5232,2945.466,1.77628938850423,439,"recomputed matched null",16.6344669145145,21.0358050651495,0.790769208166567,135,10.4669909407626,16.3657986618702,0.639564933983277,50,2000,1000,950106
"GSE101794",1,2,"Stabl",10,0.576597761960585,1.01346777199785,0.568935468785492,8,0,0.549,0,1,2,0.964,2.0746887966805,9,"saved matched null",0.117018252241713,0.425449757638809,0.275045995774329,2,0,0.330978909199019,0,0,2000,1000,950201
"GSE101794",1,2,"Stabl",20,1.08666763972657,1.01535450079652,1.0702347198679,16,0,2.284,0,3,14,4.598,3.04480208786429,18,"recomputed matched null",0.746094553914052,0.845687200970698,0.882234652549629,6,0.369077827365165,0.655587089332843,0.562972995305256,1,2000,1000,950202
"GSE101794",1,2,"Stabl",50,1.26898040978605,1.02464879435626,1.23845401153602,41,5,14.417,0.346812790455712,9,74,28.12,2.63157894736842,44,"saved matched null",1.53938846333008,2.14133406849891,0.718892248517395,12,1.02888291746816,1.6588893144679,0.620223970637955,5,2000,1000,950203
"GSE101794",1,2,"Stabl",100,1.24993109027172,1.02025434897092,1.22511714018417,73,21,57.788,0.36339724510279,23,208,99.224,2.09626703216964,83,"recomputed matched null",3.33131619356807,4.17732714444913,0.797475533606401,22,2.33830031509989,3.23467207151955,0.722886358616695,9,2000,1000,950204
"GSE101794",1,2,"Stabl",200,1.28020832935182,1.02035517495418,1.25466931591669,144,107,239.911,0.445998724527012,42,728,375.484,1.93883094885534,162,"recomputed matched null",6.90635041616861,8.4860261438724,0.813849768911631,51,4.67225521208884,6.60201713977752,0.707701163624409,20,2000,1000,950205
"GSE101794",1,2,"Stabl",500,1.19468563229693,1.0220238509469,1.16894104887089,403,1091,1494.9,0.729814703324637,134,5490,2814.366,1.95070577174397,440,"recomputed matched null",18.4946169931894,20.8958839779131,0.885084211452274,144,12.1610929985948,16.1554086722617,0.752756754428315,56,2000,1000,950206
"GSE101794",1,3,"Stabl",10,1.92356159165307,0.991390248218254,1.94026680725389,9,0,0.551000000000001,0,4,0,1.032,0,9,"saved matched null",0.143529451610441,0.412592339832127,0.347872313065336,2,0,0.320733377175426,0,0,2000,1000,950301
"GSE101794",1,3,"Stabl",20,1.37945799764867,1.00975914340638,1.36612578024808,15,0,2.177,0,6,12,4.09,2.93398533007335,17,"saved matched null",0.596902907560217,0.850271814669406,0.702014223289641,4,0.369077827365165,0.664145080515826,0.555718679838012,1,2000,1000,950302
"GSE101794",1,3,"Stabl",50,1.19123114258156,1.01350580897306,1.17535699552485,37,1,14.849,0.0673446023301232,10,56,28.498,1.96505017895993,44,"saved matched null",1.27734964376217,2.08309924403759,0.613196729545316,7,0.962610363234004,1.61906532307732,0.594546958367555,3,2000,1000,950303
"GSE101794",1,3,"Stabl",100,1.21573591322903,1.01375613128017,1.19923902378159,71,23,60.886,0.377755148966922,22,166,94.248,1.76131058484,82,"recomputed matched null",2.77110059684696,4.2289041269513,0.655276287581554,18,1.99882395337383,3.30737821977335,0.604353001245442,8,2000,1000,950304
"GSE101794",1,3,"Stabl",200,1.20013266635116,1.01034297482583,1.18784679683456,147,188,243.497,0.772083434292825,53,640,375.152,1.70597517806116,161,"recomputed matched null",5.83869649345167,8.37694044464957,0.696996299786386,45,3.93563253068621,6.55717457362346,0.600202493695605,19,2000,1000,950305
"GSE101794",1,3,"Stabl",500,1.19934762248315,1.01208096307703,1.18503130306569,404,1217,1534.003,0.79334916554922,137,5358,2737.86,1.95700291468519,433,"recomputed matched null",17.7283416390485,21.1031183101828,0.840081611564207,133,12.2900194825735,16.5189822984636,0.743993743713652,59,2000,1000,950306
"GSE101794",1,4,"Stabl",10,0.893281994669815,1.05430719645544,0.847269180816569,9,0,0.492,0,2,2,1.114,1.79533213644524,9,"saved matched null",0.151066091410168,0.399177953429688,0.378442972895239,2,0,0.304862738132503,0,0,2000,1000,950401
"GSE101794",1,4,"Stabl",20,1.48787955637399,1.02567990770463,1.45062757415587,17,0,2.243,0,4,8,5.028,1.59108989657916,19,"saved matched null",0.349888501912129,0.79705426472202,0.438977014989257,5,0,0.608902425559811,0,0,2000,1000,950402
"GSE101794",1,4,"Stabl",50,1.29660484934712,1.03017598075904,1.25862461711811,38,2,14.501,0.13792152265361,9,72,27.308,2.63659001025341,43,"saved matched null",0.62019502791555,2.02667435736417,0.306016122255653,8,0.109689482053623,1.55911032306409,0.0703538937758119,1,2000,1000,950403
"GSE101794",1,4,"Stabl",100,1.20745904303866,1.02411479091422,1.17902705219282,69,21,59.045,0.3556609365738,24,188,90.396,2.07973804150626,79,"recomputed matched null",2.27508925347682,4.02269112266149,0.565563992885335,18,1.61849905918582,3.08366711781808,0.524861795176849,9,2000,1000,950404
"GSE101794",1,4,"Stabl",200,1.27001399859741,1.02404290357722,1.24019608373922,142,155,244.22,0.634673654901318,52,638,358.58,1.77924033688438,157,"recomputed matched null",6.08213194645085,8.1192854361626,0.74909694877354,46,4.14115366938353,6.24539285302241,0.663073367335002,19,2000,1000,950405
"GSE101794",1,4,"Stabl",500,1.13193181712261,1.02744210572961,1.10169887997611,406,1219,1491.241,0.817439971138133,140,5268,2815.626,1.87098712684142,438,"recomputed matched null",18.1771557421096,20.0227448505249,0.907825369488893,132,12.8539101568878,15.3620533337137,0.836731254452715,59,2000,1000,950406
"GSE101794",1,5,"Stabl",10,1.86857628989722,1.0084357018917,1.85294539492405,9,0,0.532,0,3,2,1.34,1.49253731343284,10,"saved matched null",0.198822410501961,0.437963207809083,0.453970577794817,3,0,0.342044393355407,0,0,2000,1000,950501
"GSE101794",1,5,"Stabl",20,1.43785386216319,1.01034245933019,1.42313514480666,15,2,2.272,0.880281690140845,7,8,4.606,1.73686495874946,18,"saved matched null",0.66071469050388,0.857034437559135,0.770931320316159,5,0.369077827365165,0.666370479685444,0.553862811478963,1,2000,1000,950502
"GSE101794",1,5,"Stabl",50,1.17557175506791,1.01226661506097,1.16132621344734,38,5,15.487,0.322851423774779,12,44,23.88,1.84254606365159,41,"saved matched null",1.56422755471894,2.16268482474514,0.723280404440473,11,0.962610363234004,1.68668359074737,0.570711880114676,3,2000,1000,950503
"GSE101794",1,5,"Stabl",100,1.26831432034714,1.01608049186828,1.24824197541188,76,43,62.209,0.691218312462827,28,158,103.264,1.53005887821506,84,"recomputed matched null",2.97821329322926,4.27373291378057,0.696864627086562,24,1.92336096332738,3.33770062008167,0.576253289991096,9,2000,1000,950504
"GSE101794",1,5,"Stabl",200,1.26019991106434,1.02103113815728,1.23424238886455,147,166,254.1,0.653286107831562,52,628,387.628,1.62011000237341,162,"recomputed matched null",6.68571400969022,8.53109148454455,0.783687998400026,49,4.77343796657852,6.64528447724452,0.718319581791302,22,2000,1000,950505
"GSE101794",1,5,"Stabl",500,1.19959336478791,1.01535420028023,1.18145309731011,404,1268,1581.817,0.801609794306168,140,5152,2799.662,1.84022214110132,436,"recomputed matched null",19.405850040873,21.2832213296007,0.911791017926562,144,13.2731378290304,16.5758480357914,0.800751659907259,60,2000,1000,950506
"GSE101794",2,1,"Stabl",10,1.90413764738073,1.01927082356433,1.86813710680158,10,0,0.524,0,2,4,1.356,2.94985250737463,10,"saved matched null",0.287611055891409,0.431347496843318,0.666773443676388,4,0,0.337511120359516,0,0,2000,1000,960101
"GSE101794",2,1,"Stabl",20,1.72003470862803,1.02992544648295,1.6700574925124,18,1,2.319,0.43122035360069,7,20,5.598,3.57270453733476,20,"saved matched null",0.730391726873257,0.836587424425505,0.873060848810662,6,0.369077827365165,0.643818704048117,0.573263598967422,1,2000,1000,960102
"GSE101794",2,1,"Stabl",50,1.27323194436404,1.02983212208692,1.2363490291834,36,3,14.877,0.20165355918532,11,80,25.262,3.16681181220806,42,"recomputed matched null",1.24615587417221,2.0572692319056,0.605733005114712,11,0.705113321694253,1.5897674612761,0.443532364870684,4,2000,1000,960103
"GSE101794",2,1,"Stabl",100,1.17593628583777,1.02436940182384,1.14796115907413,70,31,59.641,0.519776663704499,25,198,98.674,2.00660761700144,83,"saved matched null",2.9444200325653,4.14411186268411,0.710506890288967,25,1.97923128780455,3.21374055548795,0.615865298903706,12,2000,1000,960104
"GSE101794",2,1,"Stabl",200,1.19525597635933,1.02524570866799,1.16582392518592,142,210,243.246,0.863323548999778,58,692,371.598,1.86222746085824,160,"recomputed matched null",5.93865205239456,8.29083433561826,0.716291245487985,47,3.70571291341063,6.41399098336018,0.577754618462102,17,2000,1000,960105
"GSE101794",2,1,"Stabl",500,1.18095114005048,1.0257265406335,1.15133136685837,401,1285,1506.597,0.852915544103699,143,5620,2724.586,2.06269869991257,434,"recomputed matched null",17.6863294942945,20.7337613196201,0.853020791628295,139,11.5476803370795,16.0907908123305,0.717657725574958,56,2000,1000,960106
"GSE101794",2,2,"Stabl",10,1.97060722953514,1.00643820284733,1.95800122050223,8,0,0.559,0,2,4,1.454,2.75103163686382,10,"saved matched null",0.512607278975606,0.422387251675973,1.21359552624198,3,0.369077827365165,0.329448415085477,1.12029018949569,1,2000,1000,960201
"GSE101794",2,2,"Stabl",20,1.3284785884441,1.00901331333444,1.31661155595058,17,0,2.314,0,6,14,5.684,2.46305418719212,20,"saved matched null",0.754748608570031,0.835835759945069,0.902986740624298,6,0.369077827365165,0.651885309202077,0.56616988012343,1,2000,1000,960202
"GSE101794",2,2,"Stabl",50,1.25658835620221,1.01279139272032,1.24071784696655,39,1,15.416,0.0648676699532953,9,50,28.574,1.74984251417372,44,"recomputed matched null",1.32321145726783,2.10300587694414,0.629200075841244,10,0.77692363211317,1.63074872864778,0.476421424383017,3,2000,1000,960203
"GSE101794",2,2,"Stabl",100,1.21441959005174,1.01678872770133,1.19436767635809,74,29,61.69,0.470092397471227,25,200,106.292,1.88160915214692,85,"saved matched null",3.39555387788489,4.18778211755081,0.810823911696425,20,2.57367515095768,3.2504465799311,0.791791247039117,9,2000,1000,960204
"GSE101794",2,2,"Stabl",200,1.30011815664498,1.02228697731507,1.27177415490472,149,232,245.21,0.946127808816932,56,866,397.872,2.17657940242088,164,"recomputed matched null",6.50819326196276,8.31868433467591,0.782358483640708,42,4.79900477447104,6.46448288449126,0.742364835706222,19,2000,1000,960205
"GSE101794",2,2,"Stabl",500,1.20419021813434,1.01649628845959,1.18464792425281,403,1386,1540.873,0.899490094251765,143,5306,2806.62,1.89053024634614,435,"recomputed matched null",17.9447339478704,20.9919465637024,0.854838968526101,134,12.2837891547809,16.2798827316853,0.754537938462734,56,2000,1000,960206
"GSE101794",2,3,"Stabl",10,0.682531701493733,1.02670697102645,0.664777507852481,6,0,0.587,0,1,0,0.87,0,8,"saved matched null",0.0622774460207199,0.422170144444952,0.147517409367257,1,0,0.329081516748538,0,0,2000,1000,960301
"GSE101794",2,3,"Stabl",20,1.03618693465361,1.05111060972509,0.985801993688005,14,0,2.382,0,4,6,4.704,1.27551020408163,18,"recomputed matched null",0.235361719994778,0.872745006046403,0.269679824420862,3,0,0.679814770219428,0,0,2000,1000,960302
"GSE101794",2,3,"Stabl",50,1.19023919631775,1.03049468691331,1.15501730521574,38,3,15.504,0.193498452012384,10,48,30.226,1.58803678951896,45,"saved matched null",1.54615537857875,2.11655833410729,0.730504495748223,11,0.962610363234004,1.64782310371552,0.584170935013294,3,2000,1000,960303
"GSE101794",2,3,"Stabl",100,1.12691425407962,1.03564406456809,1.08812891671387,72,32,59.994,0.533386672000533,25,152,106.99,1.42069352275914,84,"recomputed matched null",3.51338688136297,4.20419965375588,0.835685069862045,25,2.33467804147902,3.2533210387579,0.717629159146982,9,2000,1000,960304
"GSE101794",2,3,"Stabl",200,1.10167474476372,1.03276449307101,1.06672407132027,138,133,246.255,0.540090556536923,50,578,371.206,1.55708690053501,157,"recomputed matched null",6.19829374977456,8.56115378066597,0.724002150711559,48,4.16303636046102,6.65293873281136,0.625743979864042,20,2000,1000,960305
"GSE101794",2,3,"Stabl",500,1.16857298834503,1.0380939159196,1.12569100967117,400,1262,1547.234,0.815649087339084,137,5218,2817.568,1.8519517541369,433,"recomputed matched null",17.6487121784859,21.2932428664809,0.82884097500564,136,11.9046860450383,16.5583034227025,0.718955664788469,57,2000,1000,960306
"GSE101794",2,4,"Stabl",10,1.98920508422512,1.00381327163278,1.98164852013714,10,0,0.543,0,4,6,1.354,4.43131462333826,10,"saved matched null",0.227825080195052,0.420570976641329,0.541704237449902,3,0,0.330456525846844,0,0,2000,1000,960401
"GSE101794",2,4,"Stabl",20,1.51536642908012,1.03710639934836,1.46114847042913,17,0,2.433,0,5,10,3.952,2.53036437246963,17,"recomputed matched null",0.314739280528167,0.833880462192049,0.377439327095879,4,0,0.647288036050297,0,0,2000,1000,960402
"GSE101794",2,4,"Stabl",50,1.19538300161511,1.02093584476251,1.17086985215333,39,4,15.352,0.260552371026576,11,52,26.434,1.96716350155103,43,"recomputed matched null",1.48387793255803,2.09833461809183,0.70716935219199,10,0.962610363234004,1.6338403204812,0.589170404945383,3,2000,1000,960403
"GSE101794",2,4,"Stabl",100,1.30926797447254,1.02438923571702,1.27809618533927,75,35,60.239,0.581018941217484,25,198,100.126,1.97750833949224,83,"recomputed matched null",2.39858775024968,4.16862990018697,0.575389950098975,18,1.58607685751855,3.24007332443195,0.489518815996739,7,2000,1000,960404
"GSE101794",2,4,"Stabl",200,1.15378683493076,1.02348590039966,1.12731092287663,147,174,246.22,0.706685078385184,51,552,359.492,1.5355000945779,156,"recomputed matched null",5.32608911806503,8.30184270176921,0.641555051016564,38,3.7399720111511,6.44220538108935,0.580542188569388,16,2000,1000,960405
"GSE101794",2,4,"Stabl",500,1.17725903486871,1.02339370357773,1.15034813166533,406,1146,1532.729,0.747685990152206,134,5244,2705.85,1.93802317201619,431,"recomputed matched null",16.2855729610148,20.7135337188002,0.786228616618589,128,10.6019462437934,16.0821299103917,0.659237694438891,50,2000,1000,960406
"GSE101794",2,5,"Stabl",10,1.57293893262703,1.03306273604141,1.52259768719795,9,0,0.544,0,3,2,1.026,1.94931773879142,9,"saved matched null",0.173084273974059,0.414142397378349,0.417934205890863,2,0,0.319155827732378,0,0,2000,1000,960501
"GSE101794",2,5,"Stabl",20,1.69967925035596,1.02617248949471,1.6563289970801,16,0,2.304,0,5,14,3.986,3.51229302558956,17,"recomputed matched null",0.683817107893332,0.81986038371065,0.834065313411544,5,0.369077827365165,0.634085336247157,0.582063337956303,1,2000,1000,960502
"GSE101794",2,5,"Stabl",50,1.34285852155318,1.02815981327054,1.30607956488943,39,0,15.041,0,8,40,26.916,1.48610491900728,43,"recomputed matched null",1.45136645126016,2.12283317373028,0.683693127288846,9,1.07684119503564,1.63859456407634,0.657173664946607,4,2000,1000,960503
"GSE101794",2,5,"Stabl",100,1.32919519302277,1.03073569687109,1.28955967767264,76,28,60.673,0.461490283981343,24,200,98.468,2.03111670796604,83,"recomputed matched null",2.21754856009597,4.15049259117893,0.534285632700308,18,1.4220349145163,3.19864210142807,0.444574563025173,7,2000,1000,960504
"GSE101794",2,5,"Stabl",200,1.26391836311056,1.03127606773215,1.22558682651291,152,122,242.195,0.503726336216685,45,574,408.742,1.40430883050922,166,"recomputed matched null",5.3949099025937,8.32557095518443,0.647992784114611,46,3.28256753780651,6.39055463665046,0.513659255642798,16,2000,1000,960505
"GSE101794",2,5,"Stabl",500,1.19624971426255,1.03212466899701,1.15901668683594,415,1159,1529.132,0.757946338184015,136,5340,2926.374,1.82478384512711,446,"recomputed matched null",17.0433383006593,20.8735790169655,0.816502923950269,133,11.2036881403925,16.0916153921797,0.696243842979079,52,2000,1000,960506
"GSE101794",3,1,"Stabl",10,2.20274085301651,1.02823690253663,2.14225033898552,10,0,0.528,0,4,6,1.318,4.55235204855842,10,"saved matched null",0.227825080195052,0.444195117566824,0.512894156610756,3,0,0.351069869361608,0,0,2000,1000,970101
"GSE101794",3,1,"Stabl",20,1.54597947509119,1.01969258564199,1.51612309127251,16,0,2.374,0,6,18,4.494,4.00534045393858,17,"saved matched null",0.683817107893332,0.850909532979506,0.803630799033253,5,0.369077827365165,0.661903588821876,0.557600583526201,1,2000,1000,970102
"GSE101794",3,1,"Stabl",50,1.36091350755066,1.02090880248896,1.33304121213646,38,1,15.014,0.0666045024643666,11,72,26.55,2.71186440677966,43,"recomputed matched null",1.63463172076559,2.13219000028139,0.766644492540468,11,1.18640362092438,1.6716031236978,0.709740011911381,5,2000,1000,970103
"GSE101794",3,1,"Stabl",100,1.25624395018616,1.0160665471396,1.23637959907518,72,32,61.21,0.522790393726515,28,214,93.458,2.28979862612082,80,"recomputed matched null",2.80344225835985,4.2950103196538,0.652720727009993,20,1.99266976131424,3.3670694084822,0.59181131113436,9,2000,1000,970104
"GSE101794",3,1,"Stabl",200,1.23755649901993,1.01943939349271,1.21395789383803,147,169,246.755,0.684889870519341,51,604,384.26,1.57185239160985,160,"recomputed matched null",5.30186880730846,8.76567137664243,0.604844578298493,42,3.49478865392103,6.91593797499633,0.505323886153401,17,2000,1000,970105
"GSE101794",3,1,"Stabl",500,1.18441200077276,1.01817527914787,1.16326925729724,409,1265,1556.249,0.812851927936982,141,5376,2897.964,1.85509550843282,441,"recomputed matched null",16.91205075499,21.6151267343471,0.782417376628942,129,11.448986524009,17.0175533437411,0.672775121825598,54,2000,1000,970106
"GSE101794",3,2,"Stabl",10,0.670347761960585,1.01560010334635,0.660050899711238,7,0,0.572,0,1,0,0.936,0,9,"saved matched null",0.117018252241713,0.415019023527227,0.28195876720826,2,0,0.327560155804603,0,0,2000,1000,970201
"GSE101794",3,2,"Stabl",20,1.54479287933173,1.01104986058392,1.52790969026943,17,0,2.329,0,5,16,4.938,3.24017820980154,19,"saved matched null",0.659180353580936,0.839421282003285,0.785279534500004,5,0.369077827365165,0.651636147479881,0.566386362684952,1,2000,1000,970202
"GSE101794",3,2,"Stabl",50,1.2503176003882,1.01985526283285,1.22597553393528,41,3,15.19,0.197498354180382,11,62,28.316,2.18957479870038,45,"saved matched null",1.69642324183958,2.08581326257995,0.81331501351241,13,0.962610363234004,1.61932184539548,0.594452774148124,3,2000,1000,970203
"GSE101794",3,2,"Stabl",100,1.3867076425493,1.02053177551354,1.35880888358571,74,27,60.946,0.443015128146228,24,180,98.532,1.82681768359518,82,"recomputed matched null",2.70185495325689,4.1745258551378,0.647224390748851,21,1.73824832499351,3.23682873398965,0.537022026139449,8,2000,1000,970204
"GSE101794",3,2,"Stabl",200,1.29725279471239,1.01818612001513,1.27408218321923,140,162,248.709,0.651363641846495,50,576,348.504,1.65277873424695,155,"recomputed matched null",5.73656000349725,8.3940313553651,0.68340940849961,43,3.85482607719934,6.53693489830803,0.589699321955477,17,2000,1000,970205
"GSE101794",3,2,"Stabl",500,1.17560079239593,1.01507730617269,1.15813917348669,398,1322,1542.032,0.857310354130135,138,5118,2655.892,1.92703618972458,427,"recomputed matched null",17.7022973463779,20.8326174086903,0.84973947339874,133,12.0056477934756,16.1822604905517,0.741901775742967,55,2000,1000,970206
"GSE101794",3,3,"Stabl",10,1.52082554528573,1.03387079654533,1.47100155103284,6,0,0.526,0,1,2,0.752,2.65957446808511,7,"recomputed matched null",0.173084273974059,0.417867549799895,0.414208459252085,2,0,0.322561229442088,0,0,2000,1000,970301
"GSE101794",3,3,"Stabl",20,1.70172958008736,1.04284837705255,1.63180920403505,14,0,2.446,0,3,14,3.834,3.65153886280647,17,"recomputed matched null",0.738765783725962,0.831965533721417,0.887976429049207,5,0.478767309418788,0.644351479833525,0.743021975432542,2,2000,1000,970302
"GSE101794",3,3,"Stabl",50,1.23710800886886,1.04558413039652,1.18317404874892,33,0,16.152,0,8,32,25.914,1.23485374700934,42,"saved matched null",1.43519534477198,2.09156316211964,0.686183124069523,9,0.962610363234004,1.61970086473276,0.594313668772924,3,2000,1000,970303
"GSE101794",3,3,"Stabl",100,1.10229896640592,1.05388433944735,1.04593922230968,63,9,63.128,0.142567481941452,15,142,83.618,1.69819895237867,75,"recomputed matched null",2.13058198067258,4.19414887133351,0.507989116751397,17,1.30704753251408,3.24892030150365,0.402302122310959,6,2000,1000,970304
"GSE101794",3,3,"Stabl",200,1.20857244861368,1.04196772031841,1.15989432786301,141,161,254.885,0.63165741412794,47,670,373.27,1.79494735714094,158,"recomputed matched null",4.64215437350445,8.34022600453307,0.556598151055061,40,2.90863888202919,6.43627605148588,0.451913320491855,17,2000,1000,970305
"GSE101794",3,3,"Stabl",500,1.1955206474908,1.04669590355537,1.14218527408955,399,1275,1604.608,0.794586590619017,142,5198,2875.31,1.80780507145316,437,"recomputed matched null",17.3725258907911,20.9524540199505,0.829140389676995,136,11.5659074889823,16.17449117531,0.715070870769489,57,2000,1000,970306
"GSE101794",3,4,"Stabl",10,1.70887098321937,1.01018658770609,1.69163895464088,9,0,0.527,0,3,0,1.288,0,10,"saved matched null",0.0547408062209931,0.434422520119927,0.126008214781041,1,0,0.33858740383468,0,0,2000,1000,970401
"GSE101794",3,4,"Stabl",20,1.44579772417047,1.01850614950291,1.41952773174331,16,0,2.509,0,5,14,4.586,3.05276929786306,18,"saved matched null",0.596902907560217,0.876257010994602,0.681196156003017,4,0.369077827365165,0.690718929006313,0.534338660583879,1,2000,1000,970402
"GSE101794",3,4,"Stabl",50,1.08406916229958,1.02281978327937,1.05988286501834,36,3,15.275,0.196399345335516,10,52,25.554,2.0349064725679,42,"recomputed matched null",1.00818010515658,2.05436907707096,0.490749260397751,9,0.369077827365165,1.5919506143417,0.231839998075434,1,2000,1000,970403
"GSE101794",3,4,"Stabl",100,1.11606218673158,1.02299192797645,1.09097848791362,70,43,61.379,0.700565339937112,26,152,92.498,1.6432787735951,80,"recomputed matched null",3.02170362493506,4.12961104295168,0.73171627872616,21,2.10865944827487,3.18233339472942,0.662614247698632,9,2000,1000,970404
"GSE101794",3,4,"Stabl",200,1.26994364905477,1.02441129388676,1.23968142154742,142,223,248.716,0.896604963090432,62,566,354.848,1.59504914780413,156,"recomputed matched null",6.51572686413293,8.35391900898572,0.779960502025986,48,4.34857276806738,6.46219868397768,0.672924646970263,19,2000,1000,970405
"GSE101794",3,4,"Stabl",500,1.16273380319152,1.02692733701188,1.1322454484217,406,1451,1560.191,0.930014337988105,148,5090,2788.642,1.82526118447617,435,"recomputed matched null",18.4147200141511,20.7245261794548,0.888547214768483,137,12.738953590555,16.0175568389679,0.79531190172295,59,2000,1000,970406
"GSE101794",3,5,"Stabl",10,1.68077699682515,1.02506695978042,1.63967532148845,8,0,0.533,0,2,0,1.25,0,10,"saved matched null",0.139036434805603,0.418780359042849,0.332003237027115,2,0,0.326033628421471,0,0,2000,1000,970501
"GSE101794",3,5,"Stabl",20,1.66032645014105,1.01866211768032,1.62990889846961,16,0,2.182,0,3,8,4.388,1.82315405651778,18,"recomputed matched null",0.374525256224525,0.809588885164,0.462611657704091,5,0,0.62900962252353,0,0,2000,1000,970502
"GSE101794",3,5,"Stabl",50,1.22594016755502,1.0296957109814,1.19058490239469,37,2,14.075,0.142095914742451,9,38,24.528,1.54924983692107,41,"recomputed matched null",0.946107018280067,2.10010087453891,0.450505511306828,8,0.478767309418788,1.63877016436719,0.292150369727816,2,2000,1000,970503
"GSE101794",3,5,"Stabl",100,1.32116524813314,1.01825848411475,1.29747531569229,76,14,57.116,0.245115204145949,20,182,99.978,1.82040048810738,83,"recomputed matched null",3.10421754068463,4.20737607070534,0.737803678235074,20,2.19496203673012,3.27656841785842,0.669896598150315,8,2000,1000,970504
"GSE101794",3,5,"Stabl",200,1.26088131896198,1.01769123556057,1.23896254080193,147,129,229.257,0.562687289810126,45,546,368.006,1.48367146187834,160,"recomputed matched null",6.43103704223871,8.319955220875,0.772965343143081,43,4.79262151176733,6.48967789684441,0.738499134771809,20,2000,1000,970505
"GSE101794",3,5,"Stabl",500,1.21902654058093,1.02273014896951,1.1919337097955,404,1332,1466.063,0.90855577147776,138,5276,2727.954,1.93405020759148,436,"recomputed matched null",19.206592520303,20.7931881456497,0.923696375263231,143,13.0217416802953,16.2009419088735,0.80376448193812,58,2000,1000,970506
"GSE107994",1,1,"Stabl",10,1.99491131819766,1.03121743161082,1.93452055507004,8,6,0.0500000000000001,120,6,26,0.402,64.6766169154229,9,"saved matched null",0.336165175230201,0.030680977188957,10.9567949273531,4,0,0.0171405865226761,0,0,2000,1000,950101
"GSE107994",1,1,"Stabl",20,1.49559537139971,1.0455495382514,1.43043951212582,16,10,0.304,32.8947368421053,9,50,2.152,23.2342007434944,19,"recomputed matched null",0.452131836684985,0.0585562541090509,7.72132445226034,5,0.115966661454784,0.0339822613810699,3.41256457757057,1,2000,1000,950102
"GSE107994",1,1,"Stabl",50,1.33654458200019,1.04514402039964,1.27881378634222,35,19,1.605,11.8380062305296,15,74,8.276,8.94151764137264,37,"saved matched null",0.603373676872485,0.15364941015709,3.92695081781049,7,0.115966661454784,0.0870877902736384,1.33160642944786,1,2000,1000,950103
"GSE107994",1,1,"Stabl",100,1.10707458487841,1.04358294297417,1.06084005332943,61,28,6.545,4.27807486631016,19,112,27.81,4.02732829917296,67,"saved matched null",0.750616023851125,0.302100748045009,2.48465463494745,9,0.115966661454784,0.169096720273459,0.685800772878653,1,2000,1000,950104
"GSE107994",1,1,"Stabl",200,1.10792623732654,1.0464276693029,1.05877001328206,118,39,26.765,1.45712684475995,28,188,93.718,2.00601805416249,122,"recomputed matched null",1.28685223426605,0.588990551751612,2.18484359458577,13,0.42949249000007,0.325491131642478,1.31952132714887,2,2000,1000,950105
"GSE107994",1,1,"Stabl",500,1.09515998158761,1.04490201937613,1.04809825350083,283,142,169.229,0.83909968149667,63,594,524.502,1.13250283125708,287,"recomputed matched null",2.38016480689657,1.49599978995447,1.59101947933362,19,1.29279535227869,0.855317834857548,1.51147947533914,5,2000,1000,950106
"GSE107994",1,2,"Stabl",10,1.71237978895089,1.04812574217834,1.63375415758038,8,6,0.088,68.1818181818182,6,20,0.474,42.1940928270042,9,"saved matched null",0.332037734485686,0.0319570970198157,10.3901094107453,4,0,0.0196071998991939,0,0,2000,1000,950201
"GSE107994",1,2,"Stabl",20,1.2752571559704,1.04608845433933,1.21907201124384,14,9,0.279,32.258064516129,10,40,1.844,21.6919739696312,17,"saved matched null",0.44800439594047,0.0626805650700555,7.14742114146153,5,0.115966661454784,0.0374131593246653,3.09962225986968,1,2000,1000,950202
"GSE107994",1,2,"Stabl",50,1.34117142382505,1.03992428903597,1.28968179507408,31,27,1.832,14.7379912663755,18,96,8.616,11.142061281337,36,"recomputed matched null",0.69898324974994,0.146109165156986,4.78397949231263,8,0.115966661454784,0.0830618590508111,1.39614815728894,1,2000,1000,950203
"GSE107994",1,2,"Stabl",100,1.17952298297857,1.04569496401758,1.12797997845071,59,46,7.604,6.04944765912678,25,152,29.576,5.13930213686773,66,"saved matched null",1.10936970049055,0.322883292719997,3.43582255726249,10,0.42949249000007,0.193545052922877,2.21908275884072,2,2000,1000,950204
"GSE107994",1,2,"Stabl",200,1.13254102158709,1.04540667911617,1.0833497089808,118,148,29.952,4.94123931623932,43,334,105.388,3.16924127984211,124,"saved matched null",2.24300689728405,0.606439776646895,3.69864739032456,14,1.50077058367684,0.353975439196174,4.23975908352532,5,2000,1000,950205
"GSE107994",1,2,"Stabl",500,1.11342880046048,1.04287040757993,1.06765787231828,302,457,190.187,2.40289820019244,89,1076,594.244,1.81070402057067,297,"saved matched null",2.96638217051532,1.5346024765858,1.93299712190936,23,1.83753572905256,0.891940095562289,2.06015598827201,8,2000,1000,950206
"GSE107994",1,3,"Stabl",10,1.53373997615802,1.02908273428462,1.49039520833495,9,2,0.06,33.3333333333333,6,16,0.594,26.9360269360269,10,"saved matched null",0.250703258634782,0.0279896803946066,8.95698897237463,3,0,0.0177428046532287,0,0,2000,1000,950301
"GSE107994",1,3,"Stabl",20,1.38536529206966,1.02419037426344,1.35264431973007,15,4,0.263,15.2091254752852,8,36,1.802,19.9778024417314,17,"saved matched null",0.332037734485686,0.05433860759609,6.11053078418554,4,0,0.0365952179152286,0,0,2000,1000,950302
"GSE107994",1,3,"Stabl",50,1.23031561330644,1.03430965763626,1.18950413372154,32,20,1.803,11.0926234054354,16,70,8.186,8.55118494991449,36,"saved matched null",0.65500645097367,0.145938095044036,4.48824860140887,8,0.115966661454784,0.0956174435689563,1.21281909582902,1,2000,1000,950303
"GSE107994",1,3,"Stabl",100,1.14290474060573,1.03173443304225,1.10775089403159,62,34,7.178,4.73669545834494,22,120,28.17,4.25985090521832,67,"recomputed matched null",1.50835412131763,0.294365194851037,5.12409125705546,11,0.873704758921284,0.194191074768095,4.49920141780291,3,2000,1000,950304
"GSE107994",1,3,"Stabl",200,1.08126507922197,1.02799742736153,1.05181691164069,116,71,28.952,2.45233489914341,35,226,94.492,2.39173686661305,121,"recomputed matched null",1.97898602942973,0.574151987369519,3.44679818752604,14,1.18723058746657,0.374331379756192,3.17160316145505,4,2000,1000,950305
"GSE107994",1,3,"Stabl",500,1.09494776535611,1.02878758898287,1.06430887880233,272,256,179.145,1.42901001981635,72,636,467.384,1.36076545196241,269,"recomputed matched null",2.5593353301007,1.43862620596595,1.77901342231025,19,1.53015094327365,0.943823665208817,1.6212254467418,6,2000,1000,950306
"GSE107994",1,4,"Stabl",10,2.03696298698588,1.01063861885318,2.01552063119983,8,2,0.069,28.9855072463768,4,24,0.56,42.8571428571429,10,"recomputed matched null",0.332037734485686,0.0268213866922989,12.3795886579206,4,0,0.0158947820223923,0,0,2000,1000,950401
"GSE107994",1,4,"Stabl",20,1.5939773154802,1.02939339809626,1.5484627339053,13,6,0.303,19.8019801980198,8,58,1.55,37.4193548387097,16,"saved matched null",0.543613968817925,0.0591642284571468,9.18822036548098,6,0.115966661454784,0.0351917109520515,3.29528341525615,1,2000,1000,950402
"GSE107994",1,4,"Stabl",50,1.35956531775138,1.0285164823038,1.32187022876488,27,22,1.8,12.2222222222222,15,88,6.346,13.8670028364324,32,"recomputed matched null",0.629075885413345,0.155945096267345,4.03395746625394,7,0.115966661454784,0.102655619230667,1.12966696147638,1,2000,1000,950403
"GSE107994",1,4,"Stabl",100,1.22738312889814,1.03586977987772,1.18488168372189,57,40,7.087,5.64413715253281,21,134,23.24,5.76592082616179,60,"saved matched null",1.1981573653129,0.315613201083687,3.7962840628938,9,0.633415367253151,0.201689581975364,3.14054578848064,2,2000,1000,950404
"GSE107994",1,4,"Stabl",200,1.21827752117453,1.02928489118014,1.18361547090981,116,121,28.243,4.2842474241405,38,296,90.21,3.28123267930385,119,"recomputed matched null",1.81296834659293,0.602207187549044,3.01053920324604,14,0.946941195798437,0.379342355144749,2.49627067200842,3,2000,1000,950405
"GSE107994",1,4,"Stabl",500,1.16462609880433,1.02806039113716,1.13283821538549,269,262,178.275,1.46963960173889,71,806,441.776,1.82445402194777,262,"recomputed matched null",2.48372923827403,1.47295245549704,1.68622498913986,20,1.29279535227869,0.911875317128536,1.41773258689539,5,2000,1000,950406
"GSE107994",1,5,"Stabl",10,1.6421617602129,1.04260286544937,1.57505970358629,9,2,0.063,31.7460317460317,6,18,0.572,31.4685314685315,10,"saved matched null",0.250703258634782,0.0311308586222308,8.05320732322341,3,0,0.0195799187943281,0,0,2000,1000,950501
"GSE107994",1,5,"Stabl",20,1.53937429240704,1.03709906828206,1.48430785398062,15,12,0.258,46.5116279069767,10,40,1.642,24.3605359317905,17,"saved matched null",0.417499651081106,0.0621734373851334,6.71508072643474,5,0,0.0357896520906758,0,0,2000,1000,950502
"GSE107994",1,5,"Stabl",50,1.35301221578408,1.03967821881219,1.30137593661418,32,34,1.691,20.1064458900059,17,110,7.43,14.8048452220727,36,"saved matched null",0.629075885413345,0.154550029494184,4.07037052967381,7,0.115966661454784,0.0932732957759645,1.24329970856103,1,2000,1000,950503
"GSE107994",1,5,"Stabl",100,1.13000720911795,1.03923019588739,1.08735024597033,64,63,7.027,8.96541909776576,26,152,26.706,5.69160488279787,67,"saved matched null",1.14652459121171,0.301458873122945,3.80325375509554,8,0.633415367253151,0.183475270511636,3.45232011642124,2,2000,1000,950504
"GSE107994",1,5,"Stabl",200,1.19883165812216,1.03696644782418,1.15609493502669,120,147,28.105,5.23038605230386,39,258,88.578,2.91268712321344,122,"recomputed matched null",1.21868265429782,0.602907095469914,2.02134402373879,9,0.633415367253151,0.363044188485055,1.74473352650631,2,2000,1000,950505
"GSE107994",1,5,"Stabl",500,1.10180808568732,1.03836058609248,1.0611035322841,297,374,173.963,2.14988244626731,80,832,491.672,1.69218503392506,288,"saved matched null",2.59361836710297,1.48061415833103,1.75171792901571,18,1.72483446304555,0.894832399220739,1.92755030388664,7,2000,1000,950506
"GSE107994",2,1,"Stabl",10,1.64973914124609,1.03124539467889,1.59975419018457,7,1,0.072,13.8888888888889,4,6,0.458,13.1004366812227,9,"saved matched null",0.163421622207562,0.0294655246626116,5.54619760139297,2,0,0.016909783700967,0,0,2000,1000,960101
"GSE107994",2,1,"Stabl",20,1.52181316211885,1.03518264893401,1.47009145070771,16,20,0.303,66.006600660066,11,50,1.978,25.2780586450961,19,"recomputed matched null",0.462279492967021,0.057233973019853,8.07701210619552,5,0.115966661454784,0.0341515658807575,3.39564697735059,1,2000,1000,960102
"GSE107994",2,1,"Stabl",50,1.27116609295613,1.0430986712046,1.21864414944384,35,51,1.689,30.1953818827709,21,106,9.166,11.5644774165394,40,"saved matched null",0.632689426043148,0.153604103561942,4.11896174237305,7,0.115966661454784,0.0969016726034456,1.19674571489966,1,2000,1000,960103
"GSE107994",2,1,"Stabl",100,1.19059520877638,1.04340832036884,1.14106355636067,62,97,7.634,12.7063138590516,32,186,28.876,6.441335365009,69,"saved matched null",1.09745709477593,0.302912767779487,3.6230136577632,10,0.42949249000007,0.186353872946923,2.30471459062403,2,2000,1000,960104
"GSE107994",2,1,"Stabl",200,1.2208215554866,1.03924226433716,1.17472277387145,118,173,29.145,5.93583805112369,44,374,95.936,3.89843228819213,126,"recomputed matched null",1.92130138715122,0.623430607911675,3.08182075562036,15,0.946941195798437,0.385534199326951,2.45617949704998,3,2000,1000,960105
"GSE107994",2,1,"Stabl",500,1.13774188687559,1.04032958748214,1.09363599821207,276,274,183.823,1.49056429282516,71,702,460.438,1.52463523862062,275,"recomputed matched null",2.39623340728494,1.48471756770698,1.61393214400077,19,1.29279535227869,0.906639279483008,1.42592029877183,5,2000,1000,960106
"GSE107994",2,2,"Stabl",10,1.65716221595095,1.0313918855473,1.60672411638336,7,3,0.0799999999999999,37.5,5,20,0.306,65.359477124183,8,"saved matched null",0.235790941080489,0.0302072750641538,7.80576667639566,3,0,0.0182331084677124,0,0,2000,1000,960201
"GSE107994",2,2,"Stabl",20,1.28797346516936,1.03544646825972,1.24388223307581,14,4,0.242,16.5289256198347,9,36,1.538,23.407022106632,16,"saved matched null",0.332037734485686,0.0547841335181329,6.06083756669777,4,0,0.0342353521387474,0,0,2000,1000,960202
"GSE107994",2,2,"Stabl",50,1.07990609374094,1.0354328317083,1.04295137325254,31,16,1.87,8.55614973262032,16,66,7.25,9.10344827586207,35,"recomputed matched null",0.487407015417701,0.144488543764042,3.37332637398342,6,0,0.0891768044627622,0,0,2000,1000,960203
"GSE107994",2,2,"Stabl",100,1.07220079472609,1.03942692358169,1.03153071216538,57,58,7.607,7.62455632969633,25,122,27.438,4.4463882207158,68,"recomputed matched null",0.603373676872485,0.302166532706781,1.99682496756844,7,0.115966661454784,0.191784159466968,0.604672783076004,1,2000,1000,960204
"GSE107994",2,2,"Stabl",200,1.20498279276499,1.03521416855906,1.16399372164915,117,143,29.666,4.82033304119194,38,304,85.438,3.55813572415085,119,"recomputed matched null",2.01382238683452,0.577546351377345,3.48685846950971,14,1.18723058746657,0.358854700350759,3.30838800858989,4,2000,1000,960205
"GSE107994",2,2,"Stabl",500,1.14551831624212,1.03592305244589,1.10579479193697,286,318,185.724,1.71221813012858,69,790,475.692,1.660738461021,281,"recomputed matched null",2.73161818932584,1.47843465495798,1.8476421532499,21,1.53015094327365,0.930422588747635,1.64457630519618,6,2000,1000,960206
"GSE107994",2,3,"Stabl",10,1.39482640432012,1.01891074836641,1.36893874812529,8,2,0.061,32.7868852459016,5,18,0.566,31.8021201413428,10,"saved matched null",0.332037734485686,0.0309375784394474,10.7325056204889,4,0,0.0182377490289275,0,0,2000,1000,960301
"GSE107994",2,3,"Stabl",20,1.41813208574205,1.01939174099569,1.3911551650957,16,5,0.286,17.4825174825175,9,36,1.714,21.0035005834306,18,"saved matched null",0.499637170041655,0.0591125654951881,8.45230055329483,6,0.115966661454784,0.0352728370350662,3.28770439813209,1,2000,1000,960302
"GSE107994",2,3,"Stabl",50,1.16523657691075,1.0224604651448,1.13963973829123,33,18,1.683,10.6951871657754,14,66,7.312,9.02625820568928,36,"saved matched null",0.657257149723185,0.156622262973749,4.19644779256795,8,0.115966661454784,0.0974101383612277,1.190498888573,1,2000,1000,960303
"GSE107994",2,3,"Stabl",100,1.10978323882208,1.02848186895041,1.07904988150606,55,35,6.851,5.10874324916071,20,118,23.072,5.11442441054092,63,"recomputed matched null",1.27031542839901,0.312258651375531,4.06815126755701,10,0.633415367253151,0.195222272771729,3.24458556014147,2,2000,1000,960304
"GSE107994",2,3,"Stabl",200,1.12920872491503,1.02549776498337,1.10113231200786,115,54,26.798,2.01507575192179,32,176,82.906,2.12288616022966,119,"recomputed matched null",1.43708341493093,0.651870619468953,2.20455313065291,12,0.633415367253151,0.409332079153685,1.54743642023554,2,2000,1000,960305
"GSE107994",2,3,"Stabl",500,1.13037860468996,1.0284671636912,1.09909061231765,298,231,174.121,1.32666364195014,69,692,515.528,1.34231312363247,296,"recomputed matched null",3.01106637554655,1.60655046528387,1.87424325635143,24,1.58728830616182,1.00350345159635,1.58174673304491,6,2000,1000,960306
"GSE107994",2,4,"Stabl",10,1.79450699616591,1.03902146094128,1.72711254158332,9,4,0.0820000000000001,48.780487804878,7,24,0.596,40.2684563758389,10,"recomputed matched null",0.332037734485686,0.0335281167176536,9.90326230613657,4,0,0.0231846388152749,0,0,2000,1000,960401
"GSE107994",2,4,"Stabl",20,1.37167035037035,1.04032785947259,1.31849814256223,14,4,0.284,14.0845070422535,9,28,1.676,16.7064439140811,16,"saved matched null",0.332037734485686,0.05273077994514,6.29684853573438,4,0,0.0299393429218562,0,0,2000,1000,960402
"GSE107994",2,4,"Stabl",50,1.23972761551307,1.03648434095768,1.19608909322026,30,20,1.676,11.9331742243437,16,64,7.458,8.58138911236256,34,"recomputed matched null",0.588084703016855,0.146019071771776,4.02745131770195,7,0.115966661454784,0.0907669902654156,1.27763034904739,1,2000,1000,960403
"GSE107994",2,4,"Stabl",100,1.16600121351784,1.0379793423305,1.1233375906113,56,39,7.081,5.50769665301511,21,126,27.368,4.60391698333821,64,"saved matched null",0.975616441663629,0.300908792755466,3.24223307909937,10,0.356256053122917,0.198438455808339,1.79529744711885,2,2000,1000,960404
"GSE107994",2,4,"Stabl",200,1.09514749308971,1.03857423796712,1.05447203777491,110,99,27.534,3.595554587056,31,190,93.342,2.03552527265325,119,"saved matched null",1.82550255323324,0.563864957553259,3.23748182748316,13,1.11106034991624,0.34910847643631,3.1825648040916,4,2000,1000,960405
"GSE107994",2,4,"Stabl",500,1.1298772367348,1.03965551146461,1.08678040396582,276,255,174.427,1.46192963245369,62,664,485.888,1.36657007376185,271,"recomputed matched null",2.55060943831157,1.44903771855579,1.76020914131461,19,1.53015094327365,0.921777462664794,1.66000038539681,6,2000,1000,960406
"GSE107994",2,5,"Stabl",10,1.7359117602129,1.0412964404251,1.66706779435857,8,2,0.069,28.9855072463768,5,16,0.458,34.9344978165939,9,"saved matched null",0.250703258634782,0.0286183330278492,8.76023276376077,3,0,0.0168404990491436,0,0,2000,1000,960501
"GSE107994",2,5,"Stabl",20,1.69489984945824,1.04698909230775,1.61883238508471,14,8,0.284,28.169014084507,9,38,1.884,20.1698513800425,17,"saved matched null",0.336165175230201,0.0623461351411207,5.39191682803257,4,0,0.0379508306092322,0,0,2000,1000,960502
"GSE107994",2,5,"Stabl",50,1.15719170890654,1.04116151724339,1.11144302756248,31,29,1.801,16.1021654636313,18,84,8.582,9.7879282218597,36,"recomputed matched null",0.629075885413345,0.152277978124035,4.13110216699189,7,0.115966661454784,0.090089307341151,1.28724112635965,1,2000,1000,960503
"GSE107994",2,5,"Stabl",100,1.10991570265834,1.04433334236362,1.06279830168621,60,36,7.457,4.82767869116267,21,110,28.706,3.83195150839546,65,"recomputed matched null",0.735327049995496,0.287343216822629,2.55905484085047,9,0.115966661454784,0.159379253668721,0.727614534422573,1,2000,1000,960504
"GSE107994",2,5,"Stabl",200,1.09454153781101,1.04383955243809,1.04857258498636,116,100,28.91,3.45901072293324,37,256,103.36,2.47678018575851,124,"recomputed matched null",2.10307934375179,0.597623896187728,3.51906835915939,14,1.42458617846153,0.340200512113067,4.1874898118556,5,2000,1000,960505
"GSE107994",2,5,"Stabl",500,1.11273487408053,1.04295768271616,1.06690318554694,277,273,185.997,1.46776560912273,78,762,514.232,1.48182143468318,275,"recomputed matched null",2.70137274879607,1.47337997947491,1.83345286784662,22,1.53015094327365,0.83781747703132,1.82635357368708,6,2000,1000,960506
"GSE107994",3,1,"Stabl",10,1.53373997615802,1.03061007042667,1.48818648310224,9,2,0.062,32.258064516129,7,16,0.554,28.8808664259928,10,"saved matched null",0.250703258634782,0.0268462330887116,9.3384892325992,3,0,0.016862637227803,0,0,2000,1000,970101
"GSE107994",3,1,"Stabl",20,1.70405998422899,1.03335070180305,1.64906258955033,16,10,0.281,35.5871886120996,10,40,1.736,23.0414746543779,17,"saved matched null",0.417499651081106,0.0567332864634144,7.35898935363703,5,0,0.0336097754636067,0,0,2000,1000,970102
"GSE107994",3,1,"Stabl",50,1.24594032407923,1.02846493877567,1.21145629481784,32,24,1.713,14.0105078809107,15,78,8.346,9.34579439252336,38,"saved matched null",0.53346631253589,0.130919572568192,4.07476362831863,6,0.115966661454784,0.0756892383907989,1.532142004865,1,2000,1000,970103
"GSE107994",3,1,"Stabl",100,1.16447727959206,1.03012281494424,1.13042567614143,59,34,6.881,4.941142275832,21,118,25.01,4.71811275489804,65,"recomputed matched null",0.993156114268774,0.268865911959643,3.69387144331576,10,0.356256053122917,0.156095703333274,2.28229250078901,2,2000,1000,970104
"GSE107994",3,1,"Stabl",200,1.03504768157065,1.03346460302539,1.00153181690077,109,55,28.383,1.93777965683684,33,168,80.708,2.0815780343956,118,"recomputed matched null",1.60746544226247,0.541634887994657,2.96780262477908,12,0.873704758921284,0.320562437002473,2.72553692532149,3,2000,1000,970105
"GSE107994",3,1,"Stabl",500,1.07406760754707,1.03085133237071,1.04192289791872,267,145,175.569,0.82588611884786,66,526,423.266,1.24271734559355,267,"recomputed matched null",1.92218587660019,1.32128057175038,1.45479008599495,16,0.979269523733405,0.765671486512863,1.27896825333452,4,2000,1000,970106
"GSE107994",3,2,"Stabl",10,1.90318500706817,1.03990356042967,1.83015529467156,9,4,0.0580000000000001,68.9655172413792,6,20,0.444,45.045045045045,9,"saved matched null",0.264862905683322,0.0350138146015339,7.56452585065434,3,0,0.0238218991747187,0,0,2000,1000,970201
"GSE107994",3,2,"Stabl",20,1.56509464659643,1.04218465829917,1.50174408549694,14,9,0.247,36.4372469635628,9,48,1.416,33.8983050847458,16,"saved matched null",0.417499651081106,0.0595376546488091,7.01236307583468,5,0,0.0386484978924994,0,0,2000,1000,970202
"GSE107994",3,2,"Stabl",50,1.29543388451053,1.03594985309388,1.25047933608147,34,20,1.687,11.85536455246,15,92,9.418,9.76852834996815,40,"recomputed matched null",0.69898324974994,0.153289004962777,4.55990467104717,8,0.115966661454784,0.0980658248343115,1.18253899001733,1,2000,1000,970203
"GSE107994",3,2,"Stabl",100,1.08282625248787,1.03767950072057,1.04350741412542,61,34,6.49,5.23882896764253,21,116,28.742,4.03590564330944,70,"saved matched null",0.69898324974994,0.307370620241706,2.27407306918365,8,0.115966661454784,0.203143169716924,0.570861730750686,1,2000,1000,970204
"GSE107994",3,2,"Stabl",200,1.11987780011685,1.03810105065184,1.07877532675038,120,67,26.149,2.56223947378485,33,260,93.97,2.76684048100458,126,"recomputed matched null",1.78392448585574,0.613356108591044,2.90846452960848,13,0.946941195798437,0.406432576578597,2.32988507902076,3,2000,1000,970205
"GSE107994",3,2,"Stabl",500,1.09612155024501,1.03914251325283,1.05483274552382,285,221,167.53,1.319166716409,72,734,481.904,1.52312493774694,285,"recomputed matched null",2.61733560796418,1.56693965587471,1.67034869412575,20,1.53015094327365,1.01911269888107,1.50145410311703,6,2000,1000,970206
"GSE107994",3,3,"Stabl",10,1.38163052811341,1.04478659275494,1.32240453475792,5,1,0.065,15.3846153846154,3,16,0.344,46.5116279069767,8,"saved matched null",0.366032699561823,0.0275097170956301,13.3055784721235,4,0.115966661454784,0.0174449103289538,6.64759286623048,1,2000,1000,970301
"GSE107994",3,3,"Stabl",20,1.46524980941674,1.04603735803995,1.40076240887066,11,4,0.315,12.6984126984127,6,36,1.158,31.0880829015544,14,"saved matched null",0.462279492967021,0.0626668111351013,7.37678341363832,5,0.115966661454784,0.0402100098334995,2.88402469770525,1,2000,1000,970302
"GSE107994",3,3,"Stabl",50,1.25737582956694,1.03793443889554,1.2114212443947,31,32,1.8,17.7777777777778,18,94,7.444,12.6276195593767,35,"recomputed matched null",0.69898324974994,0.147990592942092,4.72316000533526,8,0.115966661454784,0.0921616427065131,1.25829638067626,1,2000,1000,970303
"GSE107994",3,3,"Stabl",100,1.17977900052549,1.03373254550707,1.14128069746201,61,52,6.741,7.71398902240024,25,144,28.03,5.13735283624688,69,"saved matched null",0.835564040331833,0.279032334612122,2.99450614386084,10,0.115966661454784,0.173510577404283,0.668354997082276,1,2000,1000,970304
"GSE107994",3,3,"Stabl",200,1.08123108218243,1.03716630611703,1.04248573811694,117,102,28.119,3.6274405206444,40,212,89.912,2.35786101966367,123,"saved matched null",0.962340493898909,0.577121978290071,1.66748197105608,12,0.115966661454784,0.352808551948103,0.328695721275605,1,2000,1000,970305
"GSE107994",3,3,"Stabl",500,1.06651804749131,1.03592637005433,1.02953074496537,284,319,177.687,1.79529172083495,82,680,484.844,1.402512973245,284,"recomputed matched null",1.52630799120017,1.45054151567299,1.05223323476683,16,0.535057254812191,0.897349660524364,0.596263951890874,3,2000,1000,970306
"GSE107994",3,4,"Stabl",10,1.62546897762788,1.04249765508434,1.55920636339117,8,4,0.059,67.7966101694915,7,16,0.488,32.7868852459016,9,"recomputed matched null",0.250703258634782,0.0271459704253404,9.23537654784864,3,0,0.0150787220776139,0,0,2000,1000,970401
"GSE107994",3,4,"Stabl",20,1.34277156945594,1.04601573870095,1.28370111440535,17,12,0.238,50.4201680672269,13,42,2.572,16.3297045101089,19,"recomputed matched null",0.417499651081106,0.0635931767907758,6.56516425425164,5,0,0.0390072879950987,0,0,2000,1000,970402
"GSE107994",3,4,"Stabl",50,1.17328319515002,1.04139284174354,1.12664803148221,31,37,1.669,22.1689634511684,18,78,8.8,8.86363636363636,36,"saved matched null",0.603373676872485,0.149471061554056,4.03672570863676,7,0.115966661454784,0.0939982911355357,1.23371031594151,1,2000,1000,970403
"GSE107994",3,4,"Stabl",100,1.07924242163169,1.04106044242808,1.03667604458638,57,67,6.93,9.66810966810967,25,136,28.074,4.84433995868063,64,"recomputed matched null",1.31329257774363,0.297564104688941,4.41347782561504,10,0.633415367253151,0.180962064578287,3.50026602939825,2,2000,1000,970404
"GSE107994",3,4,"Stabl",200,1.12672311521623,1.0438593860849,1.07938207984326,120,123,29.114,4.22477158755238,39,256,102.756,2.49133870528242,122,"recomputed matched null",1.86710779795705,0.620432884567266,3.00936305021825,12,1.18723058746657,0.370792220153302,3.20187566766022,4,2000,1000,970405
"GSE107994",3,4,"Stabl",500,1.09136990895261,1.04005114495756,1.04934253882019,287,270,182.815,1.47690287996062,71,732,554.772,1.31946096774891,284,"recomputed matched null",2.3245453116671,1.54141506893946,1.508059288188,18,1.29279535227869,0.930662828521614,1.38911248269401,5,2000,1000,970406
"GSE107994",3,5,"Stabl",10,1.70894406950572,1.02491932461525,1.66739374354879,7,1,0.0760000000000002,13.1578947368421,4,22,0.486,45.2674897119342,9,"saved matched null",0.332037734485686,0.0337028479190824,9.85191919931752,4,0,0.0178910846087376,0,0,2000,1000,970501
"GSE107994",3,5,"Stabl",20,1.46638969572104,1.03534994302812,1.41632276661188,15,12,0.283,42.4028268551237,10,56,1.784,31.390134529148,17,"saved matched null",0.53346631253589,0.0602631252246356,8.85228422102822,6,0.115966661454784,0.0370892125277751,3.12669516420548,1,2000,1000,970502
"GSE107994",3,5,"Stabl",50,1.20504084746675,1.03631258153188,1.1628159967772,35,31,1.761,17.6036342986939,18,104,10.446,9.9559640053609,40,"saved matched null",0.68070865951453,0.148905865202465,4.57140260116001,8,0.115966661454784,0.0855393146152034,1.35571183819343,1,2000,1000,970503
"GSE107994",3,5,"Stabl",100,1.12256513383007,1.0368769732173,1.08264062451584,56,49,7.327,6.6875938310359,24,136,23.344,5.82590815627142,59,"recomputed matched null",1.12875165426265,0.295525443176805,3.81947368771001,11,0.42949249000007,0.168702171721113,2.54586224716821,2,2000,1000,970504
"GSE107994",3,5,"Stabl",200,1.13108821404808,1.04142834812997,1.08609316817533,113,134,28.273,4.73950412053903,42,256,88.594,2.88958620222588,114,"recomputed matched null",1.73194448725531,0.585139489285229,2.95988310303745,13,0.946941195798437,0.33137374889652,2.85762284716809,3,2000,1000,970505
"GSE107994",3,5,"Stabl",500,1.16347406994903,1.03861285917087,1.12021920359992,287,318,182.129,1.74601518703776,76,818,513.62,1.59261710992563,277,"recomputed matched null",2.50022123388534,1.48086455410747,1.68835240667385,23,1.05250596061056,0.844662754923328,1.24606649751722,4,2000,1000,970506
"GSE13355",1,1,"Stabl",10,1.71634429236463,0.998348851924575,1.71918291793087,10,1,0.501,1.99600798403194,4,16,0.868,18.4331797235023,10,"saved matched null",0.623030661907083,0.174492443932899,3.57053089443042,6,0.353925365545733,0.120414417749674,2.93922747923341,3,2000,1000,950101
"GSE13355",1,1,"Stabl",20,1.4349175676609,1.00758657346433,1.424113426529,19,5,2.092,2.39005736137667,9,38,4.04,9.4059405940594,20,"saved matched null",1.14746468501962,0.330735532102352,3.46943274502638,13,0.57723345138314,0.225984725897507,2.55430294720422,5,2000,1000,950102
"GSE13355",1,1,"Stabl",50,1.21996643361749,1.01666694448772,1.19996665597523,45,15,13.571,1.10529806204406,17,80,23.366,3.42377813917658,48,"saved matched null",1.83410999139002,0.832603169179923,2.20286213082342,18,1.08656318008428,0.566288365659499,1.91874537068914,8,2000,1000,950103
"GSE13355",1,1,"Stabl",100,1.29345276681876,1.00469926531972,1.28740291892933,88,153,56.341,2.71560675174385,39,394,96.72,4.07361455748553,96,"saved matched null",4.58159582288758,1.68874336644529,2.71302076675604,37,3.13425049072016,1.1541180230279,2.71571054968647,17,2000,1000,950104
"GSE13355",1,1,"Stabl",200,1.1316038551223,1.01084796436998,1.11945999300457,177,622,222.892,2.79058916425892,82,1040,378.648,2.74661426971752,190,"recomputed matched null",6.44378796601387,3.31029435302343,1.94659062875436,51,4.45753425286483,2.25179698218768,1.97954535338893,23,2000,1000,950105
"GSE13355",1,1,"Stabl",500,1.069727126358,1.01046659785968,1.05864669710394,445,2341,1415.948,1.65330930231901,197,4888,2396.626,2.03953391142381,475,"recomputed matched null",11.9732123060578,8.26136572051805,1.44930181172357,93,7.75482082421764,5.60581668417596,1.38335255344825,36,2000,1000,950106
"GSE13355",1,2,"Stabl",10,1.78170948052798,1.00350252432166,1.77549078088505,10,1,0.554,1.80505415162455,6,16,1,16,10,"saved matched null",0.751871922660479,0.169181962206985,4.44416126194709,8,0.353925365545733,0.116119988526308,3.04792800996142,3,2000,1000,950201
"GSE13355",1,2,"Stabl",20,1.48790751713861,1.02007602023855,1.45862414919886,19,7,2.316,3.02245250431779,11,32,3.822,8.37257980115123,19,"saved matched null",1.05662104811524,0.343054472222948,3.08003869259735,12,0.462968323649808,0.235036541537252,1.96977168155119,4,2000,1000,950202
"GSE13355",1,2,"Stabl",50,1.30228318822114,1.0218749830062,1.27440558764833,45,34,14.782,2.30009470978217,20,148,25.914,5.71119857991819,48,"saved matched null",2.50669906502158,0.886107182032126,2.82888923129245,24,1.39810939303866,0.610217803439727,2.29116454019807,9,2000,1000,950203
"GSE13355",1,2,"Stabl",100,1.28836517720916,1.02134593004326,1.26143859716031,91,228,60.199,3.78743832954036,49,474,105.634,4.48719162390897,97,"saved matched null",3.93388065580534,1.76241351724726,2.23209854969209,35,2.49485950328361,1.19928831354779,2.08028334396356,15,2000,1000,950204
"GSE13355",1,2,"Stabl",200,1.1815802655197,1.01405486162563,1.16520349167846,180,691,242.769,2.84632716697766,87,1532,415.056,3.69106819320766,192,"recomputed matched null",7.34327999708714,3.48983838077767,2.10418913309412,56,4.92590593385567,2.37657749503783,2.07268895886657,23,2000,1000,950205
"GSE13355",1,2,"Stabl",500,1.09635866530701,1.01865997648802,1.07627539180137,439,2885,1528.473,1.8875047187618,206,5798,2538.978,2.28359599807482,474,"saved matched null",12.3732874807835,8.77431765645947,1.41017090618716,94,8.00943083121197,6.01151496807258,1.33234814747204,35,2000,1000,950206
"GSE13355",1,3,"Stabl",10,1.80495389595905,1.03036550122695,1.75176080120087,10,2,0.547,3.6563071297989,6,16,0.998,16.0320641282565,10,"saved matched null",0.623030661907083,0.163741132733563,3.80497344501011,6,0.353925365545733,0.107590587132452,3.28955696756283,3,2000,1000,950301
"GSE13355",1,3,"Stabl",20,1.43657481400149,1.03126489938594,1.39302211765075,18,5,2.266,2.20653133274492,9,30,3.664,8.18777292576419,19,"saved matched null",0.922478044295197,0.341574459783244,2.70066457802665,10,0.462968323649808,0.232157069363188,1.99420299765043,4,2000,1000,950302
"GSE13355",1,3,"Stabl",50,1.27788417735975,1.02694981540024,1.24434919622797,44,21,14.571,1.44121885937822,22,132,25.4,5.19685039370079,48,"saved matched null",1.95431362509817,0.862574776689249,2.26567444111832,21,1.14630372594811,0.583203538169569,1.96552944370996,10,2000,1000,950303
"GSE13355",1,3,"Stabl",100,1.22707056575413,1.02668801616604,1.19517374940868,90,167,60.02,2.78240586471176,45,432,102.164,4.22849536040092,96,"saved matched null",4.19450798161084,1.72478045189829,2.43190834925939,35,2.69559482000627,1.18278235902569,2.27902859679675,15,2000,1000,950304
"GSE13355",1,3,"Stabl",200,1.08670793053514,1.0276273376689,1.05749223546375,178,619,237.591,2.60531754148937,86,1878,403.606,4.65305272964227,191,"recomputed matched null",6.35003849475474,3.41111616910897,1.86157204268228,50,4.3049378027103,2.29045443588957,1.87951252609762,22,2000,1000,950305
"GSE13355",1,3,"Stabl",500,1.0787970157297,1.02601151762561,1.05144727636805,435,2713,1497.997,1.81108506892871,204,6018,2500.73,2.40649730278759,473,"recomputed matched null",12.1591841661313,8.54585544257253,1.42281650419201,94,7.73210552334143,5.81046661017542,1.33072024023007,34,2000,1000,950306
"GSE13355",1,4,"Stabl",10,1.62351212546878,1.0273764755537,1.58025043798457,9,2,0.519,3.85356454720617,5,8,0.99,8.08080808080808,10,"saved matched null",0.63249531250565,0.176661776351156,3.58026125158178,7,0.325550553811716,0.121101233604518,2.68825134246668,3,2000,1000,950401
"GSE13355",1,4,"Stabl",20,1.41481057518775,1.03781244294385,1.36326229735164,18,10,2.171,4.60617227084293,9,40,4.216,9.4876660341556,20,"saved matched null",1.0281091160519,0.346552831590761,2.96667354103741,12,0.438128610637698,0.236282091152996,1.85426076305548,4,2000,1000,950402
"GSE13355",1,4,"Stabl",50,1.32457457332132,1.01539940089459,1.30448626634439,43,35,14.295,2.44840853445261,22,108,24.808,4.35343437600774,48,"saved matched null",2.39044133590772,0.850122504625525,2.81187866795822,24,1.36649071564741,0.57990376283534,2.35640946519503,10,2000,1000,950403
"GSE13355",1,4,"Stabl",100,1.23494969243448,1.01501513017152,1.21668106782388,90,153,56.475,2.70916334661355,42,370,103.41,3.57799052316024,98,"saved matched null",4.65776982156478,1.71961622644788,2.7086100665531,36,3.19644261559591,1.17344532550855,2.72398086737499,16,2000,1000,950404
"GSE13355",1,4,"Stabl",200,1.13153772709888,1.01365371889622,1.11629613348731,178,619,230.352,2.68719177606446,86,1526,392.598,3.88692759514822,191,"saved matched null",7.44597374228682,3.42310168246779,2.17521255077613,59,4.84157198670186,2.33377200297508,2.07456940117966,24,2000,1000,950405
"GSE13355",1,4,"Stabl",500,1.08804084354579,1.01581918756695,1.07109695983575,445,2765,1445.411,1.91295071090506,213,5658,2432.454,2.32604604239176,475,"recomputed matched null",13.3340295082231,8.67183394644324,1.53762509644134,96,8.89099944386496,5.9697544330811,1.4893409006233,37,2000,1000,950406
"GSE13355",1,5,"Stabl",10,1.92478691226654,1.00157739566221,1.92175554340854,9,2,0.521,3.83877159309021,5,22,0.804,27.363184079602,9,"saved matched null",0.682888097253769,0.164701264525254,4.1462225516129,7,0.353925365545733,0.109802031389155,3.22330435118607,3,2000,1000,950501
"GSE13355",1,5,"Stabl",20,1.65707070675697,1.01734280092181,1.62882236474815,17,6,2.279,2.63273365511189,8,54,3.426,15.7618213660245,19,"saved matched null",1.31692797804048,0.330990113296691,3.97875321689751,13,0.815951411729837,0.219412068482185,3.71880825596468,7,2000,1000,950502
"GSE13355",1,5,"Stabl",50,1.41783256567281,1.01428132582107,1.39786914101476,43,27,13.95,1.93548387096774,18,136,25.136,5.41056651814131,49,"saved matched null",2.53617455293046,0.833952591994802,3.04114955367424,24,1.4828034225231,0.571363480348835,2.59520160724623,10,2000,1000,950503
"GSE13355",1,5,"Stabl",100,1.209820388463,1.01964344295639,1.18651318440807,92,92,55.994,1.64303318212666,36,352,105.078,3.34989246083861,99,"saved matched null",4.8673482681656,1.64849806718964,2.95259567787268,37,3.34942253402712,1.10285762990762,3.03703981656062,16,2000,1000,950504
"GSE13355",1,5,"Stabl",200,1.13482585705653,1.01293312012535,1.12033641166368,182,471,230.41,2.04418211015147,85,1268,405.76,3.125,194,"recomputed matched null",7.24731421376919,3.3344196730482,2.17348592090808,52,5.26027539103764,2.2413421329192,2.34693102573612,24,2000,1000,950505
"GSE13355",1,5,"Stabl",500,1.09840828921185,1.01374560253091,1.08351472644573,437,2130,1442.317,1.47679046977883,190,5140,2446,2.10139002452984,479,"recomputed matched null",12.2752448180906,8.31232856386727,1.47675163749538,98,7.51684830680187,5.61449181269979,1.33882968531524,34,2000,1000,950506
"GSE13355",2,1,"Stabl",10,1.89215831125763,1.0063655663617,1.8801898380708,10,2,0.5,4,5,18,1.028,17.5097276264591,10,"saved matched null",0.531894593019045,0.167445866737334,3.17651670586416,6,0.214826620480502,0.117671798774828,1.82564236050802,2,2000,1000,960101
"GSE13355",2,1,"Stabl",20,1.53477921322376,1.01818604640226,1.50736618189463,18,6,2.131,2.81557954012201,10,54,4.152,13.0057803468208,20,"saved matched null",1.2884921944781,0.328550875523962,3.92174329903475,14,0.691492483436261,0.220575017058557,3.13495377970519,6,2000,1000,960102
"GSE13355",2,1,"Stabl",50,1.31185347781873,1.02247219303852,1.28302117822906,43,29,14.231,2.03780479235472,20,144,24.882,5.78731613214372,48,"saved matched null",2.71332997042305,0.864090957722203,3.14009763228579,24,1.71171297724225,0.59183261099463,2.89222483763703,11,2000,1000,960103
"GSE13355",2,1,"Stabl",100,1.20461095781808,1.01883348996074,1.18234330701526,90,184,57.613,3.19372363876208,45,394,99.952,3.94189210821194,96,"recomputed matched null",4.06393167776997,1.73538794664869,2.34180010620569,36,2.49485950328361,1.18427192126095,2.10666102817605,15,2000,1000,960104
"GSE13355",2,1,"Stabl",200,1.14132376818217,1.01686019005938,1.12239989266914,180,702,234.921,2.98823859935893,89,1622,405.286,4.00211208874721,192,"recomputed matched null",7.80358480465976,3.48576373019218,2.23870158986063,59,5.45032853820287,2.38692684492501,2.28340828701606,27,2000,1000,960105
"GSE13355",2,1,"Stabl",500,1.08985470433948,1.02001347328413,1.06847089071331,434,2537,1447.013,1.75326690223239,199,6284,2475.424,2.53855501118192,476,"recomputed matched null",12.197429240043,8.71971301373793,1.39883379428038,94,7.80930558867715,5.97539886225316,1.30690950825205,35,2000,1000,960106
"GSE13355",2,2,"Stabl",10,1.76370578904614,1.01455132355777,1.73840962807213,10,2,0.528,3.78787878787879,5,8,0.914,8.7527352297593,10,"saved matched null",0.43640359768603,0.166947245805036,2.61402094764516,5,0.216507595707641,0.112123827263671,1.93096865306337,2,2000,1000,960201
"GSE13355",2,2,"Stabl",20,1.45788593191422,1.01339608777527,1.43861413074403,17,5,2.109,2.37079184447605,8,28,4.206,6.65715644317641,20,"saved matched null",0.94446102063166,0.343098930290349,2.75273671017396,10,0.544808735332958,0.235065242299534,2.3176915906552,5,2000,1000,960202
"GSE13355",2,2,"Stabl",50,1.23945688999394,1.00842587453949,1.22910064218647,44,43,13.738,3.13000436744795,22,104,25.57,4.06726632772781,49,"saved matched null",1.83045876676347,0.851539193367933,2.149588393605,21,0.911843497990929,0.581476909924841,1.56815082839453,8,2000,1000,960203
"GSE13355",2,2,"Stabl",100,1.23943367503277,1.01359848018537,1.22280538029822,88,75,56.542,1.32644759647696,34,274,102.342,2.67729768814368,98,"saved matched null",3.56036097121601,1.70639719791242,2.0864784445097,32,2.23850704164137,1.17354114196181,1.90748066821011,14,2000,1000,960204
"GSE13355",2,2,"Stabl",200,1.17533514512452,1.01364416888305,1.15951453301373,180,553,223.788,2.47108870895669,85,1366,389.932,3.50317491254885,191,"recomputed matched null",7.49476358280563,3.3865496860277,2.21309718671121,57,5.11641868342828,2.32379289577301,2.2017533028589,24,2000,1000,960205
"GSE13355",2,2,"Stabl",500,1.09641606405462,1.01418612651241,1.08107973023156,440,2434,1405.773,1.73143174609272,199,5212,2413.48,2.15953726569104,475,"recomputed matched null",12.2592622896361,8.51168954845118,1.44028541217964,91,8.12828683012021,5.7949259808855,1.40265585046837,35,2000,1000,960206
"GSE13355",2,3,"Stabl",10,1.83103691226654,1.01706611792973,1.80031256570976,10,2,0.458000000000001,4.36681222707423,6,22,1.018,21.6110019646365,10,"saved matched null",0.75804209479982,0.179077948383067,4.23302869864405,8,0.353925365545733,0.123546189827163,2.86472100872445,3,2000,1000,960301
"GSE13355",2,3,"Stabl",20,1.19541378000007,1.02291878852114,1.16863019177535,20,7,2.254,3.1055900621118,10,32,4.182,7.6518412242946,20,"saved matched null",1.44705633025925,0.335678591926561,4.31083889489095,13,0.8656240233359,0.231152297498233,3.744821196694,6,2000,1000,960302
"GSE13355",2,3,"Stabl",50,1.29905804456785,1.02968671718703,1.26160512987553,44,35,13.627,2.56843032215455,21,108,24.194,4.46391667355543,48,"saved matched null",2.17628735539967,0.846796209718172,2.57002491322437,22,1.19656447974789,0.576905929223006,2.07410674624104,9,2000,1000,960303
"GSE13355",2,3,"Stabl",100,1.19374247747071,1.03265188043022,1.15599700159688,90,137,57.137,2.39774576894132,44,326,101.242,3.22000750676597,98,"saved matched null",3.52912078277285,1.72106232663316,2.05054792505784,33,2.1058991875746,1.17290062728072,1.7954625810517,13,2000,1000,960304
"GSE13355",2,3,"Stabl",200,1.11617949758951,1.02413290720104,1.08987758301804,182,506,225.457,2.24433040446737,83,1398,401.652,3.48062501867288,193,"saved matched null",6.19277076033097,3.45488560279554,1.7924676739861,51,4.0974907253832,2.3465917314757,1.74614555673322,22,2000,1000,960305
"GSE13355",2,3,"Stabl",500,1.08915458348405,1.02158851942972,1.06613823743051,438,2595,1425.48,1.82043943092853,201,5716,2446.49,2.33640848726134,478,"recomputed matched null",12.2614417063825,8.6017218147564,1.4254636420987,92,8.25608440941043,5.85925808593439,1.40906652144745,37,2000,1000,960306
"GSE13355",2,4,"Stabl",10,1.88886242321543,1.01121680094009,1.8679104435957,10,1,0.544,1.83823529411765,4,26,1.102,23.5934664246824,10,"saved matched null",0.830068314524479,0.174310159822414,4.76201912367097,9,0.329091748213834,0.120741173641581,2.72559673132497,3,2000,1000,960401
"GSE13355",2,4,"Stabl",20,1.37589732084386,1.03342281439522,1.33139824443402,18,2,2.392,0.836120401337793,7,44,3.72,11.8279569892473,19,"saved matched null",1.17767270715039,0.353249625439115,3.33382577741296,13,0.548136005981519,0.242198519561092,2.26316827606891,5,2000,1000,960402
"GSE13355",2,4,"Stabl",50,1.33617896420504,1.01649124825599,1.31450119860603,46,34,14.298,2.37795495873549,21,170,26.292,6.46584512399209,49,"saved matched null",2.9270938729186,0.857430831819766,3.41379591716604,24,1.96659723874763,0.579343010428162,3.3945300164996,11,2000,1000,960403
"GSE13355",2,4,"Stabl",100,1.29037785589555,1.01639454076506,1.26956393815758,92,194,59.69,3.25012564918747,43,520,106.328,4.89052742457302,98,"saved matched null",5.24174946722159,1.72300438427784,3.04221481677689,41,3.58119260026958,1.16338076600665,3.07826354441303,18,2000,1000,960404
"GSE13355",2,4,"Stabl",200,1.206744849815,1.01939129416518,1.18378963673929,181,597,234.633,2.54439912544271,88,1298,431.238,3.00993882728331,196,"recomputed matched null",8.24182325726683,3.4043240965098,2.42098666978169,59,5.8374272302816,2.29748047879247,2.54079513805039,26,2000,1000,960405
"GSE13355",2,4,"Stabl",500,1.12413168855563,1.01984996551532,1.10225202389217,437,2498,1486.185,1.6808136268365,195,5138,2570.254,1.99902422095248,479,"recomputed matched null",11.7751489252273,8.47286661218106,1.38974794059647,94,7.26698735794107,5.71511549550867,1.27153814540615,33,2000,1000,960406
"GSE13355",2,5,"Stabl",10,1.92478691226654,1.01263999137854,1.90076130574921,9,2,0.54,3.7037037037037,5,22,0.804,27.363184079602,9,"saved matched null",0.682888097253769,0.168275105443683,4.05816472646522,7,0.353925365545733,0.112607524800761,3.14299924602677,3,2000,1000,960501
"GSE13355",2,5,"Stabl",20,1.47154031193391,1.02097095805595,1.44131456465314,18,3,2.311,1.29813933362181,10,30,3.194,9.39261114589856,18,"saved matched null",0.976165307502542,0.333107822385467,2.93047848745185,11,0.462968323649808,0.223680034079703,2.06977938623185,4,2000,1000,960502
"GSE13355",2,5,"Stabl",50,1.30409851937269,1.01826534260906,1.28070598576128,45,43,14.258,3.01585075045588,24,152,24.698,6.15434448133452,48,"saved matched null",2.43894729128261,0.846856431493913,2.8800009075684,22,1.63256962099584,0.566772314162227,2.88046818837476,11,2000,1000,960503
"GSE13355",2,5,"Stabl",100,1.19359443788698,1.01295802617424,1.17832566310272,89,166,58.211,2.8516946968786,46,402,102.87,3.90784485272674,97,"saved matched null",3.90905766487292,1.69504075059546,2.30617326663072,36,2.39271678792438,1.13550765737573,2.10717802947642,16,2000,1000,960504
"GSE13355",2,5,"Stabl",200,1.1405747662232,1.01494483717747,1.12378005625912,177,527,233.992,2.25221375089747,82,1186,390.962,3.0335429018677,190,"recomputed matched null",7.46247632638336,3.41888959749772,2.18271930507646,56,5.2033015700736,2.30148624071982,2.2608440919665,25,2000,1000,960505
"GSE13355",2,5,"Stabl",500,1.07626449381367,1.01759947271881,1.05765040437582,439,2424,1477.608,1.64048922312278,200,4934,2452.142,2.01211838466125,475,"recomputed matched null",12.4012537642403,8.53654270105989,1.45272555863869,97,7.72982588344594,5.75185484459802,1.34388403259265,33,2000,1000,960506
"GSE13355",3,1,"Stabl",10,1.55959372347998,1.02094097186454,1.52760420676594,10,2,0.524,3.81679389312977,6,10,1.028,9.72762645914397,10,"saved matched null",0.608835646412097,0.165780092888575,3.67254979656279,6,0.353925365545733,0.113737182615697,3.1117824215991,3,2000,1000,970101
"GSE13355",3,1,"Stabl",20,1.37445658130409,1.01033913089165,1.36039131740953,19,5,2.216,2.25631768953069,9,28,4.252,6.58513640639699,20,"saved matched null",0.979512294078945,0.338096091036621,2.89714172996117,11,0.462968323649808,0.228374979266015,2.02722874956689,4,2000,1000,970102
"GSE13355",3,1,"Stabl",50,1.20139336349249,1.03261189235801,1.16345102393607,44,15,14.995,1.00033344448149,19,90,25.502,3.52913496980629,48,"saved matched null",1.86980669102482,0.845825087720232,2.2106304461417,21,0.90817390779513,0.567859419415292,1.59929355179183,8,2000,1000,970103
"GSE13355",3,1,"Stabl",100,1.23926164645387,1.0146219020828,1.22140241986688,89,178,59.821,2.97554370538774,43,404,101.416,3.9835923325708,96,"recomputed matched null",4.26662270255831,1.70450723789645,2.50314144035187,35,2.89543738388251,1.15306063093779,2.51108858128964,16,2000,1000,970104
"GSE13355",3,1,"Stabl",200,1.14468803152838,1.0240172760098,1.11784054658608,181,571,244.758,2.33291659516747,82,1262,404.322,3.12127462764826,191,"recomputed matched null",6.94472904375606,3.45608383225051,2.00942146684962,56,4.50801993337061,2.33805012180069,1.92811090375543,23,2000,1000,970105
"GSE13355",3,1,"Stabl",500,1.10762992462373,1.01968986752294,1.08624196424979,442,2525,1507.342,1.67513411024174,195,5206,2462.078,2.11447403372273,472,"recomputed matched null",12.5080417713863,8.42249716429787,1.48507521313355,95,8.16025620492967,5.66915856978772,1.43941223454528,36,2000,1000,970106
"GSE13355",3,2,"Stabl",10,1.62122650321341,1.0207871599734,1.58821208454038,10,2,0.542,3.690036900369,4,14,1.018,13.7524557956778,10,"saved matched null",0.431211295362557,0.172043479939881,2.50640881894065,5,0.10224856365452,0.115269379261596,0.887040116894133,1,2000,1000,970201
"GSE13355",3,2,"Stabl",20,1.41977659849374,1.01542374759092,1.39821094578706,20,7,2.266,3.0891438658429,9,32,4.296,7.4487895716946,20,"saved matched null",0.872307222533152,0.342374840589415,2.5478134463135,9,0.468190493279065,0.230576873176612,2.0305180082846,4,2000,1000,970202
"GSE13355",3,2,"Stabl",50,1.20747437108929,1.01599769152712,1.18846172698913,45,23,14.1,1.63120567375887,19,94,25.274,3.71923716071852,48,"saved matched null",2.1456562043444,0.817771152273926,2.62378563780112,19,1.39810939303866,0.545536702261506,2.56281454069513,9,2000,1000,970203
"GSE13355",3,2,"Stabl",100,1.25973017087561,1.0208580561019,1.23399150679755,89,147,57.673,2.54885301614274,44,380,101.846,3.73112346091157,97,"saved matched null",3.32668781414703,1.70384291517338,1.95246157056005,32,1.87505231802929,1.16506843060048,1.6093924346254,12,2000,1000,970204
"GSE13355",3,2,"Stabl",200,1.15405195414242,1.01750590725439,1.13419680997871,180,601,233.871,2.5697927489941,84,1578,404.658,3.89958928280177,191,"recomputed matched null",6.34752929559908,3.28966596395489,1.92953611860579,51,4.14991676790003,2.21310797395506,1.87515332136447,21,2000,1000,970205
"GSE13355",3,2,"Stabl",500,1.123621006844,1.01876640528351,1.10292310486162,440,2638,1475.099,1.78835454433906,203,5748,2511.318,2.28883797272986,477,"recomputed matched null",11.4064387555128,8.42430136943786,1.35399224876898,93,7.03305882026033,5.66538684904048,1.24140839940197,34,2000,1000,970206
"GSE13355",3,3,"Stabl",10,1.89122193730088,1.02123591747644,1.85189524275081,10,2,0.554,3.6101083032491,5,24,0.98,24.4897959183673,10,"saved matched null",0.85206251591301,0.162493349112658,5.24367625238783,9,0.438134706317909,0.106016994136028,4.13268372574069,4,2000,1000,970301
"GSE13355",3,3,"Stabl",20,1.49131153122877,1.01766372039333,1.46542664471951,17,5,2.105,2.37529691211401,9,62,3.644,17.0142700329308,19,"saved matched null",1.38290924338054,0.329697798692968,4.194475209913,15,0.691492483436261,0.219293792877909,3.15326974996163,6,2000,1000,970302
"GSE13355",3,3,"Stabl",50,1.33383461598527,1.00906444665487,1.32185275222711,45,19,13.711,1.38574866895194,19,132,24.892,5.3029085650008,48,"saved matched null",2.69500664055175,0.826615741947654,3.26028952001548,23,1.81172420904098,0.538990391948507,3.3613293225718,11,2000,1000,970303
"GSE13355",3,3,"Stabl",100,1.30754228738598,0.999466529250153,1.30824019526393,91,180,56.879,3.16461259867438,42,478,104.942,4.55489699071868,98,"saved matched null",4.34175351362245,1.67332385804616,2.59468810699445,36,2.90377487113191,1.12289293397678,2.58597661742162,16,2000,1000,970304
"GSE13355",3,3,"Stabl",200,1.12468806274903,1.00423744531353,1.11994236820944,181,587,226.642,2.58998773395928,87,1624,420.948,3.85795870273763,196,"saved matched null",7.58666024989907,3.38566210656182,2.24082026236322,58,5.3485187879911,2.26614468295988,2.36018416132426,27,2000,1000,970305
"GSE13355",3,3,"Stabl",500,1.11582682446465,1.00985007916996,1.10494304796391,445,2299,1426.729,1.61137819445739,197,5988,2553.122,2.34536383298565,483,"recomputed matched null",12.64546247338,8.45331735766868,1.49591715752967,99,8.01897852795994,5.67302622871521,1.41352749038427,36,2000,1000,970306
"GSE13355",3,4,"Stabl",10,1.28360396673345,1.02285908361648,1.25491769813987,9,2,0.524,3.81679389312977,6,4,1.06,3.77358490566038,10,"saved matched null",0.566528073458874,0.177906326508356,3.18441780333351,6,0.323869578584577,0.117740630418605,2.750703622302,3,2000,1000,970401
"GSE13355",3,4,"Stabl",20,1.50715614121674,1.02394447095109,1.47191198739207,17,16,2.241,7.1396697902722,11,38,3.642,10.4338275672707,19,"saved matched null",1.06015364532538,0.346873831098737,3.05630909650146,12,0.438128610637698,0.240875017186121,1.81890432538781,4,2000,1000,970402
"GSE13355",3,4,"Stabl",50,1.22830818546711,1.01569122165942,1.20933228453065,43,33,14.506,2.27492072245967,20,118,24.8,4.75806451612903,48,"saved matched null",2.25186610728061,0.877460865531179,2.56634363507189,23,1.20023406994369,0.602443906073235,1.99227522735998,9,2000,1000,970403
"GSE13355",3,4,"Stabl",100,1.18238178248133,1.01953272812215,1.15972910909798,89,178,58.222,3.0572635773419,42,350,105.274,3.32465756027129,98,"saved matched null",3.71830043996081,1.70348250356925,2.1827640918941,35,2.27864479758871,1.15985119248461,1.96460098705201,15,2000,1000,970404
"GSE13355",3,4,"Stabl",200,1.1596551456933,1.01681240199431,1.14048092196636,179,541,231.736,2.33455311216212,87,1190,411.352,2.8928995118536,194,"recomputed matched null",7.48454879913777,3.45030731997987,2.16924120231164,59,4.96560731536509,2.34789103194089,2.11492239112147,25,2000,1000,970405
"GSE13355",3,4,"Stabl",500,1.10562564664548,1.01686500119857,1.08728852437864,441,2789,1462.042,1.90760593744913,214,5448,2511.548,2.16918012317503,480,"saved matched null",13.2505905279965,8.60025715474937,1.54072027028623,98,8.82265707946601,5.88058171425306,1.50030345774842,38,2000,1000,970406
"GSE13355",3,5,"Stabl",10,1.95246944615506,1.02944999375152,1.8966141706795,10,2,0.542,3.690036900369,5,16,1.09,14.6788990825688,10,"saved matched null",0.623030661907083,0.167658519897202,3.71606919999704,6,0.353925365545733,0.114655880015667,3.08684879918388,3,2000,1000,970501
"GSE13355",3,5,"Stabl",20,1.36865940691465,1.01790452730291,1.34458524370759,20,8,2.242,3.56824264049955,11,26,4.026,6.45802285146547,20,"saved matched null",1.00122805672394,0.335457634389453,2.98466320060421,11,0.462968323649808,0.230334827935474,2.00997967957978,4,2000,1000,970502
"GSE13355",3,5,"Stabl",50,1.19398293924189,1.01460160044931,1.17679977905923,44,37,15.082,2.45325553640101,20,136,26.09,5.21272518206209,49,"saved matched null",2.50731239783866,0.821365891479206,3.05261324319569,24,1.39810939303866,0.55233242700995,2.5312824753153,9,2000,1000,970503
"GSE13355",3,5,"Stabl",100,1.28578424869833,1.022808163483,1.25711183641691,92,133,59.453,2.23706120801305,39,408,105.878,3.85349175466102,99,"saved matched null",3.51979616352602,1.67528305181096,2.1010158013126,35,1.94617320519943,1.13670097644919,1.71212416063797,13,2000,1000,970504
"GSE13355",3,5,"Stabl",200,1.14095525907461,1.02014236027853,1.11842748963301,181,498,236.742,2.10355576957194,81,1264,410.146,3.08182939733656,194,"saved matched null",6.12474463950588,3.32638121454622,1.84126359682482,55,3.50576349280171,2.25703918177137,1.5532577019998,19,2000,1000,970505
"GSE13355",3,5,"Stabl",500,1.09227799099176,1.01918965617115,1.07171220231491,439,2666,1495.814,1.78230715851035,201,5962,2472.676,2.41115293714179,476,"recomputed matched null",11.7946924697065,8.30224389561904,1.42066321081345,94,7.4965660787232,5.59370359399589,1.34017935572592,35,2000,1000,970506
"GSE65682",1,1,"Stabl",10,0.821284311617814,1.061106676349,0.773988449911224,9,0,0.771,0,4,2,0.912000000000001,2.19298245614035,10,"saved matched null",0.180952645390624,0.119989135755873,1.50807524573546,2,0.119100221901465,0.0592236826647256,2.01102357271009,1,2000,1000,950101
"GSE65682",1,1,"Stabl",20,0.645417747080412,1.0371045743019,0.622326584100603,19,6,3.055,1.96399345335516,10,16,4.304,3.71747211895911,20,"saved matched null",0.271596533638173,0.249220750733893,1.08978298491754,3,0.119100221901465,0.127070849528971,0.937274145431059,1,2000,1000,950102
"GSE65682",1,1,"Stabl",50,0.9935301365383,1.02976368221617,0.964813727359377,47,30,20.784,1.44341801385681,20,70,27.922,2.50698374041974,50,"saved matched null",0.518402027257636,0.607368072413756,0.853522025281048,6,0.241434802553761,0.303607779344512,0.795219421172335,2,2000,1000,950103
"GSE65682",1,1,"Stabl",100,1.08221072993184,1.03627721219048,1.04432551174628,88,96,83.058,1.15581882539912,37,236,108.304,2.17905155857586,98,"recomputed matched null",1.34710630985701,1.24063854125615,1.08581691206616,15,0.595952606216276,0.62205799338185,0.958033836968076,4,2000,1000,950104
"GSE65682",1,1,"Stabl",200,1.12919246307939,1.02907831071044,1.09728526131295,181,370,335.813,1.10180368240658,75,726,429.088,1.69196062346185,195,"saved matched null",2.81195463389258,2.52703022213938,1.11275069417729,29,1.49833980483669,1.29334671326045,1.15849817336255,9,2000,1000,950105
"GSE65682",1,1,"Stabl",500,1.19078881645988,1.02983343050636,1.15629264032959,464,2347,2098.413,1.11846428705884,201,3728,2532.41,1.47211549472637,473,"recomputed matched null",7.80677154303762,6.25739666355932,1.24760694627228,72,4.1751609869546,3.21027584843473,1.30056144209238,21,2000,1000,950106
"GSE65682",1,2,"Stabl",10,0.936058938199888,1.03816738394375,0.901645488653307,10,1,0.72,1.38888888888889,3,12,1.078,11.1317254174397,10,"saved matched null",0.271596533638173,0.126702813358787,2.14357145226986,3,0.119100221901465,0.0651359852641586,1.8284857658705,1,2000,1000,950201
"GSE65682",1,2,"Stabl",20,0.905836178813078,1.0343885075703,0.875721425928077,19,2,3.267,0.612182430364249,5,24,4.304,5.57620817843866,20,"saved matched null",0.271596533638173,0.268487392929385,1.01158021117813,3,0.119100221901465,0.136010816432303,0.875667281658771,1,2000,1000,950202
"GSE65682",1,2,"Stabl",50,1.05803617919702,1.0402711261406,1.01707732975568,46,36,20.435,1.76168338634695,20,78,27.684,2.81751192024274,50,"saved matched null",0.771897384519299,0.639239707238704,1.20752415060953,10,0.234279495425701,0.317887883198326,0.736987811767388,2,2000,1000,950203
"GSE65682",1,2,"Stabl",100,1.16986242357747,1.03684342955488,1.12829226692375,92,113,83.602,1.35164230520801,41,240,105.87,2.26693114196656,97,"saved matched null",1.11799149317107,1.28114698390386,0.872648889797464,15,0.339064117086501,0.630603743374523,0.537681738570218,3,2000,1000,950204
"GSE65682",1,2,"Stabl",200,1.19886215118568,1.03647117994415,1.15667678405711,184,437,337.483,1.29488003840193,82,866,415.606,2.08370427760908,191,"recomputed matched null",2.15478052097535,2.58413716694181,0.833849127105517,28,0.767311222812615,1.28977536813475,0.594918496483838,7,2000,1000,950205
"GSE65682",1,2,"Stabl",500,1.18769218721613,1.03303070882674,1.14971624470394,457,2021,2108.694,0.958413122055642,192,3528,2525.554,1.39692122995588,471,"recomputed matched null",7.22204211124599,6.42603997008185,1.12387133364718,72,3.61505292223134,3.21209074490447,1.12545167908662,22,2000,1000,950206
"GSE65682",1,3,"Stabl",10,1.04219309807369,1.04695619336316,0.995450530480967,10,3,0.732,4.0983606557377,6,6,1.078,5.56586270871985,10,"saved matched null",0.293802631367887,0.11658117450588,2.52015501313266,3,0.119100221901465,0.0554379177133344,2.14835309142244,1,2000,1000,950301
"GSE65682",1,3,"Stabl",20,1.10483513506885,1.05590412170889,1.04634039431608,19,4,3.059,1.3076168682576,8,14,4.162,3.36376741950985,20,"saved matched null",0.293802631367887,0.249333285188604,1.17835302713653,3,0.119100221901465,0.124453031802814,0.956989316983212,1,2000,1000,950302
"GSE65682",1,3,"Stabl",50,1.11147862534067,1.04045575010384,1.06826131263126,47,23,20.511,1.12134951976988,20,64,26.956,2.3742395014097,49,"recomputed matched null",0.628618664006656,0.615039520554952,1.02207848926432,9,0.119100221901465,0.298759546897358,0.398649091345633,1,2000,1000,950303
"GSE65682",1,3,"Stabl",100,1.04622114582506,1.0346942637536,1.01114037496414,93,111,82.691,1.34234680920535,44,222,99.822,2.22395864639057,94,"saved matched null",1.8589100088414,1.22548121865332,1.51688167925099,21,0.610916747478336,0.594185510024821,1.02815827241027,3,2000,1000,950304
"GSE65682",1,3,"Stabl",200,1.03965595001485,1.03696585678626,1.00259419653115,185,428,334.127,1.28095005791211,90,630,405.588,1.55330039350277,189,"recomputed matched null",2.57629971015525,2.46096684614263,1.04686485890429,31,0.610916747478336,1.19538823579581,0.51106136833581,3,2000,1000,950305
"GSE65682",1,3,"Stabl",500,1.16640807449035,1.04329249077858,1.11800677643131,455,1923,2087.98,0.920985833197636,197,3514,2533.42,1.38705781118014,471,"recomputed matched null",6.602694346189,6.13794504258839,1.07571741036714,70,2.68219453622734,2.97794131022438,0.900687507513452,15,2000,1000,950306
"GSE65682",1,4,"Stabl",10,0.915172939246382,1.01573750446861,0.900993549239043,9,1,0.727,1.37551581843191,4,4,0.983999999999999,4.06504065040651,10,"saved matched null",0.180952645390624,0.132083651797882,1.36998517929776,2,0.119100221901465,0.0671626642989514,1.77330996536009,1,2000,1000,950401
"GSE65682",1,4,"Stabl",20,1.05248905781355,1.03125725095213,1.0205882740139,19,5,3.016,1.657824933687,8,6,4.69,1.27931769722814,20,"saved matched null",0.348387753925204,0.237807483253054,1.46499912096744,4,0.234279495425701,0.115544929364461,2.02760516376031,2,2000,1000,950402
"GSE65682",1,4,"Stabl",50,1.25289254020719,1.05501964503636,1.18755375419006,48,37,20.181,1.83340766067093,21,70,27.404,2.55437162458035,49,"saved matched null",1.06018863898211,0.616411814822907,1.71993562337332,9,0.612725718434934,0.302721225730269,2.02405932044185,3,2000,1000,950403
"GSE65682",1,4,"Stabl",100,1.27791657386976,1.03555070321402,1.23404539237288,94,114,77.406,1.47275405007364,40,200,103.174,1.93847287107217,95,"recomputed matched null",1.73704980936902,1.25021737798041,1.38939822783061,18,0.729306518431307,0.624150817454455,1.16847803132858,4,2000,1000,950404
"GSE65682",1,4,"Stabl",200,1.34225284663259,1.03246439165519,1.30004759242182,181,361,322.854,1.11815247759049,74,628,390.642,1.6076100368112,185,"saved matched null",3.84722837564212,2.50189986362643,1.53772276483747,36,2.07950916671166,1.23189769643815,1.68805345827357,11,2000,1000,950405
"GSE65682",1,4,"Stabl",500,1.29026241196397,1.03280573973408,1.24927889372127,458,2223,2014.578,1.10345690263668,205,3554,2468.29,1.43986322514777,464,"recomputed matched null",7.43011618041461,6.21877522918702,1.19478770442487,83,2.97881818047032,3.04808076871377,0.977276655870022,19,2000,1000,950406
"GSE65682",1,5,"Stabl",10,0.969932950546374,1.0486107657402,0.924969476030233,9,2,0.817,2.44798041615667,5,4,1.026,3.89863547758285,10,"saved matched null",0.23561403025068,0.130606975860633,1.80399269409696,3,0.119100221901465,0.0671956784201791,1.77243871483406,1,2000,1000,950501
"GSE65682",1,5,"Stabl",20,0.998606831907568,1.02883861570424,0.97061562101654,19,4,3.082,1.29785853341986,7,6,4.404,1.36239782016349,20,"saved matched null",0.23561403025068,0.240250378575586,0.98070201448841,3,0.119100221901465,0.116060780543814,1.02618835874969,1,2000,1000,950502
"GSE65682",1,5,"Stabl",50,0.827250754110227,1.01835572928673,0.81233966709221,45,19,20.991,0.905149826115955,20,24,26.38,0.90978013646702,49,"saved matched null",0.349523844383987,0.64829352477225,0.539144432310622,5,0.119100221901465,0.336629890383326,0.353801683403228,1,2000,1000,950503
"GSE65682",1,5,"Stabl",100,1.0323412838312,1.03354697050259,0.998833447626668,90,94,84.455,1.11301876739092,39,134,107.46,1.24697561883492,97,"saved matched null",1.33943598289365,1.27429279784052,1.05112104938796,17,0.373228706706647,0.653803935400557,0.570857234865046,2,2000,1000,950504
"GSE65682",1,5,"Stabl",200,1.25830115566522,1.02689037734787,1.22535100476353,183,381,334.474,1.13910199298002,77,656,410.994,1.59613035713417,190,"recomputed matched null",3.11219982872978,2.5518053025079,1.21960708588196,35,1.22265230654243,1.30803691812056,0.934723087402751,7,2000,1000,950505
"GSE65682",1,5,"Stabl",500,1.22037015100222,1.02793245235465,1.18720850597406,457,2060,2096.152,0.982753159122048,195,3076,2531.84,1.21492669362993,469,"saved matched null",5.95267844165639,6.32667359192229,0.940885973516414,64,2.56955516147823,3.24745316539828,0.791252415541177,17,2000,1000,950506
"GSE65682",2,1,"Stabl",10,0.525214619972551,1.02364893416377,0.513080805776059,9,2,0.703,2.84495021337127,5,2,1,2,10,"saved matched null",0.209744110149014,0.131528097798925,1.59467150866625,2,0.119100221901465,0.0680214400546846,1.75092179474172,1,2000,1000,960101
"GSE65682",2,1,"Stabl",20,0.785852681109754,1.0308336392542,0.762346756241203,19,6,3.41,1.75953079178886,10,18,4.444,4.05040504050405,20,"saved matched null",0.326257918498229,0.241819413639828,1.34918000828571,4,0.119100221901465,0.117547539886489,1.01320897074048,1,2000,1000,960102
"GSE65682",2,1,"Stabl",50,1.11862151538405,1.02569322546529,1.09060047157532,47,24,20.715,1.15858073859522,23,84,26.828,3.13105710451767,48,"recomputed matched null",0.787155708028195,0.63903752103438,1.23178323982301,8,0.47361802556398,0.319989236973379,1.48010611245459,3,2000,1000,960103
"GSE65682",2,1,"Stabl",100,1.26765327676197,1.03751772910581,1.22181360491498,92,104,82.392,1.26225847169628,42,254,102.832,2.47004823401276,94,"saved matched null",1.8802774259348,1.30153349060617,1.444663114323,17,1.20363112495594,0.665570984928333,1.80841886472192,7,2000,1000,960104
"GSE65682",2,1,"Stabl",200,1.18063502330995,1.02954139666517,1.14675818489105,183,456,329.862,1.38239627480583,84,904,418.514,2.16002332060576,191,"saved matched null",3.48739759812203,2.55674604305038,1.36399843371277,33,1.89169160192738,1.28308707721406,1.47432830984064,10,2000,1000,960105
"GSE65682",2,1,"Stabl",500,1.29819997330065,1.03345400241492,1.25617586294802,462,2594,2094.824,1.23829018571489,214,3662,2587.23,1.41541339579396,473,"recomputed matched null",7.48493022745981,6.47237993206612,1.15644172715777,74,3.34022000791642,3.27175507926575,1.02092605558544,17,2000,1000,960106
"GSE65682",2,2,"Stabl",10,0.93148029659034,1.01325857203168,0.919291800041359,10,1,0.762,1.31233595800525,4,2,1.022,1.95694716242661,10,"saved matched null",0.180952645390624,0.115920838058373,1.5610018735329,2,0.119100221901465,0.0516101725696537,2.30768889099772,1,2000,1000,960201
"GSE65682",2,2,"Stabl",20,1.02454916896531,1.02921727807133,0.995464408531146,20,8,3.105,2.57648953301127,9,12,4.43,2.70880361173815,20,"saved matched null",0.271596533638173,0.235990773735571,1.15087776246074,3,0.119100221901465,0.115718577476884,1.02922300375889,1,2000,1000,960202
"GSE65682",2,2,"Stabl",50,1.22960873967099,1.03162189233091,1.19191803587334,48,33,19.412,1.69997939418916,22,52,25.224,2.06152870282271,48,"saved matched null",0.679918323117673,0.606036895938357,1.12190912413826,10,0.119100221901465,0.294835173398704,0.403955269408804,1,2000,1000,960203
"GSE65682",2,2,"Stabl",100,1.10022860208579,1.03275083366255,1.06533789780052,94,109,81.758,1.33320286699773,40,154,109.106,1.41147141312118,98,"recomputed matched null",1.4548892432981,1.22084003876401,1.19171160602747,17,0.497546444910697,0.59212732917144,0.840269348160151,2,2000,1000,960204
"GSE65682",2,2,"Stabl",200,1.10521682459735,1.02718135117064,1.07597049278375,186,345,323.112,1.0677412166679,81,548,412.034,1.32998733114258,190,"recomputed matched null",3.26094158541119,2.47672718908969,1.31663333764658,30,1.6894901452091,1.22667628407829,1.3772909504634,7,2000,1000,960205
"GSE65682",2,2,"Stabl",500,1.19568208033036,1.02983792434836,1.16103908397716,469,2543,2044.024,1.24411455051408,209,3062,2496.028,1.22674905890479,469,"recomputed matched null",6.7569569329406,6.13739521449181,1.10094864299856,66,3.3866757919593,3.01634663064672,1.12277407296295,18,2000,1000,960206
"GSE65682",2,3,"Stabl",10,0.453915700506237,1.0201122686184,0.444966416413168,9,2,0.805,2.48447204968944,4,4,0.978,4.08997955010225,10,"saved matched null",0.173761606761522,0.136639398356901,1.27168012191958,2,0.119100221901465,0.0722888854148982,1.64755925088477,1,2000,1000,960301
"GSE65682",2,3,"Stabl",20,0.623991002801543,1.03261609546433,0.60428169340219,18,6,3.37,1.78041543026706,9,12,4.334,2.76880479926165,20,"saved matched null",0.26440549500907,0.244902281393166,1.07963671675477,3,0.119100221901465,0.119917474473798,0.993184875049119,1,2000,1000,960302
"GSE65682",2,3,"Stabl",50,0.821056445921718,1.03646282095106,0.79217163348736,45,42,20.01,2.09895052473763,24,64,27.77,2.30464530068419,50,"saved matched null",1.00365537292039,0.61003225298983,1.64524968639178,9,0.607709456423874,0.306328650914284,1.98384791827364,3,2000,1000,960303
"GSE65682",2,3,"Stabl",100,1.0033433320375,1.04513582897435,0.960012377551096,91,153,82.899,1.84561936814678,42,238,106.69,2.23076202080795,98,"recomputed matched null",1.33349348433653,1.27844631657653,1.04305786410133,14,0.607709456423874,0.65794476399909,0.923648138378855,3,2000,1000,960304
"GSE65682",2,3,"Stabl",200,1.11352004886725,1.04299871657022,1.06761401637092,181,511,331.179,1.54297222951938,83,724,422.262,1.7145753110628,193,"saved matched null",3.34889102391237,2.50303918006354,1.33792992558245,35,1.44966226551435,1.25845645753304,1.1519367689178,8,2000,1000,960305
"GSE65682",2,3,"Stabl",500,1.1832918891791,1.03670583861813,1.14139599209392,457,2537,2086.479,1.21592405195547,205,3822,2520.81,1.51617932331274,473,"recomputed matched null",7.2708809498414,6.3056473370457,1.15307446820328,77,3.18911208679313,3.19285142017236,0.998828842032671,19,2000,1000,960306
"GSE65682",2,4,"Stabl",10,1.83636887570058,1.0454488559489,1.75653630997932,9,1,0.742,1.34770889487871,3,4,1.054,3.79506641366224,10,"saved matched null",0.246095263530643,0.120580699938565,2.04091752374988,3,0.119100221901465,0.0594096243953303,2.0047294207574,1,2000,1000,960401
"GSE65682",2,4,"Stabl",20,1.22515958671704,1.03746540554944,1.18091608661226,17,5,3.091,1.61759948236817,6,6,3.952,1.51821862348178,19,"saved matched null",0.302350620333136,0.256804031312297,1.17735932254681,4,0.119100221901465,0.126724845974953,0.939833234636599,1,2000,1000,960402
"GSE65682",2,4,"Stabl",50,1.13627313236325,1.03088230013758,1.10223362280214,43,41,19.803,2.0703933747412,24,72,26.802,2.68636668905306,49,"saved matched null",0.890866150277687,0.624397149567104,1.42676203902488,12,0.234279495425701,0.313774632314492,0.746648936204907,2,2000,1000,960403
"GSE65682",2,4,"Stabl",100,1.26708421895622,1.03032162354621,1.22979484269689,88,90,82.423,1.09192822391808,36,174,101.636,1.7119918139242,95,"recomputed matched null",1.65271195690932,1.2396255042803,1.33323487714852,18,0.757504959415788,0.60787489120523,1.24615273697831,5,2000,1000,960404
"GSE65682",2,4,"Stabl",200,1.29294655405321,1.02804797675341,1.25767141542981,182,420,329.999,1.27273112948827,84,716,395.57,1.81004626235559,186,"recomputed matched null",2.98748291849179,2.54903874147601,1.17200373218412,33,1.28142450420094,1.28557000298525,0.996775361299124,8,2000,1000,960405
"GSE65682",2,4,"Stabl",500,1.23301793094352,1.02947851983075,1.19771117822471,463,2622,2098.984,1.24917579171637,214,3514,2568.968,1.36786444984912,473,"saved matched null",7.42996254061615,6.29121317335191,1.18100632356375,81,3.00520091837746,3.10915946854419,0.966563776731786,19,2000,1000,960406
"GSE65682",2,5,"Stabl",10,0.869475553660079,1.03436711439147,0.8405870039397,10,1,0.697,1.43472022955524,4,2,1.052,1.90114068441065,10,"saved matched null",0.180952645390624,0.124046337886098,1.45875040306936,2,0.119100221901465,0.0636031264792584,1.87255294659618,1,2000,1000,960501
"GSE65682",2,5,"Stabl",20,1.0042417367419,1.04535250332787,0.960672819498599,19,4,3.063,1.30590923930787,7,10,4.434,2.255299954894,20,"saved matched null",0.25254382309527,0.244217476865497,1.03409398187485,3,0.119100221901465,0.122177481302114,0.974813203154517,1,2000,1000,960502
"GSE65682",2,5,"Stabl",50,0.999513338254001,1.02932196524936,0.971040521817546,46,22,20.382,1.07938376999313,18,38,26.546,1.43147743539516,49,"saved matched null",0.435992486331158,0.604590290092311,0.721137096436975,6,0.119100221901465,0.280812747442862,0.424126835359206,1,2000,1000,960503
"GSE65682",2,5,"Stabl",100,1.21838171839046,1.02692602047113,1.18643572575121,90,131,81.13,1.61469246887711,42,212,104.29,2.03279317288331,96,"saved matched null",1.29565943101275,1.23801887990414,1.04655870119935,18,0.234279495425701,0.593782358770033,0.39455448947825,2,2000,1000,960504
"GSE65682",2,5,"Stabl",200,1.31235713999125,1.03139566612597,1.27240901149081,182,353,325.928,1.08306128960998,77,758,417.144,1.81711830926491,192,"saved matched null",3.39456893906531,2.46295446156426,1.37825079271233,34,1.43695008366313,1.17633670551692,1.2215465834943,7,2000,1000,960505
"GSE65682",2,5,"Stabl",500,1.22737180817872,1.02661745312671,1.19554932992868,459,1972,2038.134,0.96755169189072,194,3342,2564.144,1.30335893771957,475,"recomputed matched null",6.65670069537428,6.1483260830038,1.08268504394648,69,2.81370583101169,2.92983322178073,0.960363822109143,15,2000,1000,960506
"GSE65682",3,1,"Stabl",10,1.22515727467251,1.01798710597977,1.20350961959715,10,2,0.742,2.69541778975741,4,8,1.1,7.27272727272727,10,"saved matched null",0.209744110149014,0.124933729660917,1.67884294111991,2,0.119100221901465,0.0658984809613365,1.8073287906491,1,2000,1000,970101
"GSE65682",3,1,"Stabl",20,1.17035693703285,1.03216863354654,1.13388151799527,19,4,3.158,1.2666244458518,7,26,4.586,5.6694286960314,20,"saved matched null",0.32172116270313,0.237274110143219,1.35590504378644,4,0.119100221901465,0.117929939857962,1.00992353633787,1,2000,1000,970102
"GSE65682",3,1,"Stabl",50,0.933689768748923,1.03030448799715,0.906227022813382,48,15,21.678,0.691945751453086,14,58,26.258,2.20885063599665,48,"saved matched null",0.510342514913619,0.63796639584587,0.799952032327601,7,0.119100221901465,0.327935901082756,0.363181406818308,1,2000,1000,970103
"GSE65682",3,1,"Stabl",100,1.00397377537736,1.02315132535689,0.981256389446748,94,76,83.975,0.905031259303364,35,152,97.704,1.5557193154835,93,"recomputed matched null",1.22676742744839,1.26406616207659,0.970493051908826,11,0.665448674067546,0.63720594613656,1.04432276268328,2,2000,1000,970104
"GSE65682",3,1,"Stabl",200,1.14719110191706,1.03109323100012,1.11259687041523,184,400,335.71,1.1915045723988,78,678,423.488,1.60098987456551,193,"saved matched null",3.17435731723787,2.52649375104337,1.25642793136811,30,1.73803565552827,1.28649025810256,1.35099014126364,9,2000,1000,970105
"GSE65682",3,1,"Stabl",500,1.2056497431203,1.0335893815993,1.16646877820549,466,2421,2099.801,1.15296640014935,208,3412,2630.152,1.29726342812126,480,"recomputed matched null",6.72534815632227,6.25495988383827,1.07520244433532,66,3.42390615748702,3.17438364578107,1.0786050268491,19,2000,1000,970106
"GSE65682",3,2,"Stabl",10,0.74221419540839,1.04353722146849,0.711248415618495,10,1,0.749,1.3351134846462,3,6,0.98,6.12244897959184,10,"saved matched null",0.180952645390624,0.122679942242174,1.47499780390683,2,0.119100221901465,0.056649531892437,2.10240434338638,1,2000,1000,970201
"GSE65682",3,2,"Stabl",20,0.955060952561236,1.03542892155924,0.922381954642546,19,3,3.067,0.97815454841865,7,14,4.104,3.41130604288499,19,"saved matched null",0.180952645390624,0.256272223369641,0.706095428569416,2,0.119100221901465,0.12926177067606,0.921387826257922,1,2000,1000,970202
"GSE65682",3,2,"Stabl",50,1.02633530845008,1.02998335916234,0.996458145969245,48,30,19.982,1.50135121609449,22,44,25.976,1.6938712657838,48,"recomputed matched null",0.597300871597045,0.648568509416181,0.920952625551793,5,0.428072133512639,0.330016086352835,1.29712505303444,2,2000,1000,970203
"GSE65682",3,2,"Stabl",100,1.0193708297855,1.03213478969453,0.98763343699246,93,103,81.23,1.26800443186015,44,224,102.29,2.18985238048685,95,"recomputed matched null",1.78759915928423,1.26982430372905,1.4077531466634,17,0.911302978182671,0.634450024948087,1.43636684111918,4,2000,1000,970204
"GSE65682",3,2,"Stabl",200,1.1228466363271,1.02977615550103,1.09037933178865,184,451,329.444,1.36897317905319,89,748,435.73,1.71665939916921,194,"saved matched null",2.94357607697431,2.58752261756571,1.13760399889511,31,1.34135905486538,1.30634401694338,1.02680384145972,8,2000,1000,970205
"GSE65682",3,2,"Stabl",500,1.22583378964976,1.03691105635556,1.18219762643693,457,2211,2068.636,1.06882022743489,203,3782,2635.578,1.43497934798363,477,"saved matched null",6.52844323208065,6.47651465781241,1.00801798143166,74,2.60818777887578,3.26398976379222,0.799079644124096,18,2000,1000,970206
"GSE65682",3,3,"Stabl",10,1.25457561756097,1.01588405517301,1.23495945346569,9,0,0.667,0,2,2,0.946,2.11416490486258,10,"saved matched null",0.180952645390624,0.125098111055056,1.44648583311531,2,0.119100221901465,0.0595751442579932,1.9991596056519,1,2000,1000,970301
"GSE65682",3,3,"Stabl",20,1.33177534361725,1.0252827787148,1.29893466589445,19,4,3.078,1.29954515919428,8,6,4.126,1.45419292292778,20,"saved matched null",0.379598427944409,0.254628590398947,1.49079263781676,5,0.119100221901465,0.125486350004332,0.949108981951849,1,2000,1000,970302
"GSE65682",3,3,"Stabl",50,1.3622727231375,1.03145660883243,1.32072712654344,47,21,20.478,1.02549077058306,20,76,24.098,3.15378869615736,47,"saved matched null",0.830804812654442,0.609993828188296,1.36198888293995,12,0.119100221901465,0.297505881646001,0.400328965741864,1,2000,1000,970303
"GSE65682",3,3,"Stabl",100,1.46197388358391,1.02734793312482,1.42305623678739,93,111,82.841,1.33991622505764,42,308,98.714,3.1201248049922,94,"recomputed matched null",1.59047996162024,1.20537740189352,1.31948712421667,20,0.536407914902589,0.582362531235771,0.921089332042591,4,2000,1000,970304
"GSE65682",3,3,"Stabl",200,1.24170621700106,1.03172388518323,1.20352570569841,183,329,328.716,1.00086396768031,76,672,406.02,1.65509088222255,191,"saved matched null",3.25021846911163,2.42464444701011,1.34049281869742,36,1.27914563423018,1.17545361600074,1.08821447041206,7,2000,1000,970305
"GSE65682",3,3,"Stabl",500,1.25522818082157,1.03597265279513,1.2116421967654,462,2430,2084.008,1.1660223953075,208,3376,2466.822,1.36856246620145,469,"saved matched null",6.62506021820326,6.05947173015135,1.09333957038492,75,2.46384231520296,2.93602320544312,0.839176717212324,16,2000,1000,970306
"GSE65682",3,4,"Stabl",10,0.940986352105377,1.06416012421242,0.884252595728295,9,2,0.811,2.46609124537608,4,10,1.012,9.88142292490119,10,"saved matched null",0.326257918498229,0.123062866483647,2.65114837497779,4,0.119100221901465,0.0575640735787901,2.06900266949399,1,2000,1000,970401
"GSE65682",3,4,"Stabl",20,0.644157659319299,1.0264435520628,0.627562673100496,18,7,3.151,2.22151697873691,9,16,3.976,4.02414486921529,19,"saved matched null",0.464270796093447,0.248110431717478,1.87122642478052,6,0.119100221901465,0.119731060366952,0.994731204554995,1,2000,1000,970402
"GSE65682",3,4,"Stabl",50,0.931561855758939,1.03496005241492,0.900094504696373,46,29,20.019,1.44862380738299,19,50,26.344,1.89796538111145,49,"recomputed matched null",0.624864095989106,0.626922260791001,0.996717033465525,9,0.119100221901465,0.311104821660701,0.3828298811497,1,2000,1000,970403
"GSE65682",3,4,"Stabl",100,1.00499877078103,1.03235309659759,0.973502936246602,89,83,81.099,1.02344048631919,35,158,101.214,1.56104886675756,95,"recomputed matched null",1.45047020931493,1.24888200086301,1.16141493616901,17,0.488407980230883,0.623887464630707,0.78284627904807,3,2000,1000,970404
"GSE65682",3,4,"Stabl",200,1.04334550742404,1.04235875620993,1.00094665220417,180,319,326.486,0.977070992324326,79,532,405.128,1.31316522185581,191,"recomputed matched null",2.21713449485662,2.46978672983058,0.897702812990946,26,0.900686549077983,1.21583825564204,0.740794710890523,6,2000,1000,970405
"GSE65682",3,4,"Stabl",500,1.16175636654551,1.03689510518628,1.12041841140411,454,2323,2042.83,1.13714797609199,199,3048,2460.982,1.23852998518478,468,"saved matched null",7.1866025431862,6.14381932746543,1.16972882178665,69,3.81508105136548,3.01363909992047,1.2659382642952,20,2000,1000,970406
"GSE65682",3,5,"Stabl",10,0.692432932088101,1.02904387162864,0.672889612560645,9,2,0.73,2.73972602739726,5,2,1.042,1.91938579654511,10,"saved matched null",0.119100221901465,0.125760340819648,0.947041182659211,1,0.119100221901465,0.0654187770845504,1.82058160071586,1,2000,1000,970501
"GSE65682",3,5,"Stabl",20,0.946810662619369,1.04409601530217,0.906823365612936,19,7,3.153,2.22010783380907,10,16,3.93,4.07124681933842,19,"saved matched null",0.291501630941738,0.265820978563022,1.09660882492248,3,0.119100221901465,0.135213933521611,0.880828024150554,1,2000,1000,970502
"GSE65682",3,5,"Stabl",50,1.22290180170193,1.02489899273471,1.19319251006277,48,22,20.088,1.09518120270808,18,56,26.698,2.09753539590981,49,"saved matched null",0.928970318533541,0.64499387306056,1.44027774112874,8,0.497546444910697,0.334059570542091,1.48939437389358,2,2000,1000,970503
"GSE65682",3,5,"Stabl",100,1.13852164362059,1.0277048182287,1.10782943061694,97,83,81.068,1.02383184487097,36,184,107.006,1.71952974599555,98,"recomputed matched null",1.39430864130407,1.29534285954338,1.07640122538335,15,0.607709456423874,0.660473133470166,0.920112303782793,3,2000,1000,970504
"GSE65682",3,5,"Stabl",200,1.12178660244379,1.02848940815731,1.09071283918581,188,337,331.557,1.01641648344025,76,724,416.682,1.73753605867304,192,"saved matched null",2.73595375052979,2.5867910711336,1.05766321101875,31,1.16697805111491,1.32386380014378,0.881494041145449,8,2000,1000,970505
"GSE65682",3,5,"Stabl",500,1.17041477510397,1.02549326896721,1.14131882726321,455,2261,2071.174,1.09165140157225,193,3226,2557.684,1.26129732992817,475,"recomputed matched null",6.73784179171308,6.45960570697996,1.04307323037263,72,2.90087794158001,3.30485022568332,0.87776381484284,18,2000,1000,970506
"GSE69683",1,1,"Stabl",10,1.36721838906018,0.988723570356702,1.38281156639862,10,0,0.198,0,3,10,0.648,15.4320987654321,10,"saved matched null",0.447751953897436,0.19648433033014,2.27881761942597,2,0.354993456757969,0.168824840982369,2.10273236268022,1,2000,1000,950101
"GSE69683",1,1,"Stabl",20,1.47789969226153,1.02889428103774,1.43639606079929,18,0,0.798,0,7,14,2.25,6.22222222222222,18,"saved matched null",0.835095482883228,0.395549773078956,2.11122730872237,4,0.655451918664095,0.337124312696877,1.944243989467,2,2000,1000,950102
"GSE69683",1,1,"Stabl",50,1.309781027214,1.00609669135518,1.30184408563133,37,8,5.321,1.50347679007705,14,38,10.694,3.55339442678137,39,"saved matched null",1.20751879963076,0.939550380986595,1.28520920651725,6,0.959446776763032,0.795920028109866,1.20545625550032,3,2000,1000,950103
"GSE69683",1,1,"Stabl",100,1.60516902359025,1.01133953423787,1.587171240962,73,19,22.32,0.851254480286738,24,122,39.194,3.1127213348982,74,"saved matched null",1.85384785417416,1.95992848613835,0.945875253758261,10,1.37393410782899,1.6612960246572,0.827025459302168,4,2000,1000,950104
"GSE69683",1,1,"Stabl",200,1.45847311881659,1.01167322924792,1.44164447239631,147,117,89.53,1.30682452809114,49,342,169.26,2.02056008507621,152,"recomputed matched null",3.01726598280109,3.90853360859734,0.771968795704918,18,2.19065276895987,3.31366148248778,0.661097333127464,6,2000,1000,950105
"GSE69683",1,1,"Stabl",500,1.35210340982358,1.00756503443951,1.3419515005061,375,654,562.555,1.16255299481828,127,1666,1072.24,1.55375662165187,384,"recomputed matched null",8.57253546583754,9.71813166947472,0.882117649502983,50,6.67063286662277,8.2497971432469,0.808581441554985,23,2000,1000,950106
"GSE69683",1,2,"Stabl",10,1.07890480673704,1.02343187844634,1.05420285361338,7,0,0.19,0,4,0,0.392,0,8,"recomputed matched null",0.0868850670796661,0.186369460554726,0.466197985555434,1,0,0.156268698869541,0,0,2000,1000,950201
"GSE69683",1,2,"Stabl",20,1.13100904907916,1.01729345394814,1.1117824897916,14,3,0.876,3.42465753424658,6,14,1.544,9.06735751295337,15,"saved matched null",0.179643564219133,0.375610547547069,0.47827081904994,2,0,0.319173901337871,0,0,2000,1000,950202
"GSE69683",1,2,"Stabl",50,1.43665989420152,1.02842746626193,1.39694819647652,38,13,5.584,2.32808022922636,13,76,9.794,7.75985297120686,38,"recomputed matched null",0.595166001622912,0.923162408736693,0.64470346278221,5,0.241049184906431,0.77991606891481,0.309070673773694,1,2000,1000,950203
"GSE69683",1,2,"Stabl",100,1.38164442559592,1.02011444359837,1.35440139512414,77,44,22.417,1.96279609225142,26,162,44.594,3.63277570973674,80,"saved matched null",1.95460054006348,1.87121979477278,1.04455956778761,13,1.40026315137443,1.57959628053351,0.886469010234367,6,2000,1000,950204
"GSE69683",1,2,"Stabl",200,1.3870866333073,1.02337698868723,1.35540142942498,150,202,90.275,2.23760731099418,58,590,173.4,3.40253748558247,158,"saved matched null",4.60341066415668,3.77140600102985,1.22060861729011,29,3.3424352207717,3.18370462635454,1.04985719878132,12,2000,1000,950205
"GSE69683",1,2,"Stabl",500,1.44279147359482,1.02266194491155,1.4108195584804,370,944,556.789,1.69543579345138,137,2314,1064.04,2.174730273298,388,"recomputed matched null",9.35116125453645,9.32704616045989,1.00258550173996,57,7.10169502664674,7.86866184171292,0.902528939418851,26,2000,1000,950206
"GSE69683",1,3,"Stabl",10,1.43086288876438,1.04169985462862,1.37358461019897,10,1,0.21,4.76190476190476,4,8,0.708,11.2994350282486,10,"saved matched null",0.0868850670796661,0.186195346192536,0.466633935038432,1,0,0.156789158660493,0,0,2000,1000,950301
"GSE69683",1,3,"Stabl",20,1.46155692452207,1.02814495935268,1.42154752715247,19,3,0.829,3.61881785283474,7,14,2.556,5.4773082942097,19,"saved matched null",0.480102026125259,0.37686184910943,1.2739470107144,3,0.300458461906126,0.314409142982501,0.955628895063172,1,2000,1000,950302
"GSE69683",1,3,"Stabl",50,1.21632009441646,1.01697292345623,1.19602013619275,41,9,5.694,1.58061116965227,13,58,12.776,4.53976205385097,42,"saved matched null",1.39249641089091,0.913724962079301,1.52397763953181,8,1.07523080650762,0.76430634724602,1.40680606720321,4,2000,1000,950303
"GSE69683",1,3,"Stabl",100,1.31207577106454,1.01098292489905,1.29782189070657,81,40,22.532,1.77525297354873,26,146,47.536,3.0713564456412,82,"recomputed matched null",2.01250452730341,1.82317752576762,1.10384452356392,11,1.59776363758172,1.53215386097973,1.04282192426813,6,2000,1000,950304
"GSE69683",1,3,"Stabl",200,1.29817663011147,1.02299282612977,1.26899876221301,152,153,91.396,1.67403387456781,52,376,164.944,2.2795615481618,152,"recomputed matched null",3.28951813494604,3.66913833581451,0.896536961508649,23,2.21824548596629,3.08058467659198,0.720072881885628,8,2000,1000,950305
"GSE69683",1,3,"Stabl",500,1.31170935559929,1.01887636965744,1.28740777062119,373,851,570.434,1.49184655893583,133,2066,1102.66,1.87365098942557,387,"recomputed matched null",9.19746978179968,9.15613184335903,1.00451478191313,62,6.55500465533706,7.67591948893093,0.853969959532499,25,2000,1000,950306
"GSE69683",1,4,"Stabl",10,0.996925403510656,1.06507048351425,0.936018243807915,9,0,0.267,0,6,2,0.528,3.78787878787879,9,"saved matched null",0.0868850670796661,0.195678934070635,0.444018501492362,1,0,0.162736308642731,0,0,2000,1000,950401
"GSE69683",1,4,"Stabl",20,1.42028009525562,1.06374664952907,1.33516763214661,15,2,1.005,1.99004975124378,8,14,1.996,7.01402805611222,17,"saved matched null",0.0868850670796661,0.368019093086114,0.236088476690354,1,0,0.307355126764672,0,0,2000,1000,950402
"GSE69683",1,4,"Stabl",50,1.16038309427434,1.05885159064376,1.09588832328131,37,12,5.821,2.0615014602302,14,56,11.532,4.85605272285813,40,"saved matched null",0.423779908989197,0.932541133072225,0.454435621078792,5,0,0.782188359213608,0,0,2000,1000,950403
"GSE69683",1,4,"Stabl",100,1.44465426269841,1.04736468562518,1.37932305960468,75,44,23.881,1.84246890833717,26,196,46.222,4.24040500194712,79,"saved matched null",1.73292454350409,1.90245781607873,0.910887236951158,14,0.961286534656084,1.59648371007096,0.602127368160467,4,2000,1000,950404
"GSE69683",1,4,"Stabl",200,1.60107563557721,1.04875578202235,1.52664296399855,150,181,96.489,1.87586149716548,50,488,181.72,2.68545014307726,158,"recomputed matched null",4.2976345448043,3.79721930313493,1.13178465653965,28,3.13168593228223,3.19601282732456,0.979872766938743,12,2000,1000,950405
"GSE69683",1,4,"Stabl",500,1.3707243689843,1.04856639517862,1.30723659969172,364,861,610.096,1.41125331095434,133,1934,1115.332,1.7340128320536,390,"recomputed matched null",8.39329935896284,9.5616488186835,0.877808787806795,56,6.10890646994637,8.05257614774741,0.758627594183664,24,2000,1000,950406
"GSE69683",1,5,"Stabl",10,1.43088784740717,1.04009388839223,1.37572950228467,7,0,0.217,0,2,4,0.458,8.73362445414847,8,"saved matched null",0.0868850670796661,0.181013676365307,0.479991726726338,1,0,0.150992598902269,0,0,2000,1000,950501
"GSE69683",1,5,"Stabl",20,1.46641311757436,1.02851378923151,1.42575931691693,15,0,0.88,0,5,8,1.8,4.44444444444444,16,"saved matched null",0.0868850670796661,0.374322458227611,0.232112888687097,1,0,0.312816406535552,0,0,2000,1000,950502
"GSE69683",1,5,"Stabl",50,1.26878825641187,1.02734936531704,1.23501147637378,35,7,5.583,1.25380619738492,12,22,9.272,2.37273511647972,37,"saved matched null",0.41161440870008,0.919681264508969,0.447562024567117,5,0,0.769488525304363,0,0,2000,1000,950503
"GSE69683",1,5,"Stabl",100,1.37179928397141,1.02673847148236,1.33607468900125,73,25,23.97,1.04297037964122,24,72,43.026,1.67340677729745,78,"saved matched null",2.05695692348525,1.83223690977413,1.12264790241499,13,1.47497663865172,1.52844150285906,0.965020012799097,5,2000,1000,950504
"GSE69683",1,5,"Stabl",200,1.39879360182809,1.02789464005186,1.36083363734392,146,135,94.318,1.43132806039144,54,312,182.554,1.70908333972414,159,"recomputed matched null",3.08341931425461,3.6956193030962,0.834344411955882,20,2.24483942071764,3.08931826096021,0.726645567433348,9,2000,1000,950505
"GSE69683",1,5,"Stabl",500,1.4251337414088,1.02563791845798,1.38950960739776,374,812,590.669,1.37471240237764,133,2014,1102.146,1.82734410867526,393,"recomputed matched null",8.66008291361911,9.29708716829914,0.931483458942704,60,6.25794024766203,7.78903243751561,0.803429732494228,26,2000,1000,950506
"GSE69683",2,1,"Stabl",10,1.95503851663344,1.04674317261997,1.86773467243166,10,0,0.196,0,4,4,0.636,6.28930817610063,10,"saved matched null",0,0.187327136686698,0,0,0,0.157040036412632,0,0,2000,1000,960101
"GSE69683",2,1,"Stabl",20,1.79432211449693,1.01209172765771,1.77288487343883,18,0,0.958,0,5,8,2.2,3.63636363636364,18,"saved matched null",0.300458461906126,0.397802805586537,0.755294979539216,1,0.300458461906126,0.335328962485739,0.896011068292093,1,2000,1000,960102
"GSE69683",2,1,"Stabl",50,1.54814101445571,1.01165164328975,1.53031038374175,38,5,5.944,0.841184387617766,12,34,10.184,3.33857030636292,38,"saved matched null",0.916810238241109,0.938221555597561,0.977178826015338,5,0.655451918664095,0.780636654971926,0.839637639982031,2,2000,1000,960103
"GSE69683",2,1,"Stabl",100,1.28505490344138,1.02148591803212,1.25802507969667,71,29,23.684,1.22445532849181,24,104,40.878,2.54415578061549,75,"saved matched null",1.168862641905,1.89412222211222,0.617099904250924,8,0.763497418672239,1.57994993381815,0.483241527044563,3,2000,1000,960104
"GSE69683",2,1,"Stabl",200,1.34263177766378,1.02349361517345,1.31181255824078,147,134,94.801,1.41348719950211,48,360,163.622,2.20019312806346,152,"recomputed matched null",3.051798376691,3.76613658357974,0.810325995609604,22,2.12154834511745,3.1521696114732,0.673043841738553,9,2000,1000,960105
"GSE69683",2,1,"Stabl",500,1.35548899289849,1.02058858791204,1.32814437566033,358,848,591.323,1.43407241050999,123,2024,1052.748,1.92258736183778,383,"recomputed matched null",10.6438839038847,9.41513442406627,1.13050790615136,58,8.65718752383438,7.86747660324415,1.10037664684819,30,2000,1000,960106
"GSE69683",2,2,"Stabl",10,1.01202161835677,1.02127761175622,0.990936848812804,7,3,0.188,15.9574468085106,4,4,0.432,9.25925925925925,8,"recomputed matched null",0.092758497139467,0.185237690418507,0.500753906669307,1,0,0.156079143468071,0,0,2000,1000,960201
"GSE69683",2,2,"Stabl",20,1.14442086786653,1.02418433442771,1.1173973565081,14,6,0.913,6.57174151150055,7,8,1.66,4.81927710843374,16,"recomputed matched null",0.254125006862093,0.37474999699092,0.678118769586676,3,0,0.317116512898167,0,0,2000,1000,960202
"GSE69683",2,2,"Stabl",50,1.10935405398337,1.00690307363611,1.10174860225353,39,18,5.867,3.06800749957389,15,50,11.8,4.23728813559322,41,"recomputed matched null",1.16812298097369,0.925393678536031,1.2622984228957,6,0.913997974111593,0.78100124052867,1.1702900413998,3,2000,1000,960203
"GSE69683",2,2,"Stabl",100,1.36368028318146,1.00944043715721,1.35092694227889,77,37,23.574,1.5695257487062,25,108,46.32,2.33160621761658,80,"recomputed matched null",2.41188674411288,1.84742703709772,1.3055382949802,13,1.8503853481148,1.54630982641622,1.19664592211984,6,2000,1000,960204
"GSE69683",2,2,"Stabl",200,1.31467027710336,1.0153341439395,1.2948153915148,157,194,93.87,2.06668797272824,56,396,194.474,2.03626191676008,162,"recomputed matched null",3.87567720918803,3.71776732908255,1.04247438479278,23,2.91197473348721,3.1291121668315,0.930607334679167,11,2000,1000,960205
"GSE69683",2,2,"Stabl",500,1.34134838538252,1.01712534852894,1.3187640907018,372,767,585.654,1.30964699293439,128,1976,1097.998,1.79963897930597,386,"recomputed matched null",8.73646508846699,9.2291382990695,0.946617637027697,54,6.68347256522058,7.76359352155767,0.860873582144937,25,2000,1000,960206
"GSE69683",2,3,"Stabl",10,2.5826144210701,1.02320171229811,2.52405209063768,9,0,0.235,0,4,6,0.494,12.1457489878543,9,"saved matched null",0,0.187538202684088,0,0,0,0.159401893976952,0,0,2000,1000,960301
"GSE69683",2,3,"Stabl",20,1.96731635374618,1.03671772918659,1.89763934614077,16,0,0.904999999999999,0,7,18,1.684,10.6888361045131,16,"saved matched null",0,0.368130895259156,0,0,0,0.308671420841664,0,0,2000,1000,960302
"GSE69683",2,3,"Stabl",50,1.85334833797008,1.03452768773124,1.79149225288938,37,15,5.644,2.65768958185684,16,44,10.532,4.17774401823016,38,"saved matched null",0.252788811066664,0.924037676586054,0.273569809404976,3,0,0.785175268341759,0,0,2000,1000,960303
"GSE69683",2,3,"Stabl",100,1.52708553897678,1.02148859890537,1.49496092331643,68,52,23.573,2.2059135451576,27,120,37.606,3.19098016273999,73,"recomputed matched null",1.25152467473186,1.90229913084956,0.657901091598005,10,0.750027217644906,1.61880906820887,0.46332037074315,3,2000,1000,960304
"GSE69683",2,3,"Stabl",200,1.34611992835373,1.02809611673763,1.30933276221804,146,141,92.447,1.52519822168378,51,358,163.036,2.19583404892171,150,"recomputed matched null",2.99267835202123,3.70117732281065,0.808574702318938,22,1.85085934921282,3.13408078618063,0.590558915192604,7,2000,1000,960305
"GSE69683",2,3,"Stabl",500,1.29546992883242,1.02844858462929,1.25963509327924,368,740,583.201,1.26885927836201,128,1866,1061.814,1.75736993484735,384,"recomputed matched null",9.45719968813117,9.36448982311922,1.00990015118422,52,7.37715011559632,7.92254433143727,0.93115920933673,23,2000,1000,960306
"GSE69683",2,4,"Stabl",10,1.13323972381508,0.993978715085123,1.14010461855617,10,0,0.208,0,4,0,0.626,0,10,"saved matched null",0.0868850670796661,0.197379812952688,0.440192265763736,1,0,0.163573835497498,0,0,2000,1000,960401
"GSE69683",2,4,"Stabl",20,1.1807134569348,1.03487267067407,1.14092630948089,16,1,0.838,1.19331742243437,7,4,2.012,1.98807157057654,17,"recomputed matched null",0.343530552391079,0.358647705524396,0.957849575222533,3,0.161232832396029,0.296429833903568,0.543915672295253,1,2000,1000,960402
"GSE69683",2,4,"Stabl",50,1.053951413105,1.01354438709458,1.03986705123616,36,7,5.768,1.21359223300971,14,52,10.56,4.92424242424242,39,"recomputed matched null",1.37899668217089,0.93687491349445,1.47191120426885,8,0.930713620219953,0.786870090287333,1.18280467348822,3,2000,1000,960403
"GSE69683",2,4,"Stabl",100,1.2279448604074,1.01382857669302,1.21119574712798,74,32,22.505,1.4219062430571,27,154,41.292,3.7295359876005,77,"saved matched null",2.35639822928549,1.84075279596515,1.2801274752648,14,1.73076732248001,1.54056578089627,1.12346213575709,6,2000,1000,960404
"GSE69683",2,4,"Stabl",200,1.28469195235628,1.01662011829011,1.26368928692563,144,160,90.301,1.771851917476,51,430,160.3,2.68247036805989,151,"recomputed matched null",3.79088578191995,3.71848594560193,1.01947024605637,23,2.88683808744049,3.12714223790183,0.923155350099274,11,2000,1000,960405
"GSE69683",2,4,"Stabl",500,1.33917407132264,1.01982591054077,1.31313987758218,377,876,574.892,1.5237644635862,140,2232,1044.884,2.13612228725868,383,"recomputed matched null",9.05137235744603,9.37102431865589,0.965889325399199,57,6.72212259720323,7.87163304459106,0.853967983406225,25,2000,1000,960406
"GSE69683",2,5,"Stabl",10,2.41103334647391,1.03592011121277,2.32743173954917,7,0,0.198,0,2,4,0.306,13.0718954248366,7,"recomputed matched null",0.0868850670796661,0.175951275456646,0.493801859942041,1,0,0.147105872530272,0,0,2000,1000,960501
"GSE69683",2,5,"Stabl",20,1.58301416499301,1.04956057113707,1.50826375201768,13,0,0.841,0,4,18,1.37,13.1386861313869,14,"recomputed matched null",0.277118849557535,0.348014512054608,0.796285327072947,3,0,0.289117563628545,0,0,2000,1000,960502
"GSE69683",2,5,"Stabl",50,1.17463963521774,1.04001736456011,1.12944232975819,38,4,5.362,0.745990302126072,9,38,10.134,3.74975330570357,38,"saved matched null",0.759135359311889,0.948397074322783,0.800440427184954,6,0.354993456757969,0.80124901377599,0.443050101347415,1,2000,1000,960503
"GSE69683",2,5,"Stabl",100,1.31999904197643,1.03881665152502,1.27067566739388,77,21,22.102,0.950140258800109,20,126,42.6,2.95774647887324,78,"recomputed matched null",1.58364815562725,1.87810735006546,0.843214928886812,10,1.02802684327142,1.57304982351926,0.653524655036989,3,2000,1000,960504
"GSE69683",2,5,"Stabl",200,1.27657139891647,1.03670102936975,1.23137853899165,150,109,89.209,1.22184981335964,46,344,180.196,1.90903238695643,159,"recomputed matched null",3.56675929661035,3.75001829557742,0.951131172031027,22,2.70629740085076,3.15861341066341,0.856799186540006,10,2000,1000,960505
"GSE69683",2,5,"Stabl",500,1.39654986858728,1.03519192211794,1.34907338315587,376,780,547.888,1.42364862891686,131,1996,1081.964,1.84479335726512,389,"recomputed matched null",8.97832575692053,9.27834390888075,0.967664687264603,54,6.87123203830766,7.79212467249148,0.881817517956964,25,2000,1000,960506
"GSE69683",3,1,"Stabl",10,1.49243180985848,1.02625439191203,1.45425132561714,8,0,0.184,0,3,2,0.68,2.94117647058824,10,"saved matched null",0,0.187441908810819,0,0,0,0.157977643279706,0,0,2000,1000,970101
"GSE69683",3,1,"Stabl",20,1.1445827822426,1.0258531730382,1.11573742941475,17,2,0.851,2.35017626321974,8,8,2.52,3.17460317460317,19,"saved matched null",0.0868850670796661,0.369808030180198,0.234946404590861,1,0,0.308985670401775,0,0,2000,1000,970102
"GSE69683",3,1,"Stabl",50,1.47918299076214,1.03395425000509,1.43060777665439,37,9,5.532,1.62689804772234,13,34,11.494,2.9580650774317,40,"saved matched null",0.593616389081598,0.927653081040796,0.639912054639629,5,0.258546055447497,0.780115158272909,0.331420371346059,1,2000,1000,970103
"GSE69683",3,1,"Stabl",100,1.43278988148216,1.03306868110546,1.38692606569872,74,37,21.507,1.72037011205654,25,96,41.492,2.31369902631833,75,"recomputed matched null",1.98916949698258,1.83811559725462,1.08217867252395,14,1.28992980182688,1.54571610587414,0.834519221818808,5,2000,1000,970104
"GSE69683",3,1,"Stabl",200,1.32515648423975,1.02986521330743,1.28672807578769,153,157,90.176,1.74103974449965,51,418,189.546,2.20526943327741,160,"saved matched null",3.85524716938924,3.70950027057896,1.03929017069125,27,2.6998784635341,3.12332078708506,0.864425605816125,11,2000,1000,970105
"GSE69683",3,1,"Stabl",500,1.40269294359873,1.03234993929578,1.35873785642452,377,942,559.829,1.68265666837552,140,2176,1154.794,1.88431876161463,396,"recomputed matched null",6.72659119576141,9.28960603801829,0.724098650495233,53,4.32646208243246,7.81003806828284,0.553961714988631,20,2000,1000,970106
"GSE69683",3,2,"Stabl",10,1.27079580775477,1.01589070088789,1.25091784642195,10,0,0.221,0,4,8,0.602,13.2890365448505,10,"saved matched null",0.354993456757969,0.183938724444467,1.92995497728998,1,0.354993456757969,0.15653033807693,2.26788915886389,1,2000,1000,970201
"GSE69683",3,2,"Stabl",20,1.21326702850923,0.992062886500586,1.22297391124964,19,0,0.811,0,7,16,2.364,6.76818950930626,19,"saved matched null",0.539353809176037,0.369176665310892,1.46096397702123,3,0.354993456757969,0.312966895440784,1.1342843665877,1,2000,1000,970202
"GSE69683",3,2,"Stabl",50,1.3266106098588,1.00035420091604,1.32614088954092,40,4,5.633,0.710101189419492,13,58,12.302,4.71468053974963,42,"recomputed matched null",1.23200444129234,0.943382635201978,1.30594352208801,9,0.655451918664095,0.799692268699589,0.819630180656806,2,2000,1000,970203
"GSE69683",3,2,"Stabl",100,1.18866679160491,1.00994324700797,1.17696394834702,78,25,22.91,1.09122653862942,24,128,48.704,2.6281208935611,83,"saved matched null",2.50268943022107,1.84910070118869,1.35346302589806,14,1.8503853481148,1.55838046619037,1.18737714458028,6,2000,1000,970204
"GSE69683",3,2,"Stabl",200,1.28023835855941,1.00536532876031,1.27340611610114,146,77,90.408,0.851694540306168,45,366,167.358,2.18692862008389,153,"recomputed matched null",4.0146167677597,3.72528947563513,1.07766572074919,21,3.16895785922179,3.15359843904435,1.00487044259893,10,2000,1000,970205
"GSE69683",3,2,"Stabl",500,1.34014213483998,1.00622367441931,1.33185311467987,377,715,575.212,1.24301996481297,132,1914,1095.666,1.74688271790856,392,"recomputed matched null",7.43256808143853,9.33659370367463,0.796068493214315,48,5.55018746208085,7.88352424034939,0.704023643851302,22,2000,1000,970206
"GSE69683",3,3,"Stabl",10,0.723982291044022,1.02131980949984,0.708869331927058,8,0,0.214,0,2,0,0.442,0,8,"saved matched null",0,0.187354976746153,0,0,0,0.157084203768259,0,0,2000,1000,970301
"GSE69683",3,3,"Stabl",20,1.00532553302203,1.02688173992887,0.97900809210189,16,0,0.924,0,4,2,1.754,1.14025085518814,16,"saved matched null",0,0.361724638079278,0,0,0,0.301946866971398,0,0,2000,1000,970302
"GSE69683",3,3,"Stabl",50,1.51759724107007,1.03765004890665,1.46253280927335,40,6,5.479,1.09509034495346,12,50,10.656,4.69219219219219,39,"saved matched null",0.604139240261595,0.921827139882148,0.655371505268148,4,0.419778887843527,0.766597985864727,0.547586734616859,2,2000,1000,970303
"GSE69683",3,3,"Stabl",100,1.41516312976531,1.03481079544719,1.36755736989944,74,29,22.336,1.29835243553009,24,104,39.864,2.60887015853903,75,"recomputed matched null",1.3879221299092,1.82550570614028,0.760294599595489,8,1.07531540381591,1.51898886440223,0.707915264565868,4,2000,1000,970304
"GSE69683",3,3,"Stabl",200,1.47462841751614,1.0307525129057,1.43063286196523,151,128,91.001,1.40657794969286,51,416,173.88,2.39245456636761,156,"saved matched null",3.36676344241144,3.71990095206083,0.905068034283613,22,2.35735508771892,3.11610535517078,0.756506863225017,8,2000,1000,970305
"GSE69683",3,3,"Stabl",500,1.35448072159197,1.03243331903006,1.31193046236096,382,1001,551.84,1.81393157436938,143,2124,1112.512,1.90919288960479,393,"recomputed matched null",8.04151988926237,9.25327012031506,0.869046270637625,57,5.6858066554264,7.73483753080207,0.7350906380107,23,2000,1000,970306
"GSE69683",3,4,"Stabl",10,1.49587497555086,1.03108778304678,1.45077363939923,7,1,0.19,5.26315789473684,4,4,0.372,10.752688172043,8,"saved matched null",0.179643564219133,0.1830896459715,0.981178172397016,2,0,0.155849172524001,0,0,2000,1000,970401
"GSE69683",3,4,"Stabl",20,1.56641553286087,1.02329794563656,1.5307521524305,14,1,0.894999999999999,1.11731843575419,6,18,1.72,10.4651162790698,16,"saved matched null",0.480102026125259,0.367076770780076,1.30790631372558,3,0.300458461906126,0.311077097794868,0.965864938421973,1,2000,1000,970402
"GSE69683",3,4,"Stabl",50,1.30871463922321,1.02847798620756,1.2724770551959,32,14,5.688,2.46132208157525,15,32,7.816,4.09416581371546,34,"saved matched null",0.990002010106597,0.885364060552226,1.1181863531812,5,0.714945792972081,0.742848617903736,0.962438073842831,2,2000,1000,970403
"GSE69683",3,4,"Stabl",100,1.49259533410277,1.02544001329283,1.45556572276699,73,60,22.968,2.6123301985371,27,172,38.8,4.43298969072165,75,"saved matched null",1.83209777575929,1.81218971737923,1.01098563698333,13,1.21230023077934,1.52477121585143,0.795070249343859,5,2000,1000,970404
"GSE69683",3,4,"Stabl",200,1.38990922001553,1.02007972627335,1.36254959707245,151,187,92.074,2.03097508525751,49,386,172.324,2.23996657459205,156,"saved matched null",3.2708636281022,3.67611803524285,0.889760229879595,22,2.33624613234429,3.09955105751621,0.753736940928603,10,2000,1000,970405
"GSE69683",3,4,"Stabl",500,1.35466462183619,1.0228037428556,1.32446193250531,368,791,572.501,1.38165697527166,130,2026,1058.744,1.91358817617857,388,"recomputed matched null",9.05617087419097,9.14363538296356,0.990434383578379,52,7.13653270120663,7.73805060774407,0.922264929886158,26,2000,1000,970406
"GSE69683",3,5,"Stabl",10,0.971394482095526,1.01160488440102,0.960250881618367,9,1,0.23,4.34782608695652,5,8,0.544,14.7058823529412,9,"saved matched null",0.179643564219133,0.185236506753882,0.969806478038478,2,0,0.155105512378851,0,0,2000,1000,970501
"GSE69683",3,5,"Stabl",20,1.42631294589948,1.00596714414987,1.41785241614908,15,3,0.847,3.54191263282172,6,20,1.514,13.2100396301189,15,"saved matched null",0.248072022867728,0.361074259422148,0.687038791590226,3,0,0.298306626185588,0,0,2000,1000,970502
"GSE69683",3,5,"Stabl",50,1.34757463106983,0.98902003105587,1.36253522553145,35,8,5.484,1.45878920495988,12,44,8.67,5.07497116493656,35,"recomputed matched null",1.43614788005441,0.920705145445488,1.55983474965759,8,1.01611912920532,0.765707692732425,1.32703267689437,3,2000,1000,970503
"GSE69683",3,5,"Stabl",100,1.45840212301538,1.00086955774489,1.45713505993866,74,18,23.784,0.756811301715439,21,192,38.364,5.00469189865499,73,"recomputed matched null",2.31281779282216,1.85346553682521,1.24783425797264,14,1.70649026284037,1.54611055813286,1.10373107140617,6,2000,1000,970504
"GSE69683",3,5,"Stabl",200,1.51161212295949,0.997932899434433,1.5147432495874,157,121,92.184,1.31259220689057,50,500,175.768,2.84465886850849,156,"recomputed matched null",4.84502521311839,3.75163215508913,1.29144463338338,27,3.9316311758374,3.14718812640123,1.24925203639897,14,2000,1000,970505
"GSE69683",3,5,"Stabl",500,1.39644106645744,1.00360036021988,1.39143141215243,372,885,581.92,1.5208276051691,137,2286,1089.624,2.09797141032136,387,"recomputed matched null",9.31659522512217,9.27199217513534,1.00481051419634,53,7.44269430436447,7.75223592953853,0.96007066503296,26,2000,1000,970506
"imvigor210",1,1,"Stabl",10,1.27250991407206,0.990681279403588,1.2844796207698,8,0,0.188,0,1,0,0.712,0,9,"saved matched null",0.0501423783927394,0.176010811057763,0.284882377914182,1,0,0.136481733806314,0,0,2000,1000,950101
"imvigor210",1,1,"Stabl",20,1.05457081664105,0.999053555151361,1.05556985529297,16,0,0.793,0,3,4,3.52,1.13636363636364,18,"saved matched null",0.0501423783927394,0.379482285540748,0.132133647085235,1,0,0.301440541428128,0,0,2000,1000,950102
"imvigor210",1,1,"Stabl",50,0.995786372500632,0.979336126738874,1.01679734394823,41,2,5.329,0.375304935259899,7,22,22.198,0.991080277502478,45,"saved matched null",0.577765101700371,0.923110415497495,0.625889484075417,4,0.379195347223426,0.72565815037281,0.522553694227251,1,2000,1000,950103
"imvigor210",1,1,"Stabl",100,0.968752378711802,0.988601876001065,0.979921647155319,82,26,21.724,1.19683299576505,25,94,86.688,1.0843484680694,88,"recomputed matched null",1.25162088022317,1.86562018843605,0.670887294199149,11,0.611378757875552,1.47587807122356,0.414247470570991,2,2000,1000,950104
"imvigor210",1,1,"Stabl",200,0.971492905362732,0.985316337237574,0.985970564627399,166,95,87.196,1.08949951832653,43,344,351.854,0.977678241543367,179,"recomputed matched null",3.74415952337414,3.72212202143448,1.00592068229165,22,2.65800796769388,2.93663786732325,0.905119421522906,7,2000,1000,950105
"imvigor210",1,1,"Stabl",500,0.992876114886583,0.987003155506719,1.00595029443128,417,529,557.027,0.949684665195762,106,1998,2271.458,0.879611245288269,453,"recomputed matched null",11.7270319588255,9.26504040049875,1.26572917676584,58,9.80207114316222,7.31247565617067,1.34045863590543,31,2000,1000,950106
"imvigor210",1,2,"Stabl",10,1.40225866022782,0.983862249968434,1.42525913589307,9,0,0.211,0,1,0,0.792,0,9,"saved matched null",0,0.180811554751288,0,0,0,0.141039430053883,0,0,2000,1000,950201
"imvigor210",1,2,"Stabl",20,1.08018681587744,0.998274036955134,1.08205440178746,15,1,0.842,1.18764845605701,3,2,2.646,0.755857898715042,16,"recomputed matched null",0,0.369703215561458,0,0,0,0.290034884816375,0,0,2000,1000,950202
"imvigor210",1,2,"Stabl",50,1.12434474229939,0.994582235717587,1.13046935881394,40,4,5.425,0.737327188940092,8,24,18.494,1.29771817886882,41,"recomputed matched null",0.533988804239367,0.897070005889521,0.595258787757452,5,0.230987409177939,0.697274185749359,0.331271992996122,1,2000,1000,950203
"imvigor210",1,2,"Stabl",100,0.896131906543786,0.997230617726215,0.898620530311289,77,13,22.4,0.580357142857143,20,70,84.238,0.830978893136115,88,"recomputed matched null",0.880833972786562,1.83047299440082,0.481205664044714,7,0.483564441533709,1.43104473100607,0.337910081394694,2,2000,1000,950204
"imvigor210",1,2,"Stabl",200,0.843092916693254,0.997861934238889,0.844899367101638,163,61,88.452,0.689639578528467,40,292,359.722,0.811737953197191,180,"saved matched null",4.14905638532451,3.71138750499499,1.11792594541542,21,3.35942098277523,2.91793113065547,1.15130235511096,10,2000,1000,950205
"imvigor210",1,2,"Stabl",500,0.869095825024552,0.992773751867325,0.875421840464511,395,394,557.383,0.7068748060131,101,2118,2179.916,0.971597070712816,444,"recomputed matched null",11.799258910397,9.29273374881024,1.26972957897429,57,9.71673896066942,7.29452437946856,1.3320592892963,28,2000,1000,950206
"imvigor210",1,3,"Stabl",10,1.0435662386797,0.986373470638108,1.05798287336803,9,3,0.22,13.6363636363636,3,4,1.042,3.83877159309021,10,"saved matched null",0.25257703235577,0.174226423507522,1.44970566043253,1,0.25257703235577,0.137645401328991,1.83498344236054,1,2000,1000,950301
"imvigor210",1,3,"Stabl",20,1.37594961787224,0.986482986182823,1.39480319188925,17,3,0.841,3.56718192627824,3,4,3.462,1.15540150202195,18,"saved matched null",0.25257703235577,0.342321576155188,0.737835561499246,1,0.25257703235577,0.266387936824435,0.948154917849125,1,2000,1000,950302
"imvigor210",1,3,"Stabl",50,0.976159883021034,0.983772493438337,0.992261818186544,40,8,5.058,1.58165282720443,11,12,19.38,0.619195046439628,42,"recomputed matched null",0.470096509182445,0.888864478057944,0.528873096840979,4,0.25257703235577,0.703030678481933,0.359268862777317,1,2000,1000,950303
"imvigor210",1,3,"Stabl",100,1.0989819939115,0.979941111199829,1.12147758814397,80,35,21.081,1.66026279588255,24,86,80.42,1.06938572494404,86,"saved matched null",1.20498117500766,1.7337220175051,0.695025593977101,9,0.631772379579196,1.35269881233782,0.467045859593331,2,2000,1000,950304
"imvigor210",1,3,"Stabl",200,1.00197998425118,0.985521566576183,1.01670021056178,161,118,86.666,1.36154893499181,47,310,334.652,0.926335417089992,174,"recomputed matched null",2.79763303799855,3.4639884885671,0.807633468538404,19,1.99231646350246,2.70105829871361,0.737605872650476,8,2000,1000,950305
"imvigor210",1,3,"Stabl",500,0.934759432521544,0.986181827097465,0.947857085617499,406,492,539.916,0.911252861556242,112,2178,2211.036,0.985058587919871,448,"saved matched null",7.87002650832182,8.70070317026448,0.904527640388701,46,6.0038706899017,6.81222849377889,0.881337244542605,19,2000,1000,950306
"imvigor210",1,4,"Stabl",10,1.00992098713534,0.978285408286262,1.03233778055066,7,0,0.192,0,1,0,0.762,0,9,"saved matched null",0.410506702199149,0.174127681693858,2.3575039775748,1,0.410506702199149,0.135199422889598,3.03630513670434,1,2000,1000,950401
"imvigor210",1,4,"Stabl",20,0.794482425546222,0.988889375496334,0.803408799035244,15,0,0.838,0,1,0,3.766,0,19,"saved matched null",0.50119598078601,0.364984924289527,1.37319639095129,2,0.410506702199149,0.288150522087911,1.42462591851182,1,2000,1000,950402
"imvigor210",1,4,"Stabl",50,0.874437625767573,0.989041512525889,0.884126312892943,37,0,5.306,0,4,6,20.898,0.287108814240597,44,"recomputed matched null",0.974615661082232,0.919983239212346,1.059384149125,6,0.641494111377088,0.725562861086739,0.884133058321461,2,2000,1000,950403
"imvigor210",1,4,"Stabl",100,0.94726111801492,0.985488811272785,0.96120940915758,77,19,22.199,0.855894409658093,19,72,81.836,0.87980839728237,86,"recomputed matched null",1.92897977586142,1.88946790687156,1.02091163805755,10,1.49203118518693,1.49512176831298,0.99793288868402,4,2000,1000,950404
"imvigor210",1,4,"Stabl",200,0.925576058421493,0.985559280198083,0.93913788548109,157,59,88.72,0.665013525698828,37,276,317.832,0.868383296836064,171,"recomputed matched null",2.69740972070223,3.72810969138556,0.723532820650385,18,1.72421459583906,2.97106853202269,0.580334844940524,5,2000,1000,950405
"imvigor210",1,4,"Stabl",500,0.946467191585557,0.982736568025052,0.963093490545098,399,469,554.249,0.84619006980617,101,1988,2119.032,0.938164218378958,440,"recomputed matched null",9.29578292562724,9.32848939700775,0.996493915575334,51,7.2920447642943,7.39913675882557,0.985526420443097,23,2000,1000,950406
"imvigor210",1,5,"Stabl",10,0.633781599234029,0.988175007392912,0.641365744420238,9,0,0.183,0,1,2,0.849999999999999,2.35294117647059,9,"saved matched null",0.0501423783927394,0.171744524498331,0.29195910925956,1,0,0.132060889658756,0,0,2000,1000,950501
"imvigor210",1,5,"Stabl",20,0.926733214217697,0.995783509566439,0.930657321912464,17,1,0.731,1.36798905608755,4,2,3.606,0.554631170271769,18,"saved matched null",0.10939947920652,0.359720071052122,0.304123923045341,2,0,0.281296640900379,0,0,2000,1000,950502
"imvigor210",1,5,"Stabl",50,0.830356400560452,0.97920091778572,0.847993895306131,40,5,5.458,0.916086478563576,11,26,22.44,1.15864527629234,45,"saved matched null",0.676263326763758,0.885916356867105,0.763348956729109,5,0.410506702199149,0.687015708102773,0.597521566621502,1,2000,1000,950503
"imvigor210",1,5,"Stabl",100,0.984787517067626,0.99136629487961,0.993363928301816,82,23,20.848,1.10322333077513,25,148,88.76,1.66741775574583,89,"saved matched null",1.21611268044767,1.73824760188066,0.69961993857027,9,0.75965051906503,1.34374726927543,0.565322465343238,2,2000,1000,950504
"imvigor210",1,5,"Stabl",200,0.94681200352868,0.983640629222611,0.962558860828027,161,94,84.991,1.10599945876622,48,354,349.878,1.0117812494641,177,"recomputed matched null",3.68732797907151,3.48681755085868,1.05750528247842,23,2.71538216270055,2.71231885955146,1.00112940377135,9,2000,1000,950505
"imvigor210",1,5,"Stabl",500,0.927303519751244,0.986686929391163,0.939815347836257,406,439,539.27,0.814063456153689,104,2092,2291.366,0.912992511890287,452,"recomputed matched null",7.89106350975034,8.7326072360754,0.903632019215459,47,5.94290236873561,6.80186323778402,0.873716827430913,20,2000,1000,950506
"imvigor210",2,1,"Stabl",10,1.27851225199232,0.98305966104661,1.30054390659379,8,0,0.202,0,1,2,0.734,2.72479564032698,9,"saved matched null",0.439833095452741,0.20105987558661,2.18757270275578,2,0.349143816865881,0.162224896618685,2.15222092381144,1,2000,1000,960101
"imvigor210",2,1,"Stabl",20,0.965258335214561,0.986749198235097,0.978220541694916,16,0,0.795,0,3,6,3.35,1.7910447761194,18,"saved matched null",0.675319770969859,0.382880526461889,1.76378719808587,4,0.534488113990259,0.299357715568696,1.78544960157409,2,2000,1000,960102
"imvigor210",2,1,"Stabl",50,0.964204581259957,0.998834615926591,0.965329560955886,42,5,4.948,1.01050929668553,9,24,22.438,1.06961404759783,46,"saved matched null",1.27418875273632,0.960397747462582,1.32673025952298,6,1.03588137093422,0.774309863877038,1.33781244338988,3,2000,1000,960103
"imvigor210",2,1,"Stabl",100,0.996319678857676,0.98585805640789,1.0106116924052,77,15,20.724,0.723798494499131,19,68,85.39,0.796346176367256,88,"recomputed matched null",1.27418875273632,1.92333931393083,0.662487759443856,6,1.03588137093422,1.53098959868175,0.676609019307618,3,2000,1000,960104
"imvigor210",2,1,"Stabl",200,0.932003880588545,0.989980880206815,0.941436243085666,159,56,84.215,0.664964673751707,40,342,347.174,0.985096810245007,177,"saved matched null",4.36541853060667,3.86276044670681,1.13012924069066,21,3.67819674827294,3.07977296952741,1.19430775731412,12,2000,1000,960105
"imvigor210",2,1,"Stabl",500,0.955438537441325,0.991966885809498,0.963175838941071,406,404,530.821,0.761085186908581,102,2370,2204.842,1.07490695478406,445,"recomputed matched null",10.1859684792458,9.54323908020654,1.06734918759107,50,8.51961160074245,7.60108408169965,1.12084164695063,26,2000,1000,960106
"imvigor210",2,2,"Stabl",10,0.578542675201543,0.976469360634231,0.592484207416166,9,0,0.18,0,1,0,0.782000000000001,0,9,"saved matched null",0.0501423783927394,0.180501806045323,0.277794330656996,1,0,0.137518067910535,0,0,2000,1000,960201
"imvigor210",2,2,"Stabl",20,0.893418185042877,0.983816142667416,0.908114988457656,17,1,0.896,1.11607142857143,3,4,3.488,1.14678899082569,18,"saved matched null",0.133932852825885,0.36775743016816,0.364188026777986,2,0,0.287179708943031,0,0,2000,1000,960202
"imvigor210",2,2,"Stabl",50,0.874401398378151,0.960661083557241,0.910207994624204,39,3,5.145,0.583090379008746,9,26,21.686,1.19893018537305,45,"recomputed matched null",0.386509885181655,0.950111499247608,0.406804765006772,3,0.25257703235577,0.746422934187521,0.338383268770673,1,2000,1000,960203
"imvigor210",2,2,"Stabl",100,0.86447225440219,0.969364050132385,0.891793185732574,79,12,21.612,0.555247084952804,18,90,88.754,1.0140388038849,91,"recomputed matched null",1.17635373600515,1.86073396693123,0.632198775811688,6,0.951731604592404,1.45715675530816,0.653142910757828,3,2000,1000,960204
"imvigor210",2,2,"Stabl",200,0.784221605422148,0.97619933544804,0.803341671055553,158,60,85.299,0.703408011817255,41,260,332.4,0.782190132370638,177,"recomputed matched null",3.93326511189321,3.72757802026364,1.05517982199472,22,3.03728485873507,2.91681184623021,1.04130297696801,10,2000,1000,960205
"imvigor210",2,2,"Stabl",500,0.945964451726041,0.97048762926372,0.974731076627649,403,376,544.918,0.690012075211316,99,1980,2185.794,0.905849316083766,449,"recomputed matched null",9.22459357401539,9.29971786477146,0.991921874206458,51,7.17057499477668,7.26036939198211,0.987632255005566,22,2000,1000,960206
"imvigor210",2,3,"Stabl",10,1.37571852600254,1.00845536718858,1.36418385063271,7,0,0.214,0,2,0,0.81,0,9,"saved matched null",0.25257703235577,0.192797131974199,1.31006633640987,1,0.25257703235577,0.155413127963885,1.62519753424218,1,2000,1000,960301
"imvigor210",2,3,"Stabl",20,1.38093209307352,0.994451499512304,1.38863694584477,15,2,0.894,2.23713646532438,5,6,3.016,1.9893899204244,17,"saved matched null",0.329264852202846,0.373912786662236,0.880592651409587,2,0.25257703235577,0.295446074357961,0.854900620712763,1,2000,1000,960302
"imvigor210",2,3,"Stabl",50,0.992883096011128,0.991070230720383,1.00182919962133,40,5,5.642,0.886210563629918,15,8,18.234,0.43874081386421,41,"recomputed matched null",0.80522429984361,0.920659449167146,0.874616885290254,5,0.619137000790014,0.728888265637489,0.849426489598531,2,2000,1000,960303
"imvigor210",2,3,"Stabl",100,0.916928421841103,1.00341842531431,0.91380464889698,81,33,22.652,1.45682500441462,29,74,84.172,0.879152212137053,87,"saved matched null",1.32660575896641,1.85433151877675,0.715409162565241,10,0.850124409967953,1.45858074517198,0.582843570904068,3,2000,1000,960304
"imvigor210",2,3,"Stabl",200,0.96709656323412,0.99841137029716,0.968635366148004,167,118,92.156,1.28043751898954,52,390,356.662,1.0934722510388,180,"saved matched null",2.8400441511095,3.647182916922,0.778695287788397,16,2.15058958835995,2.87889295035418,0.747019644511398,6,2000,1000,960305
"imvigor210",2,3,"Stabl",500,0.918973386135295,0.999492217827203,0.919440261509041,406,566,569.255,0.994282000158101,110,2372,2249.222,1.05458687492831,450,"saved matched null",7.33672695570369,9.06742223346785,0.809130397460023,46,5.25410370587663,7.13193169766498,0.73670134945303,17,2000,1000,960306
"imvigor210",2,4,"Stabl",10,1.32831199198621,0.990951410661925,1.34044109296837,8,0,0.199,0,1,2,0.588,3.40136054421769,8,"recomputed matched null",0.093090149805667,0.190591718605133,0.488427044401288,1,0,0.150824649507156,0,0,2000,1000,960401
"imvigor210",2,4,"Stabl",20,1.34854251049009,1.00309525263262,1.34438131069891,16,0,0.823,0,2,6,3.362,1.78465199286139,18,"saved matched null",0.169777969652743,0.37265517921538,0.455589990752866,2,0,0.291198114849186,0,0,2000,1000,960402
"imvigor210",2,4,"Stabl",50,1.09524171166715,0.992853501671053,1.10312519402286,43,6,5.299,1.13228911115305,10,26,23.184,1.12146307798482,46,"saved matched null",0.338846511888286,0.916596621624812,0.369678988438367,4,0,0.724250353914565,0,0,2000,1000,960403
"imvigor210",2,4,"Stabl",100,0.907180905382814,1.00392325499458,0.903635712062185,82,18,22.028,0.817141819502451,22,72,92.004,0.782574670666493,90,"saved matched null",1.02076126986022,1.85221460346521,0.551103132407299,7,0.631772379579196,1.45954232510124,0.432856498036378,2,2000,1000,960404
"imvigor210",2,4,"Stabl",200,0.845377869486499,0.99262854223326,0.851655814353807,163,137,86.823,1.57792290061389,53,366,362.616,1.00933218611424,178,"recomputed matched null",4.74656614613406,3.7039022251922,1.28150416980506,24,3.8906638023111,2.94070942297171,1.32303578582729,12,2000,1000,960405
"imvigor210",2,4,"Stabl",500,0.938258082885382,0.998604225602733,0.939569509951826,404,542,554.832,0.97687227845546,106,2076,2329.982,0.890994007679029,452,"recomputed matched null",8.5741466623487,9.15775240457995,0.936271945729895,52,6.32207376455388,7.22770501560344,0.874700025928778,20,2000,1000,960406
"imvigor210",2,5,"Stabl",10,1.63255418253264,0.972232339516143,1.67918111358559,7,0,0.188,0,1,4,0.844,4.739336492891,9,"saved matched null",0,0.170912876386625,0,0,0,0.133178730113439,0,0,2000,1000,960501
"imvigor210",2,5,"Stabl",20,1.55195988162039,0.986672156195261,1.57292356116033,15,2,0.831,2.40673886883273,3,10,3.86,2.59067357512953,19,"saved matched null",0.0942681361914253,0.383959582346916,0.245515779591228,1,0,0.304369871218539,0,0,2000,1000,960502
"imvigor210",2,5,"Stabl",50,1.1677714206611,0.985339434275892,1.18514633641885,40,13,5.595,2.32350312779267,11,38,23.12,1.64359861591695,46,"saved matched null",0.624678152312948,0.911579768302284,0.685269873284202,4,0.349143816865881,0.719838038722584,0.485031073775245,1,2000,1000,960503
"imvigor210",2,5,"Stabl",100,0.950389118226974,0.990909500942197,0.959107887575309,84,20,22.375,0.893854748603352,21,82,91.434,0.896821751208522,91,"recomputed matched null",2.03563899744041,1.86259659516068,1.09290385407625,9,1.68172539834466,1.48980351563329,1.12882362049588,5,2000,1000,960504
"imvigor210",2,5,"Stabl",200,0.929491629458624,0.98393954286921,0.944663354770951,166,78,87.639,0.890014719474207,41,388,376.02,1.03186000744641,183,"recomputed matched null",4.6452207407762,3.67146071264851,1.26522414492221,23,3.89404601168885,2.92038106380772,1.33340339038208,13,2000,1000,960505
"imvigor210",2,5,"Stabl",500,0.956005210389003,0.983090314891095,0.972449017051813,416,400,552.651,0.723784087968718,96,2152,2319.608,0.927742963466241,456,"recomputed matched null",9.55376128843572,9.22145885001452,1.03603577739987,48,7.79759583530524,7.34045612085527,1.06227674505828,24,2000,1000,960506
"imvigor210",3,1,"Stabl",10,1.1579380333186,1.00035174232131,1.15753088071963,9,1,0.202,4.95049504950495,3,2,0.766,2.61096605744125,9,"saved matched null",0.0837904744331457,0.171239982781244,0.489316064345712,1,0,0.132710788807724,0,0,2000,1000,970101
"imvigor210",3,1,"Stabl",20,1.05621766404331,0.990565368096871,1.06627760071259,17,2,0.832,2.40384615384615,4,10,3.274,3.0543677458766,18,"saved matched null",0.432934291299027,0.356486533090788,1.21444781530855,2,0.349143816865881,0.281483150490575,1.24037199476198,1,2000,1000,970102
"imvigor210",3,1,"Stabl",50,1.05245789350107,0.983787311737468,1.06980226411167,43,5,5.077,0.984833563127831,7,20,21.65,0.92378752886836,45,"saved matched null",0.871567787268068,0.920619986409224,0.946718298684261,5,0.709398049186239,0.729423023069094,0.972546830509135,3,2000,1000,970103
"imvigor210",3,1,"Stabl",100,0.976819580791346,0.984899580776256,0.991796117956978,84,28,21.446,1.30560477478318,23,98,90.78,1.07953293677021,91,"saved matched null",2.26148654974573,1.79802633009742,1.25776052991571,13,1.70309566621838,1.41622381181244,1.20256110087488,6,2000,1000,970104
"imvigor210",3,1,"Stabl",200,0.946973111702111,0.986124631764508,0.960297594440632,166,75,86.253,0.869534972696602,39,392,367.318,1.06719518237603,183,"saved matched null",3.62503603866684,3.56102645011571,1.01797503878385,19,2.93564849808859,2.80722703443059,1.04574673230306,10,2000,1000,970105
"imvigor210",3,1,"Stabl",500,0.929882537893526,0.987689335196585,0.941472692634113,416,596,547.352,1.08887882021076,120,2718,2340.77,1.1611563716213,461,"saved matched null",10.5087766558901,8.96228311736218,1.17255575596937,52,8.72512991626911,7.06691984137448,1.23464396259122,28,2000,1000,970106
"imvigor210",3,2,"Stabl",10,0.473897832993727,1.0161872799004,0.466348912613997,8,0,0.182,0,2,2,0.762,2.6246719160105,9,"saved matched null",0.0501423783927394,0.185583801313023,0.270187257928641,1,0,0.147418688888149,0,0,2000,1000,970201
"imvigor210",3,2,"Stabl",20,0.899449971960553,1.01215163996361,0.88865140009346,16,1,0.913000000000001,1.09529025191676,6,10,3.372,2.9655990510083,18,"saved matched null",0.452970857835222,0.375539869775252,1.20618579887752,3,0.349143816865881,0.293528851747722,1.18947018252897,1,2000,1000,970202
"imvigor210",3,2,"Stabl",50,0.870613020535304,0.997543374673721,0.872757057626758,38,3,5.567,0.538889886833124,10,28,20.768,1.3482280431433,43,"recomputed matched null",0.954364114779185,0.987059997783815,0.966875485707008,4,0.850537073809844,0.790549391124153,1.07588100548707,2,2000,1000,970203
"imvigor210",3,2,"Stabl",100,0.922326566996167,1.00190960400758,0.920568645421617,79,22,21.528,1.02192493496841,25,108,83.884,1.28749225120404,87,"recomputed matched null",1.64090439268957,1.86484919624124,0.879912647090689,7,1.44638807313337,1.47143319180799,0.982979099007652,4,2000,1000,970204
"imvigor210",3,2,"Stabl",200,0.973209591015245,0.998245852009466,0.974919744526037,156,82,88.348,0.928147779236655,47,346,347.912,0.994504357423716,177,"recomputed matched null",4.00900263672758,3.70753567768572,1.08131195091561,20,3.26844180603021,2.91236287637282,1.12226461631762,10,2000,1000,970205
"imvigor210",3,2,"Stabl",500,0.923106599534563,0.997476008154763,0.925442408627174,398,506,543.573,0.930877729394212,111,2192,2196.378,0.998006718333547,442,"recomputed matched null",10.5586008345589,9.41126826209221,1.1219105162572,57,8.10298657789159,7.43778962463306,1.08943476312579,24,2000,1000,970206
"imvigor210",3,3,"Stabl",10,0.675501320265897,1.0000207910298,0.675487276189808,8,0,0.197,0,0,0,0.804,0,9,"saved matched null",0,0.187330291159468,0,0,0,0.145465932501803,0,0,2000,1000,970301
"imvigor210",3,3,"Stabl",20,1.08544589997391,0.991707433194406,1.09452229926075,16,0,0.811,0,1,0,3.868,0,19,"saved matched null",0.410506702199149,0.35367989034194,1.1606730080194,1,0.410506702199149,0.277450943844564,1.47956498727619,1,2000,1000,970302
"imvigor210",3,3,"Stabl",50,1.14733024395853,1.01039629626771,1.13552498974575,40,1,5.579,0.179243592041585,5,24,22.71,1.05680317040951,46,"saved matched null",1.00956484832183,0.915697358663812,1.10250929389486,3,1.00956484832183,0.722421251506705,1.39747390627871,3,2000,1000,970303
"imvigor210",3,3,"Stabl",100,1.11697393329383,0.999563473780766,1.11746173463999,81,11,22.264,0.494071146245059,14,72,81.5,0.883435582822086,86,"recomputed matched null",1.35487753076367,1.77437842040535,0.763578679261749,8,1.00956484832183,1.38631260154365,0.72823751814539,3,2000,1000,970304
"imvigor210",3,3,"Stabl",200,1.06113066431673,1.00416571209603,1.05672863705115,169,53,89.88,0.589675122385403,40,326,358.138,0.910263641389632,180,"recomputed matched null",2.29364269928886,3.57630339204291,0.64134455269989,17,1.45775837841977,2.79730817182875,0.521128988611488,5,2000,1000,970305
"imvigor210",3,3,"Stabl",500,0.880493536050227,1.00442724440151,0.876612558010481,416,429,558.079,0.768708372828936,95,1976,2264.696,0.872523287893828,453,"recomputed matched null",7.70098139888523,8.88252211587612,0.866981393169957,48,5.68893160365325,6.97382853617114,0.815754441645143,19,2000,1000,970306
"imvigor210",3,4,"Stabl",10,1.21512831858009,0.990857653087142,1.22633994377921,6,0,0.197,0,2,0,0.576,0,8,"recomputed matched null",0,0.196922320084179,0,0,0,0.158016557745345,0,0,2000,1000,970401
"imvigor210",3,4,"Stabl",20,1.10435101834604,0.9760704123991,1.1314255655303,16,4,0.842,4.75059382422803,5,8,3.158,2.53324889170361,18,"saved matched null",0.544439555025034,0.366200114375737,1.48672688416044,3,0.410506702199149,0.287471295336761,1.4279919729664,1,2000,1000,970402
"imvigor210",3,4,"Stabl",50,0.893247842510411,0.978521273311953,0.91285480129326,39,5,5.256,0.951293759512938,9,30,20.65,1.45278450363196,45,"saved matched null",0.635128833611895,0.939302824521989,0.67617047136541,4,0.410506702199149,0.747515585974839,0.549161395295598,1,2000,1000,970403
"imvigor210",3,4,"Stabl",100,0.989758713395932,0.972028183082504,1.018240757441,83,21,20.846,1.0073875083949,19,118,89.926,1.31219002290772,92,"saved matched null",1.68269312499356,1.86468849195154,0.902399050702829,10,1.2228213388951,1.48743006810883,0.822103415221284,4,2000,1000,970404
"imvigor210",3,4,"Stabl",200,0.983345518005445,0.97859855795914,1.00485077359628,158,51,84.582,0.602965169894304,35,340,328.526,1.03492569842265,175,"saved matched null",3.3573010939376,3.7644867214538,0.89183502090852,16,2.72062256527683,2.9920383258787,0.909287338248865,7,2000,1000,970405
"imvigor210",3,4,"Stabl",500,0.976350062085356,0.976252751093569,1.00009967807177,411,325,527.236,0.616422247342746,91,2192,2206.294,0.993521262352162,453,"recomputed matched null",7.29964552609263,9.30056960779613,0.784860049859071,43,5.46243632544117,7.38101002708549,0.740066238278516,17,2000,1000,970406
"imvigor210",3,5,"Stabl",10,1.01839710235895,0.978429985022544,1.04084821392251,8,0,0.186,0,1,0,0.624,0,8,"saved matched null",0,0.187259366124068,0,0,0,0.144099042619031,0,0,2000,1000,970501
"imvigor210",3,5,"Stabl",20,0.994802274395683,0.967038153357889,1.02871047118605,16,0,0.791,0,3,0,3.152,0,17,"saved matched null",0.126830198239815,0.361466192955215,0.350877068759592,2,0,0.283016454278523,0,0,2000,1000,970502
"imvigor210",3,5,"Stabl",50,1.02699960003114,0.970835696540817,1.05785109024157,42,1,5.324,0.187828700225394,6,14,21.57,0.649049605934168,45,"saved matched null",0.205209461888498,0.892679645199534,0.229880296915058,3,0,0.691666969584074,0,0,2000,1000,970503
"imvigor210",3,5,"Stabl",100,0.927588645174977,0.96906547728535,0.957199143832301,81,9,21.513,0.418351694324362,19,96,89.204,1.07618492444285,91,"saved matched null",1.15249301685718,1.75252054399219,0.657620260605807,9,0.631772379579196,1.35843278495837,0.465074449449891,2,2000,1000,970504
"imvigor210",3,5,"Stabl",200,0.902823392753557,0.969275726126338,0.931441248778246,161,70,84.604,0.827384048035554,42,294,343.212,0.856613405125695,179,"saved matched null",2.49676445872645,3.56538363837242,0.700279328107931,17,1.66528817995726,2.78012344575206,0.598997926693423,6,2000,1000,970505
"imvigor210",3,5,"Stabl",500,0.937686470025042,0.967359705378964,0.969325541275986,405,545,532.868,1.02276736452555,114,2168,2245.91,0.965310275122334,453,"saved matched null",9.3011940406338,8.86752195266818,1.04890566837956,54,7.10170857101267,6.91000528634156,1.02774285644181,23,2000,1000,970506
"sosall",1,1,"Stabl",10,0.950361477703135,0.962303853539707,0.987589807738332,7,0,0.219,0,3,0,0.742,0,10,"saved matched null",0,0.0435554325017292,0,0,0,0.0364861221370133,0,0,2000,1000,950101
"sosall",1,1,"Stabl",20,1.02348528221255,0.97876405852045,1.04569152627008,14,0,0.964,0,5,2,2.856,0.700280112044818,19,"saved matched null",0.0940088202682095,0.0927935857214495,1.013096105052,1,0,0.078912683464183,0,0,2000,1000,950102
"sosall",1,1,"Stabl",50,0.762641000555424,0.973835768215507,0.783131022136223,40,1,5.897,0.169577751399016,11,12,19.262,0.622988267054304,48,"saved matched null",0.573275740111702,0.242606149116543,2.36298932322739,3,0.426169231617919,0.212454268913627,2.00593395367912,1,2000,1000,950103
"sosall",1,1,"Stabl",100,0.758927233055835,0.990489946764786,0.766213968687619,82,2,24.011,0.0832951563866561,16,70,72.612,0.964027984355203,93,"saved matched null",0.900884689969833,0.467962212293715,1.92512272637175,5,0.691524508175827,0.403418980013513,1.71415957710434,2,2000,1000,950104
"sosall",1,1,"Stabl",200,0.783466964240057,0.985997736229346,0.794593065939677,155,32,95.506,0.335057483299479,29,232,256.482,0.904546907775204,175,"recomputed matched null",1.30431946816117,0.937707371506646,1.39096642278228,8,1.00210234787764,0.806172815152775,1.24303664058398,4,2000,1000,950105
"sosall",1,1,"Stabl",500,0.942706520461876,0.985310716263088,0.956760649104889,390,282,601.04,0.469186742978837,83,1346,1520.602,0.885175739608392,425,"recomputed matched null",2.05898285224285,2.34865162288157,0.876665927029515,14,1.65480419374962,2.03153564519651,0.814558286320175,8,2000,1000,950106
"sosall",1,2,"Stabl",10,0.426008802401816,1.01456878322737,0.41989149424317,10,0,0.204,0,1,0,0.727999999999999,0,10,"saved matched null",0,0.0500972582011901,0,0,0,0.0438726430491052,0,0,2000,1000,950201
"sosall",1,2,"Stabl",20,0.713171121942101,0.998366799289627,0.714337778910063,15,0,0.883,0,3,2,2.796,0.715307582260372,18,"saved matched null",0,0.0953656606665654,0,0,0,0.0826844940676549,0,0,2000,1000,950202
"sosall",1,2,"Stabl",50,0.873123719814901,1.00961420291473,0.864809268029526,42,2,6.034,0.331455087835598,10,10,16.704,0.598659003831418,45,"saved matched null",0,0.231145672868267,0,0,0,0.20336606914624,0,0,2000,1000,950203
"sosall",1,2,"Stabl",100,1.01084912981226,1.00405241157955,1.00676928629853,85,5,23.901,0.20919626793858,19,48,64.83,0.740397963905599,87,"recomputed matched null",0.12261685967353,0.493460710301626,0.248483530935179,1,0.12261685967353,0.435968668404466,0.281251540672122,1,2000,1000,950204
"sosall",1,2,"Stabl",200,0.974376164274334,1.00535325681302,0.969187852798245,167,53,95.76,0.553467000835422,36,252,259.882,0.969670850616818,175,"recomputed matched null",0.384714561699927,0.93931782092453,0.409568043030706,4,0.236384551698709,0.823207886435279,0.287150494539503,2,2000,1000,950205
"sosall",1,2,"Stabl",500,0.896424146421799,1.00316053101482,0.893599896234909,402,357,605.862,0.589243094962219,94,1226,1568.398,0.781689341608444,428,"recomputed matched null",1.70097483213941,2.46152759154037,0.691024077075236,11,1.44712561705599,2.16744598130739,0.667663983110249,7,2000,1000,950206
"sosall",1,3,"Stabl",10,2.03932841123478,0.995037993601723,2.04949803359071,9,0,0.24,0,3,2,0.756,2.64550264550265,10,"saved matched null",0,0.0488520690955148,0,0,0,0.0428863640639441,0,0,2000,1000,950301
"sosall",1,3,"Stabl",20,1.66771695732494,0.993102528046487,1.67929988115676,18,0,0.996,0,6,4,2.718,1.47167034584253,18,"recomputed matched null",0,0.0966041910576246,0,0,0,0.0840267599410316,0,0,2000,1000,950302
"sosall",1,3,"Stabl",50,1.3446465874553,0.99966463589369,1.34509768493831,45,5,6.217,0.804246421103426,16,22,17.298,1.27182333217713,45,"recomputed matched null",0.0622536733002231,0.237630690899194,0.261976569881,1,0,0.208140961509862,0,0,2000,1000,950303
"sosall",1,3,"Stabl",100,1.17826615139165,0.996667788745094,1.18220550989734,84,14,25.457,0.549946969399379,26,64,68.216,0.938196317579454,89,"saved matched null",0.275373796791992,0.47207248402695,0.583329480343682,2,0.213120123491769,0.409656898607164,0.520240533520559,1,2000,1000,950304
"sosall",1,3,"Stabl",200,1.03018391288769,0.996668851117993,1.0336270785749,164,79,102.358,0.771800933976826,42,270,274.582,0.983312817300479,178,"saved matched null",0.611533313362179,0.954450229815868,0.640717864859392,5,0.398416159664177,0.833607152349503,0.47794234795281,2,2000,1000,950305
"sosall",1,3,"Stabl",500,0.929987618516178,0.999315547482944,0.930624586857087,392,381,639.294,0.59596992932829,97,1252,1690.304,0.740695164893416,441,"recomputed matched null",2.02543056906661,2.41720927091573,0.837921066014818,14,1.61933919022442,2.11150376119033,0.766912766147069,8,2000,1000,950306
"sosall",1,4,"Stabl",10,0.89011357182468,1.00245130904865,0.887936963910416,10,0,0.235,0,4,0,0.586,0,9,"saved matched null",0,0.0432360616366976,0,0,0,0.0372642008086722,0,0,2000,1000,950401
"sosall",1,4,"Stabl",20,1.03863134883474,0.998685735113732,1.03999818192703,17,1,0.862,1.16009280742459,7,4,2.954,1.354096140826,19,"saved matched null",0.0622536733002231,0.0951680579141621,0.654144622309867,1,0,0.0825578180958835,0,0,2000,1000,950402
"sosall",1,4,"Stabl",50,1.11599537077488,0.997600946564649,1.1186791418131,41,2,6.028,0.33178500331785,8,16,17.392,0.919963201471941,46,"saved matched null",0.488422904918142,0.226185582704609,2.1593900861312,2,0.426169231617919,0.193615558091953,2.20111046765942,1,2000,1000,950403
"sosall",1,4,"Stabl",100,1.02547522130774,0.99431682140514,1.03133649077622,82,11,24.293,0.452805334870127,20,48,66.078,0.726414237719059,89,"recomputed matched null",0.668702713647066,0.442215986628763,1.51216313716952,4,0.548786091291449,0.377271147972026,1.45461982513473,2,2000,1000,950404
"sosall",1,4,"Stabl",200,1.06094000339245,1.00179216242595,1.05904202806225,156,59,98.596,0.59840155787253,38,248,254.968,0.972671080292429,173,"recomputed matched null",1.22344661533258,0.892663446890931,1.37055753721488,10,0.847849819489037,0.767706015161017,1.10439387310416,4,2000,1000,950405
"sosall",1,4,"Stabl",500,0.948326268621296,1.00328669959444,0.945219615693739,400,449,612.644,0.732888920808822,98,1572,1550.454,1.0138965748097,429,"recomputed matched null",1.83563061820589,2.23327942547194,0.821943997365211,14,1.30074200203993,1.91191831974593,0.680333458080354,6,2000,1000,950406
"sosall",1,5,"Stabl",10,1.53656093475217,1.00981837406242,1.52162108971211,7,0,0.226,0,3,0,0.458,0,8,"saved matched null",0,0.0482098034575544,0,0,0,0.0410199067760051,0,0,2000,1000,950501
"sosall",1,5,"Stabl",20,1.15457051513721,1.0051834962526,1.14861666495872,15,0,0.921,0,4,2,2.5,0.8,18,"saved matched null",0,0.0960941365831017,0,0,0,0.0835628502591083,0,0,2000,1000,950502
"sosall",1,5,"Stabl",50,1.29444664379365,1.01213697072549,1.27892437608103,42,6,5.953,1.00789517890139,13,22,15.318,1.43621882752318,44,"saved matched null",0.0580065419082472,0.239216330361933,0.242485710822851,1,0,0.205325518210353,0,0,2000,1000,950503
"sosall",1,5,"Stabl",100,1.24057149114998,0.998659328228185,1.24223692312672,82,26,23.863,1.08955286426686,23,92,62.42,1.47388657481576,88,"saved matched null",0.323361818466155,0.465551954574123,0.694577297526243,2,0.265355276557908,0.398326946612989,0.666174555385339,1,2000,1000,950504
"sosall",1,5,"Stabl",200,1.20805968443533,1.01203644900334,1.19369187307931,161,71,98.165,0.723272041970152,40,336,261.238,1.28618348019813,179,"saved matched null",0.655240187730236,0.91926003980841,0.712790896324396,6,0.387972136231437,0.785855443040226,0.493694024349435,2,2000,1000,950505
"sosall",1,5,"Stabl",500,0.972101307732721,1.01547755300276,0.95728488025976,398,492,604.95,0.813290354574758,105,1586,1604.91,0.988217407829722,442,"recomputed matched null",2.07496471154946,2.36385027878437,0.877790243389072,13,1.6911301472724,2.02817584591293,0.833818305587393,7,2000,1000,950506
"sosall",2,1,"Stabl",10,0.590222500745257,0.968989912480872,0.609111088921586,8,0,0.221,0,1,2,0.74,2.7027027027027,10,"saved matched null",0,0.0470419702641103,0,0,0,0.0409483297105941,0,0,2000,1000,960101
"sosall",2,1,"Stabl",20,1.05515097250114,1.00039967113926,1.05472942758921,17,0,0.973,0,6,4,3.206,1.24766063630692,20,"saved matched null",0,0.0906953344985347,0,0,0,0.0760699234829503,0,0,2000,1000,960102
"sosall",2,1,"Stabl",50,0.8849546066137,0.992349399536902,0.891777237963443,41,0,6.036,0,13,16,19.75,0.810126582278481,48,"saved matched null",0.112496206645335,0.237764784835659,0.4731407416918,2,0,0.203889734524165,0,0,2000,1000,960103
"sosall",2,1,"Stabl",100,0.97495031235529,0.993252898978269,0.981573085120812,84,31,24.494,1.26561606924145,24,84,67.072,1.25238549618321,88,"saved matched null",0.235113066318865,0.488708162032687,0.481090934395197,3,0.12261685967353,0.422201577366215,0.290422552275717,1,2000,1000,960104
"sosall",2,1,"Stabl",200,0.999315144158264,0.986734859974861,1.01274940685051,160,70,98.499,0.710667113371709,39,262,269.462,0.972307783657807,175,"recomputed matched null",0.346217296452685,1.00621797148526,0.344077830315076,5,0.12261685967353,0.872126497182521,0.140595269229468,1,2000,1000,960105
"sosall",2,1,"Stabl",500,0.919678258131561,0.993163427827161,0.926008985392897,393,413,610.638,0.67634179333746,97,1454,1611.04,0.902522594100705,432,"recomputed matched null",1.66351468387153,2.3906725053052,0.695835452233621,11,1.43991424709237,2.04894513832145,0.702758809965985,7,2000,1000,960106
"sosall",2,2,"Stabl",10,1.26020612287859,1.00586588876702,1.25285700305767,7,0,0.204,0,1,0,0.614,0,9,"saved matched null",0,0.0461016578099782,0,0,0,0.0391826772006294,0,0,2000,1000,960201
"sosall",2,2,"Stabl",20,1.43779588546619,1.00363182096617,1.43259296430245,15,0,0.951,0,1,2,2.346,0.852514919011083,17,"saved matched null",0,0.0987481417549858,0,0,0,0.0824868971892843,0,0,2000,1000,960202
"sosall",2,2,"Stabl",50,1.38520170320447,1.01865381545423,1.35983558122422,38,1,5.718,0.174886323889472,7,4,15.152,0.263991552270327,43,"recomputed matched null",0,0.206142977040358,0,0,0,0.167852123837166,0,0,2000,1000,960203
"sosall",2,2,"Stabl",100,1.10453957834862,1.01994315314511,1.08294229432557,82,4,23.682,0.168904653323199,17,46,64.65,0.711523588553751,89,"saved matched null",0.547666238768038,0.44283351851497,1.23673167425226,4,0.453657418499828,0.368747296224407,1.23026642675028,3,2000,1000,960204
"sosall",2,2,"Stabl",200,1.01364545490056,1.01307685826477,1.00056125715552,158,13,93.04,0.139724849527085,31,180,268.156,0.671251062814183,180,"saved matched null",0.875275188626169,0.907792871974374,0.964179402204952,6,0.719012695057736,0.750950859407073,0.957469701313673,4,2000,1000,960205
"sosall",2,2,"Stabl",500,0.961667365109431,1.0094325021112,0.952681197700817,395,172,577.959,0.297598964632439,73,1060,1541.438,0.687669565691257,430,"recomputed matched null",2.16546377252558,2.24764170863843,0.963438151286742,14,1.71805217593669,1.86556625786907,0.920927985639667,8,2000,1000,960206
"sosall",2,3,"Stabl",10,1.18371467804687,0.998498421387616,1.18549479167113,9,0,0.2,0,4,0,0.782,0,10,"saved matched null",0,0.0404766087541511,0,0,0,0.0357752997981714,0,0,2000,1000,960301
"sosall",2,3,"Stabl",20,0.97448785593779,1.01579864349566,0.959331716160097,15,0,0.915000000000001,0,7,0,2.582,0,18,"saved matched null",0,0.0856070522565299,0,0,0,0.0720510205032607,0,0,2000,1000,960302
"sosall",2,3,"Stabl",50,1.59934804323597,1.01008404077415,1.58338116302698,41,2,5.743,0.348250043531255,15,22,16.656,1.32084534101825,44,"saved matched null",0,0.221285820444015,0,0,0,0.190463595938368,0,0,2000,1000,960303
"sosall",2,3,"Stabl",100,1.15277310272177,1.00652576580999,1.145299148695,82,14,22.99,0.608960417572858,23,84,68.606,1.22438270705186,89,"recomputed matched null",0.111806742125871,0.428269338459316,0.261066417988483,2,0,0.368230958716461,0,0,2000,1000,960304
"sosall",2,3,"Stabl",200,0.984987866930074,1.00447530536934,0.980599385236155,171,46,94.783,0.485319097306479,41,222,286.856,0.773907465766796,183,"saved matched null",0.683605200754794,0.915327361214805,0.746842309889574,5,0.427222515274814,0.792148593582507,0.539321181323686,1,2000,1000,960305
"sosall",2,3,"Stabl",500,0.977160964085275,1.00024019636638,0.976926309935407,393,309,594.216,0.520012924593077,90,1260,1577.83,0.798565117915111,430,"recomputed matched null",2.31625633212669,2.21775849725938,1.04441323750491,16,1.79818916475107,1.9147739164976,0.939113045805541,8,2000,1000,960306
"sosall",2,4,"Stabl",10,1.06777086386223,1.00056506958489,1.067167839774,8,0,0.215,0,2,0,0.83,0,10,"saved matched null",0,0.0573507935039049,0,0,0,0.0512619329162621,0,0,2000,1000,960401
"sosall",2,4,"Stabl",20,1.16740125262417,0.981340462648245,1.18959861236519,17,0,1.026,0,5,0,3.21,0,20,"saved matched null",0.0622536733002231,0.0888277530050499,0.700835844588841,1,0,0.0752014258263997,0,0,2000,1000,960402
"sosall",2,4,"Stabl",50,0.971401047266889,0.979780563937461,0.991447557770592,38,7,6.269,1.11660551922157,11,14,19.566,0.715526934478177,48,"saved matched null",0.0622536733002231,0.236559460917528,0.263162898066997,1,0,0.207475667582743,0,0,2000,1000,960403
"sosall",2,4,"Stabl",100,1.04608402084247,0.995264404487393,1.0510614225988,82,26,25.403,1.02350116128016,25,98,77.526,1.26409204653923,95,"saved matched null",0.247549709472631,0.496372089050942,0.498718028134789,2,0.185296036172408,0.434595322990823,0.42636454275952,1,2000,1000,960404
"sosall",2,4,"Stabl",200,0.990965008022428,0.994428220600561,0.99651738304848,161,106,99.803,1.06209232187409,45,344,286.434,1.20097474461831,183,"recomputed matched null",0.540250676688337,0.930593796397099,0.580544034120988,5,0.299063728197588,0.804489012876696,0.37174370738538,2,2000,1000,960405
"sosall",2,4,"Stabl",500,0.899748835393728,0.995484472455773,0.903830105128739,400,435,640.13,0.679549466514614,100,1558,1732.938,0.899051206679062,449,"recomputed matched null",2.01560165955194,2.42108872596268,0.832518708603084,13,1.59389771218386,2.11751044571161,0.752722479084733,7,2000,1000,960406
"sosall",2,5,"Stabl",10,1.86600474131753,1.03328135689107,1.80590187645692,8,0,0.261,0,2,0,0.586000000000001,0,9,"saved matched null",0,0.0465971380910371,0,0,0,0.0399208446398581,0,0,2000,1000,960501
"sosall",2,5,"Stabl",20,1.70345898035389,1.02646557360599,1.65953834610313,16,0,1,0,3,2,2.23,0.896860986547085,17,"saved matched null",0,0.11050416975234,0,0,0,0.0962756544977736,0,0,2000,1000,960502
"sosall",2,5,"Stabl",50,1.59201607485677,1.01705441174144,1.56532045530471,38,1,6.319,0.158252888115208,7,12,12.518,0.958619587793577,40,"recomputed matched null",0,0.269272467431253,0,0,0,0.234709768565285,0,0,2000,1000,960503
"sosall",2,5,"Stabl",100,1.18274756167083,1.02971684858074,1.14861436258036,81,9,24.844,0.362260505554661,16,66,57.088,1.15610986547085,84,"saved matched null",0.391845861071637,0.49247700188527,0.795663268683811,4,0.236384551698709,0.426430344605364,0.554333327093476,2,2000,1000,960504
"sosall",2,5,"Stabl",200,1.09718562673715,1.02854969683706,1.06673078618482,157,38,100.253,0.379041026203705,33,190,242.884,0.782266431712258,173,"recomputed matched null",0.804470585661357,1.0080560742044,0.798041504086247,6,0.649009276288429,0.873609502055745,0.742905468359953,4,2000,1000,960505
"sosall",2,5,"Stabl",500,0.962356854305977,1.02621836142024,0.937770059945253,392,404,621.308,0.650241104251032,98,1296,1555.338,0.83325939442102,435,"recomputed matched null",1.40435663985252,2.58326510678564,0.543636282688756,10,1.07517850790635,2.24309521704567,0.479328072984098,5,2000,1000,960506
"sosall",3,1,"Stabl",10,1.01845692339129,1.00263725944394,1.01577805312773,7,0,0.22,0,3,2,0.634,3.15457413249211,9,"saved matched null",0,0.0404578605210551,0,0,0,0.0341342840021643,0,0,2000,1000,970101
"sosall",3,1,"Stabl",20,1.03371614773117,0.991882843108841,1.04217565099847,16,0,0.956,0,4,4,3.09,1.29449838187702,19,"saved matched null",0,0.0849160441634271,0,0,0,0.0727107881006497,0,0,2000,1000,970102
"sosall",3,1,"Stabl",50,0.974715669053562,1.00333786357922,0.971473024626466,42,1,5.74,0.174216027874564,8,14,17.826,0.785369684730169,46,"saved matched null",0,0.216135037280916,0,0,0,0.186856895872331,0,0,2000,1000,970103
"sosall",3,1,"Stabl",100,0.938655191923975,1.01652913749684,0.923392313412062,86,8,23.468,0.340889722174876,17,68,67.298,1.01043121638087,90,"recomputed matched null",0.271126665400016,0.423388058542291,0.640373907411311,2,0.213120123491769,0.365492038583433,0.583104694476453,1,2000,1000,970104
"sosall",3,1,"Stabl",200,0.896649231052337,1.00478127070119,0.892382508709192,162,59,95.845,0.615577234075852,41,210,278.232,0.754765806952471,180,"recomputed matched null",0.939916720149264,0.854340075760872,1.10016695554423,6,0.789053239751485,0.739358050045183,1.06721396988004,4,2000,1000,970105
"sosall",3,1,"Stabl",500,0.936851204313562,1.00540392961668,0.931815737651578,400,324,597.042,0.542675389671078,89,1434,1629.052,0.880266559937927,436,"recomputed matched null",1.83790267027896,2.14409764417086,0.857191684005461,12,1.51428619956699,1.85532606335701,0.816183327272974,7,2000,1000,970106
"sosall",3,2,"Stabl",10,0.917440251332125,0.968197303743208,0.947575713942966,8,0,0.239,0,1,2,0.786,2.54452926208651,10,"saved matched null",0,0.0466145358605399,0,0,0,0.0389444753266264,0,0,2000,1000,970201
"sosall",3,2,"Stabl",20,1.10855723457223,0.970687864984168,1.14203264979553,17,0,0.909,0,6,6,3.264,1.83823529411765,20,"saved matched null",0,0.0996095598443302,0,0,0,0.0854459835502224,0,0,2000,1000,970202
"sosall",3,2,"Stabl",50,1.13151927236767,0.969666162865485,1.16691632202973,40,3,5.86,0.511945392491468,12,12,18.256,0.657318141980719,47,"saved matched null",0.0928569384895313,0.228740876247045,0.405948162886479,1,0,0.193615507275391,0,0,2000,1000,970203
"sosall",3,2,"Stabl",100,0.958710763219678,0.9650510439731,0.993430108393728,86,25,23.169,1.07902801156718,26,66,70.364,0.937979648683986,92,"saved matched null",0.0928569384895313,0.44023447680773,0.210926093664595,1,0,0.371215072153365,0,0,2000,1000,970204
"sosall",3,2,"Stabl",200,1.02426526724384,0.97271285876072,1.05299858845168,168,86,98.614,0.872087127588375,46,294,276.564,1.06304508178939,182,"saved matched null",0.639286385315921,0.896399677330106,0.713171146178914,4,0.426169231617919,0.760867357715251,0.560109758023566,1,2000,1000,970205
"sosall",3,2,"Stabl",500,0.945471724018168,0.972137967487445,0.972569486676672,409,410,606.83,0.675642272135524,99,1626,1593.588,1.02033900857687,436,"recomputed matched null",2.45071537816793,2.22343926683244,1.10221826821439,15,1.80421854510083,1.88211280702692,0.958613393609953,6,2000,1000,970206
"sosall",3,3,"Stabl",10,0.753427801638927,1.02593846152105,0.734379136660789,9,0,0.215,0,3,0,0.75,0,10,"saved matched null",0,0.0478657216381982,0,0,0,0.0402320674367477,0,0,2000,1000,970301
"sosall",3,3,"Stabl",20,1.23216635025471,1.01438565138225,1.21469221156244,15,0,0.954,0,5,4,3.1,1.29032258064516,20,"saved matched null",0.0517190048645772,0.0895314236836567,0.577663157097971,1,0,0.0768741765963588,0,0,2000,1000,970302
"sosall",3,3,"Stabl",50,1.16483519062364,1.01552192648003,1.14703105885773,38,2,6.331,0.315905860053704,13,26,18.06,1.43964562569214,47,"saved matched null",0.299268714337209,0.226350169764858,1.32214928156715,3,0.185296036172408,0.192542570114692,0.962363990789325,1,2000,1000,970303
"sosall",3,3,"Stabl",100,1.1821270517584,1.0159052529483,1.16361939100886,76,16,25.075,0.638085742771685,24,90,62.898,1.43088810455022,88,"recomputed matched null",0.848054805628657,0.492891968646164,1.72056933278508,5,0.734082127463857,0.422710108489253,1.73660887857031,3,2000,1000,970304
"sosall",3,3,"Stabl",200,1.09878085620265,1.0220068390664,1.07512084479433,155,57,98.486,0.578762463700424,42,290,260.426,1.11356009000637,177,"recomputed matched null",1.73431516820044,0.966407326479748,1.79460060026437,11,1.4762596114264,0.826930854302301,1.7852273908342,7,2000,1000,970305
"sosall",3,3,"Stabl",500,0.920143470135273,1.0185309158531,0.903402592708322,387,402,622.94,0.645326997784698,97,1326,1573.536,0.842688060521018,434,"recomputed matched null",1.90025976065452,2.37232886513367,0.801010259826455,14,1.4762596114264,2.03028022538801,0.727121110163138,7,2000,1000,970306
"sosall",3,4,"Stabl",10,1.05494641241995,1.02124021139941,1.03300516435243,8,0,0.213,0,1,0,0.632,0,9,"saved matched null",0,0.0435097312147474,0,0,0,0.0382078428870678,0,0,2000,1000,970401
"sosall",3,4,"Stabl",20,1.26622559262577,0.996689871344502,1.27043088229408,16,1,0.928,1.07758620689655,3,0,2.78,0,19,"saved matched null",0,0.0983940502751224,0,0,0,0.0855237767061223,0,0,2000,1000,970402
"sosall",3,4,"Stabl",50,1.26156227919263,1.01566906470298,1.24209973802989,42,3,6.177,0.485672656629432,9,16,16.678,0.95934764360235,45,"saved matched null",0.187960980028279,0.237842491271745,0.790275022025084,1,0.187960980028279,0.204975289655224,0.916993362197153,1,2000,1000,970403
"sosall",3,4,"Stabl",100,1.18856433223911,1.000249869217,1.18826742078909,85,9,23.374,0.385043210404723,18,48,61.522,0.780208705828809,86,"recomputed matched null",0.372831513002032,0.452078388177987,0.824705455407094,3,0.310577839701809,0.388165131616061,0.800117822043339,2,2000,1000,970404
"sosall",3,4,"Stabl",200,0.999567587036898,1.00474510274615,0.994846936108371,163,40,95.385,0.419353147769565,37,178,248.51,0.716268963019597,173,"recomputed matched null",0.484294662275049,0.932657724099604,0.519263015531868,5,0.310577839701809,0.801056802550199,0.387710133305242,2,2000,1000,970405
"sosall",3,4,"Stabl",500,0.939726765553223,1.00584587287988,0.934265170132528,392,346,601.987,0.5747632423956,87,1392,1538.594,0.904722103426895,428,"recomputed matched null",2.59731776868442,2.31032502620034,1.12422180395807,19,1.98599828666068,1.9886309046471,0.998676165607065,10,2000,1000,970406
"sosall",3,5,"Stabl",10,0.628130322119905,1.0233832039232,0.613778220818879,9,0,0.212,0,3,2,0.75,2.66666666666667,10,"saved matched null",0,0.0516790906145151,0,0,0,0.0444728948192993,0,0,2000,1000,970501
"sosall",3,5,"Stabl",20,0.757717265914665,1.00048957715574,0.757346486375956,16,0,0.967000000000001,0,4,2,2.97,0.673400673400673,19,"recomputed matched null",0,0.104882075485281,0,0,0,0.091299574248897,0,0,2000,1000,970502
"sosall",3,5,"Stabl",50,1.0376612107736,0.997376437119652,1.04039074130354,43,1,5.918,0.168976005407232,7,14,17.198,0.814048145133155,46,"saved matched null",0,0.258796763484606,0,0,0,0.224237451928595,0,0,2000,1000,970503
"sosall",3,5,"Stabl",100,1.09123770066805,0.995095130679413,1.09661646110457,85,6,24.658,0.243328737123854,17,66,69.376,0.951337638376384,90,"saved matched null",0.665190736474141,0.510861608762195,1.30209576344146,4,0.549839374948344,0.447864253889771,1.22769202983472,2,2000,1000,970504
"sosall",3,5,"Stabl",200,1.08364075874928,0.984715890225654,1.10046031500615,159,39,99.773,0.390887314203241,32,200,261.04,0.766166104811523,174,"recomputed matched null",0.808290208308784,1.01717115775672,0.794645229708829,6,0.549839374948344,0.884778375293367,0.62144305320079,2,2000,1000,970505
"sosall",3,5,"Stabl",500,0.93955017091155,0.989006206653927,0.949994210946664,395,354,630.362,0.561582075061631,87,1216,1631.882,0.745151916621422,436,"recomputed matched null",2.17155236785602,2.5203604950882,0.861603874560027,15,1.78029075259949,2.19658405138028,0.810481507175108,9,2000,1000,970506
