"repeat_idx","fold_idx","method","k","disease_label","ontology_ids","open_targets_sum","open_targets_expected","open_targets_enrichment","open_targets_z","open_targets_empirical_p","open_targets_overlap","open_targets_pool_targets","GO_semantic_mean_ratio","GO_semantic_expected","GO_semantic_enrichment","GO_semantic_z","GO_semantic_empirical_p","GO_annotated","hallmark_edges","hallmark_expected","hallmark_enrichment","hallmark_z","hallmark_empirical_p","hallmark_annotated","string_edges","string_expected","string_enrichment","string_z","string_empirical_p","string_mapped","pool_size","n_null","null_seed"
1,1,"GS_full_ungrouped",10,"Tuberculosis","MONDO_0018076",0,0.00940388644122028,0,-0.156735384463831,1,0,5,1.4258957321566,1.03121743161082,1.38273043923362,1.41297135512146,0.0849150849150849,8,1,0.0500000000000001,20,4.18410654415202,0.048951048951049,4,10,0.402,24.8756218905473,9.12028040934995,0.001998001998002,9,2000,1000,950101
1,1,"DGE",10,"Tuberculosis","MONDO_0018076",0,0.00940388644122028,0,-0.156735384463831,1,0,5,1.71499172109984,1.03121743161082,1.66307479734989,2.44795187138607,0.018981018981019,6,7,0.0500000000000001,140,30.6100426124806,0.000999000999000999,5,24,0.332,72.289156626506,28.0003418862841,0.000999000999000999,8,2000,1000,950101
1,1,"LASSO",10,"Tuberculosis","MONDO_0018076",0,0.00940388644122028,0,-0.156735384463831,1,0,5,1.46151344168326,1.03121743161082,1.41726991503653,1.54048483439461,0.0679320679320679,8,0,0.0500000000000001,0,-0.220216133902738,1,3,2,0.402,4.97512437810945,1.51846302293616,0.163836163836164,9,2000,1000,950101
1,1,"ElasticNet",10,"Tuberculosis","MONDO_0018076",0,0.00940388644122028,0,-0.156735384463831,1,0,5,1.47167145744943,1.03121743161082,1.42712042323663,1.57685112380707,0.0659340659340659,8,3,0.0500000000000001,59.9999999999999,12.9927519002615,0.000999000999000999,5,20,0.52,38.4615384615384,18.1909422101116,0.000999000999000999,10,2000,1000,950101
1,1,"mRMR",10,"Tuberculosis","MONDO_0018076",0,0.00940388644122028,0,-0.156735384463831,1,0,5,0.87159544445844,1.03121743161082,0.845210154270721,-0.571456031866949,0.693306693306693,7,0,0.0500000000000001,0,-0.220216133902738,1,3,0,0.218,0,-0.329806380541633,1,7,2000,1000,950101
1,1,"Boruta",10,"Tuberculosis","MONDO_0018076",0,0.00940388644122028,0,-0.156735384463831,1,0,5,1.83367318291328,1.03121743161082,1.77816348589936,2.87283843265492,0.00999000999000999,7,4,0.0500000000000001,79.9999999999999,17.3970745783163,0.000999000999000999,5,28,0.402,69.6517412935323,26.224369528781,0.000999000999000999,9,2000,1000,950101
1,1,"RF_importance",10,"Tuberculosis","MONDO_0018076",0,0.00940388644122028,0,-0.156735384463831,1,0,5,1.93649061445535,1.03121743161082,1.87786838652488,3.24093083949666,0.00599400599400599,8,11,0.0500000000000001,220,48.2273333246996,0.000999000999000999,8,26,0.402,64.6766169154229,24.3239151821776,0.000999000999000999,9,2000,1000,950101
1,1,"GS_full_ungrouped",20,"Tuberculosis","MONDO_0018076",0,0.0184564233280044,0,-0.224175722005242,1,0,5,1.35378941816855,1.0455495382514,1.29481135865897,1.45703007638742,0.0819180819180819,15,1,0.304,3.28947368421052,1.02614689029782,0.223776223776224,6,14,1.586,8.82723833543505,6.32474283477427,0.000999000999000999,17,2000,1000,950102
1,1,"DGE",20,"Tuberculosis","MONDO_0018076",0,0.0184564233280044,0,-0.224175722005242,1,0,5,1.52642599821734,1.0455495382514,1.45992699759609,2.27307208069701,0.024975024975025,14,17,0.304,55.9210526315789,24.6157305753051,0.000999000999000999,10,56,1.938,28.8957688338493,23.2526095607417,0.000999000999000999,18,2000,1000,950102
1,1,"LASSO",20,"Tuberculosis","MONDO_0018076",0,0.0184564233280044,0,-0.224175722005242,1,0,5,1.22161272972358,1.0455495382514,1.16839296946813,0.832239375997292,0.186813186813187,14,1,0.304,3.28947368421052,1.02614689029782,0.223776223776224,5,6,1.29,4.65116279069767,2.48532670392005,0.048951048951049,15,2000,1000,950102
1,1,"ElasticNet",20,"Tuberculosis","MONDO_0018076",0,0.0184564233280044,0,-0.224175722005242,1,0,5,1.53358333559383,1.0455495382514,1.46677252438812,2.30690435388373,0.024975024975025,15,13,0.304,42.7631578947368,18.7183346540533,0.000999000999000999,9,54,1.586,34.0479192938209,26.7041300903704,0.000999000999000999,17,2000,1000,950102
1,1,"mRMR",20,"Tuberculosis","MONDO_0018076",0,0.0184564233280044,0,-0.224175722005242,1,0,5,0.925703864489128,1.0455495382514,0.88537542280139,-0.566502787515587,0.697302697302697,12,1,0.304,3.28947368421052,1.02614689029782,0.223776223776224,6,2,1.002,1.99600798403194,0.618624257396976,0.354645354645355,14,2000,1000,950102
1,1,"Boruta",20,"Tuberculosis","MONDO_0018076",0,0.0184564233280044,0,-0.224175722005242,1,0,5,1.58411340373368,1.0455495382514,1.51510124176707,2.54575673424883,0.016983016983017,15,18,0.304,59.2105263157894,26.0900795556181,0.000999000999000999,10,52,1.938,26.8317853457173,21.5321693579566,0.000999000999000999,18,2000,1000,950102
1,1,"RF_importance",20,"Tuberculosis","MONDO_0018076",0,0.0184564233280044,0,-0.224175722005242,1,0,5,1.78426963456501,1.0455495382514,1.70653763335697,3.49188235685148,0.003996003996004,15,19,0.304,62.5,27.564428535931,0.000999000999000999,10,56,1.586,35.3089533417402,27.7230994531502,0.000999000999000999,17,2000,1000,950102
1,1,"GS_full_ungrouped",50,"Tuberculosis","MONDO_0018076",0,0.0474969439893315,0,-0.350323257734292,1,0,5,1.2334499717567,1.04514402039964,1.18017225155731,1.51971359438537,0.0819180819180819,34,15,1.605,9.34579439252337,7.22586996214649,0.001998001998002,13,58,8.276,7.0082165297245,8.71246812234304,0.000999000999000999,37,2000,1000,950103
1,1,"DGE",50,"Tuberculosis","MONDO_0018076",0,0.0474969439893315,0,-0.350323257734292,1,0,5,1.36760145249095,1.04514402039964,1.30852918430133,2.60237629043683,0.013986013986014,32,38,1.605,23.6760124610592,19.6331121517224,0.000999000999000999,17,124,9.258,13.3938215597321,20.0500531809393,0.000999000999000999,38,2000,1000,950103
1,1,"LASSO",50,"Tuberculosis","MONDO_0018076",0,0.0474969439893315,0,-0.350323257734292,1,0,5,1.19118425993707,1.04514402039964,1.13973216770794,1.17861031875456,0.125874125874126,28,1,1.605,0.623052959501558,-0.326364414117105,0.675324675324675,7,16,5.102,3.13602508820071,2.67237699817743,0.024975024975025,29,2000,1000,950103
1,1,"ElasticNet",50,"Tuberculosis","MONDO_0018076",0,0.0474969439893315,0,-0.350323257734292,1,0,5,1.24332784793375,1.04514402039964,1.18962346209312,1.59943249122175,0.0729270729270729,34,22,1.605,13.7071651090343,11.0019871502783,0.000999000999000999,16,86,9.258,9.28926333981421,13.4099212251106,0.000999000999000999,38,2000,1000,950103
1,1,"mRMR",50,"Tuberculosis","MONDO_0018076",0,0.0474969439893315,0,-0.350323257734292,1,0,5,1.1563478033991,1.04514402039964,1.10640043939297,0.89746446967527,0.168831168831169,32,3,1.605,1.86915887850467,0.752526211063408,0.235764235764236,10,28,8.092,3.46020761245675,3.66579304517852,0.003996003996004,36,2000,1000,950103
1,1,"Boruta",50,"Tuberculosis","MONDO_0018076",0,0.0474969439893315,0,-0.350323257734292,1,0,5,1.31884683988121,1.04514402039964,1.26188048167459,2.20890467130823,0.026973026973027,34,31,1.605,19.3146417445483,15.8569949635906,0.000999000999000999,16,98,9.648,10.1575456053068,14.7302294785606,0.000999000999000999,39,2000,1000,950103
1,1,"RF_importance",50,"Tuberculosis","MONDO_0018076",0,0.0474969439893315,0,-0.350323257734292,1,0,5,1.46056547702133,1.04514402039964,1.39747771456688,3.35263771791395,0.002997002997003,32,40,1.605,24.9221183800623,20.7120027769029,0.000999000999000999,17,136,9.258,14.6899978397062,22.1469369564641,0.000999000999000999,38,2000,1000,950103
1,1,"GS_full_ungrouped",100,"Tuberculosis","MONDO_0018076",0,0.0931971528285851,0,-0.526722827017246,1,0,5,1.24096370896833,1.04358294297417,1.18913759306149,2.33428881836646,0.011988011988012,74,48,6.545,7.33384262796028,9.03740127366196,0.000999000999000999,26,146,37.528,3.89042848006822,7.45331578735076,0.000999000999000999,77,2000,1000,950104
1,1,"DGE",100,"Tuberculosis","MONDO_0018076",0,0.0931971528285851,0,-0.526722827017246,1,0,5,1.33967101031218,1.04358294297417,1.28372260138152,3.50163330939406,0.000999000999000999,64,72,6.545,11.0007639419404,14.2695235886514,0.000999000999000999,25,204,31.044,6.57131812910707,13.261057400783,0.000999000999000999,70,2000,1000,950104
1,1,"LASSO",100,"Tuberculosis","MONDO_0018076",0,0.0931971528285851,0,-0.526722827017246,1,0,5,1.13726321102611,1.04358294297417,1.0897679180008,1.10789316838344,0.128871128871129,53,7,6.545,1.06951871657754,0.0991923188883415,0.410589410589411,17,44,18.24,2.41228070175439,2.61101700749096,0.026973026973027,53,2000,1000,950104
1,1,"ElasticNet",100,"Tuberculosis","MONDO_0018076",0,0.0931971528285851,0,-0.526722827017246,1,0,5,1.11453965517918,1.04358294297417,1.06799336141198,0.839157042754198,0.195804195804196,63,41,6.545,6.26432391138274,7.5113655984567,0.000999000999000999,22,104,29.19,3.56286399451867,6.05395630585593,0.000999000999000999,68,2000,1000,950104
1,1,"mRMR",100,"Tuberculosis","MONDO_0018076",0,0.0931971528285851,0,-0.526722827017246,1,0,5,1.09996294855055,1.04358294297417,1.05402541882843,0.666768192602317,0.244755244755245,62,29,6.545,4.43086325439267,4.89530444096199,0.003996003996004,20,106,27.81,3.81157856886012,6.30758241566039,0.000999000999000999,67,2000,1000,950104
1,1,"Boruta",100,"Tuberculosis","MONDO_0018076",0,0.0931971528285851,0,-0.526722827017246,1,0,5,1.34114042511123,1.04358294297417,1.28513064930808,3.51901108436454,0.000999000999000999,69,57,6.545,8.70893812070283,10.999447141783,0.000999000999000999,28,184,31.766,5.79235660769376,11.346308397061,0.000999000999000999,71,2000,1000,950104
1,1,"RF_importance",100,"Tuberculosis","MONDO_0018076",0,0.0931971528285851,0,-0.526722827017246,1,0,5,1.50304608793195,1.04358294297417,1.44027467874123,5.43375985154589,0.000999000999000999,68,98,6.545,14.9732620320856,19.9376560965566,0.000999000999000999,29,248,31.044,7.98866125499291,16.6346699128349,0.000999000999000999,70,2000,1000,950104
1,1,"GS_full_ungrouped",200,"Tuberculosis","MONDO_0018076",0.517448705798367,0.166260553802753,3.11227584633367,1.48244179813477,0.132867132867133,1,5,1.33158221069723,1.0464276693029,1.27250286833899,4.60947749678452,0.000999000999000999,142,144,26.765,5.38016065757519,9.40129137901586,0.000999000999000999,41,444,119.684,3.70976905852077,10.5558769364123,0.000999000999000999,137,2000,1000,950105
1,1,"DGE",200,"Tuberculosis","MONDO_0018076",0,0.166260553802753,0,-0.701822065857486,1,0,5,1.27317582300575,1.0464276693029,1.21668784222219,3.66534759299292,0.000999000999000999,131,163,26.765,6.0900429665608,10.9249365037764,0.000999000999000999,42,344,113.844,3.02167878851762,7.66149617981184,0.000999000999000999,133,2000,1000,950105
1,1,"LASSO",200,"Tuberculosis","MONDO_0018076",1.00090848276577,0.166260553802753,6.02011998560538,3.52323097915002,0.004995004995005,3,5,1.10534505913624,1.0464276693029,1.05630335622967,0.952390171582462,0.171828171828172,112,50,26.765,1.86811133943583,1.86325760388479,0.050949050949051,35,214,71.228,3.00443645757287,6.27817544652558,0.000999000999000999,106,2000,1000,950105
1,1,"ElasticNet",200,"Tuberculosis","MONDO_0018076",0.517448705798367,0.166260553802753,3.11227584633367,1.48244179813477,0.132867132867133,1,5,1.1204985831567,1.0464276693029,1.07078455207816,1.1973444606768,0.111888111888112,128,49,26.765,1.83074911264711,1.78306575521318,0.056943056943057,33,250,113.734,2.19811138269998,4.50109328127049,0.000999000999000999,134,2000,1000,950105
1,1,"mRMR",200,"Tuberculosis","MONDO_0018076",0,0.166260553802753,0,-0.701822065857486,1,0,5,1.13087669066869,1.0464276693029,1.08070220603211,1.36510490665047,0.0859140859140859,117,73,26.765,2.72744255557631,3.70767012333176,0.002997002997003,31,202,100.516,2.00963030761272,3.57841934475121,0.003996003996004,125,2000,1000,950105
1,1,"Boruta",200,"Tuberculosis","MONDO_0018076",0.313525828545287,0.166260553802753,1.88574993511237,0.621638849293695,0.320679320679321,1,5,1.27189139449549,1.0464276693029,1.21546040094944,3.64458501181394,0.000999000999000999,142,152,26.765,5.67905847188492,10.0428261683887,0.000999000999000999,46,404,120.412,3.35514732750889,9.142824284382,0.000999000999000999,138,2000,1000,950105
1,1,"RF_importance",200,"Tuberculosis","MONDO_0018076",0.294492953883129,0.166260553802753,1.77127374562043,0.541296933492972,0.387612387612388,1,5,1.28916187398819,1.0464276693029,1.23196462766221,3.92375954710623,0.000999000999000999,141,157,26.765,5.8658696058285,10.4437854117468,0.000999000999000999,46,344,119.684,2.87423548678186,7.30106467417048,0.000999000999000999,137,2000,1000,950105
1,1,"GS_full_ungrouped",500,"Tuberculosis","MONDO_0018076",0.811941659681496,0.447905774644702,1.81275104194752,1.02204542827995,0.207792207792208,2,5,1.16995631469306,1.04490201937613,1.11968040351917,3.52481890664269,0.000999000999000999,347,458,169.229,2.70639193046109,6.62732211646837,0.000999000999000999,85,1054,651.752,1.61717954068419,4.32170064099898,0.000999000999000999,320,2000,1000,950106
1,1,"DGE",500,"Tuberculosis","MONDO_0018076",1.12546748822678,0.447905774644702,2.5127327039254,1.90228183596269,0.0649350649350649,3,5,1.15620211352111,1.04490201937613,1.10651725432728,3.13713875368343,0.000999000999000999,341,364,169.229,2.15093157792104,4.47001311055009,0.001998001998002,87,844,703.218,1.20019680952422,1.42125434769626,0.0929070929070929,330,2000,1000,950106
1,1,"LASSO",500,"Tuberculosis","MONDO_0018076",1.51835718856414,0.447905774644702,3.38990313256971,3.00533551433148,0.002997002997003,4,5,1.14029626149205,1.04490201937613,1.09129491602751,2.6888115065769,0.004995004995005,299,234,169.229,1.38274172866353,1.48650065555673,0.0789210789210789,71,994,489.174,2.03199679459661,6.40199994215622,0.000999000999000999,276,2000,1000,950106
1,1,"ElasticNet",500,"Tuberculosis","MONDO_0018076",1.51835718856414,0.447905774644702,3.38990313256971,3.00533551433148,0.002997002997003,4,5,1.10078462361946,1.04490201937613,1.05348119077872,1.57512430492776,0.0539460539460539,298,214,169.229,1.2645586749316,1.02749873940391,0.153846153846154,71,962,542.368,1.77370346333117,5.32346616292011,0.000999000999000999,292,2000,1000,950106
1,1,"mRMR",500,"Tuberculosis","MONDO_0018076",1.51835718856414,0.447905774644702,3.38990313256971,3.00533551433148,0.002997002997003,4,5,1.11059663831699,1.04490201937613,1.06287155898128,1.85168877502829,0.035964035964036,290,226,169.229,1.33546850717076,1.3028998890956,0.106893106893107,69,864,520.516,1.65989133859478,4.11373676310745,0.001998001998002,285,2000,1000,950106
1,1,"Boruta",500,"Tuberculosis","MONDO_0018076",0.830974534343654,0.447905774644702,1.85524407449942,1.07548099146218,0.182817182817183,2,5,1.14402995545632,1.04490201937613,1.09486816394457,2.79405055529188,0.003996003996004,311,450,169.229,2.65911870896832,6.44372135000724,0.000999000999000999,88,1032,593.726,1.73817552204215,4.80174074207337,0.000999000999000999,306,2000,1000,950106
1,1,"RF_importance",500,"Tuberculosis","MONDO_0018076",1.49931014623699,0.447905774644702,3.34737846911286,2.95186017485843,0.00699300699300699,4,5,1.17265655977997,1.04490201937613,1.12226461240846,3.60092884681518,0.000999000999000999,333,411,169.229,2.42866175419107,5.54866761350923,0.000999000999000999,85,1100,685.834,1.60388665478818,4.09335728327655,0.000999000999000999,327,2000,1000,950106
1,2,"GS_full_ungrouped",10,"Tuberculosis","MONDO_0018076",0,0.00880383035978066,0,-0.14971715573371,1,0,5,1.89580872969476,1.04812574217834,1.80876077497597,2.76642547961142,0.014985014985015,7,4,0.088,45.4545454545455,10.5926292646969,0.002997002997003,5,32,0.474,67.5105485232068,29.9443064640473,0.000999000999000999,9,2000,1000,950201
1,2,"DGE",10,"Tuberculosis","MONDO_0018076",0,0.00880383035978066,0,-0.14971715573371,1,0,5,2.18865109529954,1.04812574217834,2.08815699035386,3.72212070252994,0.003996003996004,8,9,0.088,102.272727272727,24.1312658504547,0.000999000999000999,6,46,0.624,73.7179487179487,35.4731714334497,0.000999000999000999,10,2000,1000,950201
1,2,"LASSO",10,"Tuberculosis","MONDO_0018076",0,0.00880383035978066,0,-0.14971715573371,1,0,5,1.12388362065223,1.04812574217834,1.07227937968247,0.24723691330115,0.357642357642358,5,0,0.088,0,-0.238280003909337,1,3,6,0.34,17.6470588235294,6.24577520787801,0.004995004995005,8,2000,1000,950201
1,2,"ElasticNet",10,"Tuberculosis","MONDO_0018076",0,0.00880383035978066,0,-0.14971715573371,1,0,5,1.12388362065223,1.04812574217834,1.07227937968247,0.24723691330115,0.357642357642358,5,2,0.088,22.7272727272727,5.17717463039377,0.00899100899100899,4,6,0.324,18.5185185185185,6.65350912818431,0.004995004995005,7,2000,1000,950201
1,2,"mRMR",10,"Tuberculosis","MONDO_0018076",0,0.00880383035978066,0,-0.14971715573371,1,0,5,1.31748098039137,1.04812574217834,1.25698752294092,0.879044648804959,0.160839160839161,5,0,0.088,0,-0.238280003909337,1,2,2,0.194,10.3092783505155,2.85996321891019,0.0919080919080919,6,2000,1000,950201
1,2,"Boruta",10,"Tuberculosis","MONDO_0018076",0,0.00880383035978066,0,-0.14971715573371,1,0,5,1.65956074738102,1.04812574217834,1.58336035515349,1.99542683105489,0.050949050949051,7,2,0.088,22.7272727272727,5.17717463039377,0.00899100899100899,5,22,0.624,35.2564102564102,16.7109157387478,0.000999000999000999,10,2000,1000,950201
1,2,"RF_importance",10,"Tuberculosis","MONDO_0018076",0,0.00880383035978066,0,-0.14971715573371,1,0,5,1.53909692095174,1.04812574217834,1.46842774584755,1.60229142110424,0.0739260739260739,8,5,0.088,56.8181818181818,13.3003565818484,0.001998001998002,6,18,0.624,28.8461538461538,13.5838731229642,0.000999000999000999,10,2000,1000,950201
1,2,"GS_full_ungrouped",20,"Tuberculosis","MONDO_0018076",0,0.0211978345927699,0,-0.230972331453915,1,0,5,1.53512465882617,1.04608845433933,1.46749029917905,2.33380018447058,0.022977022977023,15,19,0.279,68.100358422939,30.5494997197068,0.000999000999000999,10,56,1.844,30.3687635574837,23.4158405627174,0.000999000999000999,17,2000,1000,950202
1,2,"DGE",20,"Tuberculosis","MONDO_0018076",0,0.0211978345927699,0,-0.230972331453915,1,0,5,1.65569111381653,1.04608845433933,1.58274485006356,2.90917274853814,0.00599400599400599,14,24,0.279,86.0215053763441,38.7086524678791,0.000999000999000999,10,76,2.064,36.8217054263566,30.2198002451166,0.000999000999000999,18,2000,1000,950202
1,2,"LASSO",20,"Tuberculosis","MONDO_0018076",0,0.0211978345927699,0,-0.230972331453915,1,0,5,1.02245972852012,1.04608845433933,0.977412306080627,-0.112762049455081,0.506493506493506,11,2,0.279,7.168458781362,2.80838037592091,0.042957042957043,7,6,1.222,4.90998363338789,2.58738421569041,0.04995004995005,14,2000,1000,950202
1,2,"ElasticNet",20,"Tuberculosis","MONDO_0018076",0,0.0211978345927699,0,-0.230972331453915,1,0,5,1.38227952519009,1.04608845433933,1.32137920025423,1.60438588384711,0.0739260739260739,11,7,0.279,25.089605734767,10.9675331240932,0.000999000999000999,7,30,1.222,24.5499181669394,15.5838725322601,0.000999000999000999,14,2000,1000,950202
1,2,"mRMR",20,"Tuberculosis","MONDO_0018076",0,0.0211978345927699,0,-0.230972331453915,1,0,5,1.1236617904324,1.04608845433933,1.07415561826659,0.370198902295959,0.324675324675325,11,1,0.279,3.584229390681,1.17654982628645,0.217782217782218,5,6,0.918,6.5359477124183,3.14937363740198,0.033966033966034,12,2000,1000,950202
1,2,"Boruta",20,"Tuberculosis","MONDO_0018076",0,0.0211978345927699,0,-0.230972331453915,1,0,5,1.35215712263097,1.04608845433933,1.29258392731706,1.46063442331272,0.0859140859140859,15,10,0.279,35.84229390681,15.8630247729966,0.000999000999000999,10,40,2.064,19.3798449612403,15.505549963465,0.000999000999000999,18,2000,1000,950202
1,2,"RF_importance",20,"Tuberculosis","MONDO_0018076",0,0.0211978345927699,0,-0.230972331453915,1,0,5,1.31230679983886,1.04608845433933,1.25448932582633,1.2704589519874,0.108891108891109,15,8,0.279,28.673835125448,12.5993636737277,0.000999000999000999,11,28,2.064,13.5658914728682,10.6007998695811,0.000999000999000999,18,2000,1000,950202
1,2,"GS_full_ungrouped",50,"Tuberculosis","MONDO_0018076",0,0.0400107068449237,0,-0.323005783940361,1,0,5,1.27667140529291,1.03992428903597,1.22765803121725,1.85504867378007,0.036963036963037,31,31,1.832,16.9213973799127,14.1954001682268,0.000999000999000999,18,100,9.784,10.2207686017989,13.7802294679018,0.000999000999000999,38,2000,1000,950203
1,2,"DGE",50,"Tuberculosis","MONDO_0018076",0,0.0400107068449237,0,-0.323005783940361,1,0,5,1.38967621410288,1.03992428903597,1.33632441203112,2.74050579793872,0.00899100899100899,32,68,1.832,37.117903930131,32.2024560590796,0.000999000999000999,21,154,10.082,15.2747470739933,22.5008739665243,0.000999000999000999,39,2000,1000,950203
1,2,"LASSO",50,"Tuberculosis","MONDO_0018076",0,0.0400107068449237,0,-0.323005783940361,1,0,5,0.993059136771349,1.03992428903597,0.9549340728371,-0.367215195392905,0.62037962037962,25,2,1.832,1.09170305676856,0.0817617672881963,0.432567432567433,9,12,5.664,2.11864406779661,1.43693986940722,0.113886113886114,29,2000,1000,950203
1,2,"ElasticNet",50,"Tuberculosis","MONDO_0018076",0,0.0400107068449237,0,-0.323005783940361,1,0,5,1.13860637730973,1.03992428903597,1.09489353149471,0.773230440447724,0.218781218781219,30,21,1.832,11.4628820960699,9.3286283058342,0.000999000999000999,13,78,8.058,9.67982129560685,12.2510793087024,0.000999000999000999,35,2000,1000,950203
1,2,"mRMR",50,"Tuberculosis","MONDO_0018076",0,0.0400107068449237,0,-0.323005783940361,1,0,5,1.18668676044795,1.03992428903597,1.14112803495342,1.1499676627867,0.123876123876124,31,9,1.832,4.91266375545852,3.48850207096304,0.012987012987013,14,32,7.482,4.27693130179096,4.6822918691898,0.000999000999000999,34,2000,1000,950203
1,2,"Boruta",50,"Tuberculosis","MONDO_0018076",0,0.0400107068449237,0,-0.323005783940361,1,0,5,1.68649404572842,1.03992428903597,1.6217469516861,5.06624278522133,0.000999000999000999,37,45,1.832,24.5633187772926,21.0088807755765,0.000999000999000999,21,116,10.394,11.1602847796806,15.8579163879105,0.000999000999000999,40,2000,1000,950203
1,2,"RF_importance",50,"Tuberculosis","MONDO_0018076",0,0.0400107068449237,0,-0.323005783940361,1,0,5,1.43075878756733,1.03992428903597,1.37582976246633,3.0624111906025,0.004995004995005,32,58,1.832,31.6593886462882,27.3356841966869,0.000999000999000999,23,142,10.082,14.0845070422535,20.6247327778037,0.000999000999000999,39,2000,1000,950203
1,2,"GS_full_ungrouped",100,"Tuberculosis","MONDO_0018076",0.830974534343654,0.107328827759859,7.74232376974157,3.64750333332689,0.012987012987013,2,5,1.23117989767428,1.04569496401758,1.17737958012541,2.05814220803756,0.020979020979021,59,62,7.604,8.15360336664913,9.89813863937227,0.000999000999000999,29,154,26.348,5.84484590860787,10.265663747886,0.000999000999000999,63,2000,1000,950204
1,2,"DGE",100,"Tuberculosis","MONDO_0018076",0,0.107328827759859,0,-0.540986084011016,1,0,5,1.38311110144189,1.04569496401758,1.32267166720202,3.74397197883083,0.002997002997003,65,190,7.604,24.986849026828,33.1895892210263,0.000999000999000999,35,324,33.446,9.68725707109969,20.8183306629122,0.000999000999000999,71,2000,1000,950204
1,2,"LASSO",100,"Tuberculosis","MONDO_0018076",0,0.107328827759859,0,-0.540986084011016,1,0,5,1.11367186428971,1.04569496401758,1.06500643362665,0.754272192697717,0.235764235764236,51,21,7.604,2.76170436612309,2.43759587493623,0.028971028971029,20,54,19.172,2.81660755268099,3.55072480558176,0.00899100899100899,54,2000,1000,950204
1,2,"ElasticNet",100,"Tuberculosis","MONDO_0018076",0.830974534343654,0.107328827759859,7.74232376974157,3.64750333332689,0.012987012987013,2,5,1.18392602783122,1.04569496401758,1.1321906182684,1.53381291562658,0.0609390609390609,61,62,7.604,8.15360336664913,9.89813863937227,0.000999000999000999,29,192,31.162,6.16135036262114,12.2523163738715,0.000999000999000999,69,2000,1000,950204
1,2,"mRMR",100,"Tuberculosis","MONDO_0018076",0.313525828545287,0.107328827759859,2.92117071516685,1.03932662191476,0.254745254745255,1,5,1.0974991343823,1.04569496401758,1.04954042253937,0.574819460955973,0.293706293706294,60,38,7.604,4.9973698053656,5.53099165531215,0.000999000999000999,23,120,29.576,4.057343792264,7.37791527242578,0.000999000999000999,66,2000,1000,950204
1,2,"Boruta",100,"Tuberculosis","MONDO_0018076",0.37384265801021,0.107328827759859,3.48315234418341,1.34335086268256,0.162837162837163,1,5,1.41177301428683,1.04569496401758,1.35008110669556,4.06200477764806,0.001998001998002,68,100,7.604,13.1509731720147,16.8127880308008,0.000999000999000999,34,240,35.04,6.84931506849315,13.8238610607281,0.000999000999000999,72,2000,1000,950204
1,2,"RF_importance",100,"Tuberculosis","MONDO_0018076",0,0.107328827759859,0,-0.540986084011016,1,0,5,1.53477715673741,1.04569496401758,1.4677101923115,5.42685966019907,0.000999000999000999,66,144,7.604,18.9374013677012,24.8192241682444,0.000999000999000999,38,304,31.162,9.75547140748347,20.7842518236633,0.000999000999000999,69,2000,1000,950204
1,2,"GS_full_ungrouped",200,"Tuberculosis","MONDO_0018076",0.830974534343654,0.175481965620383,4.73538423966191,2.63714960746848,0.035964035964036,2,5,1.24290518516137,1.04540667911617,1.18892026422882,3.19721430560673,0.002997002997003,122,121,29.952,4.03979700854701,6.35403309254107,0.000999000999000999,43,316,105.388,2.99844384559912,6.89501467843808,0.000999000999000999,124,2000,1000,950205
1,2,"DGE",200,"Tuberculosis","MONDO_0018076",0.313525828545287,0.175481965620383,1.78665555424386,0.555372152631575,0.38961038961039,1,5,1.26574775700604,1.04540667911617,1.21077068120147,3.56700240649458,0.000999000999000999,127,291,29.952,9.71554487179487,18.2179469152717,0.000999000999000999,54,480,120.702,3.97673609385097,10.724206535509,0.000999000999000999,133,2000,1000,950205
1,2,"LASSO",200,"Tuberculosis","MONDO_0018076",0,0.175481965620383,0,-0.705991522764246,1,0,5,1.08480223822291,1.04540667911617,1.03768443409989,0.637756951562068,0.260739260739261,109,55,29.952,1.83627136752137,1.74804302018681,0.0649350649350649,33,192,77.404,2.48049196423957,4.50471868497213,0.000999000999000999,107,2000,1000,950205
1,2,"ElasticNet",200,"Tuberculosis","MONDO_0018076",0.830974534343654,0.175481965620383,4.73538423966191,2.63714960746848,0.035964035964036,2,5,1.18450694075664,1.04540667911617,1.13305851628772,2.2518314458985,0.017982017982018,122,134,29.952,4.47382478632479,7.26127356133813,0.000999000999000999,40,370,114.176,3.24061098654709,8.36361773815726,0.000999000999000999,130,2000,1000,950205
1,2,"mRMR",200,"Tuberculosis","MONDO_0018076",0.830974534343654,0.175481965620383,4.73538423966191,2.63714960746848,0.035964035964036,2,5,1.16024229352695,1.04540667911617,1.10984779101265,1.85902200750451,0.033966033966034,120,131,29.952,4.37366452991453,7.05191037623111,0.000999000999000999,39,294,105.322,2.79143958527183,6.38566082380517,0.000999000999000999,125,2000,1000,950205
1,2,"Boruta",200,"Tuberculosis","MONDO_0018076",1.20481719235386,0.175481965620383,6.86576075264751,4.14117736593237,0.003996003996004,3,5,1.40258481583805,1.04540667911617,1.34166429568238,5.78219588210854,0.000999000999000999,137,275,29.952,9.18135683760684,17.1013432613677,0.000999000999000999,51,696,126.616,5.4969356163518,17.632675915236,0.000999000999000999,137,2000,1000,950205
1,2,"RF_importance",200,"Tuberculosis","MONDO_0018076",1.20481719235386,0.175481965620383,6.86576075264751,4.14117736593237,0.003996003996004,3,5,1.34491753428166,1.04540667911617,1.28650176160986,4.84864625052121,0.000999000999000999,130,247,29.952,8.24652777777778,15.1472868670356,0.000999000999000999,59,524,113.89,4.6009307226271,13.5171624941374,0.000999000999000999,131,2000,1000,950205
1,2,"GS_full_ungrouped",500,"Tuberculosis","MONDO_0018076",0.830974534343654,0.457269242059817,1.81725438299861,0.989843263210757,0.207792207792208,2,5,1.15307367654802,1.04287040757993,1.10567302338535,3.27696810093174,0.000999000999000999,310,547,190.187,2.87611666412531,7.24753199416774,0.000999000999000999,93,1152,619.468,1.8596602245798,5.66284263081992,0.000999000999000999,304,2000,1000,950206
1,2,"DGE",500,"Tuberculosis","MONDO_0018076",0.830974534343654,0.457269242059817,1.81725438299861,0.989843263210757,0.207792207792208,2,5,1.19382119771204,1.04287040757993,1.14474549189903,4.48862296649829,0.000999000999000999,320,596,190.187,3.13375782782209,8.24281262495815,0.000999000999000999,91,1158,632.794,1.82997942458367,5.53599307375985,0.000999000999000999,307,2000,1000,950206
1,2,"LASSO",500,"Tuberculosis","MONDO_0018076",1.51835718856414,0.457269242059817,3.32048834451348,2.81053219530994,0.012987012987013,4,5,1.09746498004708,1.04287040757993,1.05235029402535,1.62340622137667,0.045954045954046,287,325,190.187,1.7088444530909,2.73830138119893,0.013986013986014,75,1102,521.49,2.11317570806727,6.64948939461638,0.000999000999000999,277,2000,1000,950206
1,2,"ElasticNet",500,"Tuberculosis","MONDO_0018076",1.20481719235386,0.457269242059817,2.63480917047173,1.98005037071715,0.0559440559440559,3,5,1.11437681855495,1.04287040757993,1.06856691920231,2.12629107985084,0.01998001998002,291,354,190.187,1.86132595813594,3.32734501982999,0.010989010989011,79,1182,564.404,2.09424454823141,6.72989270733113,0.000999000999000999,288,2000,1000,950206
1,2,"mRMR",500,"Tuberculosis","MONDO_0018076",1.20481719235386,0.457269242059817,2.63480917047173,1.98005037071715,0.0559440559440559,3,5,1.12094090110622,1.04287040757993,1.07486116487614,2.32147847613956,0.013986013986014,290,343,190.187,1.80348814587748,3.10391467414235,0.010989010989011,78,1094,540.13,2.02543832040435,6.25081995596025,0.000999000999000999,283,2000,1000,950206
1,2,"Boruta",500,"Tuberculosis","MONDO_0018076",1.20481719235386,0.457269242059817,2.63480917047173,1.98005037071715,0.0559440559440559,3,5,1.19318597461448,1.04287040757993,1.14413638160792,4.46973418173571,0.000999000999000999,304,567,190.187,2.98127632277706,7.65376898632709,0.000999000999000999,93,1228,594.244,2.0664912056327,6.80646003118616,0.000999000999000999,297,2000,1000,950206
1,2,"RF_importance",500,"Tuberculosis","MONDO_0018076",1.20481719235386,0.457269242059817,2.63480917047173,1.98005037071715,0.0559440559440559,3,5,1.19812113389191,1.04287040757993,1.14886866592777,4.61648445218214,0.000999000999000999,301,530,190.187,2.78673095427132,6.90223055083229,0.000999000999000999,96,1242,595.694,2.08496308507388,6.64493203385251,0.000999000999000999,296,2000,1000,950206
1,3,"GS_full_ungrouped",10,"Tuberculosis","MONDO_0018076",0,0.00915005440211686,0,-0.150009304041283,1,0,5,2.09490109529954,1.02908273428462,2.03569744735427,3.73782081592218,0.002997002997003,9,9,0.06,150,34.1658485995347,0.000999000999000999,7,38,0.594,63.973063973064,30.9508058114718,0.000999000999000999,10,2000,1000,950301
1,3,"DGE",10,"Tuberculosis","MONDO_0018076",0,0.00915005440211686,0,-0.150009304041283,1,0,5,2.02137784844427,1.02908273428462,1.96425202862768,3.47997507728421,0.003996003996004,7,6,0.06,100,22.700798733919,0.000999000999000999,5,36,0.472,76.271186440678,34.1505161799483,0.000999000999000999,9,2000,1000,950301
1,3,"LASSO",10,"Tuberculosis","MONDO_0018076",0,0.00915005440211686,0,-0.150009304041283,1,0,5,1.46227483090854,1.02908273428462,1.4209497275504,1.51920298549934,0.0829170829170829,7,1,0.06,16.6666666666667,3.59238229122624,0.0559440559440559,4,6,0.336,17.8571428571429,6.5321470272244,0.004995004995005,8,2000,1000,950301
1,3,"ElasticNet",10,"Tuberculosis","MONDO_0018076",0,0.00915005440211686,0,-0.150009304041283,1,0,5,1.34120761802541,1.02908273428462,1.30330397483325,1.09462074429142,0.136863136863137,7,1,0.06,16.6666666666667,3.59238229122624,0.0559440559440559,4,6,0.336,17.8571428571429,6.5321470272244,0.004995004995005,8,2000,1000,950301
1,3,"mRMR",10,"Tuberculosis","MONDO_0018076",0,0.00915005440211686,0,-0.150009304041283,1,0,5,1.03738987563029,1.02908273428462,1.00807237461957,0.0291331121497246,0.448551448551449,5,0,0.06,0,-0.229300997312313,1,1,0,0.164,0,-0.262780868988393,1,6,2000,1000,950301
1,3,"Boruta",10,"Tuberculosis","MONDO_0018076",0,0.00915005440211686,0,-0.150009304041283,1,0,5,1.47958806098752,1.02908273428462,1.43777367134245,1.57992041554852,0.0759240759240759,8,4,0.06,66.6666666666667,15.0574321568419,0.000999000999000999,6,18,0.472,38.135593220339,16.8484082301884,0.000999000999000999,9,2000,1000,950301
1,3,"RF_importance",10,"Tuberculosis","MONDO_0018076",0,0.00915005440211686,0,-0.150009304041283,1,0,5,1.75774033958952,1.02908273428462,1.70806513512389,2.5553993667318,0.01998001998002,8,7,0.06,116.666666666667,26.5224820224576,0.000999000999000999,6,18,0.472,38.135593220339,16.8484082301884,0.000999000999000999,9,2000,1000,950301
1,3,"GS_full_ungrouped",20,"Tuberculosis","MONDO_0018076",0,0.01545456207809,0,-0.197552075516995,1,0,5,1.57799963616911,1.02419037426344,1.54072882915342,2.7880044827553,0.00699300699300699,15,13,0.263,49.4296577946768,20.4951609703442,0.000999000999000999,10,58,1.802,32.1864594894562,26.1984735959946,0.000999000999000999,17,2000,1000,950302
1,3,"DGE",20,"Tuberculosis","MONDO_0018076",0,0.01545456207809,0,-0.197552075516995,1,0,5,1.64207797375451,1.02419037426344,1.60329369911861,3.11058972053345,0.001998001998002,14,16,0.263,60.8365019011407,25.3224737528701,0.000999000999000999,9,78,1.802,43.2852386237514,35.5221056099433,0.000999000999000999,17,2000,1000,950302
1,3,"LASSO",20,"Tuberculosis","MONDO_0018076",0,0.01545456207809,0,-0.197552075516995,1,0,5,1.13082885456567,1.02419037426344,1.10411978376473,0.536842883583718,0.285714285714286,12,1,0.263,3.80228136882129,1.18590984024053,0.196803196803197,6,6,1.024,5.859375,2.92285338390485,0.042957042957043,13,2000,1000,950302
1,3,"ElasticNet",20,"Tuberculosis","MONDO_0018076",0,0.01545456207809,0,-0.197552075516995,1,0,5,1.34426120146767,1.02419037426344,1.31251106751946,1.61131090147164,0.0719280719280719,11,3,0.263,11.4068441064639,4.40411836192448,0.016983016983017,5,14,0.858,16.3170163170163,8.94615352913993,0.000999000999000999,12,2000,1000,950302
1,3,"mRMR",20,"Tuberculosis","MONDO_0018076",0,0.01545456207809,0,-0.197552075516995,1,0,5,1.07601868755278,1.02419037426344,1.05060417925389,0.260915769604682,0.361638361638362,10,0,0.263,0,-0.423194420601439,1,4,6,0.858,6.993006993007,3.50031360879908,0.022977022977023,12,2000,1000,950302
1,3,"Boruta",20,"Tuberculosis","MONDO_0018076",0,0.01545456207809,0,-0.197552075516995,1,0,5,1.57643494248117,1.02419037426344,1.53920109199902,2.78012745122804,0.00799200799200799,13,16,0.263,60.8365019011407,25.3224737528701,0.000999000999000999,10,52,1.802,28.8568257491676,23.40138399181,0.000999000999000999,17,2000,1000,950302
1,3,"RF_importance",20,"Tuberculosis","MONDO_0018076",0,0.01545456207809,0,-0.197552075516995,1,0,5,1.62568754331124,1.02419037426344,1.58729039460107,3.02807648593554,0.002997002997003,14,21,0.263,79.8479087452471,33.36799505708,0.000999000999000999,11,56,1.802,31.0765815760266,25.2661103945997,0.000999000999000999,17,2000,1000,950302
1,3,"GS_full_ungrouped",50,"Tuberculosis","MONDO_0018076",0,0.0502187594198867,0,-0.372415246423137,1,0,5,1.31492447760892,1.03430965763626,1.27130639059675,2.17861501171236,0.021978021978022,34,24,1.803,13.3111480865225,10.6006013333785,0.000999000999000999,16,92,7.456,12.3390557939914,16.5314870072909,0.000999000999000999,35,2000,1000,950303
1,3,"DGE",50,"Tuberculosis","MONDO_0018076",0,0.0502187594198867,0,-0.372415246423137,1,0,5,1.46086165391632,1.03430965763626,1.41240260412424,3.3116304493902,0.001998001998002,32,60,1.803,33.2778702163062,27.7930889669158,0.000999000999000999,18,146,8.748,16.689529035208,23.2652901644494,0.000999000999000999,37,2000,1000,950303
1,3,"LASSO",50,"Tuberculosis","MONDO_0018076",0,0.0502187594198867,0,-0.372415246423137,1,0,5,0.998163771671395,1.03430965763626,0.965053129207481,-0.280626553445686,0.598401598401598,28,2,1.803,1.10926234054354,0.0940811128835237,0.416583416583417,10,20,5.712,3.50140056022409,3.15834838356197,0.00999000999000999,31,2000,1000,950303
1,3,"ElasticNet",50,"Tuberculosis","MONDO_0018076",0,0.0502187594198867,0,-0.372415246423137,1,0,5,1.20818847216489,1.03430965763626,1.16811098421531,1.34994650527629,0.0999000999000999,29,16,1.803,8.87409872434831,6.7800485259258,0.001998001998002,14,78,6.698,11.6452672439534,14.5167287723241,0.000999000999000999,33,2000,1000,950303
1,3,"mRMR",50,"Tuberculosis","MONDO_0018076",0,0.0502187594198867,0,-0.372415246423137,1,0,5,1.11236674560806,1.03430965763626,1.07546781314039,0.60601340885162,0.256743256743257,29,13,1.803,7.210205213533,5.34734122313103,0.00599400599400599,15,34,6.698,5.0761421319797,5.55854995570943,0.000999000999000999,33,2000,1000,950303
1,3,"Boruta",50,"Tuberculosis","MONDO_0018076",0,0.0502187594198867,0,-0.372415246423137,1,0,5,1.5259895825339,1.03430965763626,1.47537013820531,3.81726547957794,0.000999000999000999,38,27,1.803,14.9750415973378,12.0333086361733,0.000999000999000999,19,102,8.748,11.6598079561043,15.8069451695803,0.000999000999000999,37,2000,1000,950303
1,3,"RF_importance",50,"Tuberculosis","MONDO_0018076",0,0.0502187594198867,0,-0.372415246423137,1,0,5,1.61509760879188,1.03430965763626,1.56152231284672,4.50907528380928,0.000999000999000999,38,33,1.803,18.3028286189684,14.8987232417629,0.000999000999000999,17,86,8.186,10.5057415098949,14.0576604142439,0.000999000999000999,36,2000,1000,950303
1,3,"GS_full_ungrouped",100,"Tuberculosis","MONDO_0018076",0,0.100885610063831,0,-0.522167494180054,1,0,5,1.25158145972015,1.03173443304225,1.21308489824231,2.57842861674475,0.013986013986014,61,56,7.178,7.80161604903873,9.37924092097188,0.000999000999000999,27,140,26.692,5.24501723362805,9.33518962669067,0.000999000999000999,65,2000,1000,950304
1,3,"DGE",100,"Tuberculosis","MONDO_0018076",0,0.100885610063831,0,-0.522167494180054,1,0,5,1.43167229814612,1.03173443304225,1.38763644237847,4.69058532146747,0.000999000999000999,64,135,7.178,18.8074672610755,24.556006165263,0.000999000999000999,30,260,27.218,9.55250202072158,19.3308606168335,0.000999000999000999,66,2000,1000,950304
1,3,"LASSO",100,"Tuberculosis","MONDO_0018076",0,0.100885610063831,0,-0.522167494180054,1,0,5,1.07914599569911,1.03173443304225,1.04595326194266,0.556056325920348,0.27972027972028,51,5,7.178,0.696572861521315,-0.418417654456532,0.643356643356643,16,48,17.272,2.77906438165817,3.40198866739398,0.00899100899100899,53,2000,1000,950304
1,3,"ElasticNet",100,"Tuberculosis","MONDO_0018076",0,0.100885610063831,0,-0.522167494180054,1,0,5,1.1149179331254,1.03173443304225,1.08062491414372,0.975599808177599,0.167832167832168,59,18,7.178,2.50766230147673,2.07902472751542,0.041958041958042,21,102,24.504,4.16258570029383,6.97654512091596,0.000999000999000999,63,2000,1000,950304
1,3,"mRMR",100,"Tuberculosis","MONDO_0018076",0,0.100885610063831,0,-0.522167494180054,1,0,5,1.12767623299693,1.03173443304225,1.09299078995723,1.12523278701226,0.133866133866134,60,24,7.178,3.34354973530231,3.2316904422717,0.012987012987013,21,100,24.504,4.08096637283709,6.79649595396758,0.000999000999000999,63,2000,1000,950304
1,3,"Boruta",100,"Tuberculosis","MONDO_0018076",0,0.100885610063831,0,-0.522167494180054,1,0,5,1.43040106978059,1.03173443304225,1.38640431488052,4.67567599271447,0.000999000999000999,71,80,7.178,11.145165784341,13.989903779997,0.000999000999000999,30,184,29.91,6.15178869943163,11.7508971871456,0.000999000999000999,68,2000,1000,950304
1,3,"RF_importance",100,"Tuberculosis","MONDO_0018076",0,0.100885610063831,0,-0.522167494180054,1,0,5,1.40045988268005,1.03173443304225,1.35738406883499,4.32451721287595,0.000999000999000999,72,74,7.178,10.3092783505155,12.8372380652407,0.000999000999000999,28,176,26.692,6.5937359508467,12.3011481341294,0.000999000999000999,65,2000,1000,950304
1,3,"GS_full_ungrouped",200,"Tuberculosis","MONDO_0018076",0.830974534343654,0.183402237795707,4.5308854697252,2.47720462709162,0.042957042957043,2,5,1.19328756008721,1.02799742736153,1.16078846923762,2.67160223585268,0.00599400599400599,127,179,28.952,6.18264714009395,11.692622416127,0.000999000999000999,47,264,101.02,2.61334389229855,5.52814284012621,0.000999000999000999,125,2000,1000,950305
1,3,"DGE",200,"Tuberculosis","MONDO_0018076",0,0.183402237795707,0,-0.701581699075731,1,0,5,1.33210101972725,1.02799742736153,1.29582135545439,4.91525915006364,0.000999000999000999,132,189,28.952,6.52804642166344,12.4718812143866,0.000999000999000999,48,348,101.752,3.42008019498388,8.31957578566555,0.000999000999000999,126,2000,1000,950305
1,3,"LASSO",200,"Tuberculosis","MONDO_0018076",0,0.183402237795707,0,-0.701581699075731,1,0,5,1.10351661761541,1.02799742736153,1.0734624311733,1.22062481410721,0.120879120879121,108,30,28.952,1.03619784470848,0.0816663220576151,0.435564435564436,29,144,69.716,2.06552297894314,3.28099829081279,0.00599400599400599,105,2000,1000,950305
1,3,"ElasticNet",200,"Tuberculosis","MONDO_0018076",0,0.183402237795707,0,-0.701581699075731,1,0,5,1.09871133094955,1.02799742736153,1.06878801610381,1.14295644764936,0.132867132867133,104,36,28.952,1.24343741365018,0.549221601013428,0.26973026973027,32,192,73.44,2.61437908496732,5.09268023347021,0.000999000999000999,107,2000,1000,950305
1,3,"mRMR",200,"Tuberculosis","MONDO_0018076",0.830974534343654,0.183402237795707,4.5308854697252,2.47720462709162,0.042957042957043,2,5,1.1819160441573,1.02799742736153,1.14972665563066,2.48780319786785,0.00799200799200799,120,137,28.952,4.73197015750207,8.41973546343627,0.000999000999000999,39,234,96.174,2.4330900243309,4.89224949529749,0.000999000999000999,123,2000,1000,950305
1,3,"Boruta",200,"Tuberculosis","MONDO_0018076",0.830974534343654,0.183402237795707,4.5308854697252,2.47720462709162,0.042957042957043,2,5,1.35104423725084,1.02799742736153,1.31424865597032,5.22144041724346,0.000999000999000999,142,197,28.952,6.80436584691904,13.0952882529944,0.000999000999000999,48,340,101.752,3.34145766176586,8.04929295581384,0.000999000999000999,126,2000,1000,950305
1,3,"RF_importance",200,"Tuberculosis","MONDO_0018076",0,0.183402237795707,0,-0.701581699075731,1,0,5,1.3444981245068,1.02799742736153,1.30788082608105,5.11563489119815,0.000999000999000999,143,233,28.952,8.04780326056922,15.9006199267293,0.000999000999000999,46,428,112.068,3.81910982617696,10.0013279719062,0.000999000999000999,132,2000,1000,950305
1,3,"GS_full_ungrouped",500,"Tuberculosis","MONDO_0018076",0.830974534343654,0.489125021982156,1.69890007053037,0.90792942321879,0.20979020979021,2,5,1.13190978431524,1.02878758898287,1.10023662458285,2.97914952500292,0.000999000999000999,322,511,179.145,2.85243796924279,7.07123539246021,0.000999000999000999,88,930,624.23,1.48983547730804,3.20692499724432,0.001998001998002,311,2000,1000,950306
1,3,"DGE",500,"Tuberculosis","MONDO_0018076",0.830974534343654,0.489125021982156,1.69890007053037,0.90792942321879,0.20979020979021,2,5,1.18040739829345,1.02878758898287,1.14737717574965,4.38022174986457,0.000999000999000999,326,434,179.145,2.42261854921991,5.43050337028355,0.000999000999000999,83,874,612.638,1.42661734988688,2.85062455386564,0.00699300699300699,309,2000,1000,950306
1,3,"LASSO",500,"Tuberculosis","MONDO_0018076",0.62706582475556,0.489125021982156,1.28201542872292,0.366361539132327,0.372627372627373,2,5,1.09458763903059,1.02878758898287,1.06395882955079,1.90093109648243,0.030969030969031,296,257,179.145,1.43459209020626,1.65895054008525,0.0679320679320679,77,946,501.058,1.88800498145923,5.71725197315203,0.000999000999000999,279,2000,1000,950306
1,3,"ElasticNet",500,"Tuberculosis","MONDO_0018076",0.62706582475556,0.489125021982156,1.28201542872292,0.366361539132327,0.372627372627373,2,5,1.10051567004001,1.02878758898287,1.0697209820815,2.07218899793608,0.015984015984016,292,243,179.145,1.35644310474755,1.36063562696222,0.102897102897103,78,978,504.856,1.93718604909123,5.6701747333131,0.000999000999000999,280,2000,1000,950306
1,3,"mRMR",500,"Tuberculosis","MONDO_0018076",1.14451453055393,0.489125021982156,2.33992226755408,1.74067066643045,0.0709290709290709,3,5,1.11285743621912,1.02878758898287,1.08171740030356,2.42873655524587,0.00599400599400599,283,297,179.145,1.65787490580256,2.5112788632939,0.014985014985015,77,804,491.392,1.63616827298776,3.75811409882161,0.000999000999000999,277,2000,1000,950306
1,3,"Boruta",500,"Tuberculosis","MONDO_0018076",0.830974534343654,0.489125021982156,1.69890007053037,0.90792942321879,0.20979020979021,2,5,1.19701384175424,1.02878758898287,1.16351893682708,4.8599737371913,0.000999000999000999,304,374,179.145,2.08769432582545,4.15201088547057,0.000999000999000999,84,800,514.674,1.55438199714771,3.41612846918483,0.000999000999000999,283,2000,1000,950306
1,3,"RF_importance",500,"Tuberculosis","MONDO_0018076",0.313525828545287,0.489125021982156,0.640993231699205,-0.466379704079338,0.78021978021978,1,5,1.17359774315873,1.02878758898287,1.14075806874676,4.18349416086541,0.000999000999000999,309,454,179.145,2.53425995701806,5.85666753188788,0.000999000999000999,82,938,527.34,1.77873857473357,4.91329557594548,0.000999000999000999,289,2000,1000,950306
1,4,"GS_full_ungrouped",10,"Tuberculosis","MONDO_0018076",0,0.00923365113126253,0,-0.158041025703691,1,0,6,2.27593865701664,1.01063861885318,2.25198069276164,4.53496930108566,0.002997002997003,7,6,0.069,86.9565217391304,17.6945195031523,0.001998001998002,5,28,0.386,72.5388601036269,27.9517411558887,0.000999000999000999,8,2000,1000,950401
1,4,"DGE",10,"Tuberculosis","MONDO_0018076",0,0.00923365113126253,0,-0.158041025703691,1,0,6,1.84394914830122,1.01063861885318,1.82453857778921,2.98667316473292,0.00699300699300699,7,7,0.069,101.449275362319,20.6779151367979,0.000999000999000999,5,26,0.444,58.5585585585586,27.1849613236076,0.000999000999000999,9,2000,1000,950401
1,4,"LASSO",10,"Tuberculosis","MONDO_0018076",0,0.00923365113126253,0,-0.158041025703691,1,0,6,1.36986679226824,1.01063861885318,1.3554467113306,1.2875118069916,0.108891108891109,5,0,0.069,0,-0.205854298721549,1,2,6,0.386,15.5440414507772,5.6826636796248,0.00699300699300699,8,2000,1000,950401
1,4,"ElasticNet",10,"Tuberculosis","MONDO_0018076",0,0.00923365113126253,0,-0.158041025703691,1,0,6,1.74572683322247,1.01063861885318,1.72735021268377,2.63463398815132,0.010989010989011,6,3,0.069,43.4782608695652,8.74433260221535,0.002997002997003,4,18,0.386,46.6321243523316,17.8294332121324,0.000999000999000999,8,2000,1000,950401
1,4,"mRMR",10,"Tuberculosis","MONDO_0018076",0,0.00923365113126253,0,-0.158041025703691,1,0,6,1.20735634996058,1.01063861885318,1.1946469563281,0.705057175882306,0.21978021978022,5,0,0.069,0,-0.205854298721549,1,3,2,0.216,9.25925925925926,2.66003971407278,0.101898101898102,6,2000,1000,950401
1,4,"Boruta",10,"Tuberculosis","MONDO_0018076",0,0.00923365113126253,0,-0.158041025703691,1,0,6,1.61676940602109,1.01063861885318,1.59975027261052,2.17243691562606,0.026973026973027,5,3,0.069,43.4782608695652,8.74433260221535,0.002997002997003,4,16,0.386,41.4507772020725,15.8049716233811,0.000999000999000999,8,2000,1000,950401
1,4,"RF_importance",10,"Tuberculosis","MONDO_0018076",0,0.00923365113126253,0,-0.158041025703691,1,0,6,2.02546280492093,1.01063861885318,2.00414150729697,3.63723732791191,0.003996003996004,7,7,0.069,101.449275362319,20.6779151367979,0.000999000999000999,6,28,0.444,63.0630630630631,29.3124430362079,0.000999000999000999,9,2000,1000,950401
1,4,"GS_full_ungrouped",20,"Tuberculosis","MONDO_0018076",0,0.0206930057837173,0,-0.231634807005658,1,0,6,1.9231805483226,1.02939339809626,1.86826586597435,4.44387102424844,0.000999000999000999,15,21,0.303,69.3069306930693,30.2651555140083,0.000999000999000999,10,82,1.998,41.041041041041,31.5781706207053,0.000999000999000999,18,2000,1000,950402
1,4,"DGE",20,"Tuberculosis","MONDO_0018076",0,0.0206930057837173,0,-0.231634807005658,1,0,6,1.9231805483226,1.02939339809626,1.86826586597435,4.44387102424844,0.000999000999000999,15,21,0.303,69.3069306930693,30.2651555140083,0.000999000999000999,10,88,1.998,44.044044044044,33.9464742096685,0.000999000999000999,18,2000,1000,950402
1,4,"LASSO",20,"Tuberculosis","MONDO_0018076",0,0.0206930057837173,0,-0.231634807005658,1,0,6,1.29252050817022,1.02939339809626,1.25561375326535,1.30825660209568,0.0969030969030969,10,0,0.303,0,-0.443075910554405,1,3,6,1.086,5.52486187845304,2.88187029619331,0.036963036963037,13,2000,1000,950402
1,4,"ElasticNet",20,"Tuberculosis","MONDO_0018076",0,0.0206930057837173,0,-0.231634807005658,1,0,6,1.69606188806445,1.02939339809626,1.64763237378548,3.31464687604746,0.004995004995005,13,9,0.303,29.7029702970297,12.7175946999725,0.000999000999000999,7,60,1.314,45.662100456621,31.9361879581685,0.000999000999000999,15,2000,1000,950402
1,4,"mRMR",20,"Tuberculosis","MONDO_0018076",0,0.0206930057837173,0,-0.231634807005658,1,0,6,1.07518551060041,1.02939339809626,1.04448456011942,0.227676401305152,0.382617382617383,9,0,0.303,0,-0.443075910554405,1,5,12,0.764,15.7068062827225,8.1041875182673,0.001998001998002,11,2000,1000,950402
1,4,"Boruta",20,"Tuberculosis","MONDO_0018076",0,0.0206930057837173,0,-0.231634807005658,1,0,6,1.9082735168564,1.02939339809626,1.8537844913184,4.36975390903437,0.000999000999000999,15,19,0.303,62.7062706270627,27.3405620450024,0.000999000999000999,10,38,1.55,24.5161290322581,18.8447194416929,0.000999000999000999,16,2000,1000,950402
1,4,"RF_importance",20,"Tuberculosis","MONDO_0018076",0,0.0206930057837173,0,-0.231634807005658,1,0,6,1.82819387909515,1.02939339809626,1.77599145523584,3.9716014162519,0.001998001998002,14,17,0.303,56.1056105610561,24.4159685759964,0.000999000999000999,9,52,1.55,33.5483870967742,26.0827461133994,0.000999000999000999,16,2000,1000,950402
1,4,"GS_full_ungrouped",50,"Tuberculosis","MONDO_0018076",0,0.0592766964696803,0,-0.404064842805293,1,0,6,1.36924119655275,1.0285164823038,1.33127783570931,2.71228063592219,0.00799200799200799,28,32,1.8,17.7777777777778,14.9547506009815,0.000999000999000999,16,96,7.11,13.5021097046413,17.8999341797098,0.000999000999000999,34,2000,1000,950403
1,4,"DGE",50,"Tuberculosis","MONDO_0018076",0,0.0592766964696803,0,-0.404064842805293,1,0,6,1.51980730994725,1.0285164823038,1.47766937729865,3.91083635174734,0.001998001998002,33,83,1.8,46.1111111111111,40.2094618807848,0.000999000999000999,21,170,9.916,17.1440096813231,25.5215519842661,0.000999000999000999,39,2000,1000,950403
1,4,"LASSO",50,"Tuberculosis","MONDO_0018076",0,0.0592766964696803,0,-0.404064842805293,1,0,6,1.11764835265994,1.0285164823038,1.08666061447698,0.709518963258612,0.214785214785215,23,1,1.8,0.555555555555556,-0.396152333800835,0.717282717282717,7,18,4.104,4.3859649122807,3.88861672544688,0.00799200799200799,26,2000,1000,950403
1,4,"ElasticNet",50,"Tuberculosis","MONDO_0018076",0,0.0592766964696803,0,-0.404064842805293,1,0,6,1.25690609948558,1.0285164823038,1.22205732344727,1.81805636698025,0.041958041958042,26,27,1.8,15,12.4787985147263,0.000999000999000999,16,92,6.04,15.2317880794702,17.8197373154876,0.000999000999000999,31,2000,1000,950403
1,4,"mRMR",50,"Tuberculosis","MONDO_0018076",0,0.0592766964696803,0,-0.404064842805293,1,0,6,1.14179116119822,1.0285164823038,1.11013404339491,0.90170364889108,0.173826173826174,25,3,1.8,1.66666666666667,0.594228500701253,0.265734265734266,9,34,4.388,7.74840474020055,7.30818080368903,0.000999000999000999,27,2000,1000,950403
1,4,"Boruta",50,"Tuberculosis","MONDO_0018076",0,0.0592766964696803,0,-0.404064842805293,1,0,6,1.63331567640992,1.0285164823038,1.58803062907793,4.814400230436,0.000999000999000999,37,35,1.8,19.4444444444444,16.4403218527347,0.000999000999000999,17,122,8.038,15.1779049514805,21.4030952588217,0.000999000999000999,36,2000,1000,950403
1,4,"RF_importance",50,"Tuberculosis","MONDO_0018076",0,0.0592766964696803,0,-0.404064842805293,1,0,6,1.83077143175945,1.0285164823038,1.78001175796295,6.38621289705288,0.000999000999000999,36,42,1.8,23.3333333333333,19.906654773492,0.000999000999000999,18,130,8.038,16.1731774073152,22.9055676800724,0.000999000999000999,36,2000,1000,950403
1,4,"GS_full_ungrouped",100,"Tuberculosis","MONDO_0018076",0,0.124136949617756,0,-0.601812101206653,1,0,6,1.37842881063259,1.03586977987772,1.3306970020839,3.90038163290288,0.000999000999000999,66,108,7.087,15.2391703118386,20.2858429209181,0.000999000999000999,32,218,32.212,6.7676642245126,14.0150203551066,0.000999000999000999,71,2000,1000,950404
1,4,"DGE",100,"Tuberculosis","MONDO_0018076",0,0.124136949617756,0,-0.601812101206653,1,0,6,1.415431851683,1.03586977987772,1.36641871321904,4.32169874533321,0.000999000999000999,59,156,7.087,22.012134894878,29.9349511646932,0.000999000999000999,32,292,25.42,11.4870180959874,23.4317648065774,0.000999000999000999,63,2000,1000,950404
1,4,"LASSO",100,"Tuberculosis","MONDO_0018076",0,0.124136949617756,0,-0.601812101206653,1,0,6,1.13511500907433,1.03586977987772,1.09580859594951,1.13000748588846,0.134865134865135,48,9,7.087,1.26993085931988,0.384557168132118,0.324675324675325,16,40,15.738,2.5416190113102,2.97506621029386,0.015984015984016,50,2000,1000,950404
1,4,"ElasticNet",100,"Tuberculosis","MONDO_0018076",0,0.124136949617756,0,-0.601812101206653,1,0,6,1.20660619801659,1.03586977987772,1.16482421000738,1.9440071041449,0.025974025974026,54,41,7.087,5.78524058134613,6.81729599731548,0.000999000999000999,24,126,22.454,5.61147234345774,9.9970435918637,0.000999000999000999,59,2000,1000,950404
1,4,"mRMR",100,"Tuberculosis","MONDO_0018076",0.313525828545287,0.124136949617756,2.52564469733387,0.918151440997285,0.25974025974026,1,6,1.21157109493242,1.03586977987772,1.1696171840011,2.00053748577604,0.023976023976024,55,32,7.087,4.51530972202625,5.00808820160766,0.001998001998002,19,122,23.732,5.14073824372156,9.27517239115437,0.000999000999000999,61,2000,1000,950404
1,4,"Boruta",100,"Tuberculosis","MONDO_0018076",0.37384265801021,0.124136949617756,3.01153410939572,1.21056556902429,0.180819180819181,1,6,1.63072669655842,1.03586977987772,1.57425839447784,6.77304868277407,0.000999000999000999,72,100,7.087,14.110342881332,18.6776582136223,0.000999000999000999,27,306,28.162,10.8657055606846,23.2940018579062,0.000999000999000999,67,2000,1000,950404
1,4,"RF_importance",100,"Tuberculosis","MONDO_0018076",0,0.124136949617756,0,-0.601812101206653,1,0,6,1.60512096662425,1.03586977987772,1.54953933187791,6.48150150472349,0.000999000999000999,63,141,7.087,19.8955834626781,26.9196048385135,0.000999000999000999,29,264,23.24,11.3597246127367,22.4602349071065,0.000999000999000999,60,2000,1000,950404
1,4,"GS_full_ungrouped",200,"Tuberculosis","MONDO_0018076",0,0.229524621884513,0,-0.834801478608993,1,0,6,1.33045399236269,1.02928489118014,1.29260033229211,5.11294773009084,0.000999000999000999,132,174,28.243,6.16081860992104,11.4317099184499,0.000999000999000999,46,326,104.548,3.11818494854038,7.81526742813448,0.000999000999000999,128,2000,1000,950405
1,4,"DGE",200,"Tuberculosis","MONDO_0018076",0,0.229524621884513,0,-0.834801478608993,1,0,6,1.36447629093843,1.02928489118014,1.32565463909023,5.69054428163708,0.000999000999000999,127,235,28.243,8.32064582374394,16.2159350673308,0.000999000999000999,45,416,97.408,4.27069645203679,11.5945921941483,0.000999000999000999,123,2000,1000,950405
1,4,"LASSO",200,"Tuberculosis","MONDO_0018076",0.37384265801021,0.229524621884513,1.62876930126613,0.524897542400905,0.311688311688312,1,6,1.05821972690946,1.02928489118014,1.02811159085037,0.491226696503388,0.296703296703297,111,26,28.243,0.920582091137627,-0.175918311621967,0.529470529470529,30,202,73.976,2.73061533470315,5.49392215173326,0.000999000999000999,108,2000,1000,950405
1,4,"ElasticNet",200,"Tuberculosis","MONDO_0018076",0,0.229524621884513,0,-0.834801478608993,1,0,6,1.09398919502352,1.02928489118014,1.06286335726661,1.09848494471753,0.135864135864136,106,59,28.243,2.08901320681231,2.41226906400216,0.024975024975025,35,250,70.844,3.52888035684038,8.15131719483151,0.000999000999000999,105,2000,1000,950405
1,4,"mRMR",200,"Tuberculosis","MONDO_0018076",0.830974534343654,0.229524621884513,3.62041565528323,2.18752686360059,0.034965034965035,2,6,1.20421931788994,1.02928489118014,1.1699572472197,2.96986170376919,0.004995004995005,112,132,28.243,4.67372446269872,8.13765325856462,0.000999000999000999,37,300,92.648,3.23806234349365,7.97290434044171,0.000999000999000999,120,2000,1000,950405
1,4,"Boruta",200,"Tuberculosis","MONDO_0018076",1.20481719235386,0.229524621884513,5.24918495654935,3.54722588461049,0.00999000999000999,3,6,1.37997105139278,1.02928489118014,1.34070854747568,5.95359882469034,0.000999000999000999,141,258,28.243,9.13500690436568,18.0198232382204,0.000999000999000999,48,576,113.76,5.06329113924051,14.4830607967967,0.000999000999000999,133,2000,1000,950405
1,4,"RF_importance",200,"Tuberculosis","MONDO_0018076",0.687368486555496,0.229524621884513,2.9947483669153,1.66521888615377,0.0829170829170829,2,6,1.37495545290769,1.02928489118014,1.33583565122697,5.86844901088585,0.000999000999000999,136,207,28.243,7.32924972559572,14.019897294074,0.000999000999000999,46,404,113.76,3.55133614627285,9.09389833346808,0.000999000999000999,133,2000,1000,950405
1,4,"GS_full_ungrouped",500,"Tuberculosis","MONDO_0018076",0.381069882616305,0.53300003350696,0.714952830507333,-0.382404007821481,0.566433566433566,1,6,1.11643957923004,1.02806039113716,1.08596692261932,2.54144620440112,0.011988011988012,321,475,178.275,2.66442294208386,6.7748300439306,0.000999000999000999,89,910,652.398,1.39485406147781,2.64359799673439,0.010989010989011,317,2000,1000,950406
1,4,"DGE",500,"Tuberculosis","MONDO_0018076",0.830974534343654,0.53300003350696,1.55905156117181,0.749993616675627,0.232767232767233,2,6,1.24881506406574,1.02806039113716,1.21472928519733,6.34805702252623,0.000999000999000999,324,526,178.275,2.95049782639181,7.93926287648755,0.000999000999000999,90,1004,573.148,1.75172904729668,4.95175243113725,0.000999000999000999,298,2000,1000,950406
1,4,"LASSO",500,"Tuberculosis","MONDO_0018076",1.51835718856414,0.53300003350696,2.84869998707853,2.48011683672073,0.016983016983017,4,6,1.09750975507925,1.02806039113716,1.06755377849473,1.99709712430497,0.022977022977023,290,288,178.275,1.61548169962137,2.50524299122179,0.011988011988012,79,1044,502.688,2.07683493538736,6.86626333288732,0.000999000999000999,279,2000,1000,950406
1,4,"ElasticNet",500,"Tuberculosis","MONDO_0018076",1.51835718856414,0.53300003350696,2.84869998707853,2.48011683672073,0.016983016983017,4,6,1.11780776330428,1.02806039113716,1.08729776279762,2.58078992657656,0.00999000999000999,292,310,178.275,1.73888655167578,3.007547350364,0.00599400599400599,82,1032,502.688,2.05296326946337,6.71404952644178,0.000999000999000999,279,2000,1000,950406
1,4,"mRMR",500,"Tuberculosis","MONDO_0018076",1.51835718856414,0.53300003350696,2.84869998707853,2.48011683672073,0.016983016983017,4,6,1.12854030377534,1.02806039113716,1.09773736397629,2.88941659346883,0.002997002997003,282,316,178.275,1.77254242041789,3.14453944831188,0.00599400599400599,78,1002,483.034,2.0743881383091,6.61701994311501,0.000999000999000999,274,2000,1000,950406
1,4,"Boruta",500,"Tuberculosis","MONDO_0018076",1.20481719235386,0.53300003350696,2.26044487169461,1.69094529663958,0.0729270729270729,3,6,1.2249667293125,1.02806039113716,1.19153187874258,5.6622704572976,0.000999000999000999,300,519,178.275,2.91123264619268,7.77943876221503,0.000999000999000999,84,1264,540.916,2.33677687478278,8.69622489157893,0.000999000999000999,289,2000,1000,950406
1,4,"RF_importance",500,"Tuberculosis","MONDO_0018076",1.20481719235386,0.53300003350696,2.26044487169461,1.69094529663958,0.0729270729270729,3,6,1.213397011548,1.02806039113716,1.1802779506035,5.32956978496655,0.000999000999000999,307,438,178.275,2.45687841817417,5.9300454399187,0.000999000999000999,83,1000,590.144,1.69450168094567,4.6584122892904,0.000999000999000999,302,2000,1000,950406
1,5,"GS_full_ungrouped",10,"Tuberculosis","MONDO_0018076",0,0.0130540545053864,0,-0.190164169387586,1,0,6,2.04615909922573,1.04260286544937,1.96254889280763,3.38962250226334,0.001998001998002,8,4,0.063,63.4920634920635,13.4945844531639,0.001998001998002,5,16,0.472,33.8983050847458,13.9307527387283,0.000999000999000999,9,2000,1000,950501
1,5,"DGE",10,"Tuberculosis","MONDO_0018076",0,0.0130540545053864,0,-0.190164169387586,1,0,6,2.09068869332309,1.04260286544937,2.00525891747092,3.54002614591477,0.001998001998002,7,7,0.063,111.111111111111,23.7774783722626,0.000999000999000999,5,20,0.35,57.1428571428571,22.8699010988503,0.000999000999000999,8,2000,1000,950501
1,5,"LASSO",10,"Tuberculosis","MONDO_0018076",0,0.0130540545053864,0,-0.190164169387586,1,0,6,1.62252363512116,1.04260286544937,1.55622403207365,1.9587467291319,0.041958041958042,7,0,0.063,0,-0.215940772301073,1,2,4,0.18,22.2222222222222,6.29735759912282,0.00599400599400599,6,2000,1000,950501
1,5,"ElasticNet",10,"Tuberculosis","MONDO_0018076",0,0.0130540545053864,0,-0.190164169387586,1,0,6,1.77998582351689,1.04260286544937,1.70725199642502,2.49059273743513,0.013986013986014,8,2,0.063,31.7460317460318,6.63932184043141,0.00699300699300699,4,16,0.472,33.8983050847458,13.9307527387283,0.000999000999000999,9,2000,1000,950501
1,5,"mRMR",10,"Tuberculosis","MONDO_0018076",0,0.0130540545053864,0,-0.190164169387586,1,0,6,0.802553700950062,1.04260286544937,0.769759730714102,-0.810792681317462,0.797202797202797,8,0,0.063,0,-0.215940772301073,1,5,0,0.472,0,-0.423448949811937,1,9,2000,1000,950501
1,5,"Boruta",10,"Tuberculosis","MONDO_0018076",0,0.0130540545053864,0,-0.190164169387586,1,0,6,1.51971635718137,1.04260286544937,1.45761766780332,1.61150374366427,0.0769230769230769,8,4,0.063,63.4920634920635,13.4945844531639,0.001998001998002,6,18,0.572,31.4685314685315,15.4887589155222,0.000999000999000999,10,2000,1000,950501
1,5,"RF_importance",10,"Tuberculosis","MONDO_0018076",0,0.0130540545053864,0,-0.190164169387586,1,0,6,1.48638342081016,1.04260286544937,1.42564678274648,1.49891805350797,0.0929070929070929,7,10,0.063,158.730158730159,34.0603722913614,0.000999000999000999,6,12,0.472,25.4237288135593,10.3422023165932,0.000999000999000999,9,2000,1000,950501
1,5,"GS_full_ungrouped",20,"Tuberculosis","MONDO_0018076",0,0.0221046235749735,0,-0.252322439935972,1,0,6,1.69381986654235,1.03709906828206,1.63322860693351,3.18076903288152,0.002997002997003,15,14,0.258,54.2635658914729,23.2353311084038,0.000999000999000999,11,48,1.642,29.2326431181486,23.9341024667011,0.000999000999000999,17,2000,1000,950502
1,5,"DGE",20,"Tuberculosis","MONDO_0018076",0,0.0221046235749735,0,-0.252322439935972,1,0,6,1.65229303087489,1.03709906828206,1.59318726764637,2.97963748158219,0.003996003996004,14,22,0.258,85.2713178294573,36.7619392343848,0.000999000999000999,11,64,1.642,38.9768574908648,32.1947185301037,0.000999000999000999,17,2000,1000,950502
1,5,"LASSO",20,"Tuberculosis","MONDO_0018076",0,0.0221046235749735,0,-0.252322439935972,1,0,6,1.54936055302432,1.03709906828206,1.49393688646429,2.48109313991952,0.013986013986014,12,1,0.258,3.87596899224806,1.25459290368474,0.207792207792208,5,12,0.81,14.8148148148148,7.54755960226385,0.001998001998002,12,2000,1000,950502
1,5,"ElasticNet",20,"Tuberculosis","MONDO_0018076",0,0.0221046235749735,0,-0.252322439935972,1,0,6,1.63778809193755,1.03709906828206,1.57920119883101,2.90938409427068,0.004995004995005,15,9,0.258,34.8837209302325,14.7812010296657,0.000999000999000999,9,38,1.488,25.5376344086021,18.2608994771551,0.000999000999000999,16,2000,1000,950502
1,5,"mRMR",20,"Tuberculosis","MONDO_0018076",0,0.0221046235749735,0,-0.252322439935972,1,0,6,1.22871586173727,1.03709906828206,1.1847622848342,0.928078971180722,0.184815184815185,16,1,0.258,3.87596899224806,1.25459290368474,0.207792207792208,7,8,1.642,4.8721071863581,3.28256230819461,0.018981018981019,17,2000,1000,950502
1,5,"Boruta",20,"Tuberculosis","MONDO_0018076",0,0.0221046235749735,0,-0.252322439935972,1,0,6,1.61011346225081,1.03709906828206,1.55251654494102,2.77534447600787,0.00699300699300699,14,17,0.258,65.891472868217,28.3078091556467,0.000999000999000999,11,46,1.86,24.7311827956989,18.8800371251228,0.000999000999000999,18,2000,1000,950502
1,5,"RF_importance",20,"Tuberculosis","MONDO_0018076",0,0.0221046235749735,0,-0.252322439935972,1,0,6,1.79289539829236,1.03709906828206,1.7287600125437,3.66063259764377,0.002997002997003,15,28,0.258,108.527131782946,46.9068953288705,0.000999000999000999,12,58,1.86,31.1827956989247,24.0128066199455,0.000999000999000999,18,2000,1000,950502
1,5,"GS_full_ungrouped",50,"Tuberculosis","MONDO_0018076",0,0.0548097095857851,0,-0.37489659283232,1,0,6,1.12307077823338,1.03967821881219,1.08020997065464,0.640823596756048,0.25974025974026,31,40,1.691,23.6546422235364,18.6757070213953,0.000999000999000999,18,78,8.556,9.1164095371669,12.5370717678849,0.000999000999000999,38,2000,1000,950503
1,5,"DGE",50,"Tuberculosis","MONDO_0018076",0,0.0548097095857851,0,-0.37489659283232,1,0,6,1.5597461050427,1.03967821881219,1.50022004579906,3.99642097238308,0.001998001998002,33,92,1.691,54.4056771141336,44.0258013885819,0.000999000999000999,21,186,8.556,21.7391304347826,32.0348505670838,0.000999000999000999,38,2000,1000,950503
1,5,"LASSO",50,"Tuberculosis","MONDO_0018076",0,0.0548097095857851,0,-0.37489659283232,1,0,6,1.04967241045756,1.03967821881219,1.00961277389921,0.0767995835756835,0.442557442557443,25,1,1.691,0.591366055588409,-0.336863753994731,0.69030969030969,7,14,4.256,3.28947368421053,2.75790125786208,0.024975024975025,27,2000,1000,950503
1,5,"ElasticNet",50,"Tuberculosis","MONDO_0018076",0,0.0548097095857851,0,-0.37489659283232,1,0,6,1.20529452621617,1.03967821881219,1.15929573632234,1.2726655534823,0.113886113886114,28,12,1.691,7.09639266706091,5.02565620829476,0.00599400599400599,14,52,5.94,8.75420875420875,10.6963253069863,0.000999000999000999,32,2000,1000,950503
1,5,"mRMR",50,"Tuberculosis","MONDO_0018076",0,0.0548097095857851,0,-0.37489659283232,1,0,6,1.20751889519818,1.03967821881219,1.16143521461645,1.28975854285037,0.112887112887113,34,21,1.691,12.4186871673566,9.41317254107707,0.000999000999000999,14,58,7.43,7.80619111709287,10.1777520365606,0.000999000999000999,36,2000,1000,950503
1,5,"Boruta",50,"Tuberculosis","MONDO_0018076",0,0.0548097095857851,0,-0.37489659283232,1,0,6,1.51807908404667,1.03967821881219,1.46014320255843,3.67623401030739,0.001998001998002,33,59,1.691,34.8905972797161,27.9382415017135,0.000999000999000999,17,110,7.034,15.6383281205573,21.1065741497824,0.000999000999000999,35,2000,1000,950503
1,5,"RF_importance",50,"Tuberculosis","MONDO_0018076",0,0.0548097095857851,0,-0.37489659283232,1,0,6,1.59170751838539,1.03967821881219,1.53096168562989,4.24202595198589,0.001998001998002,32,80,1.691,47.3092844470727,38.1757796115389,0.000999000999000999,19,186,8.026,23.1746822825816,34.0757561638402,0.000999000999000999,37,2000,1000,950503
1,5,"GS_full_ungrouped",100,"Tuberculosis","MONDO_0018076",0.517448705798367,0.106363420809663,4.86491222132032,2.12352425253367,0.0659340659340659,1,6,1.10188253712061,1.03923019588739,1.06028726020583,0.724164871476701,0.230769230769231,61,71,7.027,10.1038850149424,12.8561918994066,0.000999000999000999,25,162,28.118,5.76143395689594,11.4524164355734,0.000999000999000999,69,2000,1000,950504
1,5,"DGE",100,"Tuberculosis","MONDO_0018076",0,0.106363420809663,0,-0.549436605783567,1,0,6,1.47207936993015,1.03923019588739,1.41650942760872,5.00307187759622,0.000999000999000999,63,173,7.027,24.6193254589441,33.3543954186955,0.000999000999000999,29,324,28.118,11.5228679137919,25.310078126935,0.000999000999000999,69,2000,1000,950504
1,5,"LASSO",100,"Tuberculosis","MONDO_0018076",0,0.106363420809663,0,-0.549436605783567,1,0,6,1.13509123801439,1.03923019588739,1.09224235641569,1.10800646687903,0.136863136863137,54,17,7.027,2.41924007400028,2.0042018009595,0.0579420579420579,19,66,16.726,3.94595240942246,6.04512225056494,0.000999000999000999,53,2000,1000,950504
1,5,"ElasticNet",100,"Tuberculosis","MONDO_0018076",0,0.106363420809663,0,-0.549436605783567,1,0,6,1.12308354364041,1.03923019588739,1.08068794390776,0.969215955911629,0.170829170829171,50,22,7.027,3.13078127223566,3.00901569896385,0.013986013986014,21,74,16.726,4.42424967117063,7.02659276248845,0.000999000999000999,53,2000,1000,950504
1,5,"mRMR",100,"Tuberculosis","MONDO_0018076",0,0.106363420809663,0,-0.549436605783567,1,0,6,1.18900569245378,1.03923019588739,1.14412157879852,1.7311747827207,0.04995004995005,61,65,7.027,9.25003557705991,11.6504152218013,0.000999000999000999,22,146,29.642,4.92544362728561,10.3777977682158,0.000999000999000999,71,2000,1000,950504
1,5,"Boruta",100,"Tuberculosis","MONDO_0018076",0,0.106363420809663,0,-0.549436605783567,1,0,6,1.5163029269013,1.03923019588739,1.45906357696481,5.51422829761005,0.000999000999000999,70,164,7.027,23.3385513021204,31.5457304022877,0.000999000999000999,32,320,28.118,11.3806102852265,24.9679136407286,0.000999000999000999,69,2000,1000,950504
1,5,"RF_importance",100,"Tuberculosis","MONDO_0018076",0,0.106363420809663,0,-0.549436605783567,1,0,6,1.46832956278261,1.03923019588739,1.41290117299643,4.95972986423151,0.000999000999000999,66,244,7.027,34.7232104738864,47.6227527703574,0.000999000999000999,32,352,26.706,13.180558675953,28.9786221326352,0.000999000999000999,67,2000,1000,950504
1,5,"GS_full_ungrouped",200,"Tuberculosis","MONDO_0018076",0.517448705798367,0.221192056250251,2.33936387486239,1.05471453132755,0.183816183816184,1,6,1.22391799812403,1.03696644782418,1.1802869810225,3.01216663630986,0.002997002997003,125,150,28.105,5.33712862479986,9.54154981583149,0.000999000999000999,41,306,87.156,3.51094589012805,8.95695401644839,0.000999000999000999,121,2000,1000,950505
1,5,"DGE",200,"Tuberculosis","MONDO_0018076",0,0.221192056250251,0,-0.787474226476291,1,0,6,1.41296823321504,1.03696644782418,1.362597831569,6.05814731854735,0.000999000999000999,134,245,28.105,8.7173100871731,16.9778452545615,0.000999000999000999,46,422,96.022,4.39482618566579,12.6970800464227,0.000999000999000999,127,2000,1000,950505
1,5,"LASSO",200,"Tuberculosis","MONDO_0018076",0.313539996210273,0.221192056250251,1.41750115951516,0.328771402642157,0.352647352647353,1,6,1.08177804784306,1.03696644782418,1.04321412723903,0.722005280405714,0.226773226773227,115,50,28.105,1.77904287493329,1.71387040664203,0.0619380619380619,37,212,70.898,2.9902112894581,6.4911292753379,0.000999000999000999,109,2000,1000,950505
1,5,"ElasticNet",200,"Tuberculosis","MONDO_0018076",0.313539996210273,0.221192056250251,1.41750115951516,0.328771402642157,0.352647352647353,1,6,1.06617235208897,1.03696644782418,1.02816475337855,0.470566038465999,0.328671328671329,114,56,28.105,1.99252801992528,2.1835311711934,0.034965034965035,39,226,73.808,3.06199869932799,6.94077259159022,0.000999000999000999,112,2000,1000,950505
1,5,"mRMR",200,"Tuberculosis","MONDO_0018076",0.313525828545287,0.221192056250251,1.41743710809656,0.328720963800837,0.402597402597403,1,6,1.28315928702694,1.03696644782418,1.23741639830231,3.96666331547164,0.000999000999000999,125,223,28.105,7.93453122220245,15.2557557845398,0.000999000999000999,42,388,97.224,3.99078416851806,10.8428106019021,0.000999000999000999,128,2000,1000,950505
1,5,"Boruta",200,"Tuberculosis","MONDO_0018076",0.811941659681496,0.221192056250251,3.67075415566862,2.10315006284349,0.051948051948052,2,6,1.36364284909212,1.03696644782418,1.31503083050893,5.26341586999872,0.000999000999000999,143,314,28.105,11.172389254581,22.3789440469022,0.000999000999000999,51,536,109.8,4.8816029143898,15.0358205113383,0.000999000999000999,136,2000,1000,950505
1,5,"RF_importance",200,"Tuberculosis","MONDO_0018076",0.294492953883129,0.221192056250251,1.33139028080623,0.260961305039646,0.463536463536464,1,6,1.34372445413403,1.03696644782418,1.2958224993234,4.94249034332953,0.000999000999000999,135,308,28.105,10.958904109589,21.9092832823508,0.000999000999000999,48,456,92.358,4.93730916650425,14.170315936383,0.000999000999000999,125,2000,1000,950505
1,5,"GS_full_ungrouped",500,"Tuberculosis","MONDO_0018076",0.830974534343654,0.528380757729975,1.57268129504504,0.776518560260886,0.236763236763237,2,6,1.15247056133762,1.03836058609248,1.10989436306954,3.29009029880229,0.002997002997003,332,382,173.963,2.1958692365618,4.84445934442378,0.000999000999000999,86,760,586.16,1.29657431418043,2.07930859834498,0.030969030969031,314,2000,1000,950506
1,5,"DGE",500,"Tuberculosis","MONDO_0018076",1.12546748822678,0.528380757729975,2.13003117876966,1.53224872469271,0.101898101898102,3,6,1.19164802402325,1.03836058609248,1.14762447649098,4.41967944853915,0.000999000999000999,338,503,173.963,2.89141943976593,7.6621291852467,0.000999000999000999,81,922,596.032,1.54689681090948,3.84066664027071,0.000999000999000999,316,2000,1000,950506
1,5,"LASSO",500,"Tuberculosis","MONDO_0018076",1.51835718856414,0.528380757729975,2.87360424533113,2.54048540378607,0.00899100899100899,4,6,1.13108749554667,1.03836058609248,1.08930126075291,2.67356034893301,0.003996003996004,291,305,173.963,1.75324637997735,3.05139671844556,0.003996003996004,78,1018,439.638,2.31554142271596,8.32838805998828,0.000999000999000999,272,2000,1000,950506
1,5,"ElasticNet",500,"Tuberculosis","MONDO_0018076",1.51835718856414,0.528380757729975,2.87360424533113,2.54048540378607,0.00899100899100899,4,6,1.12484671974248,1.03836058609248,1.08329104051943,2.49362239095654,0.00599400599400599,290,312,173.963,1.79348482148503,3.21440241171631,0.001998001998002,80,972,445.152,2.18352383006254,7.1293818904146,0.000999000999000999,274,2000,1000,950506
1,5,"mRMR",500,"Tuberculosis","MONDO_0018076",1.00090848276577,0.528380757729975,1.89429396911777,1.21260441253754,0.137862137862138,3,6,1.19237017096469,1.03836058609248,1.14831994485825,4.44050084159653,0.000999000999000999,294,434,173.963,2.49478337347597,6.05535878014934,0.000999000999000999,85,1040,473.722,2.19538041298483,7.62591333445231,0.000999000999000999,282,2000,1000,950506
1,5,"Boruta",500,"Tuberculosis","MONDO_0018076",1.12548165589177,0.528380757729975,2.13005799213252,1.53228508186747,0.0969030969030969,3,6,1.21485232118734,1.03836058609248,1.16997152767424,5.08872028240214,0.000999000999000999,314,565,173.963,3.24781706454821,9.10589389707332,0.000999000999000999,86,1028,491.672,2.09082477749394,7.27083852329914,0.000999000999000999,288,2000,1000,950506
1,5,"RF_importance",500,"Tuberculosis","MONDO_0018076",1.12546748822678,0.528380757729975,2.13003117876966,1.53224872469271,0.101898101898102,3,6,1.17422935454581,1.03836058609248,1.13084931214948,3.91745345696707,0.000999000999000999,303,565,173.963,3.24781706454821,9.10589389707332,0.000999000999000999,90,950,513.768,1.84908363307952,5.45053986525099,0.000999000999000999,293,2000,1000,950506
2,1,"GS_full_ungrouped",10,"Tuberculosis","MONDO_0018076",0,0.00711045919238779,0,-0.136030169821773,1,0,5,1.88845858442946,1.03124539467889,1.83124074461198,2.84232472869589,0.010989010989011,6,2,0.072,27.7777777777778,6.06911046930184,0.00699300699300699,3,10,0.226,44.2477876106195,13.5353002936812,0.000999000999000999,7,2000,1000,960101
2,1,"DGE",10,"Tuberculosis","MONDO_0018076",0,0.00711045919238779,0,-0.136030169821773,1,0,5,1.85280189902156,1.03124539467889,1.79666441041269,2.72409523819109,0.013986013986014,7,11,0.072,152.777777777778,34.4000203363747,0.000999000999000999,6,30,0.458,65.5021834061135,28.7032697250961,0.000999000999000999,9,2000,1000,960101
2,1,"LASSO",10,"Tuberculosis","MONDO_0018076",0,0.00711045919238779,0,-0.136030169821773,1,0,5,1.49517727187048,1.03124539467889,1.44987534449649,1.53829299728305,0.0699300699300699,8,0,0.072,0,-0.226647278936583,1,3,2,0.484,4.13223140495868,1.51090869408111,0.214785214785215,10,2000,1000,960101
2,1,"ElasticNet",10,"Tuberculosis","MONDO_0018076",0,0.00711045919238779,0,-0.136030169821773,1,0,5,1.59424421420376,1.03124539467889,1.54594068727955,1.86677653365059,0.04995004995005,8,1,0.072,13.8888888888889,2.92123159518263,0.0619380619380619,4,6,0.484,12.396694214876,5.49747516922915,0.004995004995005,10,2000,1000,960101
2,1,"mRMR",10,"Tuberculosis","MONDO_0018076",0,0.00711045919238779,0,-0.136030169821773,1,0,5,1.29281122960887,1.03124539467889,1.25364073020798,0.867293048791966,0.173826173826174,7,0,0.072,0,-0.226647278936583,1,4,2,0.358,5.58659217877095,1.73785443803632,0.148851148851149,8,2000,1000,960101
2,1,"Boruta",10,"Tuberculosis","MONDO_0018076",0,0.00711045919238779,0,-0.136030169821773,1,0,5,1.86521174222217,1.03124539467889,1.80869825149905,2.7652434666949,0.013986013986014,6,4,0.072,55.5555555555556,12.3648682175403,0.001998001998002,5,18,0.458,39.3013100436681,17.0439630870501,0.000999000999000999,9,2000,1000,960101
2,1,"RF_importance",10,"Tuberculosis","MONDO_0018076",0,0.00711045919238779,0,-0.136030169821773,1,0,5,1.92515250026851,1.03124539467889,1.86682288250893,2.96399344031752,0.00799200799200799,6,7,0.072,97.2222222222223,21.8085048398979,0.000999000999000999,6,20,0.484,41.3223140495868,19.4504578322473,0.000999000999000999,10,2000,1000,960101
2,1,"GS_full_ungrouped",20,"Tuberculosis","MONDO_0018076",0,0.0158636985476362,0,-0.202280747214788,1,0,5,2.00279893213643,1.03518264893401,1.93473000556842,4.79078247632082,0.000999000999000999,14,15,0.303,49.5049504950495,22.165866964596,0.000999000999000999,9,52,1.482,35.0877192982456,23.6255129999813,0.000999000999000999,16,2000,1000,960102
2,1,"DGE",20,"Tuberculosis","MONDO_0018076",0,0.0158636985476362,0,-0.202280747214788,1,0,5,1.88867971623848,1.03518264893401,1.82448934802315,4.22576476297073,0.001998001998002,13,21,0.303,69.3069306930693,31.2150063663499,0.000999000999000999,10,80,1.66,48.1927710843373,35.4873185089667,0.000999000999000999,17,2000,1000,960102
2,1,"LASSO",20,"Tuberculosis","MONDO_0018076",0,0.0158636985476362,0,-0.202280747214788,1,0,5,1.54891578426493,1.03518264893401,1.49627293875139,2.54355341572304,0.013986013986014,14,2,0.303,6.6006600660066,2.55939826079604,0.043956043956044,6,12,1.482,8.09716599190283,4.91890307877991,0.004995004995005,16,2000,1000,960102
2,1,"ElasticNet",20,"Tuberculosis","MONDO_0018076",0,0.0158636985476362,0,-0.202280747214788,1,0,5,1.33116241482836,1.03518264893401,1.28592033125666,1.46543077086227,0.0809190809190809,15,6,0.303,19.8019801980198,8.59215786196527,0.001998001998002,8,12,1.66,7.2289156626506,4.68392741106352,0.00999000999000999,17,2000,1000,960102
2,1,"mRMR",20,"Tuberculosis","MONDO_0018076",0,0.0158636985476362,0,-0.202280747214788,1,0,5,1.3852619282353,1.03518264893401,1.33818116992378,1.73328384992548,0.051948051948052,14,3,0.303,9.90099009900991,4.06758816108835,0.012987012987013,8,8,1.482,5.39811066126856,3.04824208665977,0.02997002997003,16,2000,1000,960102
2,1,"Boruta",20,"Tuberculosis","MONDO_0018076",0,0.0158636985476362,0,-0.202280747214788,1,0,5,1.50775099636553,1.03518264893401,1.45650721437242,2.33974169000753,0.01998001998002,12,14,0.303,46.2046204620462,20.6576770643037,0.000999000999000999,9,52,1.66,31.3253012048193,22.8035692333595,0.000999000999000999,17,2000,1000,960102
2,1,"RF_importance",20,"Tuberculosis","MONDO_0018076",0,0.0158636985476362,0,-0.202280747214788,1,0,5,1.96436547141058,1.03518264893401,1.89760277902012,4.60049387396251,0.000999000999000999,13,22,0.303,72.6072607260727,32.7231962666422,0.000999000999000999,10,56,1.926,29.0758047767394,22.6486607695574,0.000999000999000999,18,2000,1000,960102
2,1,"GS_full_ungrouped",50,"Tuberculosis","MONDO_0018076",0,0.0538649385268536,0,-0.372051296564876,1,0,5,1.59757107436262,1.0430986712046,1.53156275476577,4.3275738567705,0.000999000999000999,34,69,1.689,40.8525754884547,36.4847613750843,0.000999000999000999,21,154,9.166,16.8012219070478,25.2409209817106,0.000999000999000999,40,2000,1000,960103
2,1,"DGE",50,"Tuberculosis","MONDO_0018076",0,0.0538649385268536,0,-0.372051296564876,1,0,5,1.65467686223784,1.0430986712046,1.58630905006041,4.77327595713026,0.000999000999000999,35,125,1.689,74.00828892836,66.8385911652332,0.000999000999000999,24,240,9.166,26.183722452542,40.2285565122291,0.000999000999000999,40,2000,1000,960103
2,1,"LASSO",50,"Tuberculosis","MONDO_0018076",0,0.0538649385268536,0,-0.372051296564876,1,0,5,1.12128283889109,1.0430986712046,1.07495376021926,0.610215690025999,0.255744255744256,29,4,1.689,2.36826524570752,1.25263751151847,0.133866133866134,10,16,5.346,2.99289188178077,2.42263888423593,0.034965034965035,30,2000,1000,960103
2,1,"ElasticNet",50,"Tuberculosis","MONDO_0018076",0,0.0538649385268536,0,-0.372051296564876,1,0,5,1.32248673630877,1.0430986712046,1.26784433037532,2.18058190011297,0.018981018981019,29,35,1.689,20.7223208999408,18.0556504310652,0.000999000999000999,17,88,7.686,11.4493884985688,14.4135605546465,0.000999000999000999,36,2000,1000,960103
2,1,"mRMR",50,"Tuberculosis","MONDO_0018076",0,0.0538649385268536,0,-0.372051296564876,1,0,5,1.14776504969453,1.0430986712046,1.10034178105994,0.816905369241212,0.206793206793207,34,18,1.689,10.6571936056838,8.84109495905571,0.000999000999000999,18,44,8.366,5.25938321778628,6.39705632434146,0.000999000999000999,37,2000,1000,960103
2,1,"Boruta",50,"Tuberculosis","MONDO_0018076",0,0.0538649385268536,0,-0.372051296564876,1,0,5,1.60340555364284,1.0430986712046,1.53715616547683,4.3731110915492,0.000999000999000999,32,81,1.689,47.9573712255773,42.9891534729733,0.000999000999000999,20,166,8.366,19.8422185034664,28.2986354782298,0.000999000999000999,37,2000,1000,960103
2,1,"RF_importance",50,"Tuberculosis","MONDO_0018076",0,0.0538649385268536,0,-0.372051296564876,1,0,5,1.60109541128509,1.0430986712046,1.53494147340453,4.35508077729757,0.000999000999000999,32,72,1.689,42.6287744227353,38.1108593995565,0.000999000999000999,21,182,9.186,19.8127585456129,28.3055741432078,0.000999000999000999,39,2000,1000,960103
2,1,"GS_full_ungrouped",100,"Tuberculosis","MONDO_0018076",0.517448705798367,0.102561175445737,5.04526887050097,2.06165841892815,0.0729270729270729,1,5,1.40054488672476,1.04340832036884,1.34227881777833,3.89873033494831,0.000999000999000999,68,147,7.634,19.2559601781504,26.1347839051393,0.000999000999000999,37,286,34.32,8.33333333333333,17.2093372711414,0.000999000999000999,75,2000,1000,960104
2,1,"DGE",100,"Tuberculosis","MONDO_0018076",0,0.102561175445737,0,-0.509646820749601,1,0,5,1.38128268031992,1.04340832036884,1.32381796594419,3.6884518154596,0.000999000999000999,66,236,7.634,30.9143306261462,42.8246205048652,0.000999000999000999,38,384,29.892,12.8462464873545,27.9002194752177,0.000999000999000999,70,2000,1000,960104
2,1,"LASSO",100,"Tuberculosis","MONDO_0018076",0,0.102561175445737,0,-0.509646820749601,1,0,5,1.15689822310069,1.04340832036884,1.1087684471327,1.23892809690635,0.108891108891109,54,23,7.634,3.01283730678544,2.88152841788077,0.01998001998002,22,68,19.17,3.547209181012,5.1208566551417,0.002997002997003,57,2000,1000,960104
2,1,"ElasticNet",100,"Tuberculosis","MONDO_0018076",0.313525828545287,0.102561175445737,3.05696407224941,1.04832519981806,0.235764235764236,1,5,1.36902232793857,1.04340832036884,1.31206767399998,3.55460999625288,0.000999000999000999,60,134,7.634,17.5530521351847,23.6969426040558,0.000999000999000999,35,230,28.876,7.96509211802189,16.7672917766547,0.000999000999000999,69,2000,1000,960104
2,1,"mRMR",100,"Tuberculosis","MONDO_0018076",0.313525828545287,0.102561175445737,3.05696407224941,1.04832519981806,0.235764235764236,1,5,1.28492500713737,1.04340832036884,1.2314690060006,2.63655005341088,0.00699300699300699,61,127,7.634,16.6361016505109,22.3842588265492,0.000999000999000999,34,202,27.066,7.46323801078844,14.5622705395107,0.000999000999000999,67,2000,1000,960104
2,1,"Boruta",100,"Tuberculosis","MONDO_0018076",0.517448705798367,0.102561175445737,5.04526887050097,2.06165841892815,0.0729270729270729,1,5,1.48326110431742,1.04340832036884,1.42155383981708,4.80171327509134,0.000999000999000999,67,191,7.634,25.0196489389573,34.3859390780375,0.000999000999000999,33,324,29.892,10.8390204737053,23.172810976926,0.000999000999000999,70,2000,1000,960104
2,1,"RF_importance",100,"Tuberculosis","MONDO_0018076",0,0.102561175445737,0,-0.509646820749601,1,0,5,1.50470164206837,1.04340832036884,1.44210239912258,5.03577184764294,0.000999000999000999,64,183,7.634,23.9717055279015,32.8857290466015,0.000999000999000999,31,312,27.584,11.3109048723898,23.2627933697144,0.000999000999000999,68,2000,1000,960104
2,1,"GS_full_ungrouped",200,"Tuberculosis","MONDO_0018076",0.517448705798367,0.209338827363313,2.47182384804478,1.17649986344071,0.163836163836164,1,5,1.46639248602166,1.03924226433716,1.41102083348866,6.91581701128475,0.000999000999000999,138,270,29.145,9.26402470406587,17.6970523663289,0.000999000999000999,57,468,98.082,4.7715177096715,13.1288977181337,0.000999000999000999,128,2000,1000,960105
2,1,"DGE",200,"Tuberculosis","MONDO_0018076",0.313525828545287,0.209338827363313,1.49769554217075,0.397832076288742,0.455544455544456,1,5,1.30226443908035,1.03924226433716,1.25309033684359,4.25848598008599,0.000999000999000999,131,310,29.145,10.6364728083719,20.6360907697382,0.000999000999000999,53,550,104.084,5.28419353599016,15.3669610039269,0.000999000999000999,131,2000,1000,960105
2,1,"LASSO",200,"Tuberculosis","MONDO_0018076",0,0.209338827363313,0,-0.799348281388164,1,0,5,1.11531116249356,1.03924226433716,1.07319650168858,1.23160085888539,0.112887112887113,108,41,29.145,1.40675930691371,0.87105750681044,0.178821178821179,32,150,63.186,2.37394359510018,4.08859950579366,0.002997002997003,102,2000,1000,960105
2,1,"ElasticNet",200,"Tuberculosis","MONDO_0018076",0.313525828545287,0.209338827363313,1.49769554217075,0.397832076288742,0.455544455544456,1,5,1.17141912027845,1.03924226433716,1.12718579726508,2.14002218051542,0.016983016983017,110,164,29.145,5.62703722765483,9.90860059729413,0.000999000999000999,47,348,83.846,4.15046633113088,9.9893388896744,0.000999000999000999,117,2000,1000,960105
2,1,"mRMR",200,"Tuberculosis","MONDO_0018076",0.313525828545287,0.209338827363313,1.49769554217075,0.397832076288742,0.455544455544456,1,5,1.23768804440368,1.03924226433716,1.19095237643466,3.21295561123548,0.002997002997003,124,266,29.145,9.12677989363527,17.4031485259879,0.000999000999000999,47,450,107.938,4.16906001593507,11.6658186992839,0.000999000999000999,133,2000,1000,960105
2,1,"Boruta",200,"Tuberculosis","MONDO_0018076",0.830974534343654,0.209338827363313,3.96951939021554,2.37368022111762,0.041958041958042,2,5,1.31941551548549,1.03924226433716,1.26959378074084,4.53617214280582,0.000999000999000999,138,341,29.145,11.7001200892091,22.9138455323804,0.000999000999000999,53,624,112.858,5.52907193109926,16.2482329805072,0.000999000999000999,136,2000,1000,960105
2,1,"RF_importance",200,"Tuberculosis","MONDO_0018076",0.313525828545287,0.209338827363313,1.49769554217075,0.397832076288742,0.455544455544456,1,5,1.32271795808489,1.03924226433716,1.2727715215937,4.5896406593799,0.000999000999000999,132,305,29.145,10.4649167953337,20.268710969312,0.000999000999000999,51,490,96.492,5.07814119305227,14.3965383194201,0.000999000999000999,127,2000,1000,960105
2,1,"GS_full_ungrouped",500,"Tuberculosis","MONDO_0018076",0.517448705798367,0.471620558350256,1.09717164919277,0.120583817358605,0.448551448551449,1,5,1.21984058251193,1.04032958748214,1.17255204234291,4.97664079917526,0.000999000999000999,349,618,183.823,3.36192968235749,8.91675517228066,0.000999000999000999,99,1078,659.814,1.63379376612197,4.39942065621599,0.000999000999000999,328,2000,1000,960106
2,1,"DGE",500,"Tuberculosis","MONDO_0018076",0.830974534343654,0.471620558350256,1.76195570704218,0.945538421716471,0.206793206793207,2,5,1.22031957211615,1.04032958748214,1.17301246335753,4.98991998135743,0.000999000999000999,326,560,183.823,3.04640877365727,7.72560087347562,0.000999000999000999,90,968,606.166,1.59692229521286,4.03610703166015,0.000999000999000999,315,2000,1000,960106
2,1,"LASSO",500,"Tuberculosis","MONDO_0018076",1.00090848276577,0.471620558350256,2.12227492004797,1.39267157766087,0.102897102897103,3,5,1.09982313208411,1.04032958748214,1.05718720809043,1.64935858833925,0.044955044955045,290,311,183.823,1.69184487251323,2.61185224584706,0.010989010989011,78,968,457.07,2.1178375303564,6.71639510273111,0.000999000999000999,273,2000,1000,960106
2,1,"ElasticNet",500,"Tuberculosis","MONDO_0018076",1.00090848276577,0.471620558350256,2.12227492004797,1.39267157766087,0.102897102897103,3,5,1.12868769475817,1.04032958748214,1.08493280239187,2.4495801025158,0.00799200799200799,291,488,183.823,2.65472764561562,6.24692657151073,0.000999000999000999,90,1232,489.832,2.51514805076026,9.24571832432256,0.000999000999000999,283,2000,1000,960106
2,1,"mRMR",500,"Tuberculosis","MONDO_0018076",1.00090848276577,0.471620558350256,2.12227492004797,1.39267157766087,0.102897102897103,3,5,1.13098086492538,1.04032958748214,1.08713707514811,2.51315439339238,0.00799200799200799,285,443,183.823,2.40992694058959,5.32275513278268,0.000999000999000999,87,1036,499.58,2.07374194323231,6.57373391266674,0.000999000999000999,286,2000,1000,960106
2,1,"Boruta",500,"Tuberculosis","MONDO_0018076",1.20481719235386,0.471620558350256,2.55463247100244,1.92919971514754,0.0639360639360639,3,5,1.19181503075316,1.04032958748214,1.14561293372195,4.19967945327563,0.000999000999000999,295,495,183.823,2.69280775528633,6.39068657309065,0.000999000999000999,84,1150,489.832,2.34774371621291,8.22418559508275,0.000999000999000999,283,2000,1000,960106
2,1,"RF_importance",500,"Tuberculosis","MONDO_0018076",1.14451453055393,0.471620558350256,2.42676980528049,1.77053030428047,0.0759240759240759,3,5,1.2127569031099,1.04032958748214,1.16574297001884,4.78025768673927,0.000999000999000999,299,580,183.823,3.15520908700217,8.13634373513253,0.000999000999000999,92,992,483.886,2.05006964450304,6.54728360409752,0.000999000999000999,282,2000,1000,960106
2,2,"GS_full_ungrouped",10,"Tuberculosis","MONDO_0018076",0,0.00724299463806937,0,-0.14084311640545,1,0,5,1.67159558887196,1.0313918855473,1.6207181889791,2.24045506982075,0.02997002997003,9,2,0.0799999999999999,25,5.79667158461251,0.00899100899100899,5,12,0.426,28.169014084507,12.0703806989944,0.000999000999000999,9,2000,1000,960201
2,2,"DGE",10,"Tuberculosis","MONDO_0018076",0,0.00724299463806937,0,-0.14084311640545,1,0,5,1.86592468128466,1.0313918855473,1.80913259783359,2.9205286121147,0.00999000999000999,7,4,0.0799999999999999,50,11.8348711519172,0.000999000999000999,4,28,0.426,65.7276995305164,28.7565817689711,0.000999000999000999,9,2000,1000,960201
2,2,"LASSO",10,"Tuberculosis","MONDO_0018076",0,0.00724299463806937,0,-0.14084311640545,1,0,5,1.30440996762583,1.0313918855473,1.26470838669984,0.955453308015925,0.162837162837163,8,1,0.0799999999999999,12.5,2.77757180096016,0.0679320679320679,4,10,0.306,32.6797385620915,11.9052192912221,0.000999000999000999,8,2000,1000,960201
2,2,"ElasticNet",10,"Tuberculosis","MONDO_0018076",0,0.00724299463806937,0,-0.14084311640545,1,0,5,1.47675999404482,1.0313918855473,1.43181269383479,1.55860897310951,0.0809190809190809,7,1,0.0799999999999999,12.5,2.77757180096016,0.0679320679320679,4,14,0.306,45.7516339869281,16.8176266736121,0.000999000999000999,8,2000,1000,960201
2,2,"mRMR",10,"Tuberculosis","MONDO_0018076",0,0.00724299463806937,0,-0.14084311640545,1,0,5,1.28431052779149,1.0313918855473,1.24522070203217,0.885113365207787,0.177822177822178,5,0,0.0799999999999999,0,-0.241527982692188,1,2,4,0.214,18.6915887850467,5.47213434989811,0.00799200799200799,6,2000,1000,960201
2,2,"Boruta",10,"Tuberculosis","MONDO_0018076",0,0.00724299463806937,0,-0.14084311640545,1,0,5,1.37747044206679,1.0313918855473,1.33554516122245,1.21113553777297,0.115884115884116,8,6,0.0799999999999999,75.0000000000001,17.8730707192219,0.000999000999000999,7,20,0.528,37.8787878787879,16.8303257895288,0.000999000999000999,10,2000,1000,960201
2,2,"RF_importance",10,"Tuberculosis","MONDO_0018076",0,0.00724299463806937,0,-0.14084311640545,1,0,5,0.991133821769655,1.0313918855473,0.960967247908609,-0.140887006156602,0.502497502497502,9,4,0.0799999999999999,50,11.8348711519172,0.000999000999000999,8,10,0.528,18.9393939393939,8.18697852703453,0.001998001998002,10,2000,1000,960201
2,2,"GS_full_ungrouped",20,"Tuberculosis","MONDO_0018076",0,0.0171126536016118,0,-0.208522292384017,1,0,5,1.48328423073722,1.03544646825972,1.43250691967706,2.24518767240245,0.024975024975025,15,9,0.242,37.1900826446281,15.7873895238075,0.000999000999000999,9,38,1.538,24.7074122236671,18.410271874881,0.000999000999000999,16,2000,1000,960202
2,2,"DGE",20,"Tuberculosis","MONDO_0018076",0,0.0171126536016118,0,-0.208522292384017,1,0,5,1.61877494408953,1.03544646825972,1.56335937560365,2.92445615941151,0.00699300699300699,15,21,0.242,86.7768595041323,37.418889213884,0.000999000999000999,10,58,1.67,34.7305389221557,25.6153020755211,0.000999000999000999,17,2000,1000,960202
2,2,"LASSO",20,"Tuberculosis","MONDO_0018076",0,0.0171126536016118,0,-0.208522292384017,1,0,5,1.39043183270034,1.03544646825972,1.34283314041067,1.77968190917221,0.04995004995005,13,3,0.242,12.396694214876,4.97163967876925,0.012987012987013,6,18,1.12,16.0714285714286,9.93890040471579,0.000999000999000999,14,2000,1000,960202
2,2,"ElasticNet",20,"Tuberculosis","MONDO_0018076",0,0.0171126536016118,0,-0.208522292384017,1,0,5,1.32304359981773,1.03544646825972,1.27775181081198,1.44183806836697,0.0949050949050949,15,7,0.242,28.9256198347108,12.1821395754614,0.000999000999000999,9,40,1.67,23.9520958083832,17.4300466634959,0.000999000999000999,17,2000,1000,960202
2,2,"mRMR",20,"Tuberculosis","MONDO_0018076",0,0.0171126536016118,0,-0.208522292384017,1,0,5,1.07799487452412,1.03544646825972,1.04109184546827,0.213311974177257,0.370629370629371,11,0,0.242,0,-0.436235243749876,1,4,6,1.01,5.94059405940594,2.93896616201374,0.030969030969031,13,2000,1000,960202
2,2,"Boruta",20,"Tuberculosis","MONDO_0018076",0,0.0171126536016118,0,-0.208522292384017,1,0,5,1.63292037600261,1.03544646825972,1.57702056654562,2.99537279934909,0.00599400599400599,17,19,0.242,78.5123966942149,33.8136392655379,0.000999000999000999,12,48,1.968,24.390243902439,18.6484093573969,0.000999000999000999,18,2000,1000,960202
2,2,"RF_importance",20,"Tuberculosis","MONDO_0018076",0,0.0171126536016118,0,-0.208522292384017,1,0,5,1.43930538329409,1.03544646825972,1.39003360136342,2.02470433133819,0.032967032967033,15,21,0.242,86.7768595041323,37.418889213884,0.000999000999000999,12,38,1.67,22.7544910179641,16.5205738399375,0.000999000999000999,17,2000,1000,960202
2,2,"GS_full_ungrouped",50,"Tuberculosis","MONDO_0018076",0,0.0497020100544101,0,-0.349084260062042,1,0,5,1.15405189257578,1.0354328317083,1.11455987992169,0.932334125849385,0.168831168831169,36,20,1.87,10.6951871657754,8.67725830277186,0.000999000999000999,16,64,7.982,8.01804059133049,10.5743779075429,0.000999000999000999,37,2000,1000,960203
2,2,"DGE",50,"Tuberculosis","MONDO_0018076",0,0.0497020100544101,0,-0.349084260062042,1,0,5,1.38174666815387,1.0354328317083,1.33446286986496,2.72199261746601,0.00799200799200799,33,76,1.87,40.6417112299465,35.4796005507158,0.000999000999000999,20,124,8.548,14.506317267197,21.2632208639469,0.000999000999000999,38,2000,1000,960203
2,2,"LASSO",50,"Tuberculosis","MONDO_0018076",0,0.0497020100544101,0,-0.349084260062042,1,0,5,1.00425422388206,1.0354328317083,0.969888333775544,-0.245060784163163,0.57942057942058,25,3,1.87,1.60427807486631,0.540832977503155,0.270729270729271,8,22,4.912,4.47882736156352,4.26237678236974,0.002997002997003,29,2000,1000,960203
2,2,"ElasticNet",50,"Tuberculosis","MONDO_0018076",0,0.0497020100544101,0,-0.349084260062042,1,0,5,1.10344720660222,1.0354328317083,1.06568690195163,0.534586282324052,0.282717282717283,32,22,1.87,11.7647058823529,9.634484811627,0.000999000999000999,15,72,7.982,9.0202956652468,12.0845179207591,0.000999000999000999,37,2000,1000,960203
2,2,"mRMR",50,"Tuberculosis","MONDO_0018076",0,0.0497020100544101,0,-0.349084260062042,1,0,5,1.04704926267583,1.0354328317083,1.01121891310745,0.0913040023449787,0.452547452547453,31,15,1.87,8.02139037433155,6.284192030634,0.000999000999000999,15,50,6.822,7.32922896511287,8.42610658652356,0.000999000999000999,34,2000,1000,960203
2,2,"Boruta",50,"Tuberculosis","MONDO_0018076",0,0.0497020100544101,0,-0.349084260062042,1,0,5,1.4807654069253,1.0354328317083,1.43009315677413,3.50027014369186,0.000999000999000999,37,47,1.87,25.1336898395722,21.5998161723163,0.000999000999000999,18,100,7.71,12.970168612192,17.1719682952395,0.000999000999000999,36,2000,1000,960203
2,2,"RF_importance",50,"Tuberculosis","MONDO_0018076",0,0.0497020100544101,0,-0.349084260062042,1,0,5,1.54800283856676,1.0354328317083,1.49502970271167,4.02874972863678,0.000999000999000999,37,87,1.87,46.524064171123,40.7443463494191,0.000999000999000999,23,194,10.02,19.3612774451098,28.1741354401861,0.000999000999000999,41,2000,1000,960203
2,2,"GS_full_ungrouped",100,"Tuberculosis","MONDO_0018076",0.313539996210273,0.102609983694003,3.05564804634695,1.08395143314574,0.196803196803197,1,5,1.18486094362525,1.03942692358169,1.13991750333195,1.58929152269534,0.0659340659340659,71,65,7.607,8.54476140397003,10.3709759838185,0.000999000999000999,29,132,34.272,3.8515406162465,6.97355851584591,0.000999000999000999,76,2000,1000,960204
2,2,"DGE",100,"Tuberculosis","MONDO_0018076",0,0.102609983694003,0,-0.527303997915409,1,0,5,1.44627884731675,1.03942692358169,1.39141945865046,4.44604579582368,0.001998001998002,61,174,7.607,22.873668989089,30.0673916135333,0.000999000999000999,33,310,26.292,11.790658755515,23.4620940451382,0.000999000999000999,66,2000,1000,960204
2,2,"LASSO",100,"Tuberculosis","MONDO_0018076",0,0.102609983694003,0,-0.527303997915409,1,0,5,1.08219145380797,1.03942692358169,1.04114241151165,0.467327419955244,0.308691308691309,51,7,7.607,0.920205074273695,-0.109685543919604,0.500499500499501,17,54,16.68,3.23741007194245,4.38210123869531,0.001998001998002,53,2000,1000,960204
2,2,"ElasticNet",100,"Tuberculosis","MONDO_0018076",0,0.102609983694003,0,-0.527303997915409,1,0,5,1.16584741592035,1.03942692358169,1.12162518544646,1.38151318865161,0.0829170829170829,64,61,7.607,8.01892993295649,9.64817174052624,0.000999000999000999,26,144,31.356,4.59242250287026,8.25601021980811,0.000999000999000999,72,2000,1000,960204
2,2,"mRMR",100,"Tuberculosis","MONDO_0018076",0,0.102609983694003,0,-0.527303997915409,1,0,5,1.09449897097954,1.03942692358169,1.05298308726512,0.60182299877744,0.253746253746254,58,50,7.607,6.57289338766925,7.66046007147245,0.000999000999000999,24,138,23.45,5.88486140724947,10.321215649966,0.000999000999000999,62,2000,1000,960204
2,2,"Boruta",100,"Tuberculosis","MONDO_0018076",0.517448705798367,0.102609983694003,5.04286899938965,2.13182098642643,0.0659340659340659,1,5,1.37248852458679,1.03942692358169,1.32042810653531,3.6396709576906,0.001998001998002,73,87,7.607,11.4368344945445,14.3463993219261,0.000999000999000999,27,176,28.982,6.07273480091091,10.9006470420788,0.000999000999000999,69,2000,1000,960204
2,2,"RF_importance",100,"Tuberculosis","MONDO_0018076",0,0.102609983694003,0,-0.527303997915409,1,0,5,1.42068004958219,1.03942692358169,1.36679165927968,4.16630414927815,0.001998001998002,67,138,7.607,18.1411857499671,23.5621534239027,0.000999000999000999,31,274,24.606,11.1354954076242,22.7614446894028,0.000999000999000999,64,2000,1000,960204
2,2,"GS_full_ungrouped",200,"Tuberculosis","MONDO_0018076",0.83098870200864,0.181054098045301,4.58972600443831,2.57782230943488,0.027972027972028,2,5,1.20426395655269,1.03521416855906,1.16329933759401,2.7303531136902,0.00599400599400599,145,137,29.666,4.61808130519787,7.89409864183708,0.000999000999000999,47,366,119.216,3.07005771037445,8.09273486256642,0.000999000999000999,140,2000,1000,960205
2,2,"DGE",200,"Tuberculosis","MONDO_0018076",0,0.181054098045301,0,-0.718111161199402,1,0,5,1.27547314247553,1.03521416855906,1.23208624960273,3.8804653073542,0.000999000999000999,127,248,29.666,8.35973842108811,16.0578207545313,0.000999000999000999,48,426,93.688,4.54700708735377,12.2269972610206,0.000999000999000999,124,2000,1000,960205
2,2,"LASSO",200,"Tuberculosis","MONDO_0018076",0.313539996210273,0.181054098045301,1.73174758039348,0.525476104661214,0.325674325674326,1,5,1.08425085237419,1.03521416855906,1.0473686366594,0.792000178933887,0.21978021978022,109,37,29.666,1.24721903863008,0.539394035806298,0.276723276723277,32,188,70.876,2.6525198938992,5.31776922220821,0.000999000999000999,109,2000,1000,960205
2,2,"ElasticNet",200,"Tuberculosis","MONDO_0018076",0,0.181054098045301,0,-0.718111161199402,1,0,5,1.07578844358627,1.03521416855906,1.03919408781247,0.655322313450406,0.254745254745255,107,84,29.666,2.83152430391694,3.99610520064077,0.001998001998002,37,218,78.588,2.77396040107904,5.8237591232554,0.000999000999000999,114,2000,1000,960205
2,2,"mRMR",200,"Tuberculosis","MONDO_0018076",0.313525828545287,0.181054098045301,1.73166932938928,0.525419911741723,0.396603396603397,1,5,1.07808783994457,1.03521416855906,1.04141526718591,0.692460271923992,0.245754245754246,115,124,29.666,4.17986921054406,6.93798704305308,0.000999000999000999,39,266,89.98,2.95621249166481,6.63479773784714,0.000999000999000999,122,2000,1000,960205
2,2,"Boruta",200,"Tuberculosis","MONDO_0018076",0.891291363808577,0.181054098045301,4.92279033411091,2.81699952197018,0.021978021978022,2,5,1.33132832241344,1.03521416855906,1.28604144229069,4.78259222670264,0.000999000999000999,139,217,29.666,7.3147711184521,13.7778623266617,0.000999000999000999,48,396,107.44,3.68577810871184,9.58659228416213,0.000999000999000999,132,2000,1000,960205
2,2,"RF_importance",200,"Tuberculosis","MONDO_0018076",0.37384265801021,0.181054098045301,2.06481191006608,0.764653317196508,0.26973026973027,1,5,1.2773276311052,1.03521416855906,1.23387765536782,3.91041748218034,0.000999000999000999,141,232,29.666,7.82040045843727,14.8810680175663,0.000999000999000999,45,492,109.068,4.51094729893278,13.5238468434064,0.000999000999000999,134,2000,1000,960205
2,2,"GS_full_ungrouped",500,"Tuberculosis","MONDO_0018076",1.21205858462494,0.477031079027614,2.54083777328643,1.97819225589575,0.028971028971029,3,5,1.18751464367619,1.03592305244589,1.14633479858603,4.42925842729901,0.000999000999000999,326,464,185.724,2.49833085653981,6.03708511313934,0.000999000999000999,88,1016,595.838,1.70516147006401,4.89035734258949,0.000999000999000999,312,2000,1000,960206
2,2,"DGE",500,"Tuberculosis","MONDO_0018076",0.830974534343654,0.477031079027614,1.7419714791697,0.952574151306311,0.214785214785215,2,5,1.20931227497804,1.03592305244589,1.16737654608879,5.06614957248283,0.000999000999000999,326,438,185.724,2.3583381792337,5.47302564361404,0.000999000999000999,82,938,592.026,1.58438987476901,3.90974609098241,0.002997002997003,313,2000,1000,960206
2,2,"LASSO",500,"Tuberculosis","MONDO_0018076",1.51835718856414,0.477031079027614,3.18293137558076,2.80253899352127,0.012987012987013,4,5,1.09637169899012,1.03592305244589,1.05835244847723,1.76621061202584,0.043956043956044,296,253,185.724,1.3622364368633,1.4595255719917,0.0829170829170829,78,950,478.948,1.9835138678938,5.88085253532021,0.000999000999000999,282,2000,1000,960206
2,2,"ElasticNet",500,"Tuberculosis","MONDO_0018076",1.51835718856414,0.477031079027614,3.18293137558076,2.80253899352127,0.012987012987013,4,5,1.09004950313519,1.03592305244589,1.05224948953641,1.58148638661061,0.0669330669330669,295,320,185.724,1.72298679761366,2.91306343576844,0.010989010989011,85,958,504.8,1.89778129952456,5.59789750559024,0.000999000999000999,288,2000,1000,960206
2,2,"mRMR",500,"Tuberculosis","MONDO_0018076",1.00090848276577,0.477031079027614,2.0982039258449,1.40992032981324,0.0949050949050949,3,5,1.08784680568793,1.03592305244589,1.05012317577009,1.51712716884732,0.0769230769230769,281,299,185.724,1.60991578902027,2.45747694115185,0.020979020979021,80,896,478.948,1.87076676382405,5.20668909496268,0.000999000999000999,282,2000,1000,960206
2,2,"Boruta",500,"Tuberculosis","MONDO_0018076",1.20481719235386,0.477031079027614,2.52565764647825,1.95870337146153,0.051948051948052,3,5,1.16653075870198,1.03592305244589,1.12607857885555,3.8161436192468,0.000999000999000999,323,533,185.724,2.86984988477526,7.53401216687956,0.000999000999000999,85,1216,592.026,2.05396384618243,7.05133885024498,0.000999000999000999,313,2000,1000,960206
2,2,"RF_importance",500,"Tuberculosis","MONDO_0018076",1.51835718856414,0.477031079027614,3.18293137558076,2.80253899352127,0.012987012987013,4,5,1.1382239402098,1.03592305244589,1.09875336543807,2.98906466757852,0.002997002997003,309,526,185.724,2.83215954857746,7.38215000200737,0.000999000999000999,84,1096,544.598,2.0124936191466,6.36750997957175,0.000999000999000999,300,2000,1000,960206
2,3,"GS_full_ungrouped",10,"Tuberculosis","MONDO_0018076",0,0.0104370722267185,0,-0.168661112534241,1,0,6,2.25681432009365,1.01891074836641,2.21492836709391,4.43818376758114,0.000999000999000999,7,7,0.061,114.754098360656,28.0171397789923,0.000999000999000999,5,24,0.29,82.7586206896551,30.1966799544713,0.000999000999000999,8,2000,1000,960301
2,3,"DGE",10,"Tuberculosis","MONDO_0018076",0,0.0104370722267185,0,-0.168661112534241,1,0,6,2.09997787486326,1.01891074836641,2.06100277009551,3.87588717091212,0.000999000999000999,7,6,0.061,98.3606557377048,23.9795061460492,0.000999000999000999,5,36,0.396,90.909090909091,37.6962237093319,0.000999000999000999,9,2000,1000,960301
2,3,"LASSO",10,"Tuberculosis","MONDO_0018076",0,0.0104370722267185,0,-0.168661112534241,1,0,6,1.11642211199772,1.01891074836641,1.09570157522398,0.349601827725037,0.320679320679321,9,1,0.061,16.3934426229508,3.79133798133359,0.0599400599400599,4,8,0.566,14.1342756183746,5.9118810840625,0.004995004995005,10,2000,1000,960301
2,3,"ElasticNet",10,"Tuberculosis","MONDO_0018076",0,0.0104370722267185,0,-0.168661112534241,1,0,6,1.34777456959515,1.01891074836641,1.32276018459516,1.1790563549999,0.123876123876124,9,3,0.061,49.1803278688524,11.8666052472198,0.000999000999000999,5,16,0.566,28.2685512367491,12.2738731035002,0.000999000999000999,10,2000,1000,960301
2,3,"mRMR",10,"Tuberculosis","MONDO_0018076",0,0.0104370722267185,0,-0.168661112534241,1,0,6,1.40062883314946,1.01891074836641,1.37463348521453,1.368551675889,0.100899100899101,7,0,0.061,0,-0.246295651609531,1,2,4,0.23,17.3913043478261,5.31247544453965,0.010989010989011,7,2000,1000,960301
2,3,"Boruta",10,"Tuberculosis","MONDO_0018076",0,0.0104370722267185,0,-0.168661112534241,1,0,6,2.41671058512568,1.01891074836641,2.37185699434451,5.01145055844419,0.000999000999000999,7,4,0.061,65.5737704918032,15.904238880163,0.000999000999000999,5,28,0.29,96.5517241379309,35.2910165136398,0.000999000999000999,8,2000,1000,960301
2,3,"RF_importance",10,"Tuberculosis","MONDO_0018076",0,0.0104370722267185,0,-0.168661112534241,1,0,6,1.80979026753593,1.01891074836641,1.77620097779664,2.83549439896434,0.00799200799200799,6,6,0.061,98.3606557377048,23.9795061460492,0.000999000999000999,5,24,0.396,60.6060606060607,24.9910589943565,0.000999000999000999,9,2000,1000,960301
2,3,"GS_full_ungrouped",20,"Tuberculosis","MONDO_0018076",0,0.0173725045477452,0,-0.217603346090522,1,0,6,1.65320596892367,1.01939174099569,1.62175727194818,3.03265537228493,0.004995004995005,16,16,0.286,55.9440559440559,22.9536594025936,0.000999000999000999,10,58,1.714,33.8389731621937,26.2468985528907,0.000999000999000999,18,2000,1000,960302
2,3,"DGE",20,"Tuberculosis","MONDO_0018076",0,0.0173725045477452,0,-0.217603346090522,1,0,6,1.64078554265817,1.01939174099569,1.60957311764714,2.97322648795195,0.00699300699300699,14,16,0.286,55.9440559440559,22.9536594025936,0.000999000999000999,9,58,1.714,33.8389731621937,26.2468985528907,0.000999000999000999,18,2000,1000,960302
2,3,"LASSO",20,"Tuberculosis","MONDO_0018076",0,0.0173725045477452,0,-0.217603346090522,1,0,6,1.06385953533226,1.01939174099569,1.04362188994502,0.21276817314332,0.378621378621379,14,2,0.286,6.99300699300699,2.50366375308931,0.048951048951049,7,12,1.6,7.5,4.99657553710207,0.004995004995005,17,2000,1000,960302
2,3,"ElasticNet",20,"Tuberculosis","MONDO_0018076",0,0.0173725045477452,0,-0.217603346090522,1,0,6,1.25428017795767,1.01939174099569,1.23042018834933,1.12388717206472,0.133866133866134,15,4,0.286,13.986013986014,5.42509170301849,0.00699300699300699,7,26,1.714,15.169194865811,11.3248796904293,0.000999000999000999,18,2000,1000,960302
2,3,"mRMR",20,"Tuberculosis","MONDO_0018076",0,0.0173725045477452,0,-0.217603346090522,1,0,6,1.07538923664901,1.01939174099569,1.05493226342861,0.267935143366404,0.353646353646354,14,0,0.286,0,-0.417764196839873,1,6,8,1.278,6.25978090766823,3.80202534835005,0.014985014985015,15,2000,1000,960302
2,3,"Boruta",20,"Tuberculosis","MONDO_0018076",0,0.0173725045477452,0,-0.217603346090522,1,0,6,1.83786971809918,1.01939174099569,1.80290818945035,3.91622895950806,0.002997002997003,14,13,0.286,45.4545454545454,18.5715174776998,0.000999000999000999,9,42,1.458,28.8065843621399,21.1514876492197,0.000999000999000999,16,2000,1000,960302
2,3,"RF_importance",20,"Tuberculosis","MONDO_0018076",0,0.0173725045477452,0,-0.217603346090522,1,0,6,1.55339791788688,1.01939174099569,1.52384785496653,2.55509679307234,0.014985014985015,13,7,0.286,24.4755244755245,9.80723362791226,0.000999000999000999,7,30,1.458,20.5761316872428,14.8908726871893,0.000999000999000999,16,2000,1000,960302
2,3,"GS_full_ungrouped",50,"Tuberculosis","MONDO_0018076",0,0.0521505280693229,0,-0.376474538531394,1,0,6,1.28280179409186,1.0224604651448,1.25462239159554,2.0526421605573,0.02997002997003,30,17,1.683,10.1010101010101,8.09971371777251,0.001998001998002,14,68,6.944,9.7926267281106,12.6184650308785,0.000999000999000999,35,2000,1000,960303
2,3,"DGE",50,"Tuberculosis","MONDO_0018076",0,0.0521505280693229,0,-0.376474538531394,1,0,6,1.39931853088959,1.0224604651448,1.3685795965631,2.97130984704754,0.003996003996004,31,43,1.683,25.5496137849079,21.8486565043551,0.000999000999000999,18,116,7.312,15.8643326039387,21.4544168084129,0.000999000999000999,36,2000,1000,960303
2,3,"LASSO",50,"Tuberculosis","MONDO_0018076",0,0.0521505280693229,0,-0.376474538531394,1,0,6,1.04099777774564,1.0224604651448,1.01813010207511,0.146156084943612,0.430569430569431,28,2,1.683,1.1883541295306,0.167631340897949,0.404595404595405,9,26,6.388,4.07013149655604,4.33051367856509,0.003996003996004,33,2000,1000,960303
2,3,"ElasticNet",50,"Tuberculosis","MONDO_0018076",0,0.0521505280693229,0,-0.376474538531394,1,0,6,1.20926550132053,1.0224604651448,1.1827014760412,1.47285064038647,0.0769230769230769,34,17,1.683,10.1010101010101,8.09971371777251,0.001998001998002,13,90,7.946,11.3264535615404,16.1987711837059,0.000999000999000999,37,2000,1000,960303
2,3,"mRMR",50,"Tuberculosis","MONDO_0018076",0,0.0521505280693229,0,-0.376474538531394,1,0,6,0.987780881211139,1.0224604651448,0.966082225067986,-0.273428642239509,0.573426573426573,31,4,1.683,2.3767082590612,1.22524232448122,0.13986013986014,10,32,6.678,4.79185384845762,5.179176528476,0.004995004995005,34,2000,1000,960303
2,3,"Boruta",50,"Tuberculosis","MONDO_0018076",0,0.0521505280693229,0,-0.376474538531394,1,0,6,1.5075090181239,1.0224604651448,1.47439345531116,3.82432982803391,0.000999000999000999,36,27,1.683,16.0427807486631,13.3877686356889,0.000999000999000999,17,78,7.946,9.81625975333501,13.8297793709427,0.000999000999000999,37,2000,1000,960303
2,3,"RF_importance",50,"Tuberculosis","MONDO_0018076",0,0.0521505280693229,0,-0.376474538531394,1,0,6,1.56569766776241,1.0224604651448,1.53130387055179,4.2831139788139,0.000999000999000999,31,34,1.683,20.2020202020202,17.0894070782303,0.000999000999000999,17,102,6.944,14.6889400921659,19.6452570095517,0.000999000999000999,35,2000,1000,960303
2,3,"GS_full_ungrouped",100,"Tuberculosis","MONDO_0018076",0,0.0994150470251974,0,-0.513887924561272,1,0,6,1.1552916814119,1.02848186895041,1.12329805346097,1.4831469812112,0.0739260739260739,61,48,6.851,7.00627645599183,8.40673073347104,0.000999000999000999,24,122,27.642,4.41357354750018,7.8528062639368,0.000999000999000999,69,2000,1000,960304
2,3,"DGE",100,"Tuberculosis","MONDO_0018076",0,0.0994150470251974,0,-0.513887924561272,1,0,6,1.26859918780606,1.02848186895041,1.2334677217992,2.80837318252032,0.00799200799200799,61,97,6.851,14.1585170048168,18.4174188653839,0.000999000999000999,29,216,26.852,8.04409354982869,15.2863550260728,0.000999000999000999,68,2000,1000,960304
2,3,"LASSO",100,"Tuberculosis","MONDO_0018076",0,0.0994150470251974,0,-0.513887924561272,1,0,6,1.1193361108368,1.02848186895041,1.08833820471634,1.06261646451811,0.133866133866134,53,11,6.851,1.60560502116479,0.847639695087884,0.191808191808192,19,52,17.74,2.93122886133033,3.89918825380261,0.004995004995005,56,2000,1000,960304
2,3,"ElasticNet",100,"Tuberculosis","MONDO_0018076",0.517448705798367,0.0994150470251974,5.20493347115971,2.16086453441249,0.0649350649350649,1,6,1.14683157780011,1.02848186895041,1.11507223649015,1.38419898271643,0.0849150849150849,61,36,6.851,5.25470734199387,5.95513363994137,0.000999000999000999,21,144,26.852,5.36272903321913,9.46753821660488,0.000999000999000999,68,2000,1000,960304
2,3,"mRMR",100,"Tuberculosis","MONDO_0018076",0.517448705798367,0.0994150470251974,5.20493347115971,2.16086453441249,0.0649350649350649,1,6,1.05950146890983,1.02848186895041,1.03016057054177,0.362800205639859,0.340659340659341,61,15,6.851,2.18946139249745,1.66483872626444,0.0719280719280719,16,104,27.642,3.76239056508212,6.35478264377887,0.000999000999000999,69,2000,1000,960304
2,3,"Boruta",100,"Tuberculosis","MONDO_0018076",0.517448705798367,0.0994150470251974,5.20493347115971,2.16086453441249,0.0649350649350649,1,6,1.31227852426007,1.02848186895041,1.27593744126893,3.31923961111599,0.001998001998002,65,67,6.851,9.77959421982192,12.2884261315597,0.000999000999000999,27,194,26.852,7.2247877253091,13.5083832231799,0.000999000999000999,68,2000,1000,960304
2,3,"RF_importance",100,"Tuberculosis","MONDO_0018076",0,0.0994150470251974,0,-0.513887924561272,1,0,6,1.30599554855572,1.02848186895041,1.26982846074721,3.24575494720825,0.002997002997003,67,65,6.851,9.4876660341556,11.8798266159714,0.000999000999000999,27,182,27.642,6.58418348889371,12.8462183311299,0.000999000999000999,69,2000,1000,960304
2,3,"GS_full_ungrouped",200,"Tuberculosis","MONDO_0018076",0.517448705798367,0.21216090661808,2.43894463898502,1.17235798822655,0.15984015984016,1,6,1.22262876555067,1.02549776498337,1.19222957601521,3.30640150750214,0.002997002997003,135,112,26.798,4.1794163743563,6.59676361525888,0.000999000999000999,37,242,101.19,2.39154066607372,5.16814779791866,0.000999000999000999,132,2000,1000,960305
2,3,"DGE",200,"Tuberculosis","MONDO_0018076",0,0.21216090661808,0,-0.814734602335706,1,0,6,1.30770480190879,1.02549776498337,1.27519029934696,4.73334873577826,0.000999000999000999,126,191,26.798,7.12739756698261,12.7133374703967,0.000999000999000999,46,358,96.3,3.71754932502596,9.50273708592109,0.000999000999000999,127,2000,1000,960305
2,3,"LASSO",200,"Tuberculosis","MONDO_0018076",0.687368486555496,0.21216090661808,3.23984516050762,1.82487935613973,0.0699300699300699,2,6,1.07199160706378,1.02549776498337,1.04533782877739,0.779823107993389,0.201798201798202,110,37,26.798,1.3807000522427,0.789889702153366,0.204795204795205,33,200,72.37,2.76357606743126,5.61825360618775,0.000999000999000999,111,2000,1000,960305
2,3,"ElasticNet",200,"Tuberculosis","MONDO_0018076",0.517448705798367,0.21216090661808,2.43894463898502,1.17235798822655,0.15984015984016,1,6,1.06115810952222,1.02549776498337,1.03477369308496,0.598117072413662,0.260739260739261,109,51,26.798,1.90312709903724,1.8738394992664,0.0529470529470529,32,250,80.422,3.10860212379697,6.88654310224435,0.000999000999000999,117,2000,1000,960305
2,3,"mRMR",200,"Tuberculosis","MONDO_0018076",0.830974534343654,0.21216090661808,3.9167184359724,2.3763514350572,0.034965034965035,2,6,1.08502445641738,1.02549776498337,1.05804663205187,0.998418015064171,0.155844155844156,117,97,26.798,3.61967310993358,5.43538883263778,0.000999000999000999,37,218,90.87,2.39903158358094,4.95236406126054,0.001998001998002,124,2000,1000,960305
2,3,"Boruta",200,"Tuberculosis","MONDO_0018076",1.20481719235386,0.21216090661808,5.67878979949264,3.81197194670199,0.003996003996004,3,6,1.32109114067912,1.02549776498337,1.28824380295021,4.95787258318315,0.000999000999000999,131,139,26.798,5.18695425031719,8.68723822397686,0.000999000999000999,40,412,99.4,4.14486921529175,10.9362149475561,0.000999000999000999,130,2000,1000,960305
2,3,"RF_importance",200,"Tuberculosis","MONDO_0018076",0.891291363808577,0.21216090661808,4.20101600250525,2.60797849987135,0.024975024975025,2,6,1.28846624280289,1.02549776498337,1.25643008380792,4.41066787560475,0.000999000999000999,139,156,26.798,5.82132994999627,10.0034629776141,0.000999000999000999,44,406,113.408,3.57999435665914,9.94247670787439,0.000999000999000999,139,2000,1000,960305
2,3,"GS_full_ungrouped",500,"Tuberculosis","MONDO_0018076",0.517448705798367,0.547711393605049,0.944747017936778,-0.0762407941901113,0.533466533466533,1,6,1.07716326307109,1.0284671636912,1.04734822957801,1.37762096838796,0.0829170829170829,321,367,174.121,2.10772968223247,4.31079343883273,0.001998001998002,76,758,601.79,1.25957559946161,1.72774590099776,0.04995004995005,319,2000,1000,960306
2,3,"DGE",500,"Tuberculosis","MONDO_0018076",1.12546748822678,0.547711393605049,2.05485498634405,1.45554102079499,0.0979020979020979,3,6,1.11748274990495,1.0284671636912,1.08655170466918,2.51826613718547,0.00599400599400599,335,383,174.121,2.19961980461863,4.66838910773045,0.000999000999000999,81,804,599.22,1.34174426754781,2.37193588722034,0.015984015984016,320,2000,1000,960306
2,3,"LASSO",500,"Tuberculosis","MONDO_0018076",1.51835718856414,0.547711393605049,2.77218477886734,2.44534810515518,0.013986013986014,4,6,1.14005955833056,1.0284671636912,1.10850360476153,3.15696790349661,0.001998001998002,303,272,174.121,1.56213208056467,2.18756915475251,0.024975024975025,76,998,463.068,2.15519103025906,7.06973152348712,0.000999000999000999,281,2000,1000,960306
2,3,"ElasticNet",500,"Tuberculosis","MONDO_0018076",1.51835718856414,0.547711393605049,2.77218477886734,2.44534810515518,0.013986013986014,4,6,1.13718694989151,1.0284671636912,1.10571050786893,3.07570132013592,0.001998001998002,298,284,174.121,1.63104967235428,2.4557659064258,0.015984015984016,75,1024,479.06,2.1375193086461,7.08603644424717,0.000999000999000999,285,2000,1000,960306
2,3,"mRMR",500,"Tuberculosis","MONDO_0018076",1.51835718856414,0.547711393605049,2.77218477886734,2.44534810515518,0.013986013986014,4,6,1.12009122726418,1.0284671636912,1.0890879814229,2.59206040718668,0.004995004995005,296,316,174.121,1.8148299171266,3.17095724422124,0.00599400599400599,79,978,479.06,2.04149793345301,6.48788311280633,0.000999000999000999,285,2000,1000,960306
2,3,"Boruta",500,"Tuberculosis","MONDO_0018076",1.49931014623699,0.547711393605049,2.73740908760086,2.39736288840013,0.025974025974026,4,6,1.15489168794038,1.0284671636912,1.12292519266773,3.57657138337555,0.001998001998002,326,411,174.121,2.3604275187944,5.29418152830147,0.000999000999000999,81,988,582.002,1.69758866808018,4.60375880414387,0.000999000999000999,313,2000,1000,960306
2,3,"RF_importance",500,"Tuberculosis","MONDO_0018076",1.20481719235386,0.547711393605049,2.19973001551735,1.65544674298478,0.0719280719280719,3,6,1.14332551759854,1.0284671636912,1.11167916484092,3.24936244898929,0.001998001998002,319,441,174.121,2.53272149826845,5.96467340748469,0.000999000999000999,81,1076,582.002,1.84879089762578,5.6016227708744,0.000999000999000999,313,2000,1000,960306
2,4,"GS_full_ungrouped",10,"Tuberculosis","MONDO_0018076",0,0.0149085835235948,0,-0.193282308575116,1,0,6,2.27593865701664,1.03902146094128,2.19046356843754,4.19271253672022,0.002997002997003,7,6,0.0820000000000001,73.170731707317,19.1631079933351,0.000999000999000999,5,28,0.358,78.2122905027933,29.3877517963413,0.000999000999000999,8,2000,1000,960401
2,4,"DGE",10,"Tuberculosis","MONDO_0018076",0,0.0149085835235948,0,-0.193282308575116,1,0,6,1.93270462800799,1.03902146094128,1.86012002702725,3.02927037501398,0.00899100899100899,6,4,0.0820000000000001,48.780487804878,12.6868971135328,0.000999000999000999,4,28,0.358,78.2122905027933,29.3877517963413,0.000999000999000999,8,2000,1000,960401
2,4,"LASSO",10,"Tuberculosis","MONDO_0018076",0,0.0149085835235948,0,-0.193282308575116,1,0,6,1.59368143270664,1.03902146094128,1.53382917737124,1.8801014527215,0.0579420579420579,9,2,0.0820000000000001,24.390243902439,6.21068623373043,0.004995004995005,5,12,0.518,23.1660231660232,10.6569260455822,0.000999000999000999,9,2000,1000,960401
2,4,"ElasticNet",10,"Tuberculosis","MONDO_0018076",0,0.0149085835235948,0,-0.193282308575116,1,0,6,1.51681965281939,1.03902146094128,1.45985401634077,1.6195671589544,0.0769230769230769,9,2,0.0820000000000001,24.390243902439,6.21068623373043,0.004995004995005,5,12,0.358,33.5195530726257,12.3772594751829,0.000999000999000999,8,2000,1000,960401
2,4,"mRMR",10,"Tuberculosis","MONDO_0018076",0,0.0149085835235948,0,-0.193282308575116,1,0,6,1.36467296332374,1.03902146094128,1.31342134366257,1.10384360486936,0.138861138861139,6,0,0.0820000000000001,0,-0.265524646071896,1,3,4,0.246,16.260162601626,5.12747749602889,0.00799200799200799,6,2000,1000,960401
2,4,"Boruta",10,"Tuberculosis","MONDO_0018076",0,0.0149085835235948,0,-0.193282308575116,1,0,6,1.79347076117907,1.03902146094128,1.72611522340867,2.55731673022521,0.013986013986014,6,4,0.0820000000000001,48.780487804878,12.6868971135328,0.000999000999000999,5,24,0.358,67.0391061452514,25.1351287160517,0.000999000999000999,8,2000,1000,960401
2,4,"RF_importance",10,"Tuberculosis","MONDO_0018076",0,0.0149085835235948,0,-0.193282308575116,1,0,6,2.03801989665109,1.03902146094128,1.96148007838527,3.38625194867873,0.00599400599400599,6,7,0.0820000000000001,85.3658536585365,22.4012134332363,0.000999000999000999,5,28,0.358,78.2122905027933,29.3877517963413,0.000999000999000999,8,2000,1000,960401
2,4,"GS_full_ungrouped",20,"Tuberculosis","MONDO_0018076",0,0.0159366636091768,0,-0.201185832757373,1,0,6,1.62461840932173,1.04032785947259,1.56164077942251,2.90034896174728,0.004995004995005,14,12,0.284,42.2535211267606,17.3157223787731,0.000999000999000999,9,56,1.852,30.2375809935205,23.1826505213326,0.000999000999000999,17,2000,1000,960402
2,4,"DGE",20,"Tuberculosis","MONDO_0018076",0,0.0159366636091768,0,-0.201185832757373,1,0,6,1.81482000641205,1.04032785947259,1.74446929387444,3.84448712175352,0.000999000999000999,13,21,0.284,73.943661971831,30.6173186069191,0.000999000999000999,9,84,2.12,39.622641509434,33.9303742177192,0.000999000999000999,18,2000,1000,960402
2,4,"LASSO",20,"Tuberculosis","MONDO_0018076",0,0.0159366636091768,0,-0.201185832757373,1,0,6,1.4168940222365,1.04032785947259,1.36196873835026,1.86922975133428,0.03996003996004,16,3,0.284,10.5633802816901,4.01412615062716,0.018981018981019,8,12,1.676,7.1599045346062,4.8757232329089,0.004995004995005,16,2000,1000,960402
2,4,"ElasticNet",20,"Tuberculosis","MONDO_0018076",0,0.0159366636091768,0,-0.201185832757373,1,0,6,1.34564830969545,1.04032785947259,1.29348483503811,1.51557448778306,0.0789210789210789,14,5,0.284,17.6056338028169,6.97003642354848,0.002997002997003,8,24,1.094,21.9378427787934,13.4183360588994,0.000999000999000999,13,2000,1000,960402
2,4,"mRMR",20,"Tuberculosis","MONDO_0018076",0,0.0159366636091768,0,-0.201185832757373,1,0,6,1.19112228612148,1.04032785947259,1.14494894592685,0.748525641705658,0.222777222777223,12,1,0.284,3.52112676056338,1.05821587770583,0.206793206793207,7,14,1.094,12.7970749542962,7.56033550930569,0.001998001998002,13,2000,1000,960402
2,4,"Boruta",20,"Tuberculosis","MONDO_0018076",0,0.0159366636091768,0,-0.201185832757373,1,0,6,2.22716007060894,1.04032785947259,2.14082517384282,5.89129427512784,0.000999000999000999,15,12,0.284,42.2535211267606,17.3157223787731,0.000999000999000999,8,72,1.676,42.9594272076372,33.2119682904965,0.000999000999000999,16,2000,1000,960402
2,4,"RF_importance",20,"Tuberculosis","MONDO_0018076",0,0.0159366636091768,0,-0.201185832757373,1,0,6,2.174683805715,1.04032785947259,2.09038312865858,5.63080832264957,0.000999000999000999,15,25,0.284,88.0281690140846,36.5291391527617,0.000999000999000999,11,74,1.676,44.1527446300716,34.156509792416,0.000999000999000999,16,2000,1000,960402
2,4,"GS_full_ungrouped",50,"Tuberculosis","MONDO_0018076",0,0.0560988266620478,0,-0.392495106013963,1,0,6,1.34122207597569,1.03648434095768,1.29401093965052,2.40502279001018,0.00699300699300699,32,15,1.676,8.94988066825776,7.08908301664626,0.000999000999000999,12,92,8.492,10.8337258596326,14.7406269446856,0.000999000999000999,36,2000,1000,960403
2,4,"DGE",50,"Tuberculosis","MONDO_0018076",0,0.0560988266620478,0,-0.392495106013963,1,0,6,1.49098027758168,1.03648434095768,1.43849763924466,3.58693053055319,0.000999000999000999,31,87,1.676,51.909307875895,45.3969468111922,0.000999000999000999,21,174,8.84,19.683257918552,29.1643437644899,0.000999000999000999,37,2000,1000,960403
2,4,"LASSO",50,"Tuberculosis","MONDO_0018076",0,0.0560988266620478,0,-0.392495106013963,1,0,6,1.0129757986542,1.03648434095768,0.9773189604758,-0.185531929599841,0.552447552447552,29,3,1.676,1.78997613365155,0.704439050888595,0.237762237762238,11,18,5.824,3.09065934065934,2.59315925048389,0.026973026973027,30,2000,1000,960403
2,4,"ElasticNet",50,"Tuberculosis","MONDO_0018076",0,0.0560988266620478,0,-0.392495106013963,1,0,6,1.19487862309064,1.03648434095768,1.15281878931872,1.25006461150788,0.110889110889111,33,22,1.676,13.126491646778,10.8134586633382,0.000999000999000999,14,78,7.096,10.9921082299887,13.959053224532,0.000999000999000999,33,2000,1000,960403
2,4,"mRMR",50,"Tuberculosis","MONDO_0018076",0,0.0560988266620478,0,-0.392495106013963,1,0,6,1.21741425583679,1.03648434095768,1.17456116578852,1.42791823484923,0.0929070929070929,30,11,1.676,6.56324582338902,4.9608683613937,0.003996003996004,13,42,5.974,7.03046534984935,7.87498189555115,0.000999000999000999,31,2000,1000,960403
2,4,"Boruta",50,"Tuberculosis","MONDO_0018076",0,0.0560988266620478,0,-0.392495106013963,1,0,6,1.86215158071864,1.03648434095768,1.7966036795096,6.51625414382153,0.000999000999000999,37,46,1.676,27.4463007159905,23.5827465948535,0.000999000999000999,16,118,9.5,12.4210526315789,18.598837395279,0.000999000999000999,38,2000,1000,960403
2,4,"RF_importance",50,"Tuberculosis","MONDO_0018076",0,0.0560988266620478,0,-0.392495106013963,1,0,6,1.63012907941016,1.03648434095768,1.57274839087677,4.68510775360149,0.000999000999000999,35,77,1.676,45.9427207637232,40.0764101730608,0.000999000999000999,21,134,9.752,13.740771123872,19.9095338235488,0.000999000999000999,39,2000,1000,960403
2,4,"GS_full_ungrouped",100,"Tuberculosis","MONDO_0018076",0,0.120974029779529,0,-0.558441374571921,1,0,6,1.17379065143062,1.0379793423305,1.13084201540582,1.56051435678267,0.0709290709290709,68,51,7.081,7.20237254625053,8.84215446146675,0.000999000999000999,23,144,31.588,4.55869317462327,8.47225894366471,0.000999000999000999,69,2000,1000,960404
2,4,"DGE",100,"Tuberculosis","MONDO_0018076",0,0.120974029779529,0,-0.558441374571921,1,0,6,1.49428883913606,1.0379793423305,1.43961327378736,5.24313862828894,0.000999000999000999,62,167,7.081,23.5842395141929,32.1962817760719,0.000999000999000999,30,304,28.554,10.6464943615606,23.0552578149791,0.000999000999000999,66,2000,1000,960404
2,4,"LASSO",100,"Tuberculosis","MONDO_0018076",0,0.120974029779529,0,-0.558441374571921,1,0,6,1.10024028498492,1.0379793423305,1.05998283406549,0.715397675810729,0.240759240759241,54,9,7.081,1.27100691992656,0.386349744109718,0.320679320679321,17,50,19.242,2.59848248622804,3.3072749673243,0.00599400599400599,55,2000,1000,960404
2,4,"ElasticNet",100,"Tuberculosis","MONDO_0018076",0,0.120974029779529,0,-0.558441374571921,1,0,6,1.1863882364344,1.0379793423305,1.14297865867994,1.70526454282708,0.0529470529470529,58,45,7.081,6.35503459963282,7.63418235898717,0.000999000999000999,21,124,28.452,4.3582173485168,7.64839956635728,0.000999000999000999,65,2000,1000,960404
2,4,"mRMR",100,"Tuberculosis","MONDO_0018076",0,0.120974029779529,0,-0.558441374571921,1,0,6,1.15664246254116,1.0379793423305,1.11432127343135,1.36347631089281,0.0909090909090909,58,48,7.081,6.77870357294168,8.23816841022696,0.000999000999000999,21,128,28.554,4.4827344680255,8.32378458452261,0.000999000999000999,66,2000,1000,960404
2,4,"Boruta",100,"Tuberculosis","MONDO_0018076",0.313525828545287,0.120974029779529,2.59167880177818,0.888859297941997,0.242757242757243,1,6,1.51777569608807,1.0379793423305,1.46224075392514,5.51300994984646,0.000999000999000999,64,107,7.081,15.1108600480158,20.1165607512761,0.000999000999000999,27,190,27.368,6.94241449868459,13.8504570745677,0.000999000999000999,64,2000,1000,960404
2,4,"RF_importance",100,"Tuberculosis","MONDO_0018076",0,0.120974029779529,0,-0.558441374571921,1,0,6,1.55171322586568,1.0379793423305,1.49493652000987,5.90296276601924,0.000999000999000999,66,150,7.081,21.1834486654427,28.7736941523797,0.000999000999000999,32,284,31.182,9.10781861330255,19.2671656550037,0.000999000999000999,68,2000,1000,960404
2,4,"GS_full_ungrouped",200,"Tuberculosis","MONDO_0018076",0.313525828545287,0.205523176044368,1.52550108741801,0.416063172104478,0.393606393606394,1,6,1.21641086392818,1.03857423796712,1.1712315012831,2.90963189754418,0.003996003996004,135,143,27.534,5.19357884796978,9.00175347148763,0.000999000999000999,42,308,110.14,2.79644089340839,6.7300381271667,0.000999000999000999,128,2000,1000,960405
2,4,"DGE",200,"Tuberculosis","MONDO_0018076",0,0.205523176044368,0,-0.79174559685263,1,0,6,1.35867522949346,1.03857423796712,1.30821195040703,5.23725666941356,0.000999000999000999,132,242,27.534,8.78913343502578,16.7198141445626,0.000999000999000999,45,416,104.192,3.99262899262899,10.593333967342,0.000999000999000999,125,2000,1000,960405
2,4,"LASSO",200,"Tuberculosis","MONDO_0018076",0.313539996210273,0.205523176044368,1.52557002205234,0.416117750797678,0.340659340659341,1,6,1.0435169443051,1.03857423796712,1.00475912665391,0.0808689208055496,0.460539460539461,113,43,27.534,1.56170552771119,1.20573258959371,0.128871128871129,32,164,75.788,2.16393096532433,3.68168890149142,0.00599400599400599,107,2000,1000,960405
2,4,"ElasticNet",200,"Tuberculosis","MONDO_0018076",0.517448705798367,0.205523176044368,2.51771462351604,1.20164387044767,0.158841158841159,1,6,1.05724752673518,1.03857423796712,1.01797973422161,0.305518597971436,0.382617382617383,114,86,27.534,3.12341105542239,4.5580215688081,0.000999000999000999,34,252,104.192,2.41861179361179,5.02161428521681,0.000999000999000999,125,2000,1000,960405
2,4,"mRMR",200,"Tuberculosis","MONDO_0018076",0.830974534343654,0.205523176044368,4.04321571093405,2.40945263940478,0.031968031968032,2,6,1.16548323969579,1.03857423796712,1.1221954070198,2.0763916179791,0.026973026973027,116,159,27.534,5.77467857921116,10.2491168125907,0.000999000999000999,36,270,93.342,2.89258854534936,7.00270262471949,0.000999000999000999,119,2000,1000,960405
2,4,"Boruta",200,"Tuberculosis","MONDO_0018076",0.830974534343654,0.205523176044368,4.04321571093405,2.40945263940478,0.031968031968032,2,6,1.37104098479286,1.03857423796712,1.32011842261416,5.43957605026055,0.000999000999000999,134,250,27.534,9.07968330064647,17.3434958151141,0.000999000999000999,46,502,104.192,4.81802825552826,13.5150894104076,0.000999000999000999,125,2000,1000,960405
2,4,"RF_importance",200,"Tuberculosis","MONDO_0018076",0.313525828545287,0.205523176044368,1.52550108741801,0.416063172104478,0.393606393606394,1,6,1.25228290594328,1.03857423796712,1.20577120071308,3.49654382928564,0.001998001998002,139,236,27.534,8.57122103581027,16.252052891649,0.000999000999000999,44,428,114.646,3.73323098930621,10.3254793530837,0.000999000999000999,132,2000,1000,960405
2,4,"GS_full_ungrouped",500,"Tuberculosis","MONDO_0018076",1.11431908960193,0.552488641998612,2.01690859303624,1.40751219491013,0.102897102897103,3,6,1.13866254910322,1.03965551146461,1.09523061874518,2.8459708813831,0.004995004995005,330,462,174.427,2.64867251056316,6.5546804379535,0.000999000999000999,94,1058,637.496,1.65961825642828,4.46682321654726,0.000999000999000999,309,2000,1000,960406
2,4,"DGE",500,"Tuberculosis","MONDO_0018076",0.830974534343654,0.552488641998612,1.50405722611351,0.69767007334361,0.266733266733267,2,6,1.18572777003553,1.03965551146461,1.14050063406593,4.19886711476141,0.000999000999000999,322,567,174.427,3.25064353569115,8.9479560444434,0.000999000999000999,80,1098,625.294,1.75597398983518,5.17249399761824,0.000999000999000999,306,2000,1000,960406
2,4,"LASSO",500,"Tuberculosis","MONDO_0018076",0.62706582475556,0.552488641998612,1.13498410118834,0.186832690610175,0.438561438561439,2,6,1.09753332085576,1.03965551146461,1.0556701799326,1.66370557219082,0.050949050949051,299,300,174.427,1.7199172146514,2.86219807365481,0.00699300699300699,76,994,542.896,1.83092157613981,5.17673105239656,0.000999000999000999,285,2000,1000,960406
2,4,"ElasticNet",500,"Tuberculosis","MONDO_0018076",1.14451453055393,0.552488641998612,2.07156209838754,1.48315859597639,0.0939060939060939,3,6,1.09267735109235,1.03965551146461,1.05099943110295,1.5241200550684,0.0669330669330669,287,275,174.427,1.57659078009712,2.29237054830008,0.01998001998002,76,942,515.102,1.82876401178796,5.15023336427381,0.000999000999000999,278,2000,1000,960406
2,4,"mRMR",500,"Tuberculosis","MONDO_0018076",1.14451453055393,0.552488641998612,2.07156209838754,1.48315859597639,0.0939060939060939,3,6,1.11380740318752,1.03965551146461,1.07132352101751,2.1315063017358,0.020979020979021,288,346,174.427,1.98363785423128,3.91068072030753,0.000999000999000999,76,930,508.754,1.82799545556399,5.31196671362593,0.000999000999000999,276,2000,1000,960406
2,4,"Boruta",500,"Tuberculosis","MONDO_0018076",1.20481719235386,0.552488641998612,2.18070943141106,1.63423038681831,0.0699300699300699,3,6,1.17789112599294,1.03965551146461,1.13296290261915,3.97360170651462,0.000999000999000999,310,559,174.427,3.20477907663378,8.76561123632988,0.000999000999000999,90,1182,597.636,1.97779250245969,6.63437485069562,0.000999000999000999,300,2000,1000,960406
2,4,"RF_importance",500,"Tuberculosis","MONDO_0018076",1.20481719235386,0.552488641998612,2.18070943141106,1.63423038681831,0.0699300699300699,3,6,1.1663929002084,1.03965551146461,1.12190325290081,3.64308362870069,0.001998001998002,313,456,174.427,2.61427416627013,6.41792183186837,0.000999000999000999,83,1182,623.848,1.89469229684154,6.21548532178193,0.000999000999000999,305,2000,1000,960406
2,5,"GS_full_ungrouped",10,"Tuberculosis","MONDO_0018076",0,0.00909374488821381,0,-0.146301421961284,1,0,6,1.85319211319551,1.0412964404251,1.77969696356491,2.80476398828725,0.011988011988012,7,2,0.069,28.9855072463768,5.92138134069229,0.00899100899100899,5,16,0.448,35.7142857142857,14.5886275843385,0.000999000999000999,8,2000,1000,960501
2,5,"DGE",10,"Tuberculosis","MONDO_0018076",0,0.00909374488821381,0,-0.146301421961284,1,0,6,1.92762784844427,1.0412964404251,1.85118067594405,3.06190868885575,0.00999000999000999,8,9,0.069,130.434782608696,27.3867720112495,0.000999000999000999,6,36,0.602,59.8006644518273,30.6832684027229,0.000999000999000999,10,2000,1000,960501
2,5,"LASSO",10,"Tuberculosis","MONDO_0018076",0,0.00909374488821381,0,-0.146301421961284,1,0,6,1.31826890014151,1.0412964404251,1.26598809807064,0.956825374015249,0.161838161838162,5,0,0.069,0,-0.211587422324064,1,2,2,0.448,4.46428571428572,1.45586098321073,0.181818181818182,8,2000,1000,960501
2,5,"ElasticNet",10,"Tuberculosis","MONDO_0018076",0,0.00909374488821381,0,-0.146301421961284,1,0,6,1.49569068452148,1.0412964404251,1.43637356900104,1.56974430960779,0.0719280719280719,4,1,0.069,14.4927536231884,2.85489695918411,0.0559440559440559,2,12,0.294,40.8163265306123,14.5620196231993,0.000999000999000999,7,2000,1000,960501
2,5,"mRMR",10,"Tuberculosis","MONDO_0018076",0,0.00909374488821381,0,-0.146301421961284,1,0,6,1.41083364821768,1.0412964404251,1.35488185059167,1.27659832107756,0.114885114885115,7,0,0.069,0,-0.211587422324064,1,4,2,0.294,6.80272108843538,2.12222838520228,0.131868131868132,7,2000,1000,960501
2,5,"Boruta",10,"Tuberculosis","MONDO_0018076",0,0.00909374488821381,0,-0.146301421961284,1,0,6,1.46322536279453,1.0412964404251,1.4051957790206,1.4575900411447,0.0859140859140859,7,3,0.069,43.4782608695652,8.98786572220046,0.00599400599400599,4,14,0.458,30.5676855895197,13.4664813280327,0.000999000999000999,9,2000,1000,960501
2,5,"RF_importance",10,"Tuberculosis","MONDO_0018076",0,0.00909374488821381,0,-0.146301421961284,1,0,6,1.26860531226851,1.0412964404251,1.21829410244657,0.785258204159545,0.190809190809191,7,3,0.069,43.4782608695652,8.98786572220046,0.00599400599400599,5,16,0.458,34.9344978165939,15.4553280756376,0.000999000999000999,9,2000,1000,960501
2,5,"GS_full_ungrouped",20,"Tuberculosis","MONDO_0018076",0,0.0257359178972132,0,-0.254022126088699,1,0,6,1.38834284116901,1.04698909230775,1.32603372028342,1.69246946258244,0.0599400599400599,14,3,0.284,10.5633802816901,4.17220659514336,0.018981018981019,7,16,1.884,8.49256900212314,6.43275925269334,0.000999000999000999,17,2000,1000,960502
2,5,"DGE",20,"Tuberculosis","MONDO_0018076",0,0.0257359178972132,0,-0.254022126088699,1,0,6,1.5484560871782,1.04698909230775,1.47896104988555,2.48632856133119,0.01998001998002,16,17,0.284,59.8591549295775,25.678426157738,0.000999000999000999,10,78,2.138,36.4826941066417,32.0616841080841,0.000999000999000999,18,2000,1000,960502
2,5,"LASSO",20,"Tuberculosis","MONDO_0018076",0,0.0257359178972132,0,-0.254022126088699,1,0,6,1.14610200963793,1.04698909230775,1.09466470859951,0.491412754330013,0.277722277722278,11,1,0.284,3.52112676056338,1.0998895147727,0.214785214785215,6,2,1.276,1.56739811912226,0.386369123535866,0.424575424575425,14,2000,1000,960502
2,5,"ElasticNet",20,"Tuberculosis","MONDO_0018076",0,0.0257359178972132,0,-0.254022126088699,1,0,6,1.22937045181091,1.04698909230775,1.17419604544414,0.904266856693654,0.174825174825175,9,4,0.284,14.0845070422535,5.7083651353287,0.00599400599400599,5,16,0.928000000000001,17.2413793103448,9.56051664273706,0.000999000999000999,12,2000,1000,960502
2,5,"mRMR",20,"Tuberculosis","MONDO_0018076",0,0.0257359178972132,0,-0.254022126088699,1,0,6,1.28344204675933,1.04698909230775,1.22584089575412,1.17235977657109,0.117882117882118,12,1,0.284,3.52112676056338,1.0998895147727,0.214785214785215,7,12,1.346,8.91530460624071,5.70805427698764,0.003996003996004,15,2000,1000,960502
2,5,"Boruta",20,"Tuberculosis","MONDO_0018076",0,0.0257359178972132,0,-0.254022126088699,1,0,6,1.65018127758391,1.04698909230775,1.57612079219146,2.99069325312497,0.00699300699300699,15,21,0.284,73.943661971831,31.8230603184794,0.000999000999000999,10,38,1.884,20.1698513800425,16.4583120693024,0.000999000999000999,17,2000,1000,960502
2,5,"RF_importance",20,"Tuberculosis","MONDO_0018076",0,0.0257359178972132,0,-0.254022126088699,1,0,6,1.54561355795949,1.04698909230775,1.47624609398048,2.47223498856331,0.020979020979021,14,24,0.284,84.5070422535212,36.4315359390354,0.000999000999000999,10,60,1.884,31.8471337579618,26.4838648859115,0.000999000999000999,17,2000,1000,960502
2,5,"GS_full_ungrouped",50,"Tuberculosis","MONDO_0018076",0,0.0593336663132826,0,-0.408692615899297,1,0,6,1.16228934267244,1.04116151724339,1.11633913031069,0.969951735049087,0.161838161838162,32,8,1.801,4.44197667962243,3.05792404843847,0.021978021978022,12,30,7.864,3.8148524923703,4.2926241087041,0.003996003996004,35,2000,1000,960503
2,5,"DGE",50,"Tuberculosis","MONDO_0018076",0,0.0593336663132826,0,-0.408692615899297,1,0,6,1.40620571969799,1.04116151724339,1.35061246157186,2.92315375336974,0.00599400599400599,32,60,1.801,33.3148250971682,28.7091662679578,0.000999000999000999,19,140,10.104,13.8558986539984,20.1456325707503,0.000999000999000999,39,2000,1000,960503
2,5,"LASSO",50,"Tuberculosis","MONDO_0018076",0,0.0593336663132826,0,-0.408692615899297,1,0,6,1.0806673114495,1.04116151724339,1.03794396311411,0.316349389572412,0.362637362637363,26,1,1.801,0.555247084952804,-0.395127788804519,0.701298701298701,9,6,5.99,1.0016694490818,0.00230004799299337,0.52047952047952,30,2000,1000,960503
2,5,"ElasticNet",50,"Tuberculosis","MONDO_0018076",0,0.0593336663132826,0,-0.408692615899297,1,0,6,1.13377098231212,1.04116151724339,1.08894822132298,0.741586097225864,0.208791208791209,29,19,1.801,10.5496946141033,8.48414836410601,0.000999000999000999,13,64,6.69,9.56651718983557,11.5490558547855,0.000999000999000999,32,2000,1000,960503
2,5,"mRMR",50,"Tuberculosis","MONDO_0018076",0,0.0593336663132826,0,-0.408692615899297,1,0,6,1.03427783350275,1.04116151724339,0.993388457384726,-0.0551222723937338,0.508491508491508,27,6,1.801,3.33148250971682,2.07133780922618,0.056943056943057,11,26,5.99,4.34056761268781,4.60239603398024,0.001998001998002,30,2000,1000,960503
2,5,"Boruta",50,"Tuberculosis","MONDO_0018076",0,0.0593336663132826,0,-0.408692615899297,1,0,6,1.56678227122634,1.04116151724339,1.50484074303342,4.20899789538609,0.000999000999000999,34,42,1.801,23.3203775680178,19.8298901150472,0.000999000999000999,17,92,9.014,10.2063456844908,13.7103390871624,0.000999000999000999,37,2000,1000,960503
2,5,"RF_importance",50,"Tuberculosis","MONDO_0018076",0,0.0593336663132826,0,-0.408692615899297,1,0,6,1.59177477327993,1.04116151724339,1.52884518580207,4.40912962105877,0.000999000999000999,35,59,1.801,32.7595780122154,28.2158731483516,0.000999000999000999,18,134,9.014,14.8657643665409,20.6492714572106,0.000999000999000999,37,2000,1000,960503
2,5,"GS_full_ungrouped",100,"Tuberculosis","MONDO_0018076",0.313525828545287,0.0966295777691885,3.24461552853083,1.13745237476861,0.1998001998002,1,6,1.24661856076354,1.04433334236362,1.19369794125514,2.25443921983463,0.015984015984016,64,32,7.457,4.29126994770015,4.6563585877705,0.001998001998002,21,130,29.346,4.42990526817965,8.23028391313245,0.000999000999000999,66,2000,1000,960504
2,5,"DGE",100,"Tuberculosis","MONDO_0018076",0,0.0966295777691885,0,-0.506747084438602,1,0,6,1.3360060267351,1.04433334236362,1.27929079015264,3.25064947504712,0.003996003996004,62,130,7.457,17.4332841625318,23.2491606739665,0.000999000999000999,32,254,31.836,7.97838924488001,17.5782883310125,0.000999000999000999,69,2000,1000,960504
2,5,"LASSO",100,"Tuberculosis","MONDO_0018076",0,0.0966295777691885,0,-0.506747084438602,1,0,6,1.10864246498919,1.04433334236362,1.06157911465321,0.716715780752795,0.23976023976024,53,8,7.457,1.07281748692504,0.103019301355147,0.427572427572428,18,34,21.14,1.60832544938505,1.25906266177045,0.103896103896104,56,2000,1000,960504
2,5,"ElasticNet",100,"Tuberculosis","MONDO_0018076",0,0.0966295777691885,0,-0.506747084438602,1,0,6,1.03340537566679,1.04433334236362,0.989535940055222,-0.121790593050936,0.542457542457542,54,23,7.457,3.08435027490948,2.94885635536474,0.016983016983017,18,76,21.608,3.51721584598297,5.45444526818617,0.000999000999000999,57,2000,1000,960504
2,5,"mRMR",100,"Tuberculosis","MONDO_0018076",0,0.0966295777691885,0,-0.506747084438602,1,0,6,1.09783000591132,1.04433334236362,1.051225658875,0.596212503247803,0.27972027972028,60,32,7.457,4.29126994770015,4.6563585877705,0.001998001998002,19,108,29.346,3.68022899202617,6.43138624300594,0.000999000999000999,66,2000,1000,960504
2,5,"Boruta",100,"Tuberculosis","MONDO_0018076",0,0.0966295777691885,0,-0.506747084438602,1,0,6,1.41457371956979,1.04433334236362,1.35452317970449,4.12627493863512,0.000999000999000999,66,94,7.457,12.6056054713692,16.4191517443435,0.000999000999000999,29,222,31.836,6.97323784395024,15.0463514438823,0.000999000999000999,69,2000,1000,960504
2,5,"RF_importance",100,"Tuberculosis","MONDO_0018076",0,0.0966295777691885,0,-0.506747084438602,1,0,6,1.61832568071552,1.04433334236362,1.54962559852087,6.39706079218674,0.000999000999000999,68,104,7.457,13.9466273300255,18.3163764470166,0.000999000999000999,30,230,25.056,9.1794380587484,19.285843577219,0.000999000999000999,62,2000,1000,960504
2,5,"GS_full_ungrouped",200,"Tuberculosis","MONDO_0018076",0.830974534343654,0.213918969636291,3.88452943540488,2.31792654377734,0.032967032967033,2,6,1.27700671357825,1.04383955243809,1.22337452206668,3.76747790519872,0.000999000999000999,129,105,28.91,3.6319612590799,5.70328444504883,0.000999000999000999,39,374,100.6,3.71769383697813,9.70861449899851,0.000999000999000999,122,2000,1000,960505
2,5,"DGE",200,"Tuberculosis","MONDO_0018076",0.830974534343654,0.213918969636291,3.88452943540488,2.31792654377734,0.032967032967033,2,6,1.3831353381003,1.04383955243809,1.32504591809125,5.48228734080194,0.000999000999000999,134,226,28.91,7.81736423382912,14.772773442958,0.000999000999000999,48,408,111.528,3.65827415536906,10.0865491156675,0.000999000999000999,129,2000,1000,960505
2,5,"LASSO",200,"Tuberculosis","MONDO_0018076",0.687368486555496,0.213918969636291,3.21321894792301,1.77848035926235,0.0759240759240759,2,6,1.10908842202169,1.04383955243809,1.06250852387342,1.05428085710426,0.14985014985015,109,36,28.91,1.24524386025597,0.53142708260476,0.258741258741259,31,174,74.06,2.34944639481501,4.46149072474636,0.000999000999000999,105,2000,1000,960505
2,5,"ElasticNet",200,"Tuberculosis","MONDO_0018076",0,0.213918969636291,0,-0.803571811515242,1,0,6,1.07900309355374,1.04383955243809,1.03368672995147,0.568166904695971,0.282717282717283,102,49,28.91,1.69491525423729,1.50583499147103,0.0819180819180819,31,156,69.53,2.24363584064433,4.0400137735439,0.001998001998002,102,2000,1000,960505
2,5,"mRMR",200,"Tuberculosis","MONDO_0018076",0.830974534343654,0.213918969636291,3.88452943540488,2.31792654377734,0.032967032967033,2,6,1.18713003296223,1.04383955243809,1.13727251490849,2.31526479440854,0.00999000999000999,120,129,28.91,4.46212383258388,7.50219135372502,0.000999000999000999,38,264,98.194,2.68855530887834,6.25450099493466,0.000999000999000999,121,2000,1000,960505
2,5,"Boruta",200,"Tuberculosis","MONDO_0018076",0.313525828545287,0.213918969636291,1.46562892051298,0.374166275150506,0.408591408591409,1,6,1.36792560281679,1.04383955243809,1.31047496679133,5.23653085715157,0.000999000999000999,135,241,28.91,8.33621584226911,15.8970902608806,0.000999000999000999,53,518,111.59,4.64199301012636,13.3676491972807,0.000999000999000999,128,2000,1000,960505
2,5,"RF_importance",200,"Tuberculosis","MONDO_0018076",0.294492953883129,0.213918969636291,1.37665656479101,0.302670598088221,0.467532467532468,1,6,1.38465025141766,1.04383955243809,1.3264972075292,5.50676506924175,0.000999000999000999,132,216,28.91,7.4714631615358,14.0232288976762,0.000999000999000999,52,408,111.528,3.65827415536906,10.0865491156675,0.000999000999000999,129,2000,1000,960505
2,5,"GS_full_ungrouped",500,"Tuberculosis","MONDO_0018076",0.830974534343654,0.522705374345268,1.58975701251306,0.804073866251253,0.236763236763237,2,6,1.20683869095279,1.04295768271616,1.15713102358078,4.73082818789701,0.000999000999000999,303,335,185.997,1.80110431888686,3.34210396389281,0.003996003996004,81,828,517.866,1.59886920554738,3.77530561920028,0.001998001998002,277,2000,1000,960506
2,5,"DGE",500,"Tuberculosis","MONDO_0018076",1.12546748822678,0.522705374345268,2.15315843965929,1.57221456515801,0.0869130869130869,3,6,1.1701963784329,1.04295768271616,1.12199794663324,3.67305775553219,0.001998001998002,324,393,185.997,2.11293730544041,4.64303099157535,0.001998001998002,88,942,637.788,1.4769798114734,3.2715216173508,0.004995004995005,306,2000,1000,960506
2,5,"LASSO",500,"Tuberculosis","MONDO_0018076",1.51835718856414,0.522705374345268,2.90480500696211,2.59700841856263,0.011988011988012,4,6,1.10453562824162,1.04295768271616,1.05904165293177,1.77759878084209,0.045954045954046,291,302,185.997,1.6236821023995,2.60192134469411,0.011988011988012,75,1136,524.016,2.16787273671033,7.34917247344687,0.000999000999000999,278,2000,1000,960506
2,5,"ElasticNet",500,"Tuberculosis","MONDO_0018076",1.51835718856414,0.522705374345268,2.90480500696211,2.59700841856263,0.011988011988012,4,6,1.09818949648574,1.04295768271616,1.05295690772969,1.59440208637526,0.0619380619380619,285,273,185.997,1.46776560912273,1.95145783085284,0.036963036963037,72,1072,507.502,2.11230694657361,7.17718974651594,0.000999000999000999,273,2000,1000,960506
2,5,"mRMR",500,"Tuberculosis","MONDO_0018076",1.20481719235386,0.522705374345268,2.30496423317437,1.77918636663075,0.0539460539460539,3,6,1.13466316111362,1.04295768271616,1.08792828310985,2.64730408273319,0.00599400599400599,292,308,185.997,1.65594068721539,2.73650000273024,0.00999000999000999,77,990,543.844,1.8203749604666,5.61241009947218,0.000999000999000999,282,2000,1000,960506
2,5,"Boruta",500,"Tuberculosis","MONDO_0018076",0.830974534343654,0.522705374345268,1.58975701251306,0.804073866251253,0.236763236763237,2,6,1.17180871140466,1.04295768271616,1.12354387030634,3.71960171052203,0.001998001998002,301,535,185.997,2.87639047941633,7.82805923176366,0.000999000999000999,94,1140,563.984,2.02133393855145,6.83225242252904,0.000999000999000999,289,2000,1000,960506
2,5,"RF_importance",500,"Tuberculosis","MONDO_0018076",1.49931014623699,0.522705374345268,2.8683656603206,2.54732706553751,0.015984015984016,4,6,1.21074430764288,1.04295768271616,1.16087577445113,4.84357341522625,0.000999000999000999,302,419,185.997,2.25272450630924,5.22620517639856,0.000999000999000999,83,1002,543.844,1.84244011150256,5.76336384926746,0.000999000999000999,282,2000,1000,960506
3,1,"GS_full_ungrouped",10,"Tuberculosis","MONDO_0018076",0,0.00966590392203276,0,-0.162551918197776,1,0,4,1.95486178075871,1.03061007042667,1.8968005813774,3.18291081855911,0.002997002997003,6,4,0.062,64.516129032258,16.3215421899826,0.000999000999000999,4,16,0.318,50.314465408805,18.0883970302201,0.000999000999000999,8,2000,1000,970101
3,1,"DGE",10,"Tuberculosis","MONDO_0018076",0,0.00966590392203276,0,-0.162551918197776,1,0,4,1.93270462800799,1.03061007042667,1.8753015165162,3.10660666849876,0.002997002997003,6,4,0.062,64.516129032258,16.3215421899826,0.000999000999000999,4,28,0.318,88.0503144654088,31.9297925386145,0.000999000999000999,8,2000,1000,970101
3,1,"LASSO",10,"Tuberculosis","MONDO_0018076",0,0.00966590392203276,0,-0.162551918197776,1,0,4,1.48732139155775,1.03061007042667,1.44314657331265,1.57280899644137,0.0729270729270729,6,0,0.062,0,-0.256966890751377,1,4,6,0.286,20.979020979021,6.5416509662687,0.004995004995005,7,2000,1000,970101
3,1,"ElasticNet",10,"Tuberculosis","MONDO_0018076",0,0.00966590392203276,0,-0.162551918197776,1,0,4,1.61627881875913,1.03061007042667,1.5682738458882,2.0169087861246,0.045954045954046,7,0,0.062,0,-0.256966890751377,1,4,6,0.318,18.8679245283019,6.55390077322476,0.002997002997003,8,2000,1000,970101
3,1,"mRMR",10,"Tuberculosis","MONDO_0018076",0,0.00966590392203276,0,-0.162551918197776,1,0,4,0.97237746441061,1.03061007042667,0.943496956135943,-0.200539733504859,0.538461538461538,7,0,0.062,0,-0.256966890751377,1,5,0,0.286,0,-0.327426002161856,1,7,2000,1000,970101
3,1,"Boruta",10,"Tuberculosis","MONDO_0018076",0,0.00966590392203276,0,-0.162551918197776,1,0,4,2.04577481767781,1.03061007042667,1.98501341718006,3.49599445748896,0.002997002997003,7,3,0.062,48.3870967741935,12.1769149197991,0.000999000999000999,5,20,0.554,36.101083032491,16.2359311844822,0.000999000999000999,10,2000,1000,970101
3,1,"RF_importance",10,"Tuberculosis","MONDO_0018076",0,0.00966590392203276,0,-0.162551918197776,1,0,4,2.3560487441806,1.03061007042667,2.28607192165822,4.56450666725024,0.000999000999000999,9,9,0.062,145.161290322581,37.0446785409001,0.000999000999000999,7,24,0.554,43.3212996389892,19.5756269953394,0.000999000999000999,10,2000,1000,970101
3,1,"GS_full_ungrouped",20,"Tuberculosis","MONDO_0018076",0,0.0155387369754819,0,-0.210792453749809,1,0,4,1.63374282649296,1.03335070180305,1.58101487098457,2.86048371275998,0.011988011988012,13,17,0.281,60.4982206405694,24.3222697659333,0.000999000999000999,9,52,1.736,29.9539170506912,22.5708786048002,0.000999000999000999,17,2000,1000,970102
3,1,"DGE",20,"Tuberculosis","MONDO_0018076",0,0.0155387369754819,0,-0.210792453749809,1,0,4,1.6890810871782,1.03335070180305,1.63456712636958,3.12413506139207,0.00899100899100899,13,13,0.281,46.2633451957296,18.5031969108742,0.000999000999000999,8,74,1.736,42.6267281105991,32.4499039371574,0.000999000999000999,17,2000,1000,970102
3,1,"LASSO",20,"Tuberculosis","MONDO_0018076",0,0.0155387369754819,0,-0.210792453749809,1,0,4,1.36885152141567,1.03335070180305,1.32467275536487,1.59844639970116,0.0729270729270729,13,0,0.281,0,-0.408789868067903,1,5,6,1.044,5.74712643678161,3.01793642998076,0.02997002997003,14,2000,1000,970102
3,1,"ElasticNet",20,"Tuberculosis","MONDO_0018076",0,0.0155387369754819,0,-0.210792453749809,1,0,4,1.55068326600225,1.03335070180305,1.50063600217868,2.46475813575414,0.018981018981019,12,6,0.281,21.3523131672598,8.31981941452077,0.001998001998002,8,40,1.044,38.3141762452107,23.7221008003088,0.000999000999000999,14,2000,1000,970102
3,1,"mRMR",20,"Tuberculosis","MONDO_0018076",0,0.0155387369754819,0,-0.210792453749809,1,0,4,1.23121325370121,1.03335070180305,1.19147667055621,0.942688259547287,0.160839160839161,12,0,0.281,0,-0.408789868067903,1,5,8,0.976,8.1967213114754,4.65820011621158,0.00799200799200799,13,2000,1000,970102
3,1,"Boruta",20,"Tuberculosis","MONDO_0018076",0,0.0155387369754819,0,-0.210792453749809,1,0,4,1.97464231583159,1.03335070180305,1.91091205762586,4.48465131396722,0.001998001998002,12,16,0.281,56.9395017793595,22.8675015521686,0.000999000999000999,9,56,1.362,41.1160058737151,29.0213274097029,0.000999000999000999,16,2000,1000,970102
3,1,"RF_importance",20,"Tuberculosis","MONDO_0018076",0,0.0155387369754819,0,-0.210792453749809,1,0,4,1.86136614826656,1.03335070180305,1.80129180250108,3.94496296856965,0.001998001998002,14,21,0.281,74.7330960854093,30.1413426209925,0.000999000999000999,10,78,2.032,38.3858267716535,32.1582151151035,0.000999000999000999,19,2000,1000,970102
3,1,"GS_full_ungrouped",50,"Tuberculosis","MONDO_0018076",0,0.0308879763241867,0,-0.278671281179505,1,0,4,1.21921617224768,1.02846493877567,1.18547179031604,1.54295354180577,0.0639360639360639,32,20,1.713,11.6754232340922,9.13364139926499,0.000999000999000999,15,84,8.346,10.0647016534867,13.5434817566298,0.000999000999000999,38,2000,1000,970103
3,1,"DGE",50,"Tuberculosis","MONDO_0018076",0,0.0308879763241867,0,-0.278671281179505,1,0,4,1.4380675041322,1.02846493877567,1.39826594948791,3.31320389098478,0.002997002997003,31,49,1.713,28.604786923526,23.6180073739292,0.000999000999000999,18,132,7.998,16.5041260315079,22.5100009548442,0.000999000999000999,37,2000,1000,970103
3,1,"LASSO",50,"Tuberculosis","MONDO_0018076",0,0.0308879763241867,0,-0.278671281179505,1,0,4,1.06541076461203,1.02846493877567,1.03592327209553,0.298848357578273,0.386613386613387,25,1,1.713,0.583771161704612,-0.356115618618468,0.688311688311688,8,14,4.006,3.49475786320519,2.77601205413072,0.026973026973027,27,2000,1000,970103
3,1,"ElasticNet",50,"Tuberculosis","MONDO_0018076",0,0.0308879763241867,0,-0.278671281179505,1,0,4,1.32490891421909,1.02846493877567,1.28823926248406,2.39788374382669,0.012987012987013,29,15,1.713,8.75656742556918,6.63633692087461,0.000999000999000999,13,70,6.598,10.6092755380418,13.7403537590014,0.000999000999000999,35,2000,1000,970103
3,1,"mRMR",50,"Tuberculosis","MONDO_0018076",0,0.0308879763241867,0,-0.278671281179505,1,0,4,1.18075747122815,1.02846493877567,1.14807751505245,1.2318678000717,0.114885114885115,31,6,1.713,3.50262697022767,2.14118885977192,0.0539460539460539,11,38,7.494,5.07072324526288,5.97835138840643,0.001998001998002,36,2000,1000,970103
3,1,"Boruta",50,"Tuberculosis","MONDO_0018076",0,0.0308879763241867,0,-0.278671281179505,1,0,4,1.56980514143798,1.02846493877567,1.52635746951834,4.37880672023154,0.000999000999000999,36,27,1.713,15.7618213660245,12.6298676690115,0.000999000999000999,16,94,8.346,11.2628804217589,15.3336688923569,0.000999000999000999,38,2000,1000,970103
3,1,"RF_importance",50,"Tuberculosis","MONDO_0018076",0,0.0308879763241867,0,-0.278671281179505,1,0,4,1.57698297863536,1.02846493877567,1.53333664491534,4.43686699656431,0.000999000999000999,31,45,1.713,26.2697022767075,21.6201637912169,0.000999000999000999,18,114,6.598,17.2779630190967,23.2759451503781,0.000999000999000999,35,2000,1000,970103
3,1,"GS_full_ungrouped",100,"Tuberculosis","MONDO_0018076",0,0.071442735736727,0,-0.429583966812467,1,0,4,1.30986970377167,1.03012281494424,1.27156654019218,3.23972409734515,0.002997002997003,63,59,6.881,8.57433512570847,10.872807347591,0.000999000999000999,25,144,28.974,4.96997307931249,9.65585400866077,0.000999000999000999,70,2000,1000,970104
3,1,"DGE",100,"Tuberculosis","MONDO_0018076",0,0.071442735736727,0,-0.429583966812467,1,0,4,1.41076232557009,1.03012281494424,1.36950886351008,4.4081526702409,0.000999000999000999,63,113,6.881,16.4220316814417,22.138019588231,0.000999000999000999,27,264,27.656,9.54584900202488,19.5597229351151,0.000999000999000999,68,2000,1000,970104
3,1,"LASSO",100,"Tuberculosis","MONDO_0018076",0,0.071442735736727,0,-0.429583966812467,1,0,4,1.14946656220695,1.03012281494424,1.11585390162354,1.38210943290591,0.103896103896104,51,9,6.881,1.30794942595553,0.442055272924373,0.307692307692308,19,44,15.256,2.88411116937598,3.60206887073257,0.00599400599400599,51,2000,1000,970104
3,1,"ElasticNet",100,"Tuberculosis","MONDO_0018076",0,0.071442735736727,0,-0.429583966812467,1,0,4,1.18022107916895,1.03012281494424,1.14570909608758,1.73827478695735,0.04995004995005,50,19,6.881,2.76122656590612,2.5282056878577,0.01998001998002,17,74,18.05,4.09972299168975,6.242544794398,0.000999000999000999,56,2000,1000,970104
3,1,"mRMR",100,"Tuberculosis","MONDO_0018076",0,0.071442735736727,0,-0.429583966812467,1,0,4,1.1183233158688,1.03012281494424,1.08562134499403,1.02144223816367,0.156843156843157,56,30,6.881,4.35983141985177,4.82297114428437,0.001998001998002,21,110,21.852,5.03386417719202,8.88669607357009,0.000999000999000999,62,2000,1000,970104
3,1,"Boruta",100,"Tuberculosis","MONDO_0018076",0.37384265801021,0.071442735736727,5.2327595542793,1.81832563989067,0.0919080919080919,1,4,1.47016142760972,1.03012281494424,1.42717101910737,5.09604844289834,0.000999000999000999,71,64,6.881,9.30097369568377,11.9158825550577,0.000999000999000999,25,202,31.09,6.49726600192988,13.5966154312493,0.000999000999000999,73,2000,1000,970104
3,1,"RF_importance",100,"Tuberculosis","MONDO_0018076",0,0.071442735736727,0,-0.429583966812467,1,0,4,1.42225260358267,1.03012281494424,1.38066314321915,4.54122056857781,0.000999000999000999,66,101,6.881,14.6780991135009,19.634639090311,0.000999000999000999,27,252,28.092,8.97052541648868,18.0069172414635,0.000999000999000999,69,2000,1000,970104
3,1,"GS_full_ungrouped",200,"Tuberculosis","MONDO_0018076",0,0.156296498831475,0,-0.683237567724868,1,0,4,1.18642432791711,1.03346460302539,1.14800673815431,2.48393868450702,0.00899100899100899,138,131,28.383,4.61543881901138,7.74045739564136,0.000999000999000999,42,292,107.026,2.72830900902584,6.65306819188566,0.000999000999000999,135,2000,1000,970105
3,1,"DGE",200,"Tuberculosis","MONDO_0018076",0,0.156296498831475,0,-0.683237567724868,1,0,4,1.23449491618143,1.03346460302539,1.1945207533645,3.26456504782774,0.002997002997003,132,159,28.383,5.60194482612832,9.85251297198795,0.000999000999000999,43,348,102.356,3.3998983938411,8.51579812978536,0.000999000999000999,131,2000,1000,970105
3,1,"LASSO",200,"Tuberculosis","MONDO_0018076",0.313539996210273,0.156296498831475,2.00605898759347,0.687377295671106,0.286713286713287,1,4,1.09118251810169,1.03346460302539,1.05584895206603,0.937290925102025,0.181818181818182,111,46,28.383,1.62068844026354,1.3288601103035,0.103896103896104,35,178,67.158,2.65046606510021,5.14092706827002,0.001998001998002,107,2000,1000,970105
3,1,"ElasticNet",200,"Tuberculosis","MONDO_0018076",0.313539996210273,0.156296498831475,2.00605898759347,0.687377295671106,0.286713286713287,1,4,1.11362363257304,1.03346460302539,1.07756340111987,1.30171595527442,0.0969030969030969,106,48,28.383,1.6911531550576,1.47972122289968,0.0899100899100899,31,196,68.296,2.86986060677053,6.33173913714803,0.000999000999000999,108,2000,1000,970105
3,1,"mRMR",200,"Tuberculosis","MONDO_0018076",0,0.156296498831475,0,-0.683237567724868,1,0,4,1.10424001777046,1.03346460302539,1.06848363701851,1.14933385714283,0.125874125874126,112,73,28.383,2.57196208998344,3.36548513035199,0.00999000999000999,31,226,89.31,2.53051170081738,5.32959900546398,0.000999000999000999,122,2000,1000,970105
3,1,"Boruta",200,"Tuberculosis","MONDO_0018076",0.891291363808577,0.156296498831475,5.70256768687826,3.21297090844426,0.010989010989011,2,4,1.26689154476676,1.03346460302539,1.22586834716741,3.79065934518384,0.000999000999000999,141,169,28.383,5.95426840009865,10.6068185349689,0.000999000999000999,41,482,113.364,4.25179069193042,12.8812590539966,0.000999000999000999,139,2000,1000,970105
3,1,"RF_importance",200,"Tuberculosis","MONDO_0018076",0,0.156296498831475,0,-0.683237567724868,1,0,4,1.29851857808888,1.03346460302539,1.2564712659607,4.30425605569456,0.000999000999000999,134,220,28.383,7.75111862734736,14.4537769061716,0.000999000999000999,46,448,106.292,4.21480450080909,12.0729665078146,0.000999000999000999,134,2000,1000,970105
3,1,"GS_full_ungrouped",500,"Tuberculosis","MONDO_0018076",0.83098870200864,0.368346750191181,2.25599574742369,1.37452483567622,0.121878121878122,2,4,1.12793202589654,1.03085133237071,1.09417526124021,2.74451110843209,0.00599400599400599,342,428,175.569,2.43778799218541,5.59711317878898,0.000999000999000999,86,944,659.504,1.43137873310852,3.17635462620049,0.002997002997003,333,2000,1000,970106
3,1,"DGE",500,"Tuberculosis","MONDO_0018076",0.830974534343654,0.368346750191181,2.2559572845759,1.37448274306592,0.155844155844156,2,4,1.19292551500039,1.03085133237071,1.15722362433868,4.58190375925638,0.000999000999000999,334,453,175.569,2.58018215060745,6.15143427829627,0.000999000999000999,89,846,618.366,1.36812179194846,2.43831068812582,0.015984015984016,322,2000,1000,970106
3,1,"LASSO",500,"Tuberculosis","MONDO_0018076",1.51835718856414,0.368346750191181,4.12208656049245,3.4167197821572,0.004995004995005,4,4,1.1114760981231,1.03085133237071,1.0782118266918,2.27929526650204,0.013986013986014,300,232,175.569,1.32141779015658,1.25123575865183,0.118881118881119,72,960,439.026,2.18665864891829,7.0566711421735,0.000999000999000999,272,2000,1000,970106
3,1,"ElasticNet",500,"Tuberculosis","MONDO_0018076",1.51835718856414,0.368346750191181,4.12208656049245,3.4167197821572,0.004995004995005,4,4,1.11450089901603,1.03085133237071,1.08114610130342,2.36480763100985,0.011988011988012,298,249,175.569,1.41824581788357,1.62817410631679,0.0649350649350649,72,962,448.926,2.14289214703537,6.66489025179842,0.000999000999000999,274,2000,1000,970106
3,1,"mRMR",500,"Tuberculosis","MONDO_0018076",1.00090848276577,0.368346750191181,2.71729961577311,1.87936223272985,0.051948051948052,3,4,1.11178390382931,1.03085133237071,1.07851042038475,2.2879970603321,0.013986013986014,286,266,175.569,1.51507384561056,2.00511245398175,0.030969030969031,74,932,468.392,1.98978633281525,5.93625343292086,0.000999000999000999,279,2000,1000,970106
3,1,"Boruta",500,"Tuberculosis","MONDO_0018076",1.20481719235386,0.368346750191181,3.2708777577881,2.48518188319274,0.023976023976024,3,4,1.15319846886259,1.03085133237071,1.11868552976549,3.4588038361869,0.000999000999000999,317,483,175.569,2.75105514071391,6.81661959770502,0.000999000999000999,85,1134,562.382,2.01642300073615,6.73518857416532,0.000999000999000999,308,2000,1000,970106
3,1,"RF_importance",500,"Tuberculosis","MONDO_0018076",1.20481719235386,0.368346750191181,3.2708777577881,2.48518188319274,0.023976023976024,3,4,1.1818007837227,1.03085133237071,1.14643183416647,4.26740303350889,0.000999000999000999,312,406,175.569,2.31248113277401,5.10931061122257,0.000999000999000999,77,986,532.618,1.85123296621594,5.45594041121257,0.000999000999000999,300,2000,1000,970106
3,2,"GS_full_ungrouped",10,"Tuberculosis","MONDO_0018076",0,0.0140639190588715,0,-0.194162444715764,1,0,6,2.18865109529954,1.03990356042967,2.10466737357379,4.16391003258104,0.000999000999000999,8,9,0.0580000000000001,155.172413793103,36.2954460084175,0.000999000999000999,6,32,0.334,95.8083832335329,36.3904612495604,0.000999000999000999,8,2000,1000,970201
3,2,"DGE",10,"Tuberculosis","MONDO_0018076",0,0.0140639190588715,0,-0.194162444715764,1,0,6,2.18865109529954,1.03990356042967,2.10466737357379,4.16391003258104,0.000999000999000999,8,9,0.0580000000000001,155.172413793103,36.2954460084175,0.000999000999000999,6,40,0.444,90.0900900900901,38.4215623516621,0.000999000999000999,9,2000,1000,970201
3,2,"LASSO",10,"Tuberculosis","MONDO_0018076",0,0.0140639190588715,0,-0.194162444715764,1,0,6,2.0141065702122,1.03990356042967,1.93682053495423,3.53123167891161,0.000999000999000999,9,1,0.0580000000000001,17.2413793103448,3.82356409527279,0.0559440559440559,3,8,0.444,18.018018018018,7.33929935102536,0.002997002997003,9,2000,1000,970201
3,2,"ElasticNet",10,"Tuberculosis","MONDO_0018076",0,0.0140639190588715,0,-0.194162444715764,1,0,6,2.18460754387799,1.03990356042967,2.1007789827889,4.14925321389774,0.000999000999000999,8,5,0.0580000000000001,86.206896551724,20.0595050518452,0.000999000999000999,6,26,0.444,58.5585585585585,24.8230722888835,0.000999000999000999,9,2000,1000,970201
3,2,"mRMR",10,"Tuberculosis","MONDO_0018076",0,0.0140639190588715,0,-0.194162444715764,1,0,6,1.36190079316343,1.03990356042967,1.30964143694317,1.16715593909441,0.131868131868132,9,0,0.0580000000000001,0,-0.2354211438703,1,4,4,0.444,9.00900900900901,3.45401647594576,0.028971028971029,9,2000,1000,970201
3,2,"Boruta",10,"Tuberculosis","MONDO_0018076",0,0.0140639190588715,0,-0.194162444715764,1,0,6,1.66683183414014,1.03990356042967,1.60287155229225,2.2724513867248,0.022977022977023,6,4,0.0580000000000001,68.9655172413792,16.0005198127021,0.000999000999000999,4,16,0.334,47.9041916167664,18.0033147835411,0.000999000999000999,8,2000,1000,970201
3,2,"RF_importance",10,"Tuberculosis","MONDO_0018076",0,0.0140639190588715,0,-0.194162444715764,1,0,6,1.78856205565984,1.03990356042967,1.71993069715123,2.71369167257372,0.011988011988012,8,4,0.0580000000000001,68.9655172413792,16.0005198127021,0.000999000999000999,4,22,0.444,49.5495495495495,20.9377894138039,0.000999000999000999,9,2000,1000,970201
3,2,"GS_full_ungrouped",20,"Tuberculosis","MONDO_0018076",0,0.0180266253170348,0,-0.219564925003222,1,0,6,1.67162152274542,1.04218465829917,1.60395905795954,3.2050045205315,0.00599400599400599,13,17,0.247,68.8259109311741,26.676704737661,0.000999000999000999,10,58,1.416,40.9604519774011,29.0931777993045,0.000999000999000999,16,2000,1000,970202
3,2,"DGE",20,"Tuberculosis","MONDO_0018076",0,0.0180266253170348,0,-0.219564925003222,1,0,6,1.76807311983575,1.04218465829917,1.69650656988294,3.6961225692955,0.003996003996004,14,22,0.247,89.0688259109311,34.6384741931797,0.000999000999000999,10,84,1.886,44.5387062566278,35.7481259624257,0.000999000999000999,18,2000,1000,970202
3,2,"LASSO",20,"Tuberculosis","MONDO_0018076",0,0.0180266253170348,0,-0.219564925003222,1,0,6,1.68523124591135,1.04218465829917,1.61701789840356,3.27430332829733,0.00599400599400599,14,1,0.247,4.04858299595142,1.19904248000112,0.180819180819181,4,8,1.208,6.62251655629139,3.81602909848003,0.010989010989011,15,2000,1000,970202
3,2,"ElasticNet",20,"Tuberculosis","MONDO_0018076",0,0.0180266253170348,0,-0.219564925003222,1,0,6,1.55615322700079,1.04218465829917,1.49316458902821,2.61705610069244,0.00899100899100899,15,5,0.247,20.2429149797571,7.5684580444161,0.001998001998002,7,36,1.614,22.3048327137546,16.1962039356973,0.000999000999000999,17,2000,1000,970202
3,2,"mRMR",20,"Tuberculosis","MONDO_0018076",0,0.0180266253170348,0,-0.219564925003222,1,0,6,1.28011450729085,1.04218465829917,1.22829912827538,1.21150552924568,0.114885114885115,17,0,0.247,0,-0.393311411102625,1,5,6,1.886,3.1813361611877,1.79101968250748,0.0889110889110889,18,2000,1000,970202
3,2,"Boruta",20,"Tuberculosis","MONDO_0018076",0,0.0180266253170348,0,-0.219564925003222,1,0,6,1.84342507223519,1.04218465829917,1.76880849046813,4.07980417695533,0.001998001998002,13,13,0.247,52.6315789473684,20.307289173246,0.000999000999000999,8,56,1.416,39.5480225988701,28.06485962458,0.000999000999000999,16,2000,1000,970202
3,2,"RF_importance",20,"Tuberculosis","MONDO_0018076",0,0.0180266253170348,0,-0.219564925003222,1,0,6,1.88208162193963,1.04218465829917,1.80590033345066,4.27663792399026,0.001998001998002,15,12,0.247,48.582995951417,18.7149352821423,0.000999000999000999,8,56,1.416,39.5480225988701,28.06485962458,0.000999000999000999,16,2000,1000,970202
3,2,"GS_full_ungrouped",50,"Tuberculosis","MONDO_0018076",0,0.0517768678721245,0,-0.36921946977108,1,0,6,1.23169909464762,1.03594985309388,1.18895629066323,1.58321440825513,0.0639360639360639,32,30,1.687,17.78304682869,14.8632153634697,0.000999000999000999,17,86,7.508,11.4544485881726,13.9778223605294,0.000999000999000999,36,2000,1000,970203
3,2,"DGE",50,"Tuberculosis","MONDO_0018076",0,0.0517768678721245,0,-0.36921946977108,1,0,6,1.66656436491912,1.03594985309388,1.60873073145568,5.10039259029463,0.000999000999000999,31,76,1.687,45.050385299348,39.0114125421371,0.000999000999000999,20,196,7.976,24.5737211634905,34.0805203226466,0.000999000999000999,37,2000,1000,970203
3,2,"LASSO",50,"Tuberculosis","MONDO_0018076",0,0.0517768678721245,0,-0.36921946977108,1,0,6,1.24478111693051,1.03594985309388,1.20158433655158,1.68902143975619,0.0539460539460539,27,2,1.687,1.185536455246,0.164312732976584,0.397602397602398,7,20,4.904,4.07830342577488,3.7214294209473,0.010989010989011,29,2000,1000,970203
3,2,"ElasticNet",50,"Tuberculosis","MONDO_0018076",0,0.0517768678721245,0,-0.36921946977108,1,0,6,1.33987492256218,1.03594985309388,1.29337816744761,2.45813748851767,0.012987012987013,31,18,1.687,10.669828097214,8.56368566468696,0.000999000999000999,15,72,8.762,8.21730198584798,11.1540233077709,0.000999000999000999,39,2000,1000,970203
3,2,"mRMR",50,"Tuberculosis","MONDO_0018076",0,0.0517768678721245,0,-0.36921946977108,1,0,6,1.18985326246206,1.03594985309388,1.14856260552433,1.24476648418782,0.107892107892108,34,8,1.687,4.742145820984,3.31407758236798,0.020979020979021,14,38,8.728,4.35380384967919,4.89763152428249,0.001998001998002,38,2000,1000,970203
3,2,"Boruta",50,"Tuberculosis","MONDO_0018076",0,0.0517768678721245,0,-0.36921946977108,1,0,6,1.63027303002528,1.03594985309388,1.5736987897208,4.80686928546499,0.000999000999000999,35,36,1.687,21.339656194428,18.0129802128611,0.000999000999000999,15,124,7.976,15.5466399197593,21.0300721711842,0.000999000999000999,37,2000,1000,970203
3,2,"RF_importance",50,"Tuberculosis","MONDO_0018076",0,0.0517768678721245,0,-0.36921946977108,1,0,6,1.71016391692086,1.03594985309388,1.65081727828179,5.45302455134191,0.000999000999000999,30,53,1.687,31.416716064019,26.9373139528034,0.000999000999000999,17,168,5.982,28.0842527582748,35.8854107557189,0.000999000999000999,32,2000,1000,970203
3,2,"GS_full_ungrouped",100,"Tuberculosis","MONDO_0018076",0.517448705798367,0.110550874897818,4.68063872200599,2.06663683433208,0.0769230769230769,1,6,1.20167543264903,1.03767950072057,1.15804102501261,1.8779991417105,0.041958041958042,64,53,6.49,8.16640986132512,9.73431679283784,0.000999000999000999,22,184,28.742,6.40178136524946,12.1613262995717,0.000999000999000999,70,2000,1000,970204
3,2,"DGE",100,"Tuberculosis","MONDO_0018076",0,0.110550874897818,0,-0.561488641081769,1,0,6,1.46422000100614,1.03767950072057,1.41105225649093,4.88452782957164,0.000999000999000999,61,127,6.49,19.5685670261941,25.2221568846461,0.000999000999000999,29,278,26.836,10.3592189596065,20.5198440433162,0.000999000999000999,68,2000,1000,970204
3,2,"LASSO",100,"Tuberculosis","MONDO_0018076",0,0.110550874897818,0,-0.561488641081769,1,0,6,1.18818531860628,1.03767950072057,1.14504075466577,1.7235171231876,0.0529470529470529,55,9,6.49,1.38674884437596,0.525330792303225,0.285714285714286,17,56,18.282,3.0631221966962,3.84116597038937,0.004995004995005,56,2000,1000,970204
3,2,"ElasticNet",100,"Tuberculosis","MONDO_0018076",0,0.110550874897818,0,-0.561488641081769,1,0,6,1.15107332284047,1.03767950072057,1.10927634403604,1.29852916540233,0.0969030969030969,54,19,6.49,2.92758089368259,2.61828215606109,0.026973026973027,19,86,21.478,4.00409721575566,6.38732892405946,0.000999000999000999,61,2000,1000,970204
3,2,"mRMR",100,"Tuberculosis","MONDO_0018076",0,0.110550874897818,0,-0.561488641081769,1,0,6,1.16870728982778,1.03767950072057,1.12626999860383,1.50046450902765,0.0729270729270729,63,22,6.49,3.38983050847458,3.24616756518845,0.013986013986014,20,102,27.668,3.68656932196039,6.05048092059318,0.000999000999000999,69,2000,1000,970204
3,2,"Boruta",100,"Tuberculosis","MONDO_0018076",0.37384265801021,0.110550874897818,3.38163454930368,1.33726074664191,0.156843156843157,1,6,1.54681497034981,1.03767950072057,1.49064809440265,5.83036398363362,0.000999000999000999,71,84,6.49,12.9429892141757,16.2224660204872,0.000999000999000999,28,250,30.722,8.13749104875985,16.6760434837538,0.000999000999000999,72,2000,1000,970204
3,2,"RF_importance",100,"Tuberculosis","MONDO_0018076",0,0.110550874897818,0,-0.561488641081769,1,0,6,1.48547845672325,1.03767950072057,1.43153878985922,5.12796899985769,0.000999000999000999,64,121,6.49,18.6440677966102,23.9663860663913,0.000999000999000999,28,266,26.836,9.912058428976,19.5394562149658,0.000999000999000999,68,2000,1000,970204
3,2,"GS_full_ungrouped",200,"Tuberculosis","MONDO_0018076",0.891291363808577,0.214764714873944,4.15008286781057,2.48269003119897,0.02997002997003,2,6,1.18395797739677,1.03810105065184,1.14050359225949,2.40508708217712,0.010989010989011,126,137,26.149,5.23920608818693,9.07536177583773,0.000999000999000999,41,374,95.294,3.92469620332865,9.98200735507222,0.000999000999000999,128,2000,1000,970205
3,2,"DGE",200,"Tuberculosis","MONDO_0018076",0,0.214764714873944,0,-0.788134831806675,1,0,6,1.25203496875339,1.03810105065184,1.20608197821129,3.5276329643593,0.001998001998002,134,198,26.149,7.57199128073731,14.0694264962832,0.000999000999000999,51,394,101.362,3.88705826641148,11.0723921918751,0.000999000999000999,132,2000,1000,970205
3,2,"LASSO",200,"Tuberculosis","MONDO_0018076",0.313525828545287,0.214764714873944,1.45985726160515,0.362429525530255,0.40959040959041,1,6,1.09310024556214,1.03810105065184,1.05298057917942,0.906901414700924,0.175824175824176,110,43,26.149,1.64442234884699,1.3795899115447,0.0849150849150849,35,206,73.01,2.82153129708259,5.84018805291118,0.000999000999000999,111,2000,1000,970205
3,2,"ElasticNet",200,"Tuberculosis","MONDO_0018076",0.313525828545287,0.214764714873944,1.45985726160515,0.362429525530255,0.40959040959041,1,6,1.10113133997932,1.03810105065184,1.06071691121775,1.03932900569414,0.144855144855145,111,48,26.149,1.83563424987571,1.78893947879433,0.050949050949051,36,212,79.728,2.65904073851094,5.68133797305899,0.000999000999000999,117,2000,1000,970205
3,2,"mRMR",200,"Tuberculosis","MONDO_0018076",0.830974534343654,0.214764714873944,3.86923212610319,2.26134177912064,0.042957042957043,2,6,1.12673987083552,1.03810105065184,1.08538554134785,1.46159723888871,0.0779220779220779,121,92,26.149,3.51829897892845,5.39121567059106,0.001998001998002,38,270,97.762,2.76180929195393,5.97069157012235,0.000999000999000999,129,2000,1000,970205
3,2,"Boruta",200,"Tuberculosis","MONDO_0018076",0.891291363808577,0.214764714873944,4.15008286781057,2.48269003119897,0.02997002997003,2,6,1.29433232045319,1.03810105065184,1.24682690537733,4.22508913907632,0.000999000999000999,142,176,26.149,6.73065891621094,12.2682884003848,0.000999000999000999,46,438,118.192,3.70583457425206,9.93983604672992,0.000999000999000999,142,2000,1000,970205
3,2,"RF_importance",200,"Tuberculosis","MONDO_0018076",0.37384265801021,0.214764714873944,1.74070800331254,0.583777777608587,0.301698301698302,1,6,1.31487986764237,1.03810105065184,1.26662030330934,4.56390500074293,0.000999000999000999,134,199,26.149,7.61023366094306,14.1512964097331,0.000999000999000999,47,400,100.22,3.9912193175015,10.6109417004481,0.000999000999000999,131,2000,1000,970205
3,2,"GS_full_ungrouped",500,"Tuberculosis","MONDO_0018076",0.891291363808577,0.546609612385382,1.63058121118474,0.89242928158102,0.196803196803197,2,6,1.1494079974624,1.03914251325283,1.1061119940752,3.17693746599731,0.001998001998002,327,368,167.53,2.19662150062675,4.59065564215369,0.000999000999000999,83,940,611.484,1.53724381995277,3.54693619477209,0.003996003996004,322,2000,1000,970206
3,2,"DGE",500,"Tuberculosis","MONDO_0018076",0.830974534343654,0.546609612385382,1.52023403086037,0.736260570692302,0.243756243756244,2,6,1.13506148033721,1.03914251325283,1.09230588284192,2.76358973448977,0.003996003996004,325,398,167.53,2.37569390556915,5.27763957623166,0.000999000999000999,85,936,605.992,1.54457484587255,3.76969926971061,0.000999000999000999,320,2000,1000,970206
3,2,"LASSO",500,"Tuberculosis","MONDO_0018076",1.51835718856414,0.546609612385382,2.77777257143007,2.51599043960569,0.00999000999000999,4,6,1.09878890741272,1.03914251325283,1.05739962844286,1.71851477982029,0.044955044955045,301,270,167.53,1.61165164448159,2.34650812416566,0.011988011988012,78,974,498.422,1.95416735216343,5.6947845286294,0.000999000999000999,289,2000,1000,970206
3,2,"ElasticNet",500,"Tuberculosis","MONDO_0018076",1.51835718856414,0.546609612385382,2.77777257143007,2.51599043960569,0.00999000999000999,4,6,1.09150285013405,1.03914251325283,1.05038802302229,1.50859098985163,0.0629370629370629,298,290,167.53,1.73103324777652,2.80449741355097,0.003996003996004,81,988,492.53,2.00596917954236,6.19939585422019,0.000999000999000999,290,2000,1000,970206
3,2,"mRMR",500,"Tuberculosis","MONDO_0018076",1.14451453055393,0.546609612385382,2.09384267056577,1.54805949073812,0.0869130869130869,3,6,1.10019191464194,1.03914251325283,1.05874978707012,1.75893782120567,0.041958041958042,293,251,167.53,1.4982391213514,1.91141829924961,0.037962037962038,77,868,494.668,1.75471225144946,4.69362179068263,0.000999000999000999,288,2000,1000,970206
3,2,"Boruta",500,"Tuberculosis","MONDO_0018076",1.20481719235386,0.546609612385382,2.20416393172467,1.70419151955988,0.0699300699300699,3,6,1.18474299615503,1.03914251325283,1.14011599087254,4.19499930114243,0.000999000999000999,314,387,167.53,2.31003402375694,5.02574546706974,0.000999000999000999,84,1066,604.336,1.76391940907045,5.10317499752543,0.000999000999000999,319,2000,1000,970206
3,2,"RF_importance",500,"Tuberculosis","MONDO_0018076",1.20481719235386,0.546609612385382,2.20416393172467,1.70419151955988,0.0699300699300699,3,6,1.15017761247475,1.03914251325283,1.10685261916034,3.19911139272195,0.001998001998002,305,306,167.53,1.82653853041246,3.17088884505922,0.001998001998002,74,872,528.872,1.64879214630383,4.13649384283731,0.000999000999000999,298,2000,1000,970206
3,3,"GS_full_ungrouped",10,"Tuberculosis","MONDO_0018076",0,0.0101956705812599,0,-0.162768717850489,1,0,6,2.26533286457979,1.04478659275494,2.16822543502063,4.0722875931758,0.001998001998002,7,4,0.065,61.5384615384615,14.3829930287613,0.000999000999000999,5,16,0.344,46.5116279069767,15.6351669901063,0.001998001998002,8,2000,1000,970301
3,3,"DGE",10,"Tuberculosis","MONDO_0018076",0,0.0101956705812599,0,-0.162768717850489,1,0,6,1.94655189902156,1.04478659275494,1.86310956947563,3.00869188939108,0.00999000999000999,6,7,0.065,107.692307692308,25.3484260875374,0.000999000999000999,5,36,0.344,104.651162790698,35.6085535385303,0.000999000999000999,8,2000,1000,970301
3,3,"LASSO",10,"Tuberculosis","MONDO_0018076",0,0.0101956705812599,0,-0.162768717850489,1,0,6,0.835576080848236,1.04478659275494,0.799757660217437,-0.698019724173035,0.729270729270729,4,0,0.065,0,-0.237584382940149,1,0,2,0.232000000000001,8.62068965517239,2.50364993066801,0.106893106893107,6,2000,1000,970301
3,3,"ElasticNet",10,"Tuberculosis","MONDO_0018076",0,0.0101956705812599,0,-0.162768717850489,1,0,6,0.946333103105313,1.04478659275494,0.90576689026032,-0.328484821641036,0.583416583416583,5,0,0.065,0,-0.237584382940149,1,1,2,0.232000000000001,8.62068965517239,2.50364993066801,0.106893106893107,6,2000,1000,970301
3,3,"mRMR",10,"Tuberculosis","MONDO_0018076",0,0.0101956705812599,0,-0.162768717850489,1,0,6,0.982426339182262,1.04478659275494,0.940312927056004,-0.208061662874617,0.524475524475524,6,0,0.065,0,-0.237584382940149,1,3,2,0.344,5.81395348837209,1.65379640620951,0.142857142857143,8,2000,1000,970301
3,3,"Boruta",10,"Tuberculosis","MONDO_0018076",0,0.0101956705812599,0,-0.162768717850489,1,0,6,1.1498141233443,1.04478659275494,1.10052534299127,0.350418758906631,0.332667332667333,5,1,0.065,15.3846153846154,3.41755996998522,0.0599400599400599,4,8,0.344,23.2558139534884,7.64581237073671,0.001998001998002,8,2000,1000,970301
3,3,"RF_importance",10,"Tuberculosis","MONDO_0018076",0,0.0101956705812599,0,-0.162768717850489,1,0,6,1.35089661215323,1.04478659275494,1.29298808150967,1.02131976715534,0.151848151848152,5,1,0.065,15.3846153846154,3.41755996998522,0.0599400599400599,4,8,0.344,23.2558139534884,7.64581237073671,0.001998001998002,8,2000,1000,970301
3,3,"GS_full_ungrouped",20,"Tuberculosis","MONDO_0018076",0,0.025193625982778,0,-0.247206249901271,1,0,6,1.84444474251243,1.04603735803995,1.76326851840983,4.00335035253749,0.001998001998002,14,13,0.315,41.2698412698413,16.6224749924405,0.000999000999000999,9,60,1.39,43.1654676258993,30.6377812843993,0.000999000999000999,16,2000,1000,970302
3,3,"DGE",20,"Tuberculosis","MONDO_0018076",0,0.025193625982778,0,-0.247206249901271,1,0,6,1.72360839619391,1.04603735803995,1.64775032454251,3.39745637029032,0.002997002997003,13,18,0.315,57.1428571428572,23.174495091944,0.000999000999000999,9,72,1.562,46.0947503201024,33.7627024875123,0.000999000999000999,17,2000,1000,970302
3,3,"LASSO",20,"Tuberculosis","MONDO_0018076",0,0.025193625982778,0,-0.247206249901271,1,0,6,1.01599200324581,1.04603735803995,0.971276977286515,-0.150652516555424,0.525474525474525,10,0,0.315,0,-0.412777266268722,1,3,14,1.158,12.0898100172712,7.46174297283608,0.000999000999000999,14,2000,1000,970302
3,3,"ElasticNet",20,"Tuberculosis","MONDO_0018076",0,0.025193625982778,0,-0.247206249901271,1,0,6,1.11466897765739,1.04603735803995,1.06561105976754,0.344130607925486,0.334665334665335,9,1,0.315,3.17460317460318,0.897626753631984,0.216783216783217,3,20,0.76,26.3157894736842,14.9509073814282,0.000999000999000999,12,2000,1000,970302
3,3,"mRMR",20,"Tuberculosis","MONDO_0018076",0,0.025193625982778,0,-0.247206249901271,1,0,6,0.944168652050692,1.04603735803995,0.902614657874039,-0.510787009195913,0.667332667332667,10,1,0.315,3.17460317460318,0.897626753631984,0.216783216783217,6,6,0.937999999999999,6.39658848614073,3.19468183611266,0.024975024975025,13,2000,1000,970302
3,3,"Boruta",20,"Tuberculosis","MONDO_0018076",0,0.025193625982778,0,-0.247206249901271,1,0,6,1.61439094279084,1.04603735803995,1.54333966218555,2.84982149229712,0.00899100899100899,13,9,0.315,28.5714285714286,11.3808589128376,0.000999000999000999,9,36,1.278,28.169014084507,18.5750597125241,0.000999000999000999,15,2000,1000,970302
3,3,"RF_importance",20,"Tuberculosis","MONDO_0018076",0,0.025193625982778,0,-0.247206249901271,1,0,6,1.41452627922867,1.04603735803995,1.3522712820498,1.84766609282015,0.047952047952048,13,18,0.315,57.1428571428572,23.174495091944,0.000999000999000999,12,28,1.562,17.9257362355954,12.6723974043109,0.000999000999000999,17,2000,1000,970302
3,3,"GS_full_ungrouped",50,"Tuberculosis","MONDO_0018076",0,0.0573955581180681,0,-0.405261501750825,1,0,6,1.29411106787045,1.03793443889554,1.24681388281856,2.00381915309942,0.02997002997003,34,33,1.8,18.3333333333333,15.1159876523755,0.000999000999000999,17,120,9.266,12.9505719835959,17.6144188054036,0.000999000999000999,39,2000,1000,970303
3,3,"DGE",50,"Tuberculosis","MONDO_0018076",0,0.0573955581180681,0,-0.405261501750825,1,0,6,1.49467558555894,1.03793443889554,1.44004816638459,3.57263916445065,0.000999000999000999,33,101,1.8,56.1111111111111,48.0610889460145,0.000999000999000999,23,178,9.266,19.2100151090006,26.8404586008902,0.000999000999000999,39,2000,1000,970303
3,3,"LASSO",50,"Tuberculosis","MONDO_0018076",0,0.0573955581180681,0,-0.405261501750825,1,0,6,1.09863051838247,1.03793443889554,1.05847775852925,0.474766051378783,0.31968031968032,27,2,1.8,1.11111111111111,0.0968973567459971,0.41958041958042,10,36,5.998,6.00200066688896,6.82157222008909,0.000999000999000999,32,2000,1000,970303
3,3,"ElasticNet",50,"Tuberculosis","MONDO_0018076",0,0.0573955581180681,0,-0.405261501750825,1,0,6,1.18451472584297,1.03793443889554,1.14122306906341,1.14655418656805,0.127872127872128,29,4,1.8,2.22222222222222,1.06587092420597,0.15984015984016,12,38,6.272,6.05867346938776,6.59896325049789,0.000999000999000999,33,2000,1000,970303
3,3,"mRMR",50,"Tuberculosis","MONDO_0018076",0,0.0573955581180681,0,-0.405261501750825,1,0,6,1.06945842707437,1.03793443889554,1.03037184912409,0.246581319879123,0.387612387612388,31,11,1.8,6.11111111111111,4.45727841031586,0.00799200799200799,14,40,6.806,5.877167205407,6.85004576994142,0.000999000999000999,34,2000,1000,970303
3,3,"Boruta",50,"Tuberculosis","MONDO_0018076",0,0.0573955581180681,0,-0.405261501750825,1,0,6,1.53623253680596,1.03793443889554,1.4800862937361,3.89769853925159,0.000999000999000999,36,65,1.8,36.1111111111111,30.6195647317351,0.000999000999000999,20,114,9.266,12.3030433844161,16.6600008955257,0.000999000999000999,39,2000,1000,970303
3,3,"RF_importance",50,"Tuberculosis","MONDO_0018076",0,0.0573955581180681,0,-0.405261501750825,1,0,6,1.64011636861376,1.03793443889554,1.58017337815575,4.71028012683361,0.000999000999000999,36,78,1.8,43.3333333333333,36.9178929202249,0.000999000999000999,21,162,8.338,19.4291196929719,28.1224721443844,0.000999000999000999,38,2000,1000,970303
3,3,"GS_full_ungrouped",100,"Tuberculosis","MONDO_0018076",0,0.10688634474683,0,-0.546002211075919,1,0,6,1.25919559513997,1.03373254550707,1.21810578627212,2.44968516832196,0.010989010989011,63,127,6.741,18.8399347277852,25.1486702551548,0.000999000999000999,32,220,29.276,7.51468779887963,14.7103019739958,0.000999000999000999,70,2000,1000,970304
3,3,"DGE",100,"Tuberculosis","MONDO_0018076",0,0.10688634474683,0,-0.546002211075919,1,0,6,1.35354544601042,1.03373254550707,1.30937683242475,3.47480848980218,0.000999000999000999,62,173,6.741,25.6638480937546,34.7682316329904,0.000999000999000999,34,302,27.188,11.1078416948654,23.485839886308,0.000999000999000999,68,2000,1000,970304
3,3,"LASSO",100,"Tuberculosis","MONDO_0018076",0,0.10688634474683,0,-0.546002211075919,1,0,6,1.11394622257729,1.03373254550707,1.07759616103687,0.871531966481513,0.180819180819181,50,10,6.741,1.48345942738466,0.681525011529695,0.234765234765235,19,64,17.252,3.70971481567355,5.2973003383449,0.001998001998002,54,2000,1000,970304
3,3,"ElasticNet",100,"Tuberculosis","MONDO_0018076",0,0.10688634474683,0,-0.546002211075919,1,0,6,1.12135324029019,1.03373254550707,1.08476147448772,0.952010171058022,0.15984015984016,50,7,6.741,1.03842159916926,0.0541623129752039,0.447552447552448,15,62,16.63,3.7282020444979,5.20720814843689,0.001998001998002,53,2000,1000,970304
3,3,"mRMR",100,"Tuberculosis","MONDO_0018076",0,0.10688634474683,0,-0.546002211075919,1,0,6,1.0980901084125,1.03373254550707,1.06225746029295,0.699253237173372,0.237762237762238,58,37,6.741,5.48879988132324,6.32778929852011,0.000999000999000999,24,134,25.46,5.26315789473684,9.13703975685079,0.000999000999000999,66,2000,1000,970304
3,3,"Boruta",100,"Tuberculosis","MONDO_0018076",0,0.10688634474683,0,-0.546002211075919,1,0,6,1.37133342854404,1.03373254550707,1.32658436121054,3.66807721857139,0.000999000999000999,69,88,6.741,13.054442960985,16.9929551739465,0.000999000999000999,27,176,27.188,6.47344416654406,12.7176935692811,0.000999000999000999,68,2000,1000,970304
3,3,"RF_importance",100,"Tuberculosis","MONDO_0018076",0,0.10688634474683,0,-0.546002211075919,1,0,6,1.33727113601543,1.03373254550707,1.29363358233001,3.2979860087601,0.001998001998002,68,148,6.741,21.955199525293,29.5402091450363,0.000999000999000999,34,236,28.03,8.41955048162683,16.9933227745204,0.000999000999000999,69,2000,1000,970304
3,3,"GS_full_ungrouped",200,"Tuberculosis","MONDO_0018076",0,0.220439255633852,0,-0.797809377918206,1,0,6,1.38940221505896,1.03716630611703,1.33961372141045,5.76103617059777,0.000999000999000999,130,206,28.119,7.32600732600733,13.8856457268804,0.000999000999000999,46,366,89.642,4.08290756565003,10.6729913418881,0.000999000999000999,122,2000,1000,970305
3,3,"DGE",200,"Tuberculosis","MONDO_0018076",0,0.220439255633852,0,-0.797809377918206,1,0,6,1.26434812232931,1.03716630611703,1.21904087596406,3.71569913025772,0.000999000999000999,130,247,28.119,8.78409616273694,17.0861644714461,0.000999000999000999,52,448,100.304,4.46642207688627,13.0714340507942,0.000999000999000999,130,2000,1000,970305
3,3,"LASSO",200,"Tuberculosis","MONDO_0018076",0.313539996210273,0.220439255633852,1.42234192956567,0.336948352095561,0.344655344655345,1,6,1.07299238236881,1.03716630611703,1.03454226775444,0.585957637757831,0.27972027972028,110,39,28.119,1.3869625520111,0.849386450234625,0.200799200799201,33,202,71.322,2.83222568071563,6.08339360319193,0.000999000999000999,109,2000,1000,970305
3,3,"ElasticNet",200,"Tuberculosis","MONDO_0018076",0,0.220439255633852,0,-0.797809377918206,1,0,6,1.08724928198644,1.03716630611703,1.04828827891345,0.819138049784695,0.205794205794206,109,34,28.119,1.2091468402148,0.459079286263195,0.28971028971029,31,200,71.322,2.8041838422927,5.99028851123778,0.000999000999000999,109,2000,1000,970305
3,3,"mRMR",200,"Tuberculosis","MONDO_0018076",0.830974534343654,0.220439255633852,3.76963046783235,2.20963716060464,0.041958041958042,2,6,1.16486317251134,1.03716630611703,1.1231209167143,2.08856123834582,0.018981018981019,118,183,28.119,6.50805505174437,12.0902327726118,0.000999000999000999,43,290,89.912,3.22537592312483,7.69434652657654,0.000999000999000999,123,2000,1000,970305
3,3,"Boruta",200,"Tuberculosis","MONDO_0018076",0,0.220439255633852,0,-0.797809377918206,1,0,6,1.32620665563799,1.03716630611703,1.27868274144296,4.72743370587752,0.000999000999000999,132,235,28.119,8.35733845442583,16.1494272779147,0.000999000999000999,53,416,97.048,4.2865386200643,11.2215979851957,0.000999000999000999,128,2000,1000,970305
3,3,"RF_importance",200,"Tuberculosis","MONDO_0018076",0,0.220439255633852,0,-0.797809377918206,1,0,6,1.3179825687482,1.03716630611703,1.2707533603579,4.59292367768493,0.000999000999000999,136,241,28.119,8.57071730858139,16.6177958746804,0.000999000999000999,52,390,102.402,3.80851936485616,10.2438076495444,0.000999000999000999,132,2000,1000,970305
3,3,"GS_full_ungrouped",500,"Tuberculosis","MONDO_0018076",0.294492953883129,0.549569820817233,0.535860854668485,-0.651692968153,0.832167832167832,1,6,1.16180549803729,1.03592637005433,1.12151358592827,3.61001514741353,0.000999000999000999,322,433,177.687,2.43686932639979,5.53670942613175,0.000999000999000999,87,854,597.196,1.43001627606347,2.84867460312861,0.00999000999000999,316,2000,1000,970306
3,3,"DGE",500,"Tuberculosis","MONDO_0018076",1.12546748822678,0.549569820817233,2.04790628159524,1.47135435971728,0.103896103896104,3,6,1.17387701894907,1.03592637005433,1.13316646132631,3.95620735609925,0.000999000999000999,326,534,177.687,3.00528457343531,7.72699214592787,0.000999000999000999,90,982,571.286,1.71892887275375,4.72073345296,0.000999000999000999,308,2000,1000,970306
3,3,"LASSO",500,"Tuberculosis","MONDO_0018076",1.00090848276577,0.549569820817233,1.82125809105998,1.15311998215593,0.130869130869131,3,6,1.13101268992059,1.03592637005433,1.09178868558127,2.72692590526575,0.00599400599400599,296,314,177.687,1.76715235216983,2.95607929092642,0.00999000999000999,81,1082,466.342,2.32018561484919,7.91595803358303,0.000999000999000999,280,2000,1000,970306
3,3,"ElasticNet",500,"Tuberculosis","MONDO_0018076",1.00090848276577,0.549569820817233,1.82125809105998,1.15311998215593,0.130869130869131,3,6,1.13648014846011,1.03592637005433,1.0970665303177,2.88372400564817,0.003996003996004,296,318,177.687,1.78966384710193,3.04282316101736,0.00899100899100899,82,1092,466.342,2.34162910482007,8.04453523120871,0.000999000999000999,280,2000,1000,970306
3,3,"mRMR",500,"Tuberculosis","MONDO_0018076",1.51835718856414,0.549569820817233,2.76281034920418,2.47514375876043,0.011988011988012,4,6,1.14504204579528,1.03592637005433,1.10533149738744,3.12926573735418,0.002997002997003,287,364,177.687,2.04854603882107,4.04037766706311,0.001998001998002,83,926,461.656,2.00582251719895,5.92395719309917,0.000999000999000999,276,2000,1000,970306
3,3,"Boruta",500,"Tuberculosis","MONDO_0018076",1.18578431769171,0.549569820817233,2.15765908675334,1.62545713703314,0.0889110889110889,3,6,1.16962518313429,1.03592637005433,1.12906208099804,3.83427140101572,0.000999000999000999,305,491,177.687,2.76328600291524,6.79449554245031,0.000999000999000999,92,946,512.606,1.84547196092125,5.40311946679207,0.000999000999000999,292,2000,1000,970306
3,3,"RF_importance",500,"Tuberculosis","MONDO_0018076",1.30262866125499,0.549569820817233,2.37026963983927,1.92398141320092,0.037962037962038,4,6,1.16032257467321,1.03592637005433,1.12008209098139,3.56748724074172,0.000999000999000999,309,519,177.687,2.92086646743994,7.40170263308686,0.000999000999000999,87,1084,520.256,2.08358961741912,6.85522893224117,0.000999000999000999,295,2000,1000,970306
3,4,"GS_full_ungrouped",10,"Tuberculosis","MONDO_0018076",0,0.00882020926247202,0,-0.154207003037734,1,0,6,1.86111178075871,1.04249765508434,1.7852431338161,2.85705590690237,0.013986013986014,7,4,0.059,67.7966101694916,15.1591963510011,0.000999000999000999,4,20,0.354,56.4971751412429,23.2926346532246,0.000999000999000999,8,2000,1000,970401
3,4,"DGE",10,"Tuberculosis","MONDO_0018076",0,0.00882020926247202,0,-0.154207003037734,1,0,6,2.09490109529954,1.04249765508434,2.00950197353687,3.67300706280174,0.001998001998002,9,12,0.059,203.389830508475,45.9314802403714,0.000999000999000999,7,36,0.6,60,30.8900839523846,0.000999000999000999,10,2000,1000,970401
3,4,"LASSO",10,"Tuberculosis","MONDO_0018076",0,0.00882020926247202,0,-0.154207003037734,1,0,6,1.17954905197587,1.04249765508434,1.13146446538572,0.47832487952195,0.267732267732268,5,1,0.059,16.9491525423729,3.61958989248719,0.0549450549450549,4,6,0.308,19.4805194805195,6.8137921317035,0.00599400599400599,7,2000,1000,970401
3,4,"ElasticNet",10,"Tuberculosis","MONDO_0018076",0,0.00882020926247202,0,-0.154207003037734,1,0,6,1.23948981002221,1.04249765508434,1.1889617247359,0.687524906090549,0.212787212787213,5,1,0.059,16.9491525423729,3.61958989248719,0.0549450549450549,4,8,0.308,25.974025974026,9.20795661930135,0.000999000999000999,7,2000,1000,970401
3,4,"mRMR",10,"Tuberculosis","MONDO_0018076",0,0.00882020926247202,0,-0.154207003037734,1,0,6,0.755396247626323,1.04249765508434,0.724602347009797,-1.0020163912786,0.871128871128871,6,0,0.059,0,-0.226945593684106,1,3,0,0.308,0,-0.36870133109007,1,7,2000,1000,970401
3,4,"Boruta",10,"Tuberculosis","MONDO_0018076",0,0.00882020926247202,0,-0.154207003037734,1,0,6,1.99470595571156,1.04249765508434,1.91339131170533,3.32331469074924,0.00999000999000999,9,10,0.059,169.491525423729,38.2384092680288,0.000999000999000999,7,28,0.6,46.6666666666667,23.9092740196423,0.000999000999000999,10,2000,1000,970401
3,4,"RF_importance",10,"Tuberculosis","MONDO_0018076",0,0.00882020926247202,0,-0.154207003037734,1,0,6,1.70782222284039,1.04249765508434,1.63820245974771,2.32205800840386,0.02997002997003,8,10,0.059,169.491525423729,38.2384092680288,0.000999000999000999,7,18,0.6,30,15.1832616037145,0.000999000999000999,10,2000,1000,970401
3,4,"GS_full_ungrouped",20,"Tuberculosis","MONDO_0018076",0,0.0257243225858955,0,-0.255983092780325,1,0,6,1.61808741194974,1.04601573870095,1.54690541650859,2.91143040979699,0.00599400599400599,15,17,0.238,71.4285714285713,28.8445893941523,0.000999000999000999,9,58,2.01,28.8557213930348,23.0550213118208,0.000999000999000999,17,2000,1000,970402
3,4,"DGE",20,"Tuberculosis","MONDO_0018076",0,0.0257243225858955,0,-0.255983092780325,1,0,6,1.7217892995316,1.04601573870095,1.64604530871581,3.43919789624598,0.002997002997003,15,28,0.238,117.647058823529,47.7737436320521,0.000999000999000999,11,62,2.01,30.8457711442786,24.7021026700506,0.000999000999000999,17,2000,1000,970402
3,4,"LASSO",20,"Tuberculosis","MONDO_0018076",0,0.0257243225858955,0,-0.255983092780325,1,0,6,1.37496264328027,1.04601573870095,1.31447605653414,1.6741014561375,0.0619380619380619,11,4,0.238,16.8067226890756,6.47377074936172,0.003996003996004,7,14,1.262,11.0935023771791,6.89319345319748,0.000999000999000999,14,2000,1000,970402
3,4,"ElasticNet",20,"Tuberculosis","MONDO_0018076",0,0.0257243225858955,0,-0.255983092780325,1,0,6,1.37348040969919,1.04601573870095,1.31305902854284,1.66655796093547,0.0619380619380619,12,7,0.238,29.4117647058823,11.636267359698,0.000999000999000999,8,26,1.446,17.9806362378976,12.393726913097,0.000999000999000999,15,2000,1000,970402
3,4,"mRMR",20,"Tuberculosis","MONDO_0018076",0,0.0257243225858955,0,-0.255983092780325,1,0,6,0.99038051921498,1.04601573870095,0.946812253938868,-0.283142965194068,0.574425574425574,10,0,0.238,0,-0.409558064420014,1,5,0,1.096,0,-0.679529329273913,1,13,2000,1000,970402
3,4,"Boruta",20,"Tuberculosis","MONDO_0018076",0,0.0257243225858955,0,-0.255983092780325,1,0,6,1.73563526843759,1.04601573870095,1.65928217351019,3.50966384799824,0.002997002997003,17,17,0.238,71.4285714285713,28.8445893941523,0.000999000999000999,10,48,1.996,24.0480961923848,19.5992637594681,0.000999000999000999,18,2000,1000,970402
3,4,"RF_importance",20,"Tuberculosis","MONDO_0018076",0,0.0257243225858955,0,-0.255983092780325,1,0,6,1.81064614872398,1.04601573870095,1.73099321715046,3.8914148909947,0.001998001998002,16,22,0.238,92.4369747899158,37.4487504113795,0.000999000999000999,10,54,2.01,26.865671641791,21.4079399535911,0.000999000999000999,17,2000,1000,970402
3,4,"GS_full_ungrouped",50,"Tuberculosis","MONDO_0018076",0,0.0527047659770706,0,-0.381546311448336,1,0,6,1.2730238149155,1.04139284174354,1.22242420332384,1.78015729008242,0.047952047952048,34,34,1.669,20.3714799281007,16.9249332265168,0.000999000999000999,18,86,9.554,9.0014653548252,13.1415472382393,0.000999000999000999,38,2000,1000,970403
3,4,"DGE",50,"Tuberculosis","MONDO_0018076",0,0.0527047659770706,0,-0.381546311448336,1,0,6,1.40051802119028,1.04139284174354,1.34485082386919,2.75999058972854,0.00699300699300699,33,63,1.669,37.7471539844218,32.1061235258885,0.000999000999000999,20,146,10.288,14.1912908242613,21.6945768696059,0.000999000999000999,39,2000,1000,970403
3,4,"LASSO",50,"Tuberculosis","MONDO_0018076",0,0.0527047659770706,0,-0.381546311448336,1,0,6,1.12724746033918,1.04139284174354,1.08244210556691,0.659819898381305,0.243756243756244,25,4,1.669,2.39664469742361,1.22025360647709,0.143856143856144,9,24,5.224,4.59418070444104,4.18237227293741,0.00699300699300699,28,2000,1000,970403
3,4,"ElasticNet",50,"Tuberculosis","MONDO_0018076",0,0.0527047659770706,0,-0.381546311448336,1,0,6,1.13756185705616,1.04139284174354,1.09234653001034,0.739089299433698,0.213786213786214,32,31,1.669,18.573996405033,15.3544652645128,0.000999000999000999,17,70,8.8,7.95454545454545,10.7636557158607,0.000999000999000999,36,2000,1000,970403
3,4,"mRMR",50,"Tuberculosis","MONDO_0018076",0,0.0527047659770706,0,-0.381546311448336,1,0,6,1.07258920976033,1.04139284174354,1.02995638798953,0.239753955132594,0.394605394605395,31,20,1.669,11.983223487118,9.59608273716494,0.000999000999000999,17,38,7.214,5.26753534793457,6.14696922601161,0.000999000999000999,33,2000,1000,970403
3,4,"Boruta",50,"Tuberculosis","MONDO_0018076",0,0.0527047659770706,0,-0.381546311448336,1,0,6,1.70508606789495,1.04139284174354,1.63731302880883,5.10069235876603,0.000999000999000999,37,30,1.669,17.9748352306771,14.8309759438448,0.000999000999000999,15,94,8.39,11.2038140643623,15.1329298264995,0.000999000999000999,35,2000,1000,970403
3,4,"RF_importance",50,"Tuberculosis","MONDO_0018076",0,0.0527047659770706,0,-0.381546311448336,1,0,6,1.4858595058934,1.04139284174354,1.42680019137228,3.41586689184955,0.001998001998002,35,47,1.669,28.1605751947274,23.7302943952007,0.000999000999000999,16,104,8.39,12.3957091775924,16.9005889582014,0.000999000999000999,35,2000,1000,970403
3,4,"GS_full_ungrouped",100,"Tuberculosis","MONDO_0018076",0.313525828545287,0.104689922223757,2.99480429334141,1.07571621375517,0.21978021978022,1,6,1.22572648380803,1.04106044242808,1.17738263202975,2.1139242493828,0.022977022977023,54,62,6.93,8.94660894660895,11.0312172765267,0.000999000999000999,23,152,25.812,5.88873392220673,10.5884669514236,0.000999000999000999,62,2000,1000,970404
3,4,"DGE",100,"Tuberculosis","MONDO_0018076",0,0.104689922223757,0,-0.539259022725125,1,0,6,1.370088435052,1.04106044242808,1.31605080667221,3.76647621368777,0.000999000999000999,67,170,6.93,24.5310245310245,32.6649827725297,0.000999000999000999,34,306,36.6,8.36065573770492,18.9932634751748,0.000999000999000999,73,2000,1000,970404
3,4,"LASSO",100,"Tuberculosis","MONDO_0018076",0,0.104689922223757,0,-0.539259022725125,1,0,6,1.15838676745179,1.04106044242808,1.11269885997211,1.34306752722497,0.0869130869130869,49,10,6.93,1.44300144300144,0.614959815488234,0.230769230769231,18,58,18.246,3.17877891044613,4.35280731813703,0.001998001998002,52,2000,1000,970404
3,4,"ElasticNet",100,"Tuberculosis","MONDO_0018076",0.517448705798367,0.104689922223757,4.94267924559544,2.12612535689843,0.0609390609390609,1,6,1.12922966895318,1.04106044242808,1.08469174596574,1.00929799874387,0.147852147852148,60,55,6.93,7.93650793650794,9.62902877215615,0.000999000999000999,22,138,30.268,4.55927051671733,8.31288871898975,0.000999000999000999,67,2000,1000,970404
3,4,"mRMR",100,"Tuberculosis","MONDO_0018076",0,0.104689922223757,0,-0.539259022725125,1,0,6,1.09756766703036,1.04106044242808,1.05427852437701,0.646854134411718,0.252747252747253,56,42,6.93,6.06060606060606,7.02496440689653,0.000999000999000999,21,90,25.46,3.53495679497251,5.87316931183247,0.000999000999000999,61,2000,1000,970404
3,4,"Boruta",100,"Tuberculosis","MONDO_0018076",0,0.104689922223757,0,-0.539259022725125,1,0,6,1.45172622978752,1.04106044242808,1.39446872690853,4.7010070709474,0.000999000999000999,71,70,6.93,10.1010101010101,12.6337184243788,0.000999000999000999,28,200,30.268,6.60763843002511,13.096974232833,0.000999000999000999,67,2000,1000,970404
3,4,"RF_importance",100,"Tuberculosis","MONDO_0018076",0.517448705798367,0.104689922223757,4.94267924559544,2.12612535689843,0.0609390609390609,1,6,1.4698496799681,1.04106044242808,1.41187737048191,4.90847131576962,0.000999000999000999,69,124,6.93,17.8932178932179,23.4506011723803,0.000999000999000999,29,270,28.544,9.45908071748879,20.279838215121,0.000999000999000999,65,2000,1000,970404
3,4,"GS_full_ungrouped",200,"Tuberculosis","MONDO_0018076",0.313525828545287,0.221058748843533,1.41829188026032,0.332439207334215,0.416583416583417,1,6,1.30205659315796,1.0438593860849,1.2473486472555,4.30760338888534,0.000999000999000999,125,171,29.114,5.87346293879233,11.0627356597899,0.000999000999000999,47,346,95.196,3.63460649607126,9.74824904025648,0.000999000999000999,118,2000,1000,970405
3,4,"DGE",200,"Tuberculosis","MONDO_0018076",0,0.221058748843533,0,-0.794754149010321,1,0,6,1.28105501259499,1.0438593860849,1.22722948097417,3.95722593658631,0.000999000999000999,130,238,29.114,8.17476128323144,16.2866709966513,0.000999000999000999,50,414,115.362,3.58870338586363,9.51807781651802,0.000999000999000999,130,2000,1000,970405
3,4,"LASSO",200,"Tuberculosis","MONDO_0018076",0.313525828545287,0.221058748843533,1.41829188026032,0.332439207334215,0.416583416583417,1,6,1.09041776391924,1.0438593860849,1.04460215471067,0.776751338303429,0.228771228771229,101,45,29.114,1.54564814178746,1.23861845912509,0.12987012987013,32,186,69.334,2.68266651282199,5.35908573867678,0.000999000999000999,99,2000,1000,970405
3,4,"ElasticNet",200,"Tuberculosis","MONDO_0018076",0.517448705798367,0.221058748843533,2.34077460632251,1.0655861812625,0.184815184815185,1,6,1.08598539923404,1.0438593860849,1.0403560227658,0.702804492188482,0.257742257742258,107,75,29.114,2.57608023631243,3.57769398309289,0.002997002997003,33,230,84.912,2.70868664028641,5.91695605423096,0.000999000999000999,112,2000,1000,970405
3,4,"mRMR",200,"Tuberculosis","MONDO_0018076",0.830974534343654,0.221058748843533,3.75906648658283,2.19277953760703,0.035964035964036,2,6,1.20035381660147,1.0438593860849,1.14991907205387,2.61085682094194,0.004995004995005,117,140,29.114,4.8086831077832,8.6456909516898,0.000999000999000999,36,234,96.764,2.4182547228308,5.06680593066968,0.000999000999000999,119,2000,1000,970405
3,4,"Boruta",200,"Tuberculosis","MONDO_0018076",0.313525828545287,0.221058748843533,1.41829188026032,0.332439207334215,0.416583416583417,1,6,1.33519447905796,1.0438593860849,1.27909419300786,4.86045549453542,0.000999000999000999,127,232,29.114,7.96867486432644,15.8188558918577,0.000999000999000999,49,518,100.366,5.16111033616962,15.2187913138207,0.000999000999000999,121,2000,1000,970405
3,4,"RF_importance",200,"Tuberculosis","MONDO_0018076",0.517448705798367,0.221058748843533,2.34077460632251,1.0655861812625,0.184815184815185,1,6,1.32147927426072,1.0438593860849,1.26595525400893,4.63163945375182,0.000999000999000999,130,257,29.114,8.82736827643058,17.7680854951642,0.000999000999000999,48,490,106.05,4.62046204620462,12.9938261379756,0.000999000999000999,125,2000,1000,970405
3,4,"GS_full_ungrouped",500,"Tuberculosis","MONDO_0018076",1.49931014623699,0.566185447921547,2.64809021803885,2.3813203669478,0.023976023976024,4,6,1.14444379730259,1.04005114495756,1.10037261422302,2.92292196244647,0.001998001998002,304,489,182.815,2.67483521592867,6.74095886982407,0.000999000999000999,92,926,591.012,1.56680405812403,3.7237597633967,0.001998001998002,293,2000,1000,970406
3,4,"DGE",500,"Tuberculosis","MONDO_0018076",1.12546748822678,0.566185447921547,1.98780716169648,1.42727945777377,0.110889110889111,3,6,1.16077521373853,1.04005114495756,1.11607512704185,3.38019031137843,0.000999000999000999,318,410,182.815,2.24270437327353,5.00169747323018,0.000999000999000999,79,920,594.62,1.54720661935354,3.62587250329876,0.000999000999000999,294,2000,1000,970406
3,4,"LASSO",500,"Tuberculosis","MONDO_0018076",1.51835718856414,0.566185447921547,2.68173121392998,2.42992813599049,0.013986013986014,4,6,1.10753448201139,1.04005114495756,1.06488463320387,1.88948669798984,0.031968031968032,291,316,182.815,1.72852337062057,2.9321965709539,0.004995004995005,77,1128,560.776,2.01149835228326,6.7134818295949,0.000999000999000999,285,2000,1000,970406
3,4,"ElasticNet",500,"Tuberculosis","MONDO_0018076",1.51835718856414,0.566185447921547,2.68173121392998,2.42992813599049,0.013986013986014,4,6,1.08502579786591,1.04005114495756,1.04324273198141,1.25925913161732,0.108891108891109,288,328,182.815,1.79416349861882,3.1963881754998,0.003996003996004,76,1128,565.238,1.99561954433354,6.50663307910263,0.000999000999000999,287,2000,1000,970406
3,4,"mRMR",500,"Tuberculosis","MONDO_0018076",1.20481719235386,0.566185447921547,2.12795506627152,1.62977872383137,0.0759240759240759,3,6,1.13422402880868,1.04005114495756,1.09054639698028,2.63677552291312,0.00599400599400599,290,354,182.815,1.93638377594836,3.76880331868261,0.000999000999000999,79,966,553.196,1.74621653084983,4.95672495242313,0.000999000999000999,283,2000,1000,970406
3,4,"Boruta",500,"Tuberculosis","MONDO_0018076",1.49931014623699,0.566185447921547,2.64809021803885,2.3813203669478,0.023976023976024,4,6,1.20297679205113,1.04005114495756,1.15665157226496,4.56180527496912,0.000999000999000999,297,509,182.815,2.78423542925909,7.18127821073392,0.000999000999000999,84,1216,526.416,2.30996018358105,8.20598422567364,0.000999000999000999,277,2000,1000,970406
3,4,"RF_importance",500,"Tuberculosis","MONDO_0018076",1.49931014623699,0.566185447921547,2.64809021803885,2.3813203669478,0.023976023976024,4,6,1.17346071759949,1.04005114495756,1.128272127086,3.73537563340054,0.000999000999000999,288,415,182.815,2.27005442660613,5.11177730845764,0.000999000999000999,77,1090,538.5,2.02414113277623,6.4039310363425,0.000999000999000999,280,2000,1000,970406
3,5,"GS_full_ungrouped",10,"Tuberculosis","MONDO_0018076",0,0.0117100882556279,0,-0.17531284206733,1,0,5,2.25681432009365,1.02491932461525,2.20194337826623,4.36922997756066,0.002997002997003,7,7,0.0760000000000002,92.1052631578946,22.0816232242034,0.000999000999000999,5,24,0.39,61.5384615384616,24.0360302025762,0.000999000999000999,8,2000,1000,970501
3,5,"DGE",10,"Tuberculosis","MONDO_0018076",0,0.0117100882556279,0,-0.17531284206733,1,0,5,2.04269187509437,1.02491932461525,1.99302698859853,3.60979008293219,0.002997002997003,7,7,0.0760000000000002,92.1052631578946,22.0816232242034,0.000999000999000999,5,32,0.486,65.843621399177,28.5663327604645,0.000999000999000999,9,2000,1000,970501
3,5,"LASSO",10,"Tuberculosis","MONDO_0018076",0,0.0117100882556279,0,-0.17531284206733,1,0,5,1.0882980287826,1.02491932461525,1.06183774922103,0.224788748394404,0.347652347652348,8,0,0.0760000000000002,0,-0.242374836083111,1,3,4,0.39,10.2564102564103,3.67514057735282,0.026973026973027,8,2000,1000,970501
3,5,"ElasticNet",10,"Tuberculosis","MONDO_0018076",0,0.0117100882556279,0,-0.17531284206733,1,0,5,1.29661111207155,1.02491932461525,1.2650860228031,0.963624259184609,0.164835164835165,7,3,0.0760000000000002,39.4736842105262,9.32505290403966,0.003996003996004,5,20,0.486,41.1522633744856,17.6887547593992,0.000999000999000999,9,2000,1000,970501
3,5,"mRMR",10,"Tuberculosis","MONDO_0018076",0,0.0117100882556279,0,-0.17531284206733,1,0,5,1.2662252967236,1.02491932461525,1.23543899145324,0.855853210679516,0.186813186813187,7,0,0.0760000000000002,0,-0.242374836083111,1,3,4,0.274,14.5985401459854,5.00832927561188,0.010989010989011,7,2000,1000,970501
3,5,"Boruta",10,"Tuberculosis","MONDO_0018076",0,0.0117100882556279,0,-0.17531284206733,1,0,5,1.87560919680573,1.02491932461525,1.83000666663186,3.01718872535761,0.00999000999000999,7,10,0.0760000000000002,131.578947368421,31.6490509643261,0.000999000999000999,5,26,0.486,53.4979423868313,23.1275437599319,0.000999000999000999,9,2000,1000,970501
3,5,"RF_importance",10,"Tuberculosis","MONDO_0018076",0,0.0117100882556279,0,-0.17531284206733,1,0,5,1.7366166594923,1.02491932461525,1.69439351740608,2.52421622127562,0.018981018981019,6,6,0.0760000000000002,78.9473684210525,18.8924806441624,0.000999000999000999,4,24,0.486,49.3827160493827,21.3146140930876,0.000999000999000999,9,2000,1000,970501
3,5,"GS_full_ungrouped",20,"Tuberculosis","MONDO_0018076",0,0.0193562682537228,0,-0.218757243820942,1,0,5,1.62373602348035,1.03534994302812,1.5682968202339,2.99393866634228,0.00599400599400599,14,19,0.283,67.1378091872792,25.6748622758821,0.000999000999000999,10,54,1.784,30.2690582959641,24.4151510995338,0.000999000999000999,17,2000,1000,970502
3,5,"DGE",20,"Tuberculosis","MONDO_0018076",0,0.0193562682537228,0,-0.218757243820942,1,0,5,1.83555766427658,1.03534994302812,1.77288623681,4.07177007979188,0.000999000999000999,15,21,0.283,74.2049469964664,28.4183427776593,0.000999000999000999,10,84,1.912,43.9330543933054,34.6951601614115,0.000999000999000999,18,2000,1000,970502
3,5,"LASSO",20,"Tuberculosis","MONDO_0018076",0,0.0193562682537228,0,-0.218757243820942,1,0,5,1.32650605432158,1.03534994302812,1.28121517101928,1.48151625013519,0.0739260739260739,14,0,0.283,0,-0.388202491001476,1,5,8,1.236,6.47249190938511,3.87728600509728,0.00699300699300699,14,2000,1000,970502
3,5,"ElasticNet",20,"Tuberculosis","MONDO_0018076",0,0.0193562682537228,0,-0.218757243820942,1,0,5,1.556336144106,1.03534994302812,1.50319817428505,2.65098170038114,0.011988011988012,16,12,0.283,42.4028268551237,16.0726805196618,0.000999000999000999,8,56,1.912,29.2887029288703,22.8607326626355,0.000999000999000999,18,2000,1000,970502
3,5,"mRMR",20,"Tuberculosis","MONDO_0018076",0,0.0193562682537228,0,-0.218757243820942,1,0,5,1.00005003538412,1.03534994302812,0.96590533675913,-0.17961974615791,0.535464535464535,12,0,0.283,0,-0.388202491001476,1,5,8,1.12,7.14285714285715,4.09667501358734,0.012987012987013,13,2000,1000,970502
3,5,"Boruta",20,"Tuberculosis","MONDO_0018076",0,0.0193562682537228,0,-0.218757243820942,1,0,5,1.6554694767899,1.03534994302812,1.59894679855595,3.1554108969685,0.00599400599400599,15,16,0.283,56.5371024734982,21.5596415232163,0.000999000999000999,9,38,1.912,19.8744769874477,15.2528864134224,0.000999000999000999,18,2000,1000,970502
3,5,"RF_importance",20,"Tuberculosis","MONDO_0018076",0,0.0193562682537228,0,-0.218757243820942,1,0,5,1.5435673688708,1.03534994302812,1.49086536321842,2.58600917440104,0.012987012987013,15,25,0.283,88.339222614841,33.9053037812137,0.000999000999000999,10,40,2.316,17.2711571675302,14.6388183288135,0.000999000999000999,19,2000,1000,970502
3,5,"GS_full_ungrouped",50,"Tuberculosis","MONDO_0018076",0.517448705798367,0.0501710870838965,10.3136833557759,3.37417160554041,0.031968031968032,1,5,1.43812519280059,1.03631258153188,1.38773302421432,3.24077686680183,0.002997002997003,36,56,1.761,31.8001135718342,26.0951494133337,0.000999000999000999,23,144,10.446,13.7851809304997,20.3990910036452,0.000999000999000999,40,2000,1000,970503
3,5,"DGE",50,"Tuberculosis","MONDO_0018076",0,0.0501710870838965,0,-0.362281116573273,1,0,5,1.44256709899182,1.03631258153188,1.3920192852039,3.27660258860678,0.002997002997003,33,76,1.761,43.1572969903464,35.7174320562046,0.000999000999000999,21,156,10.09,15.4608523290387,22.6689344171476,0.000999000999000999,39,2000,1000,970503
3,5,"LASSO",50,"Tuberculosis","MONDO_0018076",0,0.0501710870838965,0,-0.362281116573273,1,0,5,1.00825621048232,1.03631258153188,0.972926729300067,-0.226285675745043,0.558441558441558,28,1,1.761,0.567859170925611,-0.366127854561237,0.689310689310689,9,18,5.792,3.10773480662984,2.76483472857834,0.025974025974026,30,2000,1000,970503
3,5,"ElasticNet",50,"Tuberculosis","MONDO_0018076",0,0.0501710870838965,0,-0.362281116573273,1,0,5,1.14322364696678,1.03631258153188,1.10316488223743,0.862279823852649,0.187812187812188,32,25,1.761,14.1964792731403,11.1806113168838,0.000999000999000999,15,84,8.268,10.1596516690856,13.4704592769323,0.000999000999000999,36,2000,1000,970503
3,5,"mRMR",50,"Tuberculosis","MONDO_0018076",0.313525828545287,0.0501710870838965,6.2491336498451,1.90166199970823,0.126873126873127,1,5,1.13077213978581,1.03631258153188,1.09114967813505,0.761853517417201,0.220779220779221,29,10,1.761,5.67859170925611,3.96389933473066,0.011988011988012,11,32,7.6,4.21052631578947,4.56281280695203,0.002997002997003,34,2000,1000,970503
3,5,"Boruta",50,"Tuberculosis","MONDO_0018076",0,0.0501710870838965,0,-0.362281116573273,1,0,5,1.58514607419199,1.03631258153188,1.52960226715459,4.42655814391416,0.000999000999000999,38,42,1.761,23.8500851788757,19.3595515633241,0.000999000999000999,21,110,10.09,10.9018830525273,15.5222619259627,0.000999000999000999,39,2000,1000,970503
3,5,"RF_importance",50,"Tuberculosis","MONDO_0018076",0,0.0501710870838965,0,-0.362281116573273,1,0,5,1.40599086317296,1.03631258153188,1.35672468734734,2.98160085000485,0.003996003996004,38,58,1.761,32.9358319136854,27.0573776776208,0.000999000999000999,20,134,11.298,11.8605062842981,18.5684496991507,0.000999000999000999,41,2000,1000,970503
3,5,"GS_full_ungrouped",100,"Tuberculosis","MONDO_0018076",0.517448705798367,0.0983447198216324,5.26158096476214,2.14120862670015,0.0749250749250749,1,5,1.34383337187245,1.0368769732173,1.29603936299472,3.42421192702187,0.001998001998002,72,122,7.327,16.6507438242118,21.4581606446614,0.000999000999000999,37,236,37.228,6.33931449446653,14.5031164598948,0.000999000999000999,76,2000,1000,970504
3,5,"DGE",100,"Tuberculosis","MONDO_0018076",0,0.0983447198216324,0,-0.502444666522875,1,0,5,1.40676395257545,1.0368769732173,1.35673179066792,4.12622578293666,0.001998001998002,60,170,7.327,23.2018561484919,30.4401503976438,0.000999000999000999,33,300,28.182,10.6450926123057,22.3150302026563,0.000999000999000999,65,2000,1000,970504
3,5,"LASSO",100,"Tuberculosis","MONDO_0018076",0,0.0983447198216324,0,-0.502444666522875,1,0,5,1.14234216671499,1.0368769732173,1.10171427876389,1.17650316149999,0.121878121878122,53,16,7.327,2.18370410809335,1.622933273492,0.0869130869130869,20,60,19.208,3.12369845897543,4.21287875001083,0.001998001998002,54,2000,1000,970504
3,5,"ElasticNet",100,"Tuberculosis","MONDO_0018076",0.830974534343654,0.0983447198216324,8.44961006397487,3.74301684431931,0.010989010989011,2,5,1.22662571173088,1.0368769732173,1.18300024343757,2.11671721587242,0.02997002997003,60,56,7.327,7.64296437832673,9.10792473431065,0.000999000999000999,25,168,30.706,5.47124340519768,10.2086371394276,0.000999000999000999,68,2000,1000,970504
3,5,"mRMR",100,"Tuberculosis","MONDO_0018076",0.830974534343654,0.0983447198216324,8.44961006397487,3.74301684431931,0.010989010989011,2,5,1.14588219214379,1.0368769732173,1.10512840167359,1.21599345180956,0.113886113886114,56,49,7.327,6.68759383103589,7.79805122866738,0.000999000999000999,22,122,25.81,4.72685005811701,8.07055239792655,0.000999000999000999,62,2000,1000,970504
3,5,"Boruta",100,"Tuberculosis","MONDO_0018076",0.830974534343654,0.0983447198216324,8.44961006397487,3.74301684431931,0.010989010989011,2,5,1.54885286836033,1.0368769732173,1.4937672533651,5.71128008465465,0.000999000999000999,75,110,7.327,15.0129657431418,19.2126632064158,0.000999000999000999,34,256,35.688,7.17327953373683,14.974011551205,0.000999000999000999,73,2000,1000,970504
3,5,"RF_importance",100,"Tuberculosis","MONDO_0018076",0,0.0983447198216324,0,-0.502444666522875,1,0,5,1.50339116936844,1.0368769732173,1.44992241915027,5.20413805212899,0.000999000999000999,68,160,7.327,21.8370410809335,28.5689025324391,0.000999000999000999,34,256,28.686,8.92421390225197,18.8957756979441,0.000999000999000999,66,2000,1000,970504
3,5,"GS_full_ungrouped",200,"Tuberculosis","MONDO_0018076",0.517448705798367,0.195933627257078,2.64093873543943,1.22463044782654,0.171828171828172,1,5,1.26688116371505,1.04142834812997,1.21648423147872,3.70677421765883,0.000999000999000999,135,183,28.273,6.47260637357196,12.1306514505308,0.000999000999000999,53,380,115.044,3.30308403741177,8.15584627421477,0.000999000999000999,132,2000,1000,970505
3,5,"DGE",200,"Tuberculosis","MONDO_0018076",0.313525828545287,0.195933627257078,1.60016344786962,0.447901201952477,0.418581418581419,1,5,1.29674658968139,1.04142834812997,1.24516160138129,4.19780552584694,0.000999000999000999,131,275,28.273,9.72659427722562,19.3434839454982,0.000999000999000999,53,426,114.166,3.73140865056146,10.3968464766528,0.000999000999000999,131,2000,1000,970505
3,5,"LASSO",200,"Tuberculosis","MONDO_0018076",0.37384265801021,0.195933627257078,1.90800662062824,0.677644162109226,0.276723276723277,1,5,1.04911558184833,1.04142834812997,1.00738143313667,0.126389371888572,0.448551448551449,109,35,28.273,1.23793018073781,0.527399176017892,0.266733266733267,32,178,74.564,2.38721098653506,4.82257145835833,0.000999000999000999,105,2000,1000,970505
3,5,"ElasticNet",200,"Tuberculosis","MONDO_0018076",0.830974534343654,0.195933627257078,4.24110218330905,2.41883035147832,0.037962037962038,2,5,1.1313866581987,1.04142834812997,1.08637974012351,1.47904626323501,0.0719280719280719,121,135,28.273,4.7748735542744,8.36743449663469,0.000999000999000999,39,344,110.138,3.12335433728595,7.67563392221465,0.000999000999000999,130,2000,1000,970505
3,5,"mRMR",200,"Tuberculosis","MONDO_0018076",0.830974534343654,0.195933627257078,4.24110218330905,2.41883035147832,0.037962037962038,2,5,1.14011940513474,1.04142834812997,1.09476509563234,1.62262540243476,0.050949050949051,117,166,28.273,5.87132600007074,10.7978454460259,0.000999000999000999,42,318,100.546,3.16273148608597,7.79295645032469,0.000999000999000999,123,2000,1000,970505
3,5,"Boruta",200,"Tuberculosis","MONDO_0018076",1.20481719235386,0.195933627257078,6.14910880393729,3.84277321528685,0.00599400599400599,3,5,1.42033745748052,1.04142834812997,1.36383598548179,6.2298202563218,0.000999000999000999,133,244,28.273,8.63014183142928,16.913072996107,0.000999000999000999,50,556,111.836,4.97156550663472,15.2020879669952,0.000999000999000999,129,2000,1000,970505
3,5,"RF_importance",200,"Tuberculosis","MONDO_0018076",1.20481719235386,0.195933627257078,6.14910880393729,3.84277321528685,0.00599400599400599,3,5,1.42982652185573,1.04142834812997,1.37294757188354,6.38583436102242,0.000999000999000999,139,243,28.273,8.59477239769391,16.8346726429008,0.000999000999000999,49,564,114.166,4.94017483313771,14.9978996452557,0.000999000999000999,131,2000,1000,970505
3,5,"GS_full_ungrouped",500,"Tuberculosis","MONDO_0018076",0.83098870200864,0.477966321202072,1.738592585182,0.941308257258919,0.188811188811189,2,5,1.1500255060642,1.03861285917087,1.10727062149247,3.15783411894231,0.001998001998002,324,442,182.129,2.42685129770657,5.47804950890251,0.000999000999000999,85,868,616.46,1.40803945105927,2.64514250902617,0.00799200799200799,303,2000,1000,970506
3,5,"DGE",500,"Tuberculosis","MONDO_0018076",0.830974534343654,0.477966321202072,1.73856294362702,0.941270480220513,0.213786213786214,2,5,1.24247524957329,1.03861285917087,1.1962833298301,5.77819152432714,0.000999000999000999,323,501,182.129,2.75079751165383,6.7217624319499,0.000999000999000999,83,1014,615.226,1.6481748170591,4.42132282555724,0.000999000999000999,304,2000,1000,970506
3,5,"LASSO",500,"Tuberculosis","MONDO_0018076",1.51835718856414,0.477966321202072,3.17670329730662,2.77412585566716,0.011988011988012,4,5,1.10662589404612,1.03861285917087,1.06548449142979,1.92773341313302,0.023976023976024,284,287,182.129,1.57580615937056,2.21066810089666,0.025974025974026,79,938,472.118,1.98679143773379,6.00606468035759,0.000999000999000999,267,2000,1000,970506
3,5,"ElasticNet",500,"Tuberculosis","MONDO_0018076",1.51835718856414,0.477966321202072,3.17670329730662,2.77412585566716,0.011988011988012,4,5,1.08622540260901,1.03861285917087,1.04584243591606,1.34951029664099,0.0909090909090909,285,306,182.129,1.68012782148916,2.61118582187802,0.011988011988012,79,1080,546.614,1.97580010757134,5.95642205582892,0.000999000999000999,285,2000,1000,970506
3,5,"mRMR",500,"Tuberculosis","MONDO_0018076",1.51835718856414,0.477966321202072,3.17670329730662,2.77412585566716,0.011988011988012,4,5,1.10531339264884,1.03861285917087,1.06422078533788,1.89053241478093,0.026973026973027,286,344,182.129,1.88877114572638,3.41222126384074,0.000999000999000999,83,1006,534.3,1.88283735728991,5.53209286937209,0.000999000999000999,283,2000,1000,970506
3,5,"Boruta",500,"Tuberculosis","MONDO_0018076",1.20481719235386,0.477966321202072,2.52071566323707,1.93809447788498,0.056943056943057,3,5,1.24570711167543,1.03861285917087,1.19939503990917,5.86979409098737,0.000999000999000999,316,438,182.129,2.40488884252371,5.39372998869591,0.000999000999000999,82,1078,626.788,1.71987976795982,4.60915894676694,0.000999000999000999,305,2000,1000,970506
3,5,"RF_importance",500,"Tuberculosis","MONDO_0018076",1.20481719235386,0.477966321202072,2.52071566323707,1.93809447788498,0.056943056943057,3,5,1.21195672022273,1.03861285917087,1.16689939809742,4.91318691371573,0.000999000999000999,324,534,182.129,2.93198776691246,7.41739847365437,0.000999000999000999,86,1314,595.118,2.20796547911507,7.78636786555388,0.000999000999000999,299,2000,1000,970506
