"repeat_idx","fold_idx","method","k","disease_label","ontology_ids","open_targets_sum","open_targets_expected","open_targets_enrichment","open_targets_z","open_targets_empirical_p","open_targets_overlap","open_targets_pool_targets","GO_semantic_mean_ratio","GO_semantic_expected","GO_semantic_enrichment","GO_semantic_z","GO_semantic_empirical_p","GO_annotated","hallmark_edges","hallmark_expected","hallmark_enrichment","hallmark_z","hallmark_empirical_p","hallmark_annotated","string_edges","string_expected","string_enrichment","string_z","string_empirical_p","string_mapped","pool_size","n_null","null_seed"
1,1,"GS_full_ungrouped",10,"Crohn's disease","MONDO_0005265",0,0.0875278485484563,0,-0.395075819939133,1,0,30,1.35429362951523,1.02373975031619,1.32288858481557,0.831869346999158,0.178821178821179,9,0,0.636,0,-0.577057717571464,1,3,16,1.192,13.4228187919463,7.90319770302502,0.001998001998002,9,2000,1000,950101
1,1,"DGE",10,"Crohn's disease","MONDO_0005265",0,0.0875278485484563,0,-0.395075819939133,1,0,30,1.63342323021931,1.02373975031619,1.59554538125028,1.53432475072479,0.0899100899100899,10,6,0.636,9.43396226415094,4.8668830142348,0.00799200799200799,5,40,1.314,30.441400304414,19.3784237025838,0.000999000999000999,10,2000,1000,950101
1,1,"LASSO",10,"Crohn's disease","MONDO_0005265",0,0.0875278485484563,0,-0.395075819939133,1,0,30,2.00763902233409,1.02373975031619,1.96108339225279,2.47607333155403,0.017982017982018,8,1,0.636,1.57232704402516,0.330265737729579,0.37962037962038,3,0,1.192,0,-0.636183931794018,1,9,2000,1000,950101
1,1,"ElasticNet",10,"Crohn's disease","MONDO_0005265",0,0.0875278485484563,0,-0.395075819939133,1,0,30,2.00590409209457,1.02373975031619,1.95938869373299,2.47170721947289,0.017982017982018,8,0,0.636,0,-0.577057717571464,1,1,2,1.192,1.67785234899329,0.431238772558361,0.402597402597403,9,2000,1000,950101
1,1,"mRMR",10,"Crohn's disease","MONDO_0005265",0,0.0875278485484563,0,-0.395075819939133,1,0,30,2.19261979841585,1.02373975031619,2.14177460408141,2.94159452821761,0.00799200799200799,8,0,0.636,0,-0.577057717571464,1,4,4,1.192,3.35570469798658,1.49866147691074,0.124875124875125,9,2000,1000,950101
1,1,"Boruta",10,"Crohn's disease","MONDO_0005265",0,0.0875278485484563,0,-0.395075819939133,1,0,30,1.78575575428257,1.02373975031619,1.74434542932521,1.91768360776284,0.051948051948052,10,3,0.636,4.71698113207547,2.14491264833167,0.0639360639360639,3,28,1.314,21.3089802130898,13.3674356337474,0.000999000999000999,10,2000,1000,950101
1,1,"RF_importance",10,"Crohn's disease","MONDO_0005265",0,0.0875278485484563,0,-0.395075819939133,1,0,30,1.88806434738202,1.02373975031619,1.84428156355059,2.17515262534106,0.028971028971029,10,3,0.636,4.71698113207547,2.14491264833167,0.0639360639360639,4,30,1.314,22.8310502283105,14.3692669785535,0.000999000999000999,10,2000,1000,950101
1,1,"GS_full_ungrouped",20,"Crohn's disease","MONDO_0005265",0,0.159732653007857,0,-0.564493383056545,1,0,30,1.65620662606856,1.01307074572751,1.63483807330671,2.32502491991435,0.022977022977023,16,3,2.413,1.24326564442602,0.232526699423658,0.368631368631369,6,20,5.032,3.97456279809221,3.32283815653683,0.013986013986014,19,2000,1000,950102
1,1,"DGE",20,"Crohn's disease","MONDO_0005265",0,0.159732653007857,0,-0.564493383056545,1,0,30,1.7682627503491,1.01307074572751,1.74544843764022,2.73012326591724,0.00699300699300699,19,17,2.413,7.0451719850808,5.77830828704073,0.001998001998002,9,98,5.966,16.4264163593698,17.7866749970779,0.000999000999000999,20,2000,1000,950102
1,1,"LASSO",20,"Crohn's disease","MONDO_0005265",0,0.159732653007857,0,-0.564493383056545,1,0,30,1.25176044967288,1.01307074572751,1.23561010418276,0.862896203996072,0.198801198801199,16,3,2.413,1.24326564442602,0.232526699423658,0.368631368631369,6,10,4.496,2.22419928825623,1.30915361669349,0.127872127872128,18,2000,1000,950102
1,1,"ElasticNet",20,"Crohn's disease","MONDO_0005265",0,0.159732653007857,0,-0.564493383056545,1,0,30,1.27364930381902,1.01307074572751,1.25721654602155,0.942027431025648,0.177822177822178,16,2,2.413,0.828843762950683,-0.163600556834705,0.527472527472527,6,8,4.496,1.77935943060498,0.833443726906614,0.208791208791209,18,2000,1000,950102
1,1,"mRMR",20,"Crohn's disease","MONDO_0005265",0,0.159732653007857,0,-0.564493383056545,1,0,30,1.7282545060151,1.01307074572751,1.70595638389893,2.58548794401724,0.013986013986014,16,2,2.413,0.828843762950683,-0.163600556834705,0.527472527472527,6,14,5.032,2.78219395866455,1.99086134338738,0.0629370629370629,19,2000,1000,950102
1,1,"Boruta",20,"Crohn's disease","MONDO_0005265",0,0.159732653007857,0,-0.564493383056545,1,0,30,1.65643207840203,1.01307074572751,1.63506061683037,2.32583996119814,0.022977022977023,18,4,2.413,1.65768752590137,0.62865395568202,0.247752247752248,7,66,4.496,14.6797153024911,14.6290305307261,0.000999000999000999,18,2000,1000,950102
1,1,"RF_importance",20,"Crohn's disease","MONDO_0005265",0,0.159732653007857,0,-0.564493383056545,1,0,30,1.83051287740068,1.01307074572751,1.80689540697984,2.95516606182846,0.00599400599400599,19,9,2.413,3.72979693327807,2.60929023697383,0.033966033966034,9,94,5.032,18.6804451510334,19.7505521853801,0.000999000999000999,19,2000,1000,950102
1,1,"GS_full_ungrouped",50,"Crohn's disease","MONDO_0005265",0.483843053815216,0.415951458184867,1.16321999669532,0.153088872166547,0.468531468531469,1,30,1.19409152732432,1.02069484630369,1.16988101943353,1.00825896944826,0.154845154845155,43,19,15.782,1.20390318083893,0.366673953084224,0.296703296703297,18,66,35.176,1.87627928132818,1.73548963962298,0.0589410589410589,48,2000,1000,950103
1,1,"DGE",50,"Crohn's disease","MONDO_0005265",0,0.415951458184867,0,-0.937929636478991,1,0,30,1.58967022016302,1.02069484630369,1.55743925417062,3.30845158461029,0.000999000999000999,49,92,15.782,5.82942592827272,8.68463497705823,0.000999000999000999,24,452,37.458,12.0668482033211,22.7783589202055,0.000999000999000999,50,2000,1000,950103
1,1,"LASSO",50,"Crohn's disease","MONDO_0005265",0.483843053815216,0.415951458184867,1.16321999669532,0.153088872166547,0.468531468531469,1,30,1.02745160174782,1.02069484630369,1.00661976051765,0.0392888678192337,0.454545454545455,41,24,15.782,1.52071980737549,0.936397310890662,0.177822177822178,18,72,29.698,2.42440568388444,2.83729039226615,0.014985014985015,45,2000,1000,950103
1,1,"ElasticNet",50,"Crohn's disease","MONDO_0005265",0.483843053815216,0.415951458184867,1.16321999669532,0.153088872166547,0.468531468531469,1,30,1.14268019535536,1.02069484630369,1.11951206523029,0.709314743504181,0.235764235764236,42,32,15.782,2.02762640983399,1.84795468338096,0.0659340659340659,20,76,30.964,2.45446324764242,2.92365143723031,0.011988011988012,46,2000,1000,950103
1,1,"mRMR",50,"Crohn's disease","MONDO_0005265",0.483843053815216,0.415951458184867,1.16321999669532,0.153088872166547,0.468531468531469,1,30,1.45753642631303,1.02069484630369,1.42798450642843,2.54012613551686,0.011988011988012,38,10,15.782,0.633633253073121,-0.658828090967366,0.755244755244755,15,62,29.698,2.08768267223382,2.16656787506456,0.038961038961039,45,2000,1000,950103
1,1,"Boruta",50,"Crohn's disease","MONDO_0005265",0.483843053815216,0.415951458184867,1.16321999669532,0.153088872166547,0.468531468531469,1,30,1.29932747423049,1.02069484630369,1.27298328088539,1.62018006708399,0.0549450549450549,43,41,15.782,2.5978963375998,2.87345672743255,0.016983016983017,21,240,35.176,6.82283375028428,11.5322453265682,0.000999000999000999,48,2000,1000,950103
1,1,"RF_importance",50,"Crohn's disease","MONDO_0005265",0.483843053815216,0.415951458184867,1.16321999669532,0.153088872166547,0.468531468531469,1,30,1.6112613019666,1.02069484630369,1.57859257132684,3.43399840454029,0.000999000999000999,47,61,15.782,3.86516284374604,5.15235015865831,0.000999000999000999,24,306,36.694,8.339238022565,15.2284231579251,0.000999000999000999,49,2000,1000,950103
1,1,"GS_full_ungrouped",100,"Crohn's disease","MONDO_0005265",0.483843053815216,0.829101553270258,0.583575138542166,-0.548090952252807,0.744255744255744,1,30,1.23173293685132,1.02961923215283,1.19629946526531,1.70309924291982,0.0599400599400599,78,85,65.531,1.29709603088615,0.809367106231029,0.211788211788212,37,242,124.4,1.94533762057878,2.91589536548896,0.012987012987013,91,2000,1000,950104
1,1,"DGE",100,"Crohn's disease","MONDO_0005265",0,0.829101553270258,0,-1.31618210866189,1,0,30,1.28175637510883,1.02961923215283,1.24488387073812,2.12461880267311,0.027972027972028,94,188,65.531,2.86887122125406,5.091292831322,0.000999000999000999,39,854,144.852,5.89567282467622,15.8093032065316,0.000999000999000999,99,2000,1000,950104
1,1,"LASSO",100,"Crohn's disease","MONDO_0005265",0.483843053815216,0.829101553270258,0.583575138542166,-0.548090952252807,0.744255744255744,1,30,1.17306830486332,1.02961923215283,1.13932244875666,1.2087651725312,0.114885114885115,87,47,65.531,0.717217805313516,-0.770372481666609,0.772227772227772,28,382,132.074,2.89231794297137,5.73613418318745,0.000999000999000999,93,2000,1000,950104
1,1,"ElasticNet",100,"Crohn's disease","MONDO_0005265",0.968196849924593,0.829101553270258,1.16776629606554,0.220810997317935,0.426573426573427,2,30,1.03581230929198,1.02961923215283,1.00601491983225,0.052185600193509,0.453546453546454,83,93,65.531,1.41917565732249,1.1419438615779,0.133866133866134,34,266,124.4,2.13826366559486,3.51097605232345,0.00699300699300699,91,2000,1000,950104
1,1,"mRMR",100,"Crohn's disease","MONDO_0005265",0.483843053815216,0.829101553270258,0.583575138542166,-0.548090952252807,0.744255744255744,1,30,1.28700076898098,1.02961923215283,1.2499773982368,2.16881037912533,0.022977022977023,77,47,65.531,0.717217805313516,-0.770372481666609,0.772227772227772,28,200,117.062,1.70849635236029,2.20928430795318,0.033966033966034,88,2000,1000,950104
1,1,"Boruta",100,"Crohn's disease","MONDO_0005265",0.483843053815216,0.829101553270258,0.583575138542166,-0.548090952252807,0.744255744255744,1,30,1.33180908851939,1.02961923215283,1.29349670920065,2.54638504778144,0.00899100899100899,88,126,65.531,1.9227541163724,2.51382297738374,0.016983016983017,41,626,144.368,4.33614097306882,10.7989299184725,0.000999000999000999,98,2000,1000,950104
1,1,"RF_importance",100,"Crohn's disease","MONDO_0005265",0.483843053815216,0.829101553270258,0.583575138542166,-0.548090952252807,0.744255744255744,1,30,1.49330957999458,1.02961923215283,1.45035128847798,3.90725943862439,0.000999000999000999,89,154,65.531,2.3500328088996,3.67784162109779,0.003996003996004,39,674,144.368,4.66862462595589,11.8751637154102,0.000999000999000999,98,2000,1000,950104
1,1,"GS_full_ungrouped",200,"Crohn's disease","MONDO_0005265",0.986460412292743,1.59197676499832,0.61964498099555,-0.685935822296166,0.747252747252747,2,30,1.12771547069654,1.02449165638187,1.10075612980511,1.17945081576189,0.124875124875125,167,333,257.101,1.29521083154091,1.16239060011814,0.123876123876124,69,986,521.716,1.88991711965897,4.27443759422766,0.000999000999000999,186,2000,1000,950105
1,1,"DGE",200,"Crohn's disease","MONDO_0005265",1.19195311251027,1.59197676499832,0.748725194184303,-0.453151350547796,0.612387612387612,2,30,1.171697799877,1.02449165638187,1.14368701060486,1.68199951903761,0.04995004995005,188,553,257.101,2.15090567520157,4.53168310760825,0.001998001998002,81,1862,602.384,3.09105155515419,10.3642288365451,0.000999000999000999,199,2000,1000,950105
1,1,"LASSO",200,"Crohn's disease","MONDO_0005265",1.47081420840212,1.59197676499832,0.923891755671239,-0.137254324377814,0.554445554445554,3,30,1.23861927570849,1.02449165638187,1.20900865125914,2.44665435944895,0.00699300699300699,181,355,257.101,1.38078031590698,1.49931985086715,0.0799200799200799,65,1830,553.568,3.30582692641193,10.8915512448389,0.000999000999000999,192,2000,1000,950105
1,1,"ElasticNet",200,"Crohn's disease","MONDO_0005265",1.47081420840212,1.59197676499832,0.923891755671239,-0.137254324377814,0.554445554445554,3,30,1.12976257220828,1.02449165638187,1.10275429299073,1.20284130529193,0.117882117882118,174,367,257.101,1.42745458010665,1.68309944218479,0.0589410589410589,69,1554,541.21,2.87134384065335,8.84696769845186,0.000999000999000999,189,2000,1000,950105
1,1,"mRMR",200,"Crohn's disease","MONDO_0005265",0.483843053815216,1.59197676499832,0.303925951969359,-1.25530649172091,0.914085914085914,1,30,1.28314143933591,1.02449165638187,1.25246646113986,2.95537129224678,0.002997002997003,150,226,257.101,0.879031975760499,-0.476310755797499,0.663336663336663,64,664,423.246,1.56882758490334,2.63971037740612,0.00999000999000999,168,2000,1000,950105
1,1,"Boruta",200,"Crohn's disease","MONDO_0005265",1.04053180771015,1.59197676499832,0.653609921066433,-0.624683129594117,0.691308691308691,2,30,1.36778657056851,1.02449165638187,1.33508805274123,3.92253928294143,0.000999000999000999,181,391,257.101,1.520803108506,2.05065862482008,0.038961038961039,79,1506,584.306,2.57741662758897,7.67954323655277,0.000999000999000999,197,2000,1000,950105
1,1,"RF_importance",200,"Crohn's disease","MONDO_0005265",1.04053180771015,1.59197676499832,0.653609921066433,-0.624683129594117,0.691308691308691,2,30,1.32785678805282,1.02449165638187,1.29611283779736,3.46629558691065,0.001998001998002,178,406,257.101,1.57914593875559,2.28038311396713,0.025974025974026,75,1716,584.306,2.93681735255157,9.42926069123522,0.000999000999000999,197,2000,1000,950105
1,1,"GS_full_ungrouped",500,"Crohn's disease","MONDO_0005265",4.3978956913617,3.99149797388675,1.10181583960049,0.311706056950858,0.362637362637363,8,30,0.989457269858721,1.02349378017482,0.966744780500485,-0.715865187225002,0.76023976023976,440,2070,1610.182,1.28556896052744,2.04445375594251,0.025974025974026,178,4892,3432.452,1.42522022157921,3.58669657116509,0.001998001998002,476,2000,1000,950106
1,1,"DGE",500,"Crohn's disease","MONDO_0005265",2.73205549601944,3.99149797388675,0.684468716730696,-0.965989305185122,0.818181818181818,5,30,1.10387439982806,1.02349378017482,1.07853552333216,1.69058716075552,0.047952047952048,455,2737,1610.182,1.69980784780851,5.01008506053184,0.000999000999000999,200,6870,3603.936,1.90624916757678,7.92009466804918,0.000999000999000999,490,2000,1000,950106
1,1,"LASSO",500,"Crohn's disease","MONDO_0005265",3.69397381663198,3.99149797388675,0.925460526548869,-0.228200302112256,0.584415584415584,7,30,1.21451731636792,1.02349378017482,1.18663868788775,4.01765922038607,0.000999000999000999,429,2027,1610.182,1.25886390482567,1.85326613060917,0.038961038961039,162,7460,3256.724,2.29064544616001,10.6426566198886,0.000999000999000999,462,2000,1000,950106
1,1,"ElasticNet",500,"Crohn's disease","MONDO_0005265",3.69397381663198,3.99149797388675,0.925460526548869,-0.228200302112256,0.584415584415584,7,30,1.18407518541542,1.02349378017482,1.15689534059813,3.37739200228854,0.000999000999000999,429,2146,1610.182,1.33276859386082,2.38236676815959,0.010989010989011,167,7070,3230.36,2.18861055733726,9.7719088718258,0.000999000999000999,461,2000,1000,950106
1,1,"mRMR",500,"Crohn's disease","MONDO_0005265",3.69397381663198,3.99149797388675,0.925460526548869,-0.228200302112256,0.584415584415584,7,30,1.2324639523558,1.02349378017482,1.20417336795665,4.39511777334017,0.000999000999000999,418,1923,1610.182,1.19427493289578,1.39085885073317,0.0899100899100899,159,6556,3110.21,2.10789625137852,8.70839268221037,0.000999000999000999,451,2000,1000,950106
1,1,"Boruta",500,"Crohn's disease","MONDO_0005265",2.55609209953912,3.99149797388675,0.64038416560941,-1.10095280061357,0.862137862137862,5,30,1.31790450577808,1.02349378017482,1.28765267684672,6.19212684401779,0.000999000999000999,443,2261,1610.182,1.4041890916679,2.89368251033016,0.004995004995005,187,5948,3484.516,1.7069802520637,5.98949589157281,0.000999000999000999,478,2000,1000,950106
1,1,"RF_importance",500,"Crohn's disease","MONDO_0005265",2.16014996243486,3.99149797388675,0.541187788786825,-1.40463945295082,0.916083916083916,4,30,1.23014221807817,1.02349378017482,1.2019049279108,4.34628642347763,0.000999000999000999,437,2185,1610.182,1.35698945833452,2.55576949811309,0.010989010989011,184,5222,3432.346,1.52140838948055,4.29566349459877,0.000999000999000999,477,2000,1000,950106
1,2,"GS_full_ungrouped",10,"Crohn's disease","MONDO_0005265",0,0.0821924760131777,0,-0.405087632978803,1,0,29,1.98159665683279,1.01346777199785,1.95526361230655,2.40858851700998,0.023976023976024,9,0,0.549,0,-0.597430046061267,1,4,20,0.964,20.746887966805,12.6486614324178,0.000999000999000999,9,2000,1000,950201
1,2,"DGE",10,"Crohn's disease","MONDO_0005265",0,0.0821924760131777,0,-0.405087632978803,1,0,29,1.48486897548189,1.01346777199785,1.46513684648775,1.17278963927405,0.108891108891109,10,6,0.549,10.9289617486339,5.93186007482689,0.002997002997003,5,20,1.286,15.552099533437,10.0875000209703,0.000999000999000999,10,2000,1000,950201
1,2,"LASSO",10,"Crohn's disease","MONDO_0005265",0,0.0821924760131777,0,-0.405087632978803,1,0,29,2.1820969535527,1.01346777199785,2.15309950039273,2.90740920080666,0.010989010989011,9,0,0.549,0,-0.597430046061267,1,2,6,0.964,6.2240663900415,3.34622079079932,0.023976023976024,9,2000,1000,950201
1,2,"ElasticNet",10,"Crohn's disease","MONDO_0005265",0,0.0821924760131777,0,-0.405087632978803,1,0,29,1.8133740691109,1.01346777199785,1.78927650115227,1.99007090077574,0.041958041958042,9,0,0.549,0,-0.597430046061267,1,1,0,0.964,0,-0.640539484180013,1,9,2000,1000,950201
1,2,"mRMR",10,"Crohn's disease","MONDO_0005265",0,0.0821924760131777,0,-0.405087632978803,1,0,29,1.35027137709766,1.01346777199785,1.33232788886406,0.837926962451161,0.176823176823177,9,0,0.549,0,-0.597430046061267,1,4,4,1.286,3.1104199066874,1.46294084946636,0.137862137862138,10,2000,1000,950201
1,2,"Boruta",10,"Crohn's disease","MONDO_0005265",0,0.0821924760131777,0,-0.405087632978803,1,0,29,1.21538448999233,1.01346777199785,1.19923348681965,0.502344569996751,0.267732267732268,10,3,0.549,5.46448087431694,2.66721501438281,0.042957042957043,3,12,1.286,9.33125972006222,5.77522043521835,0.003996003996004,10,2000,1000,950201
1,2,"RF_importance",10,"Crohn's disease","MONDO_0005265",0,0.0821924760131777,0,-0.405087632978803,1,0,29,1.34316237294065,1.01346777199785,1.3253133548518,0.82024061299071,0.184815184815185,10,3,0.549,5.46448087431694,2.66721501438281,0.042957042957043,3,20,1.286,15.552099533437,10.0875000209703,0.000999000999000999,10,2000,1000,950201
1,2,"GS_full_ungrouped",20,"Crohn's disease","MONDO_0005265",0,0.134156996999715,0,-0.483795237854218,1,0,29,1.75455727605396,1.01535450079652,1.72802432517662,2.71683562458706,0.014985014985015,18,0,2.284,0,-0.954899478335735,1,6,26,5.17,5.02901353965184,4.25518165136618,0.004995004995005,19,2000,1000,950202
1,2,"DGE",20,"Crohn's disease","MONDO_0005265",0,0.134156996999715,0,-0.483795237854218,1,0,29,1.78790822181125,1.01535450079652,1.76087092774856,2.83941232556811,0.010989010989011,20,18,2.284,7.88091068301226,6.57057802168319,0.000999000999000999,9,130,5.508,23.602033405955,25.7900362912643,0.000999000999000999,20,2000,1000,950202
1,2,"LASSO",20,"Crohn's disease","MONDO_0005265",0,0.134156996999715,0,-0.483795237854218,1,0,29,1.33061626393193,1.01535450079652,1.31049427848903,1.15870018055344,0.130869130869131,18,0,2.284,0,-0.954899478335735,1,3,14,5.17,2.70793036750484,1.80380479988302,0.0679320679320679,19,2000,1000,950202
1,2,"ElasticNet",20,"Crohn's disease","MONDO_0005265",0,0.134156996999715,0,-0.483795237854218,1,0,29,1.44975955074441,1.01535450079652,1.42783584413828,1.59659454036534,0.0699300699300699,18,0,2.284,0,-0.954899478335735,1,3,14,5.17,2.70793036750484,1.80380479988302,0.0679320679320679,19,2000,1000,950202
1,2,"mRMR",20,"Crohn's disease","MONDO_0005265",0,0.134156996999715,0,-0.483795237854218,1,0,29,1.61295026628705,1.01535450079652,1.58855873985069,2.19637901686937,0.022977022977023,17,0,2.284,0,-0.954899478335735,1,4,14,5.508,2.54175744371823,1.75922138117643,0.0719280719280719,20,2000,1000,950202
1,2,"Boruta",20,"Crohn's disease","MONDO_0005265",0,0.134156996999715,0,-0.483795237854218,1,0,29,1.35475758679914,1.01535450079652,1.33427052890037,1.24742821051446,0.113886113886114,20,6,2.284,2.62697022767075,1.55359302167057,0.0999000999000999,6,60,5.508,10.8932461873638,11.2886824662113,0.000999000999000999,20,2000,1000,950202
1,2,"RF_importance",20,"Crohn's disease","MONDO_0005265",0,0.134156996999715,0,-0.483795237854218,1,0,29,1.37622551577133,1.01535450079652,1.35541381329547,1.3263305579758,0.105894105894106,20,12,2.284,5.2539404553415,4.06208552167688,0.00699300699300699,8,58,5.508,10.5301379811184,10.8743580712097,0.000999000999000999,20,2000,1000,950202
1,2,"GS_full_ungrouped",50,"Crohn's disease","MONDO_0005265",0.483843053815216,0.41423495660603,1.16804013301897,0.152101613135132,0.464535464535465,1,29,1.31997297327125,1.02464879435626,1.28821990572928,1.67546218098858,0.056943056943057,42,20,14.417,1.38725116182285,0.682418178200123,0.237762237762238,17,90,33.382,2.69606374692948,3.49033162932823,0.00999000999000999,48,2000,1000,950203
1,2,"DGE",50,"Crohn's disease","MONDO_0005265",0,0.41423495660603,0,-0.905150516144607,1,0,29,1.48814180396637,1.02464879435626,1.45234329280726,2.62953413299033,0.00899100899100899,48,75,14.417,5.20219185683568,7.4051478577643,0.000999000999000999,25,354,36.204,9.77792509115015,19.3153876336491,0.000999000999000999,50,2000,1000,950203
1,2,"LASSO",50,"Crohn's disease","MONDO_0005265",0,0.41423495660603,0,-0.905150516144607,1,0,29,1.04639056290806,1.02464879435626,1.02121875189972,0.123347539948055,0.440559440559441,43,9,14.417,0.624263022820282,-0.662127757712711,0.737262737262737,10,80,28.12,2.84495021337127,3.58269444506966,0.00799200799200799,44,2000,1000,950203
1,2,"ElasticNet",50,"Crohn's disease","MONDO_0005265",0,0.41423495660603,0,-0.905150516144607,1,0,29,1.10761911399342,1.02464879435626,1.08097439834424,0.470715378630066,0.298701298701299,38,5,14.417,0.346812790455712,-1.15105355259011,0.937062937062937,10,42,25.752,1.6309412861137,1.21848167031856,0.128871128871129,42,2000,1000,950203
1,2,"mRMR",50,"Crohn's disease","MONDO_0005265",0,0.41423495660603,0,-0.905150516144607,1,0,29,1.42437649463072,1.02464879435626,1.39011191198013,2.26777450787791,0.018981018981019,40,13,14.417,0.901713255184851,-0.173201962835317,0.529470529470529,13,50,30.3,1.65016501650165,1.35032000157894,0.110889110889111,46,2000,1000,950203
1,2,"Boruta",50,"Crohn's disease","MONDO_0005265",0.483843053815216,0.41423495660603,1.16804013301897,0.152101613135132,0.464535464535465,1,29,1.58453252275312,1.02464879435626,1.54641525123601,3.17638744015552,0.002997002997003,42,40,14.417,2.7745023236457,3.1270471525871,0.011988011988012,18,222,33.382,6.65029057575939,11.6277397870047,0.000999000999000999,48,2000,1000,950203
1,2,"RF_importance",50,"Crohn's disease","MONDO_0005265",0.483843053815216,0.41423495660603,1.16804013301897,0.152101613135132,0.464535464535465,1,29,1.2441343476553,1.02464879435626,1.2142056424679,1.24520703037915,0.112887112887113,45,40,14.417,2.7745023236457,3.1270471525871,0.011988011988012,19,224,33.382,6.71020310346894,11.7510338499998,0.000999000999000999,48,2000,1000,950203
1,2,"GS_full_ungrouped",100,"Crohn's disease","MONDO_0005265",0.483843053815216,0.75846364736308,0.637925173470573,-0.446879648630594,0.663336663336663,1,29,1.42184575004639,1.02025434897092,1.39361890638402,3.3039213289687,0.001998001998002,84,59,57.788,1.02097321243165,0.0544038817958639,0.445554445554446,28,296,124.324,2.38087577619768,4.38392469678797,0.000999000999000999,92,2000,1000,950204
1,2,"DGE",100,"Crohn's disease","MONDO_0005265",0,0.75846364736308,0,-1.23421905055936,1,0,29,1.39580912858572,1.02025434897092,1.36809917055841,3.08971617231494,0.004995004995005,94,223,57.788,3.85893265037724,7.4159852469127,0.000999000999000999,42,898,142.03,6.32260789973949,16.9605514626427,0.000999000999000999,99,2000,1000,950204
1,2,"LASSO",100,"Crohn's disease","MONDO_0005265",0,0.75846364736308,0,-1.23421905055936,1,0,29,1.2533049293835,1.02025434897092,1.22842400098334,1.91732388017189,0.03996003996004,87,25,57.788,0.432615767979511,-1.47177762072836,0.957042957042957,22,430,123.93,3.46970063745663,7.96315517378436,0.000999000999000999,93,2000,1000,950204
1,2,"ElasticNet",100,"Crohn's disease","MONDO_0005265",0.483843053815216,0.75846364736308,0.637925173470573,-0.446879648630594,0.663336663336663,1,29,1.17501745636095,1.02025434897092,1.15169071079789,1.27324721115557,0.102897102897103,79,24,57.788,0.415311137260331,-1.51666531197907,0.966033966033966,23,250,107.432,2.32705339191302,4.03025183789964,0.000999000999000999,86,2000,1000,950204
1,2,"mRMR",100,"Crohn's disease","MONDO_0005265",0.483843053815216,0.75846364736308,0.637925173470573,-0.446879648630594,0.663336663336663,1,29,1.34417275875857,1.02025434897092,1.31748789908553,2.66490004536208,0.00799200799200799,82,50,57.788,0.865231535959023,-0.349585339460548,0.601398601398601,28,202,117.546,1.71847617103092,2.18566154878066,0.030969030969031,90,2000,1000,950204
1,2,"Boruta",100,"Crohn's disease","MONDO_0005265",0.483843053815216,0.75846364736308,0.637925173470573,-0.446879648630594,0.663336663336663,1,29,1.46179732530572,1.02025434897092,1.43277735280439,3.63260581093644,0.000999000999000999,88,112,57.788,1.93811864054821,2.43345151808362,0.018981018981019,40,676,139.752,4.83714007670731,12.4146506966434,0.000999000999000999,98,2000,1000,950204
1,2,"RF_importance",100,"Crohn's disease","MONDO_0005265",0.483843053815216,0.75846364736308,0.637925173470573,-0.446879648630594,0.663336663336663,1,29,1.31186944389894,1.02025434897092,1.28582587785308,2.39913835157262,0.014985014985015,88,127,57.788,2.19768810133592,3.10676688684431,0.00699300699300699,40,554,139.752,3.96416509244948,9.59023478275565,0.000999000999000999,98,2000,1000,950204
1,2,"GS_full_ungrouped",200,"Crohn's disease","MONDO_0005265",0.483843053815216,1.59847348782424,0.302690696780838,-1.22843435796018,0.91008991008991,1,29,1.16537069654281,1.02035517495418,1.14212259137623,1.72836612450961,0.046953046953047,175,186,239.911,0.775287502448825,-0.852477188858765,0.806193806193806,54,994,518.492,1.91709804587149,4.32453584103984,0.001998001998002,188,2000,1000,950205
1,2,"DGE",200,"Crohn's disease","MONDO_0005265",1.19195311251027,1.59847348782424,0.745682128349024,-0.44802616276177,0.6003996003996,2,29,1.13056605411489,1.02035517495418,1.10801227049754,1.31354732243177,0.100899100899101,187,496,239.911,2.06743333986353,4.04945244602497,0.001998001998002,77,1924,571.386,3.36725086018908,12.4194252204498,0.000999000999000999,199,2000,1000,950205
1,2,"LASSO",200,"Crohn's disease","MONDO_0005265",0.986971154586905,1.59847348782424,0.617446058445622,-0.67393680739519,0.758241758241758,2,29,1.22471022501857,1.02035517495418,1.20027834922636,2.43560373423818,0.010989010989011,181,252,239.911,1.0503895194468,0.191159443084225,0.403596403596404,57,1764,534.54,3.300033673813,11.1542063266274,0.000999000999000999,192,2000,1000,950205
1,2,"ElasticNet",200,"Crohn's disease","MONDO_0005265",1.47081420840212,1.59847348782424,0.92013675522646,-0.140693309791057,0.543456543456543,3,29,1.1801526825955,1.02035517495418,1.15660969000181,1.90454508567565,0.037962037962038,175,261,239.911,1.08790343085561,0.333473529258269,0.334665334665335,58,1530,499.862,3.06084479316291,9.61525155800893,0.000999000999000999,186,2000,1000,950205
1,2,"mRMR",200,"Crohn's disease","MONDO_0005265",0.483843053815216,1.59847348782424,0.302690696780838,-1.22843435796018,0.91008991008991,1,29,1.23515957273867,1.02035517495418,1.21051924178671,2.56014418635522,0.00699300699300699,149,193,239.911,0.804464989100125,-0.741788455167842,0.764235764235764,57,732,421.082,1.73837874808232,3.36860207754923,0.002997002997003,170,2000,1000,950205
1,2,"Boruta",200,"Crohn's disease","MONDO_0005265",0.483843053815216,1.59847348782424,0.302690696780838,-1.22843435796018,0.91008991008991,1,29,1.45842147485476,1.02035517495418,1.4293272682429,5.22108905821279,0.000999000999000999,179,444,239.911,1.85068629616816,3.22719328146383,0.003996003996004,79,1680,567.022,2.96284800237028,9.81131480248577,0.000999000999000999,198,2000,1000,950205
1,2,"RF_importance",200,"Crohn's disease","MONDO_0005265",1.67579616632548,1.59847348782424,1.04837282512986,0.0852173348423623,0.407592407592408,3,29,1.3140131172065,1.02035517495418,1.2877997284284,3.49995941139245,0.000999000999000999,177,455,239.911,1.89653663233449,3.401132720121,0.003996003996004,82,1696,551.566,3.07488133786346,10.1216327582119,0.000999000999000999,195,2000,1000,950205
1,2,"GS_full_ungrouped",500,"Crohn's disease","MONDO_0005265",2.38052976985415,3.8293897785621,0.621647287821407,-1.15543201409987,0.874125874125874,4,29,0.975485695766952,1.0220238509469,0.95446470731888,-0.923460138862621,0.807192807192807,443,1719,1494.9,1.14990969295605,1.00631074261011,0.16983016983017,170,3916,3328.026,1.17667349954598,1.48411019515329,0.0709290709290709,477,2000,1000,950206
1,2,"DGE",500,"Crohn's disease","MONDO_0005265",3.20880869126626,3.8293897785621,0.837942564434154,-0.494898921425782,0.669330669330669,6,29,1.06052079917523,1.0220238509469,1.03766736773575,0.763897860137535,0.217782217782218,456,2368,1494.9,1.5840524449796,3.92061539211462,0.000999000999000999,193,6706,3491.288,1.92078109855159,8.09710595202582,0.000999000999000999,489,2000,1000,950206
1,2,"LASSO",500,"Crohn's disease","MONDO_0005265",3.21013076281676,3.8293897785621,0.838287807835048,-0.493844600245546,0.669330669330669,6,29,1.25137853570858,1.0220238509469,1.22441226254082,4.55110238512522,0.000999000999000999,429,1863,1494.9,1.24623720650211,1.65293611938769,0.0589410589410589,157,6956,3081.964,2.25700235304501,10.8221325047827,0.000999000999000999,459,2000,1000,950206
1,2,"ElasticNet",500,"Crohn's disease","MONDO_0005265",3.69397381663198,3.8293897785621,0.964637717819112,-0.107991066558404,0.541458541458541,7,29,1.22257415309171,1.0220238509469,1.19622859286405,3.9795348387029,0.000999000999000999,426,1742,1494.9,1.16529533748077,1.10959118473431,0.141858141858142,155,6914,3035.76,2.27751864442512,10.7448276324906,0.000999000999000999,456,2000,1000,950206
1,2,"mRMR",500,"Crohn's disease","MONDO_0005265",3.14033184541555,3.8293897785621,0.820060643342167,-0.549507606491947,0.7002997002997,6,29,1.20665034609751,1.0220238509469,1.18064793202189,3.66355753016492,0.000999000999000999,415,1508,1494.9,1.00876312796843,0.0588249474707378,0.457542457542458,150,6478,2984.29,2.17070056864447,9.91152635953469,0.000999000999000999,453,2000,1000,950206
1,2,"Boruta",500,"Crohn's disease","MONDO_0005265",3.15637273277661,3.8293897785621,0.82424953198726,-0.536715373508678,0.69030969030969,6,29,1.33701674839637,1.0220238509469,1.30820503568251,6.25042792724898,0.000999000999000999,444,1907,1494.9,1.27567061341896,1.85051609562528,0.036963036963037,186,6520,3371.878,1.93364054096856,7.98265057687944,0.000999000999000999,480,2000,1000,950206
1,2,"RF_importance",500,"Crohn's disease","MONDO_0005265",3.23245017948987,3.8293897785621,0.844116260398969,-0.476045386791415,0.659340659340659,6,29,1.24924963003803,1.0220238509469,1.22232923319803,4.50885834862321,0.000999000999000999,440,1942,1494.9,1.29908355073918,2.00768198581428,0.025974025974026,184,5962,3398.676,1.75421252275886,6.31147212599551,0.000999000999000999,482,2000,1000,950206
1,3,"GS_full_ungrouped",10,"Crohn's disease","MONDO_0005265",0,0.0848005640346298,0,-0.386981328982723,1,0,29,1.13851057334872,0.991390248218254,1.14839799503261,0.380821227927361,0.301698301698302,10,0,0.551000000000001,0,-0.571259246284558,1,4,12,1.41,8.51063829787234,4.9655152690255,0.00599400599400599,10,2000,1000,950301
1,3,"DGE",10,"Crohn's disease","MONDO_0005265",0,0.0848005640346298,0,-0.386981328982723,1,0,29,1.77919687131906,0.991390248218254,1.794648348132,2.03923887003718,0.043956043956044,10,3,0.551000000000001,5.44464609800362,2.53904517994715,0.048951048951049,4,22,1.41,15.6028368794326,9.65438710002219,0.000999000999000999,10,2000,1000,950301
1,3,"LASSO",10,"Crohn's disease","MONDO_0005265",0,0.0848005640346298,0,-0.386981328982723,1,0,29,2.04135084583754,0.991390248218254,2.05907900496933,2.71782490764708,0.013986013986014,9,0,0.551000000000001,0,-0.571259246284558,1,1,0,1.032,0,-0.614787591192656,1,9,2000,1000,950301
1,3,"ElasticNet",10,"Crohn's disease","MONDO_0005265",0,0.0848005640346298,0,-0.386981328982723,1,0,29,2.04135084583754,0.991390248218254,2.05907900496933,2.71782490764708,0.013986013986014,9,0,0.551000000000001,0,-0.571259246284558,1,1,0,1.032,0,-0.614787591192656,1,9,2000,1000,950301
1,3,"mRMR",10,"Crohn's disease","MONDO_0005265",0,0.0848005640346298,0,-0.386981328982723,1,0,29,2.04306877774672,0.991390248218254,2.06081185629833,2.72227177750392,0.013986013986014,10,0,0.551000000000001,0,-0.571259246284558,1,2,0,1.41,0,-0.661130928170533,1,10,2000,1000,950301
1,3,"Boruta",10,"Crohn's disease","MONDO_0005265",0,0.0848005640346298,0,-0.386981328982723,1,0,29,1.64940359843908,0.991390248218254,1.66372788254012,1.7032687482268,0.0659340659340659,10,3,0.551000000000001,5.44464609800362,2.53904517994715,0.048951048951049,3,20,1.41,14.1843971631206,8.71661273382285,0.000999000999000999,10,2000,1000,950301
1,3,"RF_importance",10,"Crohn's disease","MONDO_0005265",0,0.0848005640346298,0,-0.386981328982723,1,0,29,1.52011094884241,0.991390248218254,1.53331238790615,1.36859449069153,0.0989010989010989,10,3,0.551000000000001,5.44464609800362,2.53904517994715,0.048951048951049,3,20,1.41,14.1843971631206,8.71661273382285,0.000999000999000999,10,2000,1000,950301
1,3,"GS_full_ungrouped",20,"Crohn's disease","MONDO_0005265",0,0.157831876791681,0,-0.534949986973632,1,0,29,1.07022460442556,1.00975914340638,1.05988107304005,0.215421638219626,0.366633366633367,19,4,2.177,1.83739090491502,0.78109394687827,0.208791208791209,9,28,5.114,5.47516621040282,4.98369262494794,0.003996003996004,19,2000,1000,950302
1,3,"DGE",20,"Crohn's disease","MONDO_0005265",0,0.157831876791681,0,-0.534949986973632,1,0,29,1.88916885889014,1.00975914340638,1.87091037622805,3.13309248590158,0.00799200799200799,20,20,2.177,9.1869545245751,7.63655371103204,0.000999000999000999,10,110,5.68,19.3661971830986,22.1647858953437,0.000999000999000999,20,2000,1000,950302
1,3,"LASSO",20,"Crohn's disease","MONDO_0005265",0,0.157831876791681,0,-0.534949986973632,1,0,29,1.49838972142826,1.00975914340638,1.48390804996676,1.74085499105494,0.0619380619380619,15,0,2.177,0,-0.932770994160172,1,3,2,4.09,0.488997555012225,-0.511545642015549,0.786213786213786,17,2000,1000,950302
1,3,"ElasticNet",20,"Crohn's disease","MONDO_0005265",0,0.157831876791681,0,-0.534949986973632,1,0,29,1.60319370871201,1.00975914340638,1.5876991252624,2.11424247958253,0.033966033966034,15,0,2.177,0,-0.932770994160172,1,3,6,3.444,1.74216027874565,0.762727055402925,0.25974025974026,16,2000,1000,950302
1,3,"mRMR",20,"Crohn's disease","MONDO_0005265",0,0.157831876791681,0,-0.534949986973632,1,0,29,1.54086469154015,1.00975914340638,1.52597250701006,1.89218150855112,0.047952047952048,18,0,2.177,0,-0.932770994160172,1,6,14,5.68,2.46478873239437,1.76774366036483,0.0809190809190809,20,2000,1000,950302
1,3,"Boruta",20,"Crohn's disease","MONDO_0005265",0,0.157831876791681,0,-0.534949986973632,1,0,29,1.52721893419357,1.00975914340638,1.5124586334931,1.84356546638753,0.0539460539460539,19,4,2.177,1.83739090491502,0.78109394687827,0.208791208791209,5,50,5.68,8.80281690140845,9.41663449848189,0.000999000999000999,20,2000,1000,950302
1,3,"RF_importance",20,"Crohn's disease","MONDO_0005265",0,0.157831876791681,0,-0.534949986973632,1,0,29,1.53238164141313,1.00975914340638,1.51757144406112,1.86195875783262,0.050949050949051,20,6,2.177,2.75608635737253,1.63802641739749,0.0909090909090909,5,84,5.68,14.7887323943662,16.6405869567036,0.000999000999000999,20,2000,1000,950302
1,3,"GS_full_ungrouped",50,"Crohn's disease","MONDO_0005265",0.483843053815216,0.375112429695713,1.28986142689994,0.247899845471872,0.416583416583417,1,29,1.23360113189992,1.01350580897306,1.21716236944894,1.28028066215896,0.105894105894106,42,24,14.849,1.61627045592296,1.0968148829986,0.137862137862138,18,80,31.75,2.51968503937008,3.10050229842503,0.011988011988012,47,2000,1000,950303
1,3,"DGE",50,"Crohn's disease","MONDO_0005265",0,0.375112429695713,0,-0.85523571771227,1,0,29,1.59018042250987,1.01350580897306,1.56898994404494,3.35447998735768,0.002997002997003,49,90,14.849,6.06101420971109,9.00740195303549,0.000999000999000999,25,444,36.234,12.2536843848319,24.3691479904336,0.000999000999000999,50,2000,1000,950303
1,3,"LASSO",50,"Crohn's disease","MONDO_0005265",0,0.375112429695713,0,-0.85523571771227,1,0,29,1.52144744544317,1.01350580897306,1.50117289113989,2.95466457910224,0.00699300699300699,38,15,14.849,1.01016903495185,0.0180984643572056,0.451548451548452,16,68,24.318,2.7962825890287,3.21121810196402,0.015984015984016,41,2000,1000,950303
1,3,"ElasticNet",50,"Crohn's disease","MONDO_0005265",0,0.375112429695713,0,-0.85523571771227,1,0,29,1.59288836329231,1.01350580897306,1.57166179926123,3.37023190871577,0.002997002997003,36,8,14.849,0.538756818640986,-0.820903194586101,0.815184815184815,12,28,22.328,1.25403081332856,0.473806946104301,0.278721278721279,40,2000,1000,950303
1,3,"mRMR",50,"Crohn's disease","MONDO_0005265",0.483843053815216,0.375112429695713,1.28986142689994,0.247899845471872,0.416583416583417,1,29,1.32262766039769,1.01350580897306,1.30500254531135,1.79814238379453,0.050949050949051,38,7,14.849,0.471412216310863,-0.940760574435145,0.856143856143856,13,56,28.498,1.96505017895993,1.90862984729126,0.0599400599400599,44,2000,1000,950303
1,3,"Boruta",50,"Crohn's disease","MONDO_0005265",0.483843053815216,0.375112429695713,1.28986142689994,0.247899845471872,0.416583416583417,1,29,1.37789810769744,1.01350580897306,1.35953646787046,2.11964710241254,0.027972027972028,47,48,14.849,3.23254091184592,3.97339199937565,0.001998001998002,22,324,35.116,9.22656338990773,17.6067707015719,0.000999000999000999,49,2000,1000,950303
1,3,"RF_importance",50,"Crohn's disease","MONDO_0005265",0,0.375112429695713,0,-0.85523571771227,1,0,29,1.44902885906352,1.01350580897306,1.42971934273544,2.53341021308571,0.016983016983017,48,53,14.849,3.56926392349653,4.57267889862087,0.001998001998002,22,378,35.116,10.7643239548924,20.8979381524687,0.000999000999000999,49,2000,1000,950303
1,3,"GS_full_ungrouped",100,"Crohn's disease","MONDO_0005265",1.03748502503164,0.76981290013623,1.34771062533253,0.429350607516366,0.323676323676324,2,29,1.33979169873183,1.01375613128017,1.3216114382854,2.55500035567679,0.00799200799200799,78,69,60.886,1.13326544690077,0.359556934265654,0.317682317682318,32,288,116.29,2.47656720268295,4.62491556792522,0.000999000999000999,90,2000,1000,950304
1,3,"DGE",100,"Crohn's disease","MONDO_0005265",0,0.76981290013623,0,-1.23479288878724,1,0,29,1.35065658608011,1.01375613128017,1.3323288948936,2.6401437995539,0.00699300699300699,95,193,60.886,3.16985842393982,5.85438807167521,0.000999000999000999,42,792,144.778,5.4704444045366,14.8356238210409,0.000999000999000999,99,2000,1000,950304
1,3,"LASSO",100,"Crohn's disease","MONDO_0005265",0,0.76981290013623,0,-1.23479288878724,1,0,29,1.31333455564843,1.01375613128017,1.29551330455576,2.34766711741503,0.011988011988012,84,28,60.886,0.459875833524948,-1.45728239342622,0.963036963036963,26,354,115.994,3.05188199389624,5.99303918424763,0.000999000999000999,89,2000,1000,950304
1,3,"ElasticNet",100,"Crohn's disease","MONDO_0005265",0,0.76981290013623,0,-1.23479288878724,1,0,29,1.32263049184719,1.01375613128017,1.30468309984668,2.4205153667021,0.00899100899100899,82,34,60.886,0.55842065499458,-1.19140346742253,0.908091908091908,26,308,112.556,2.73641565087601,5.41283031121523,0.000999000999000999,88,2000,1000,950304
1,3,"mRMR",100,"Crohn's disease","MONDO_0005265",0.483843053815216,0.76981290013623,0.628520324522481,-0.458700461608631,0.677322677322677,1,29,1.35308849973106,1.01375613128017,1.33472780877032,2.65920165968769,0.00599400599400599,79,51,60.886,0.83763098249187,-0.43807984374541,0.65034965034965,34,192,115.994,1.65525803058779,1.91384644184569,0.044955044955045,89,2000,1000,950304
1,3,"Boruta",100,"Crohn's disease","MONDO_0005265",1.04053180771015,0.76981290013623,1.35166844765269,0.434237698372384,0.320679320679321,2,29,1.46813129658644,1.01375613128017,1.44820953608684,3.56074252279349,0.001998001998002,92,157,60.886,2.57858949512203,4.25911451565308,0.002997002997003,47,674,138.316,4.8728997368345,12.1972215635606,0.000999000999000999,98,2000,1000,950304
1,3,"RF_importance",100,"Crohn's disease","MONDO_0005265",1.04053180771015,0.76981290013623,1.35166844765269,0.434237698372384,0.320679320679321,2,29,1.53624531530401,1.01375613128017,1.515399283814,4.09452275852121,0.000999000999000999,91,146,60.886,2.39792398909437,3.77166981797965,0.003996003996004,46,674,138.316,4.8728997368345,12.1972215635606,0.000999000999000999,98,2000,1000,950304
1,3,"GS_full_ungrouped",200,"Crohn's disease","MONDO_0005265",1.03748502503164,1.57803165088259,0.65745514321679,-0.628253307402904,0.714285714285714,2,29,1.2473319658563,1.01034297482583,1.23456291272904,2.79872902041838,0.00599400599400599,164,286,243.497,1.17455245855185,0.655334824482353,0.23976023976024,63,1204,469.658,2.56356753211912,6.79609762140476,0.000999000999000999,179,2000,1000,950305
1,3,"DGE",200,"Crohn's disease","MONDO_0005265",1.7455950837267,1.57803165088259,1.10618508998244,0.194751527157105,0.366633366633367,3,29,1.1934595451263,1.01034297482583,1.18124198897116,2.16252095589327,0.017982017982018,189,486,243.497,1.99591781418252,3.73904573657022,0.002997002997003,77,1984,574.422,3.45390670970123,12.0509137169457,0.000999000999000999,199,2000,1000,950305
1,3,"LASSO",200,"Crohn's disease","MONDO_0005265",0.986971154586905,1.57803165088259,0.625444460530872,-0.686963332882519,0.762237762237762,2,29,1.31966154430472,1.01034297482583,1.30615204656836,3.6529074755357,0.002997002997003,177,296,243.497,1.21562072633338,0.809520370086747,0.198801198801199,62,1834,514.772,3.56274234029823,11.88468347422,0.000999000999000999,188,2000,1000,950305
1,3,"ElasticNet",200,"Crohn's disease","MONDO_0005265",0.986971154586905,1.57803165088259,0.625444460530872,-0.686963332882519,0.762237762237762,2,29,1.29755953137554,1.01034297482583,1.28427629399731,3.39189305150861,0.002997002997003,176,278,243.497,1.14169784432662,0.531986387998839,0.27972027972028,62,1684,507.982,3.31507809331827,10.8367463377265,0.000999000999000999,187,2000,1000,950305
1,3,"mRMR",200,"Crohn's disease","MONDO_0005265",0.483843053815216,1.57803165088259,0.306611754931913,-1.27172675242945,0.922077922077922,1,29,1.35291916528134,1.01034297482583,1.33906920619165,4.04566440729272,0.001998001998002,150,201,243.497,0.825472182408818,-0.65524231315499,0.742257742257742,62,710,410.546,1.72940425677025,3.24678271083588,0.004995004995005,167,2000,1000,950305
1,3,"Boruta",200,"Crohn's disease","MONDO_0005265",2.0967911374041,1.57803165088259,1.32873832805025,0.602931084142295,0.260739260739261,4,29,1.41747751336066,1.01034297482583,1.40296666446858,4.80806827041831,0.000999000999000999,182,421,243.497,1.72897407360255,2.73683969014166,0.011988011988012,83,1700,563.536,3.01666619346413,9.66307430393496,0.000999000999000999,196,2000,1000,950305
1,3,"RF_importance",200,"Crohn's disease","MONDO_0005265",2.22943813754191,1.57803165088259,1.41279684491435,0.757100794151049,0.202797202797203,4,29,1.38766194905113,1.01034297482583,1.37345632485874,4.45596041625016,0.001998001998002,182,502,243.497,2.06162704263297,3.98574260953725,0.002997002997003,80,1676,563.25,2.97558810474922,9.84675752810388,0.000999000999000999,197,2000,1000,950305
1,3,"GS_full_ungrouped",500,"Crohn's disease","MONDO_0005265",4.99179982653186,3.86616269429159,1.29115099938817,0.920478656617498,0.168831168831169,9,29,1.07940474661547,1.01208096307703,1.06652015599005,1.41173869113813,0.0859140859140859,432,1736,1534.003,1.13167966425098,0.891439369312255,0.184815184815185,176,5024,3223.676,1.55846927544828,4.70741355569915,0.000999000999000999,470,2000,1000,950306
1,3,"DGE",500,"Crohn's disease","MONDO_0005265",3.20880869126626,3.86616269429159,0.829972493398709,-0.537544748921567,0.706293706293706,6,29,1.09407501395569,1.01208096307703,1.08101530793482,1.71936525228793,0.046953046953047,454,2669,1534.003,1.73989229486513,5.0088912699263,0.000999000999000999,197,7036,3486.004,2.01835683493192,8.37618634780166,0.000999000999000999,489,2000,1000,950306
1,3,"LASSO",500,"Crohn's disease","MONDO_0005265",3.69137184048563,3.86616269429159,0.954789576221394,-0.142933495788405,0.557442557442557,7,29,1.25717643052408,1.01208096307703,1.24216982275992,5.13950250909499,0.000999000999000999,423,1835,1534.003,1.19621669579525,1.32833941021342,0.101898101898102,158,7120,3042.794,2.33995466009201,10.8470589690491,0.000999000999000999,456,2000,1000,950306
1,3,"ElasticNet",500,"Crohn's disease","MONDO_0005265",3.69137184048563,3.86616269429159,0.954789576221394,-0.142933495788405,0.557442557442557,7,29,1.24444606075716,1.01208096307703,1.22959141230527,4.87255441723385,0.000999000999000999,423,1874,1534.003,1.22164037488845,1.50045154753813,0.0779220779220779,160,7052,3011.22,2.34190793100471,10.7895523927738,0.000999000999000999,455,2000,1000,950306
1,3,"mRMR",500,"Crohn's disease","MONDO_0005265",3.69397381663198,3.86616269429159,0.95546258880573,-0.140805755472148,0.556443556443556,7,29,1.25372330375003,1.01208096307703,1.23875791511613,5.06709254613505,0.000999000999000999,417,1703,1534.003,1.11016732040289,0.745806022345199,0.224775224775225,159,6488,2944.912,2.20312185898934,9.64557222776265,0.000999000999000999,449,2000,1000,950306
1,3,"Boruta",500,"Crohn's disease","MONDO_0005265",3.0578981287603,3.86616269429159,0.79093881208758,-0.660950372160392,0.765234765234765,6,29,1.27607151746777,1.01208096307703,1.26083936366922,5.53572096130944,0.000999000999000999,452,1885,1534.003,1.22881115617114,1.54899599652714,0.0739260739260739,182,5726,3315.436,1.7270730003535,6.13998212277386,0.000999000999000999,477,2000,1000,950306
1,3,"RF_importance",500,"Crohn's disease","MONDO_0005265",3.2132965736883,3.86616269429159,0.831133303943146,-0.533874827359298,0.705294705294705,6,29,1.3045657238939,1.01208096307703,1.28899344171797,6.1332270961522,0.000999000999000999,438,1858,1534.003,1.21121014756816,1.42984143991774,0.0849150849150849,175,5524,3265.564,1.69159140656867,5.868851223346,0.000999000999000999,472,2000,1000,950306
1,4,"GS_full_ungrouped",10,"Crohn's disease","MONDO_0005265",0,0.0684869848680801,0,-0.35813825756635,1,0,28,1.03566418792649,1.05430719645544,0.982317289883219,-0.0468849018642311,0.46953046953047,9,0,0.492,0,-0.55469500587343,1,3,8,1.114,7.18132854578097,3.75306486557673,0.016983016983017,9,2000,1000,950401
1,4,"DGE",10,"Crohn's disease","MONDO_0005265",0,0.0684869848680801,0,-0.35813825756635,1,0,28,1.77769881834543,1.05430719645544,1.68612983419065,1.81924205790273,0.0559440559440559,10,3,0.492,6.09756097560976,2.82759161530603,0.042957042957043,4,38,1.366,27.8184480234261,18.2848969141498,0.000999000999000999,10,2000,1000,950401
1,4,"LASSO",10,"Crohn's disease","MONDO_0005265",0,0.0684869848680801,0,-0.35813825756635,1,0,28,0.588781701493733,1.05430719645544,0.558453649442214,-1.17074007195114,0.903096903096903,7,0,0.492,0,-0.55469500587343,1,1,2,0.708,2.82485875706214,0.937158320576043,0.265734265734266,8,2000,1000,950401
1,4,"ElasticNet",10,"Crohn's disease","MONDO_0005265",0,0.0684869848680801,0,-0.35813825756635,1,0,28,1.65910772037962,1.05430719645544,1.57364734487016,1.52099985190566,0.0839160839160839,8,0,0.492,0,-0.55469500587343,1,2,0,1.114,0,-0.607161524869659,1,9,2000,1000,950401
1,4,"mRMR",10,"Crohn's disease","MONDO_0005265",0,0.0684869848680801,0,-0.35813825756635,1,0,28,0.784189368683775,1.05430719645544,0.743795898690818,-0.67931352534559,0.74025974025974,8,0,0.492,0,-0.55469500587343,1,2,0,1.114,0,-0.607161524869659,1,9,2000,1000,950401
1,4,"Boruta",10,"Crohn's disease","MONDO_0005265",0,0.0684869848680801,0,-0.35813825756635,1,0,28,1.65972210030445,1.05430719645544,1.57423007818252,1.52254494278724,0.0839160839160839,10,1,0.492,2.03252032520325,0.572733867853055,0.326673326673327,2,26,1.366,19.0336749633968,12.2954127472612,0.000999000999000999,10,2000,1000,950401
1,4,"RF_importance",10,"Crohn's disease","MONDO_0005265",0,0.0684869848680801,0,-0.35813825756635,1,0,28,1.43107344964205,1.05430719645544,1.35735908324754,0.947521360566351,0.167832167832168,10,1,0.492,2.03252032520325,0.572733867853055,0.326673326673327,2,26,1.366,19.0336749633968,12.2954127472612,0.000999000999000999,10,2000,1000,950401
1,4,"GS_full_ungrouped",20,"Crohn's disease","MONDO_0005265",0,0.139511417920128,0,-0.511613072982217,1,0,28,1.49215614490116,1.02567990770463,1.45479708990348,1.68969346855503,0.0649350649350649,17,0,2.243,0,-0.955076478288429,1,5,16,5.028,3.18217979315831,2.33896072560637,0.037962037962038,19,2000,1000,950402
1,4,"DGE",20,"Crohn's disease","MONDO_0005265",0,0.139511417920128,0,-0.511613072982217,1,0,28,2.04652249554118,1.02567990770463,1.99528379192013,3.69774688515058,0.001998001998002,20,25,2.243,11.1457868925546,9.69000241480597,0.000999000999000999,10,130,5.338,24.3536905207943,26.6048203284876,0.000999000999000999,20,2000,1000,950402
1,4,"LASSO",20,"Crohn's disease","MONDO_0005265",0,0.139511417920128,0,-0.511613072982217,1,0,28,0.89853939277489,1.02567990770463,0.876042697166346,-0.460534707955532,0.646353646353646,15,0,2.243,0,-0.955076478288429,1,4,10,4.094,2.44259892525647,1.49021388624096,0.103896103896104,17,2000,1000,950402
1,4,"ElasticNet",20,"Crohn's disease","MONDO_0005265",0,0.139511417920128,0,-0.511613072982217,1,0,28,1.44275199229581,1.02567990770463,1.40662986713326,1.51073928542571,0.0869130869130869,18,0,2.243,0,-0.955076478288429,1,5,12,5.028,2.38663484486874,1.48625903927521,0.100899100899101,19,2000,1000,950402
1,4,"mRMR",20,"Crohn's disease","MONDO_0005265",0,0.139511417920128,0,-0.511613072982217,1,0,28,1.6753630396574,1.02567990770463,1.63341704080633,2.3533146110259,0.022977022977023,16,0,2.243,0,-0.955076478288429,1,4,8,5.028,1.59108989657916,0.63355735294405,0.246753246753247,19,2000,1000,950402
1,4,"Boruta",20,"Crohn's disease","MONDO_0005265",0,0.139511417920128,0,-0.511613072982217,1,0,28,1.35734482945935,1.02567990770463,1.32336104008994,1.201373204787,0.122877122877123,19,4,2.243,1.78332590280874,0.748136144606674,0.221778221778222,7,46,5.338,8.6174597227426,8.67790669327431,0.000999000999000999,20,2000,1000,950402
1,4,"RF_importance",20,"Crohn's disease","MONDO_0005265",0,0.139511417920128,0,-0.511613072982217,1,0,28,1.56601054351832,1.02567990770463,1.52680239883309,1.95721255102205,0.045954045954046,20,6,2.243,2.67498885421311,1.59974245605423,0.0879120879120879,8,62,5.338,11.6148370176096,12.0925569095054,0.000999000999000999,20,2000,1000,950402
1,4,"GS_full_ungrouped",50,"Crohn's disease","MONDO_0005265",0,0.38733023228896,0,-0.854515758000802,1,0,28,1.34304908078853,1.03017598075904,1.30370840115973,1.76948863924838,0.050949050949051,42,17,14.501,1.17233294255569,0.310842459394416,0.350649350649351,19,104,29.33,3.54585748380498,5.24124467556635,0.000999000999000999,45,2000,1000,950403
1,4,"DGE",50,"Crohn's disease","MONDO_0005265",0.556688753894934,0.38733023228896,1.43724581116516,0.373633435760469,0.262737262737263,1,28,1.59818838433961,1.03017598075904,1.55137414790243,3.21245736687894,0.003996003996004,48,80,14.501,5.5168609061444,8.14720698194271,0.000999000999000999,24,466,34.414,13.5410007555065,26.8867657141967,0.000999000999000999,49,2000,1000,950403
1,4,"LASSO",50,"Crohn's disease","MONDO_0005265",0,0.38733023228896,0,-0.854515758000802,1,0,28,0.996046375533881,1.03017598075904,0.966870121355371,-0.193023780894742,0.551448551448551,39,10,14.501,0.689607613268051,-0.559864709777617,0.695304695304695,14,64,24.794,2.581269662015,3.09241845412561,0.010989010989011,42,2000,1000,950403
1,4,"ElasticNet",50,"Crohn's disease","MONDO_0005265",0,0.38733023228896,0,-0.854515758000802,1,0,28,1.09991642044348,1.03017598075904,1.06769759826186,0.394424818580365,0.331668331668332,39,6,14.501,0.41376456796083,-1.05741166359021,0.89010989010989,11,52,27.308,1.90420389629413,1.66702221969794,0.0729270729270729,43,2000,1000,950403
1,4,"mRMR",50,"Crohn's disease","MONDO_0005265",0,0.38733023228896,0,-0.854515758000802,1,0,28,1.5084675957047,1.03017598075904,1.46428146635029,2.70503146104388,0.010989010989011,41,8,14.501,0.55168609061444,-0.808638186683912,0.801198801198801,14,78,29.5,2.64406779661017,3.24485205270426,0.00899100899100899,46,2000,1000,950403
1,4,"Boruta",50,"Crohn's disease","MONDO_0005265",0.483843053815216,0.38733023228896,1.24917451177489,0.212923546803799,0.434565434565435,1,28,1.6642962276172,1.03017598075904,1.61554555600388,3.58633763218104,0.002997002997003,43,26,14.501,1.79297979449693,1.43032310547274,0.0959040959040959,19,186,32.112,5.79222720478326,9.85071083606623,0.000999000999000999,47,2000,1000,950403
1,4,"RF_importance",50,"Crohn's disease","MONDO_0005265",0,0.38733023228896,0,-0.854515758000802,1,0,28,1.55751027651816,1.03017598075904,1.51188758581867,2.98239780071813,0.00699300699300699,47,47,14.501,3.24115578235984,4.04244461298885,0.002997002997003,23,296,34.414,8.6011506944848,16.2961761876285,0.000999000999000999,49,2000,1000,950403
1,4,"GS_full_ungrouped",100,"Crohn's disease","MONDO_0005265",0,0.733927346840057,0,-1.20041679754343,1,0,28,1.39727095536972,1.02411479091422,1.36436947085042,2.99125291296794,0.003996003996004,80,66,59.045,1.11779151494623,0.297633160959178,0.343656343656344,36,304,110.304,2.7560197272991,5.35055061429926,0.000999000999000999,87,2000,1000,950404
1,4,"DGE",100,"Crohn's disease","MONDO_0005265",0.556688753894934,0.733927346840057,0.758506623702975,-0.289892705402426,0.508491508491508,1,28,1.33320661996928,1.02411479091422,1.3018136558492,2.47770751793593,0.014985014985015,96,188,59.045,3.18401219408925,5.51851678957451,0.000999000999000999,38,932,141.002,6.6098353214848,18.3869775113907,0.000999000999000999,99,2000,1000,950404
1,4,"LASSO",100,"Crohn's disease","MONDO_0005265",0,0.733927346840057,0,-1.20041679754343,1,0,28,1.1337637333014,1.02411479091422,1.1070670430307,0.87895564796073,0.188811188811189,85,27,59.045,0.457278347023457,-1.37133783507359,0.955044955044955,25,336,116.296,2.88917933548875,5.7448369652228,0.001998001998002,90,2000,1000,950404
1,4,"ElasticNet",100,"Crohn's disease","MONDO_0005265",0,0.733927346840057,0,-1.20041679754343,1,0,28,1.15480471641802,1.02411479091422,1.12761257494107,1.0476220349441,0.141858141858142,69,30,59.045,0.508087052248285,-1.24295545076338,0.928071928071928,25,132,97.462,1.35437401243562,1.05444160883043,0.158841158841159,82,2000,1000,950404
1,4,"mRMR",100,"Crohn's disease","MONDO_0005265",0.483843053815216,0.733927346840057,0.659251976232272,-0.40903965146051,0.672327672327672,1,28,1.24276791926535,1.02411479091422,1.21350451169243,1.75274287124331,0.041958041958042,79,42,59.045,0.711321873147599,-0.729425913522528,0.763236763236763,28,210,114.584,1.83271660964882,2.47419466440209,0.022977022977023,89,2000,1000,950404
1,4,"Boruta",100,"Crohn's disease","MONDO_0005265",0.483843053815216,0.733927346840057,0.659251976232272,-0.40903965146051,0.672327672327672,1,28,1.55977519408763,1.02411479091422,1.52304722861705,4.29390130454383,0.000999000999000999,89,133,59.045,2.2525192649674,3.16483974388727,0.00999000999000999,40,602,136.014,4.4260149690473,11.2715442694781,0.000999000999000999,97,2000,1000,950404
1,4,"RF_importance",100,"Crohn's disease","MONDO_0005265",0.483843053815216,0.733927346840057,0.659251976232272,-0.40903965146051,0.672327672327672,1,28,1.5536327724089,1.02411479091422,1.51704944230127,4.24466310753858,0.000999000999000999,90,139,59.045,2.35413667541706,3.4216045125077,0.00599400599400599,36,756,138.662,5.4521065612785,14.3113721114067,0.000999000999000999,98,2000,1000,950404
1,4,"GS_full_ungrouped",200,"Crohn's disease","MONDO_0005265",0.483843053815216,1.49999638318291,0.322562813643942,-1.170907507769,0.892107892107892,1,28,1.10646615006159,1.02404290357722,1.08048807935336,0.975875565467142,0.16983016983017,171,309,244.22,1.26525264106134,1.01837019032349,0.154845154845155,68,1032,484.062,2.13195830286203,5.28492553409993,0.000999000999000999,182,2000,1000,950405
1,4,"DGE",200,"Crohn's disease","MONDO_0005265",1.19195311251027,1.49999638318291,0.794637324378751,-0.354956449901861,0.588411588411588,2,28,1.1969589627409,1.02404290357722,1.16885626428312,2.04729326024192,0.022977022977023,188,527,244.22,2.15789042666448,4.44542640351461,0.000999000999000999,77,1974,579.386,3.40705505483391,12.1173510639609,0.000999000999000999,199,2000,1000,950405
1,4,"LASSO",200,"Crohn's disease","MONDO_0005265",0.986971154586905,1.49999638318291,0.657982356259158,-0.591155954989354,0.732267732267732,2,28,1.2088835488611,1.02404290357722,1.18050088002972,2.1884780924265,0.017982017982018,179,268,244.22,1.09737122266809,0.373832095182041,0.346653346653347,60,1732,518.348,3.34138455246282,11.405253417289,0.000999000999000999,189,2000,1000,950405
1,4,"ElasticNet",200,"Crohn's disease","MONDO_0005265",0,1.49999638318291,0,-1.72843701431173,1,0,28,1.20087819705096,1.02404290357722,1.17268348118621,2.09369624922459,0.021978021978022,155,154,244.22,0.63057898616002,-1.41829821813808,0.94005994005994,54,798,423.844,1.88276818829569,3.98942231983891,0.001998001998002,171,2000,1000,950405
1,4,"mRMR",200,"Crohn's disease","MONDO_0005265",0.483843053815216,1.49999638318291,0.322562813643942,-1.170907507769,0.892107892107892,1,28,1.34862014757261,1.02404290357722,1.31695668498025,3.84293285004044,0.000999000999000999,154,233,244.22,0.954057816722627,-0.176383351889928,0.555444555444555,63,700,423.844,1.65155104236464,2.94450151850414,0.004995004995005,171,2000,1000,950405
1,4,"Boruta",200,"Crohn's disease","MONDO_0005265",1.67579616632548,1.49999638318291,1.11720013802269,0.202573056640867,0.372627372627373,3,28,1.3937468139942,1.02404290357722,1.36102384883048,4.37722399956672,0.000999000999000999,180,434,244.22,1.77708623372369,2.98342535843766,0.00699300699300699,77,1756,567.606,3.09369527453903,10.3321617244948,0.000999000999000999,197,2000,1000,950405
1,4,"RF_importance",200,"Crohn's disease","MONDO_0005265",0.483843053815216,1.49999638318291,0.322562813643942,-1.170907507769,0.892107892107892,1,28,1.52054491341459,1.02404290357722,1.48484492993699,5.87848938584938,0.000999000999000999,182,443,244.22,1.81393825239538,3.12490933054188,0.00599400599400599,78,1726,551.794,3.1279789196693,9.9876169373207,0.000999000999000999,195,2000,1000,950405
1,4,"GS_full_ungrouped",500,"Crohn's disease","MONDO_0005265",3.33659953388136,3.70242286919,0.901193529687581,-0.299859935996012,0.596403596403596,6,28,1.00108808933638,1.02744210572961,0.974349876994266,-0.534590607032705,0.709290709290709,438,1963,1491.241,1.31635329232498,2.06911186855206,0.030969030969031,179,4410,3244.256,1.35932552794847,3.12799091576307,0.004995004995005,472,2000,1000,950406
1,4,"DGE",500,"Crohn's disease","MONDO_0005265",3.20880869126626,3.70242286919,0.866678065860227,-0.404608185188781,0.65034965034965,6,28,1.09712157169051,1.02744210572961,1.06781838662473,1.41344633963696,0.0749250749250749,455,2739,1491.241,1.83672525098224,5.4726098622234,0.000999000999000999,196,7044,3533.128,1.99370076600678,8.4176401731714,0.000999000999000999,492,2000,1000,950406
1,4,"LASSO",500,"Crohn's disease","MONDO_0005265",3.21013076281676,3.70242286919,0.867035148667138,-0.403524502841998,0.648351648351648,6,28,1.22728364046444,1.02744210572961,1.19450393712735,4.05378086475123,0.000999000999000999,428,1902,1491.241,1.27544776464703,1.80156885616295,0.042957042957043,159,7030,3068.556,2.29097986153748,10.663212584546,0.000999000999000999,458,2000,1000,950406
1,4,"ElasticNet",500,"Crohn's disease","MONDO_0005265",3.21013076281676,3.70242286919,0.867035148667138,-0.403524502841998,0.648351648351648,6,28,1.20472565306647,1.02744210572961,1.17254845440753,3.59619261723043,0.000999000999000999,416,1631,1491.241,1.09371992856956,0.612976128991641,0.263736263736264,154,6518,2943.24,2.21456626031177,9.92225636257079,0.000999000999000999,449,2000,1000,950406
1,4,"mRMR",500,"Crohn's disease","MONDO_0005265",3.69397381663198,3.70242286919,0.997717966624415,-0.00692556246347034,0.497502497502497,7,28,1.22912272677198,1.02744210572961,1.19629390300211,4.0910866875475,0.000999000999000999,424,1796,1491.241,1.20436602802632,1.33665804774908,0.0899100899100899,161,6638,3049.734,2.17658326922938,9.42012909003708,0.000999000999000999,457,2000,1000,950406
1,4,"Boruta",500,"Crohn's disease","MONDO_0005265",3.70176243695198,3.70242286919,0.999821621607969,-0.000541346462921713,0.494505494505495,7,28,1.32230321936895,1.02744210572961,1.28698562380792,5.98125080362528,0.000999000999000999,449,2030,1491.241,1.36128231452864,2.36297058707781,0.016983016983017,177,6656,3335.908,1.99525886205495,8.67189762643785,0.000999000999000999,479,2000,1000,950406
1,4,"RF_importance",500,"Crohn's disease","MONDO_0005265",3.11041171398203,3.70242286919,0.840101691210251,-0.485262721033955,0.697302697302697,6,28,1.23732019736087,1.02744210572961,1.20427242611614,4.25737218698929,0.000999000999000999,440,1778,1491.241,1.19229554444922,1.25771092933918,0.105894105894106,173,5952,3230.104,1.84266512781013,6.99846746387952,0.000999000999000999,471,2000,1000,950406
1,5,"GS_full_ungrouped",10,"Crohn's disease","MONDO_0005265",0,0.0818578809246374,0,-0.389737163713093,1,0,30,1.56110414530838,1.0084357018917,1.54804529667082,1.42295396448518,0.0909090909090909,9,1,0.532,1.8796992481203,0.482213454655487,0.342657342657343,4,12,1.072,11.1940298507463,6.26985140084749,0.002997002997003,9,2000,1000,950501
1,5,"DGE",10,"Crohn's disease","MONDO_0005265",0,0.0818578809246374,0,-0.389737163713093,1,0,30,1.51156489527881,1.0084357018917,1.4989204492099,1.29540538980737,0.106893106893107,10,2,0.532,3.7593984962406,1.51258408426123,0.110889110889111,5,8,1.34,5.97014925373135,3.41641791789848,0.021978021978022,10,2000,1000,950501
1,5,"LASSO",10,"Crohn's disease","MONDO_0005265",0,0.0818578809246374,0,-0.389737163713093,1,0,30,0.855227123551985,1.0084357018917,0.84807303226937,-0.394465717264177,0.629370629370629,8,1,0.532,1.8796992481203,0.482213454655487,0.342657342657343,2,2,0.868,2.30414746543779,0.665943942300487,0.290709290709291,8,2000,1000,950501
1,5,"ElasticNet",10,"Crohn's disease","MONDO_0005265",0,0.0818578809246374,0,-0.389737163713093,1,0,30,1.76925303690366,1.0084357018917,1.7544529944594,1.95887435948301,0.035964035964036,8,0,0.532,0,-0.548157174950255,1,1,0,0.868,0,-0.510635461057264,1,8,2000,1000,950501
1,5,"mRMR",10,"Crohn's disease","MONDO_0005265",0,0.0818578809246374,0,-0.389737163713093,1,0,30,1.92514515309817,1.0084357018917,1.90904105188544,2.36024937449126,0.024975024975025,8,0,0.532,0,-0.548157174950255,1,2,2,1.072,1.86567164179104,0.532432476206668,0.377622377622378,9,2000,1000,950501
1,5,"Boruta",10,"Crohn's disease","MONDO_0005265",0,0.0818578809246374,0,-0.389737163713093,1,0,30,1.47080157672619,1.0084357018917,1.45849812136475,1.19045218245319,0.124875124875125,10,3,0.532,5.6390977443609,2.54295471386697,0.041958041958042,3,12,1.34,8.95522388059703,5.46832057129096,0.004995004995005,10,2000,1000,950501
1,5,"RF_importance",10,"Crohn's disease","MONDO_0005265",0,0.0818578809246374,0,-0.389737163713093,1,0,30,1.37850508190728,1.0084357018917,1.3669736992863,0.95281664386747,0.164835164835165,10,3,0.532,5.6390977443609,2.54295471386697,0.041958041958042,3,18,1.34,13.4328358208955,8.54617455137969,0.000999000999000999,10,2000,1000,950501
1,5,"GS_full_ungrouped",20,"Crohn's disease","MONDO_0005265",0,0.165844042068676,0,-0.568668077796157,1,0,30,1.44803300270639,1.01034245933019,1.43321008568359,1.60772284747119,0.0679320679320679,17,5,2.272,2.20070422535211,1.18616484399613,0.138861138861139,9,30,4.606,6.51324359531047,5.79295088590964,0.001998001998002,18,2000,1000,950502
1,5,"DGE",20,"Crohn's disease","MONDO_0005265",0,0.165844042068676,0,-0.568668077796157,1,0,30,1.84528801422946,1.01034245933019,1.82639856138759,3.06691808932296,0.004995004995005,20,21,2.272,9.24295774647887,8.14314340115817,0.000999000999000999,11,118,5.712,20.6582633053221,24.0965974182998,0.000999000999000999,20,2000,1000,950502
1,5,"LASSO",20,"Crohn's disease","MONDO_0005265",0,0.165844042068676,0,-0.568668077796157,1,0,30,2.0233531390497,1.01034245933019,2.00264090691693,3.72098606918617,0.002997002997003,17,3,2.272,1.32042253521127,0.316542524350873,0.358641358641359,7,10,3.97,2.51889168765743,1.54573122528405,0.0889110889110889,17,2000,1000,950502
1,5,"ElasticNet",20,"Crohn's disease","MONDO_0005265",0,0.165844042068676,0,-0.568668077796157,1,0,30,1.48109837039965,1.01034245933019,1.4659369768361,1.72917840072678,0.0549450549450549,16,0,2.272,0,-0.987890955117011,1,4,10,4.606,2.17108119843682,1.23049448998175,0.130869130869131,18,2000,1000,950502
1,5,"mRMR",20,"Crohn's disease","MONDO_0005265",0,0.165844042068676,0,-0.568668077796157,1,0,30,1.62772736502154,1.01034245933019,1.61106499087512,2.26777533484585,0.016983016983017,16,2,2.272,0.880281690140845,-0.118268635471755,0.531468531468531,8,10,4.606,2.17108119843682,1.23049448998175,0.130869130869131,18,2000,1000,950502
1,5,"Boruta",20,"Crohn's disease","MONDO_0005265",0.483843053815216,0.165844042068676,2.91745815996728,1.09039724608315,0.217782217782218,1,30,1.67775632204341,1.01034245933019,1.66058182208405,2.45154146472105,0.011988011988012,19,4,2.272,1.76056338028169,0.751353684173501,0.212787212787213,6,64,5.11,12.5244618395303,12.6824295075002,0.000999000999000999,19,2000,1000,950502
1,5,"RF_importance",20,"Crohn's disease","MONDO_0005265",0,0.165844042068676,0,-0.568668077796157,1,0,30,1.656529102074,1.01034245933019,1.63957189641639,2.37356974006402,0.013986013986014,20,15,2.272,6.60211267605634,5.53427644222241,0.001998001998002,9,96,5.712,16.8067226890756,19.3754772344636,0.000999000999000999,20,2000,1000,950502
1,5,"GS_full_ungrouped",50,"Crohn's disease","MONDO_0005265",0.483843053815216,0.409412263901606,1.18179912151214,0.160314761514303,0.455544455544456,1,30,1.22028523509596,1.01226661506097,1.2054978569282,1.21191024319062,0.10989010989011,41,23,15.487,1.48511654936398,0.878253974571754,0.195804195804196,18,78,32.324,2.41306768964237,2.96030565998239,0.014985014985015,47,2000,1000,950503
1,5,"DGE",50,"Crohn's disease","MONDO_0005265",0,0.409412263901606,0,-0.881823631384241,1,0,30,1.5922308368437,1.01226661506097,1.57293623355129,3.37885416672956,0.000999000999000999,49,109,15.487,7.03816103829018,10.9314739683387,0.000999000999000999,26,436,36.252,12.0269226525433,23.5891600386063,0.000999000999000999,50,2000,1000,950503
1,5,"LASSO",50,"Crohn's disease","MONDO_0005265",0,0.409412263901606,0,-0.881823631384241,1,0,30,1.39530932054177,1.01226661506097,1.3784010060015,2.23159531715736,0.013986013986014,39,18,15.487,1.1622651255892,0.293764440050422,0.356643356643357,14,66,25.408,2.59760705289673,3.06307043522647,0.012987012987013,42,2000,1000,950503
1,5,"ElasticNet",50,"Crohn's disease","MONDO_0005265",0.483843053815216,0.409412263901606,1.18179912151214,0.160314761514303,0.455544455544456,1,30,1.44643980842237,1.01226661506097,1.42891189623522,2.52948000647707,0.00899100899100899,38,20,15.487,1.29140569509912,0.527560253858955,0.274725274725275,14,40,23.88,1.6750418760469,1.33163970601524,0.105894105894106,41,2000,1000,950503
1,5,"mRMR",50,"Crohn's disease","MONDO_0005265",0,0.409412263901606,0,-0.881823631384241,1,0,30,1.28592654429745,1.01226661506097,1.27034372680561,1.59433454244009,0.0659340659340659,43,10,15.487,0.645702847549558,-0.641418815183711,0.723276723276723,15,68,30.55,2.22585924713584,2.41893373581952,0.022977022977023,46,2000,1000,950503
1,5,"Boruta",50,"Crohn's disease","MONDO_0005265",0.483843053815216,0.409412263901606,1.18179912151214,0.160314761514303,0.455544455544456,1,30,1.37681639009917,1.01226661506097,1.36013217230942,2.12385605888219,0.017982017982018,46,54,15.487,3.48679537676761,4.50208908860402,0.001998001998002,24,284,35.062,8.09993725400719,15.0244614927011,0.000999000999000999,49,2000,1000,950503
1,5,"RF_importance",50,"Crohn's disease","MONDO_0005265",0.483843053815216,0.409412263901606,1.18179912151214,0.160314761514303,0.455544455544456,1,30,1.7140859237395,1.01226661506097,1.69331468432975,4.08877824933841,0.000999000999000999,46,59,15.487,3.80964680054239,5.08657862312535,0.000999000999000999,23,338,35.062,9.64006616850151,18.2835899528231,0.000999000999000999,49,2000,1000,950503
1,5,"GS_full_ungrouped",100,"Crohn's disease","MONDO_0005265",0.483843053815216,0.823242980758863,0.587728125381902,-0.534313540799554,0.718281718281718,1,30,1.22428970462403,1.01608049186828,1.20491409334403,1.64281638749428,0.0549450549450549,83,72,62.209,1.15738880226334,0.391234698422699,0.302697302697303,36,338,123.19,2.7437291987986,5.43265033153054,0.000999000999000999,92,2000,1000,950504
1,5,"DGE",100,"Crohn's disease","MONDO_0005265",0,0.823242980758863,0,-1.29602229425548,1,0,30,1.34221603628387,1.01608049186828,1.32097412264645,2.57328102738103,0.00899100899100899,94,212,62.209,3.4078670288865,5.98543935363442,0.000999000999000999,41,892,141.338,6.31111236893121,17.9803911630696,0.000999000999000999,99,2000,1000,950504
1,5,"LASSO",100,"Crohn's disease","MONDO_0005265",0,0.823242980758863,0,-1.29602229425548,1,0,30,1.31792315525281,1.01608049186828,1.2970657007985,2.3816048641169,0.012987012987013,84,35,62.209,0.562619556655789,-1.0872336747404,0.879120879120879,26,352,118.732,2.9646599063437,5.80817162423955,0.000999000999000999,90,2000,1000,950504
1,5,"ElasticNet",100,"Crohn's disease","MONDO_0005265",0.483843053815216,0.823242980758863,0.587728125381902,-0.534313540799554,0.718281718281718,1,30,1.20793803517075,1.01608049186828,1.18882120544377,1.51379812655762,0.0709290709290709,77,54,62.209,0.868041601697504,-0.328020185818807,0.607392607392607,28,172,108.504,1.58519501585195,1.85347355477581,0.0529470529470529,86,2000,1000,950504
1,5,"mRMR",100,"Crohn's disease","MONDO_0005265",0.483843053815216,0.823242980758863,0.587728125381902,-0.534313540799554,0.718281718281718,1,30,1.27250416468094,1.01608049186828,1.25236551126099,2.02323905970622,0.034965034965035,79,53,62.209,0.851966757221624,-0.367978790498891,0.622377622377622,31,212,112.232,1.88894432960297,2.73749032786105,0.014985014985015,88,2000,1000,950504
1,5,"Boruta",100,"Crohn's disease","MONDO_0005265",0.483843053815216,0.823242980758863,0.587728125381902,-0.534313540799554,0.718281718281718,1,30,1.53630263253527,1.01608049186828,1.51198910404278,4.10466687094996,0.000999000999000999,91,146,62.209,2.34692729347844,3.34817144474889,0.002997002997003,50,650,141.338,4.59890475314494,12.1838347082832,0.000999000999000999,99,2000,1000,950504
1,5,"RF_importance",100,"Crohn's disease","MONDO_0005265",1.11910741243055,0.823242980758863,1.35938895148424,0.465776093432674,0.265734265734266,2,30,1.67243881961041,1.01608049186828,1.64597079955278,5.17881126685815,0.000999000999000999,91,174,62.209,2.79702293880307,4.46701237579124,0.001998001998002,45,676,141.338,4.78286094327074,12.8066052364834,0.000999000999000999,99,2000,1000,950504
1,5,"GS_full_ungrouped",200,"Crohn's disease","MONDO_0005265",0.961407578318377,1.60744367188933,0.598097211822279,-0.75433393557125,0.803196803196803,2,30,1.06184043574218,1.02103113815728,1.03996871012039,0.496650283444568,0.307692307692308,174,249,254.1,0.979929161747343,-0.0743556177629457,0.502497502497502,67,1022,508.746,2.00886100332976,4.7016747795166,0.001998001998002,187,2000,1000,950505
1,5,"DGE",200,"Crohn's disease","MONDO_0005265",1.19195311251027,1.60744367188933,0.741520921295667,-0.485141050117947,0.617382617382617,2,30,1.17606468355373,1.02103113815728,1.15184017372501,1.88676254729408,0.02997002997003,189,600,254.1,2.36127508854782,5.04306042827506,0.000999000999000999,82,1918,573.632,3.34360705121053,11.3781482182662,0.000999000999000999,199,2000,1000,950505
1,5,"LASSO",200,"Crohn's disease","MONDO_0005265",0.986971154586905,1.60744367188933,0.614000460387426,-0.724485025756746,0.77022977022977,2,30,1.29027062262496,1.02103113815728,1.26369370571165,3.27665199326613,0.001998001998002,177,266,254.1,1.04683195592286,0.173496441446872,0.391608391608392,58,1690,523.966,3.22540012138192,10.7091167642446,0.000999000999000999,189,2000,1000,950505
1,5,"ElasticNet",200,"Crohn's disease","MONDO_0005265",0.483843053815216,1.60744367188933,0.301001560599958,-1.3119546797412,0.935064935064935,1,30,1.30395354499621,1.02103113815728,1.2770947880684,3.44317353801691,0.001998001998002,162,272,254.1,1.07044470680834,0.260973638815043,0.366633366633367,60,802,454.194,1.76576528972201,3.58427021337435,0.001998001998002,176,2000,1000,950505
1,5,"mRMR",200,"Crohn's disease","MONDO_0005265",0.483843053815216,1.60744367188933,0.301001560599958,-1.3119546797412,0.935064935064935,1,30,1.34250111556368,1.02103113815728,1.31484835808884,3.91229854093094,0.000999000999000999,150,264,254.1,1.03896103896104,0.144337375657482,0.400599400599401,65,796,406.28,1.9592399330511,4.3823328145386,0.000999000999000999,166,2000,1000,950505
1,5,"Boruta",200,"Crohn's disease","MONDO_0005265",1.04053180771015,1.60744367188933,0.64732085229907,-0.661945767247365,0.697302697302697,2,30,1.49698640759756,1.02103113815728,1.46615157134117,5.79238882959695,0.000999000999000999,183,494,254.1,1.94411648957103,3.49762994143737,0.000999000999000999,86,1720,565.876,3.03953516318063,9.95576039641016,0.000999000999000999,197,2000,1000,950505
1,5,"RF_importance",200,"Crohn's disease","MONDO_0005265",1.67579616632548,1.60744367188933,1.04252248189562,0.0798107205576287,0.424575424575425,3,30,1.43633513702,1.02103113815728,1.40674959199799,5.05426118451918,0.000999000999000999,181,611,254.1,2.40456513183786,5.20343529011671,0.000999000999000999,87,1816,563.872,3.22058906985983,10.5782511038284,0.000999000999000999,196,2000,1000,950505
1,5,"GS_full_ungrouped",500,"Crohn's disease","MONDO_0005265",4.50883815570941,3.94220211964476,1.14373591684734,0.43862160615872,0.314685314685315,8,30,0.924774453379386,1.01535420028023,0.910790001286406,-1.83043983074341,0.97002997002997,448,1751,1581.817,1.10695485002374,0.775480161830816,0.211788211788212,179,4198,3405.12,1.23284935626351,2.00543559951264,0.032967032967033,481,2000,1000,950506
1,5,"DGE",500,"Crohn's disease","MONDO_0005265",3.20880869126626,3.94220211964476,0.813963514269383,-0.567705163504505,0.692307692307692,6,30,1.08121010715494,1.01535420028023,1.06486003293879,1.33081929633963,0.0969030969030969,453,2827,1581.817,1.78718524329932,5.70751620640952,0.000999000999000999,198,7012,3481.368,2.01415075912687,8.6435993530761,0.000999000999000999,488,2000,1000,950506
1,5,"LASSO",500,"Crohn's disease","MONDO_0005265",3.69137184048563,3.94220211964476,0.936373054565316,-0.194162695126341,0.556443556443556,7,30,1.24586988307961,1.01535420028023,1.22702982145123,4.65827187471501,0.000999000999000999,426,1869,1581.817,1.18155260690712,1.31635400315079,0.102897102897103,161,7202,3132.124,2.29939810812088,11.0710254408398,0.000999000999000999,461,2000,1000,950506
1,5,"ElasticNet",500,"Crohn's disease","MONDO_0005265",1.94938364916192,3.94220211964476,0.494491045866918,-1.54260086311598,0.959040959040959,4,30,1.24152842212348,1.01535420028023,1.22275401212782,4.57053942535849,0.000999000999000999,424,1565,1581.817,0.989368555275357,-0.0770836897413383,0.505494505494505,151,5682,3048.042,1.86414754127404,6.90000668628776,0.000999000999000999,455,2000,1000,950506
1,5,"mRMR",500,"Crohn's disease","MONDO_0005265",2.50202070412171,3.94220211964476,0.63467590655833,-1.11481558783986,0.88011988011988,5,30,1.21732257544862,1.01535420028023,1.19891420660165,4.08138652521796,0.000999000999000999,420,1673,1581.817,1.05764446835506,0.417953385365074,0.322677322677323,159,6262,3017.288,2.07537364679805,9.13919736702985,0.000999000999000999,453,2000,1000,950506
1,5,"Boruta",500,"Crohn's disease","MONDO_0005265",4.93248734782007,3.94220211964476,1.25120102879569,0.766559960348075,0.21978021978022,9,30,1.27839749746944,1.01535420028023,1.25906555280572,5.31559145238384,0.000999000999000999,448,2064,1581.817,1.30482856107881,2.21017094431514,0.01998001998002,181,5676,3322.252,1.70847966981433,5.92640988871102,0.000999000999000999,476,2000,1000,950506
1,5,"RF_importance",500,"Crohn's disease","MONDO_0005265",2.98817164347891,3.94220211964476,0.757995544822085,-0.738495882977146,0.775224775224775,5,30,1.2429616774427,1.01535420028023,1.22416559374025,4.59950271697373,0.000999000999000999,448,2218,1581.817,1.40218495565543,2.91605714400391,0.00699300699300699,187,5992,3324.56,1.80234376879948,6.69583488106874,0.000999000999000999,475,2000,1000,950506
2,1,"GS_full_ungrouped",10,"Crohn's disease","MONDO_0005265",0,0.0809154757701467,0,-0.368073496641237,1,0,28,1.51841635569648,1.01927082356433,1.48970844705107,1.2109466655036,0.112887112887113,9,0,0.524,0,-0.594763641461337,1,3,20,1.356,14.7492625368732,8.97261055319202,0.000999000999000999,10,2000,1000,960101
2,1,"DGE",10,"Crohn's disease","MONDO_0005265",0,0.0809154757701467,0,-0.368073496641237,1,0,28,1.67790238719348,1.01927082356433,1.64617915906388,1.59786604192418,0.0679320679320679,10,2,0.524,3.81679389312977,1.67532659312392,0.105894105894106,5,28,1.356,20.6489675516224,12.8226901726694,0.000999000999000999,10,2000,1000,960101
2,1,"LASSO",10,"Crohn's disease","MONDO_0005265",0,0.0809154757701467,0,-0.368073496641237,1,0,28,1.5309740229404,1.01927082356433,1.50202869300887,1.24141205945509,0.108891108891109,8,1,0.524,1.90839694656489,0.540281475831292,0.355644355644356,3,0,1.046,0,-0.631378646826663,1,9,2000,1000,960101
2,1,"ElasticNet",10,"Crohn's disease","MONDO_0005265",0,0.0809154757701467,0,-0.368073496641237,1,0,28,1.92633454623465,1.01927082356433,1.88991434042856,2.20057221723483,0.032967032967033,9,0,0.524,0,-0.594763641461337,1,2,10,1.046,9.56022944550669,5.40474608382976,0.002997002997003,9,2000,1000,960101
2,1,"mRMR",10,"Crohn's disease","MONDO_0005265",0,0.0809154757701467,0,-0.368073496641237,1,0,28,2.18201156943863,1.01927082356433,2.14075741107576,2.82085471755534,0.015984015984016,7,0,0.524,0,-0.594763641461337,1,3,0,1.046,0,-0.631378646826663,1,9,2000,1000,960101
2,1,"Boruta",10,"Crohn's disease","MONDO_0005265",0,0.0809154757701467,0,-0.368073496641237,1,0,28,1.72179046855237,1.01927082356433,1.68923747128498,1.7043402510589,0.0579420579420579,10,1,0.524,1.90839694656489,0.540281475831292,0.355644355644356,2,18,1.356,13.2743362831858,8.01009064832268,0.000999000999000999,10,2000,1000,960101
2,1,"RF_importance",10,"Crohn's disease","MONDO_0005265",0,0.0809154757701467,0,-0.368073496641237,1,0,28,1.61921436648274,1.01927082356433,1.58860072225009,1.45548659863616,0.0829170829170829,10,3,0.524,5.72519083969466,2.81037171041655,0.041958041958042,5,26,1.356,19.1740412979351,11.8601702678,0.000999000999000999,10,2000,1000,960101
2,1,"GS_full_ungrouped",20,"Crohn's disease","MONDO_0005265",0,0.140227120112795,0,-0.514313039012281,1,0,28,1.52349865363769,1.02992544648295,1.47923197629519,1.71040272772725,0.0619380619380619,18,4,2.319,1.72488141440276,0.668901189028848,0.234765234765235,8,28,4.906,5.70729718711782,5.13385113151031,0.00599400599400599,19,2000,1000,960102
2,1,"DGE",20,"Crohn's disease","MONDO_0005265",0,0.140227120112795,0,-0.514313039012281,1,0,28,1.8940704251617,1.02992544648295,1.83903643863706,2.99456272597181,0.00899100899100899,20,9,2.319,3.88098318240621,2.65849425574166,0.027972027972028,10,132,5.598,23.5798499464094,26.4341811366501,0.000999000999000999,20,2000,1000,960102
2,1,"LASSO",20,"Crohn's disease","MONDO_0005265",0,0.140227120112795,0,-0.514313039012281,1,0,28,1.4149258331846,1.02992544648295,1.3738138406196,1.33416016518925,0.103896103896104,14,2,2.319,0.86244070720138,-0.126936037656278,0.518481518481518,5,8,3.48,2.29885057471264,1.27793236336517,0.140859140859141,16,2000,1000,960102
2,1,"ElasticNet",20,"Crohn's disease","MONDO_0005265",0,0.140227120112795,0,-0.514313039012281,1,0,28,1.47301646415,1.02992544648295,1.43021659400702,1.53546439365697,0.0779220779220779,14,1,2.319,0.43122035360069,-0.52485465099884,0.776223776223776,4,12,4.352,2.75735294117647,1.85769863640578,0.0759240759240759,18,2000,1000,960102
2,1,"mRMR",20,"Crohn's disease","MONDO_0005265",0,0.140227120112795,0,-0.514313039012281,1,0,28,1.74611546973947,1.02992544648295,1.69538045273297,2.48184737662425,0.017982017982018,17,0,2.319,0,-0.922773264341403,1,6,18,4.906,3.66897676314717,2.91082734545752,0.020979020979021,19,2000,1000,960102
2,1,"Boruta",20,"Crohn's disease","MONDO_0005265",0,0.140227120112795,0,-0.514313039012281,1,0,28,1.72040361719606,1.02992544648295,1.67041568209717,2.39274687017924,0.020979020979021,20,13,2.319,5.60586459680897,4.25016870911191,0.00599400599400599,8,80,5.598,14.2908181493391,15.5595318502005,0.000999000999000999,20,2000,1000,960102
2,1,"RF_importance",20,"Crohn's disease","MONDO_0005265",0,0.140227120112795,0,-0.514313039012281,1,0,28,1.72111154070921,1.02992544648295,1.67110303623098,2.39520007122494,0.020979020979021,20,11,2.319,4.74342388960759,3.45433148242679,0.011988011988012,9,100,5.598,17.8635226866738,19.7420892680657,0.000999000999000999,20,2000,1000,960102
2,1,"GS_full_ungrouped",50,"Crohn's disease","MONDO_0005265",0,0.366734887999553,0,-0.844607904495455,1,0,28,1.26208385468039,1.02983212208692,1.22552387676821,1.30866517175566,0.102897102897103,39,22,14.877,1.47879276735901,0.830949008790398,0.195804195804196,18,76,31.898,2.3825945200326,2.8217349621109,0.018981018981019,47,2000,1000,960103
2,1,"DGE",50,"Crohn's disease","MONDO_0005265",0,0.366734887999553,0,-0.844607904495455,1,0,28,1.62643253608134,1.02983212208692,1.57931812496335,3.36165493592293,0.002997002997003,49,109,14.877,7.32674598373328,10.9801226385482,0.000999000999000999,26,408,35.628,11.4516672280229,21.5874841871548,0.000999000999000999,50,2000,1000,960103
2,1,"LASSO",50,"Crohn's disease","MONDO_0005265",0,0.366734887999553,0,-0.844607904495455,1,0,28,0.973018122270167,1.02983212208692,0.944831785105306,-0.32012894800855,0.611388611388611,38,18,14.877,1.20992135511192,0.364320336157856,0.325674325674326,15,54,29.136,1.85337726523888,1.62775356801701,0.0589410589410589,45,2000,1000,960103
2,1,"ElasticNet",50,"Crohn's disease","MONDO_0005265",0,0.366734887999553,0,-0.844607904495455,1,0,28,1.18351985503203,1.02983212208692,1.14923571487911,0.86598184300047,0.183816183816184,35,12,14.877,0.806614236741278,-0.335622672790955,0.592407592407592,13,38,22.796,1.66695911563432,1.20027691012959,0.135864135864136,40,2000,1000,960103
2,1,"mRMR",50,"Crohn's disease","MONDO_0005265",0,0.366734887999553,0,-0.844607904495455,1,0,28,1.36655162868287,1.02983212208692,1.32696543385499,1.89730808899573,0.038961038961039,41,7,14.877,0.470524971432412,-0.918908513581632,0.852147852147852,14,76,29.136,2.60845689181768,3.06801171217621,0.014985014985015,45,2000,1000,960103
2,1,"Boruta",50,"Crohn's disease","MONDO_0005265",0.483843053815216,0.366734887999553,1.3193264934636,0.269705680494173,0.414585414585415,1,28,1.59794284874476,1.02983212208692,1.55165372537282,3.20112454437212,0.004995004995005,45,34,14.877,2.28540700410029,2.23083502668802,0.036963036963037,20,220,34.05,6.46108663729809,11.4334794046866,0.000999000999000999,49,2000,1000,960103
2,1,"RF_importance",50,"Crohn's disease","MONDO_0005265",0.483843053815216,0.366734887999553,1.3193264934636,0.269705680494173,0.414585414585415,1,28,1.62764285946375,1.02983212208692,1.58049338776246,3.36847472598191,0.002997002997003,48,37,14.877,2.48706056328561,2.58080653116243,0.024975024975025,22,268,34.05,7.87077826725404,14.3848481136135,0.000999000999000999,49,2000,1000,960103
2,1,"GS_full_ungrouped",100,"Crohn's disease","MONDO_0005265",0.483843053815216,0.748688259735443,0.646254362244423,-0.444073579400321,0.677322677322677,1,28,1.33776808278809,1.02436940182384,1.30594303227552,2.55367369468307,0.00999000999000999,77,45,59.641,0.754514511829111,-0.655513808066778,0.74025974025974,30,252,116.458,2.1638702364801,3.58539662635653,0.00799200799200799,90,2000,1000,960104
2,1,"DGE",100,"Crohn's disease","MONDO_0005265",0,0.748688259735443,0,-1.25534715344577,1,0,28,1.30460243332005,1.02436940182384,1.27356638239805,2.28342926878749,0.017982017982018,96,194,59.641,3.25279589544106,6.01558498313259,0.000999000999000999,41,882,144.762,6.09275914950056,16.2302571434632,0.000999000999000999,99,2000,1000,960104
2,1,"LASSO",100,"Crohn's disease","MONDO_0005265",0,0.748688259735443,0,-1.25534715344577,1,0,28,1.10427351919668,1.02436940182384,1.0780032254288,0.651084561058343,0.251748251748252,84,33,59.641,0.553310642008015,-1.19278350937142,0.905094905094905,25,338,125.578,2.69155425313351,5.18218031158639,0.000999000999000999,93,2000,1000,960104
2,1,"ElasticNet",100,"Crohn's disease","MONDO_0005265",0.483843053815216,0.748688259735443,0.646254362244423,-0.444073579400321,0.677322677322677,1,28,1.1279262885042,1.02436940182384,1.10109330334934,0.843814966308316,0.18981018981019,71,31,59.641,0.519776663704499,-1.28232845958887,0.927072927072927,24,144,98.674,1.45935099418286,1.33858955144535,0.102897102897103,83,2000,1000,960104
2,1,"mRMR",100,"Crohn's disease","MONDO_0005265",0.483843053815216,0.748688259735443,0.646254362244423,-0.444073579400321,0.677322677322677,1,28,1.37146657258689,1.02436940182384,1.33883984639238,2.8282598757256,0.004995004995005,78,49,59.641,0.821582468436143,-0.476423907631896,0.664335664335664,33,192,111.198,1.72664975988777,2.13150123815598,0.036963036963037,88,2000,1000,960104
2,1,"Boruta",100,"Crohn's disease","MONDO_0005265",0.483843053815216,0.748688259735443,0.646254362244423,-0.444073579400321,0.677322677322677,1,28,1.41986429694723,1.02436940182384,1.38608620524903,3.22262016850436,0.001998001998002,88,120,59.641,2.01203869821096,2.70242182508727,0.016983016983017,40,592,138.554,4.27270233988192,10.5312339141676,0.000999000999000999,98,2000,1000,960104
2,1,"RF_importance",100,"Crohn's disease","MONDO_0005265",0.483843053815216,0.748688259735443,0.646254362244423,-0.444073579400321,0.677322677322677,1,28,1.47550147149332,1.02436940182384,1.44039979021851,3.67596984007187,0.000999000999000999,90,161,59.641,2.69948525343304,4.53809330454481,0.001998001998002,43,700,144.762,4.83552313452425,12.2235363828536,0.000999000999000999,99,2000,1000,960104
2,1,"GS_full_ungrouped",200,"Crohn's disease","MONDO_0005265",0.483843053815216,1.50821535187861,0.320805018469378,-1.19683123618089,0.902097902097902,1,28,1.21260599780886,1.02524570866799,1.18274671872003,2.11431514104571,0.020979020979021,159,267,243.246,1.09765422658543,0.388353878993858,0.338661338661339,65,960,441.568,2.17407058482499,5.35673502335095,0.000999000999000999,175,2000,1000,960105
2,1,"DGE",200,"Crohn's disease","MONDO_0005265",1.67579616632548,1.50821535187861,1.11111199354796,0.195794003502273,0.376623376623377,3,28,1.21021649120192,1.02524570866799,1.18041605145975,2.08735014210257,0.022977022977023,189,583,243.246,2.39675061460415,5.5546343270051,0.000999000999000999,82,1810,568.524,3.18368265895547,10.8548509327269,0.000999000999000999,199,2000,1000,960105
2,1,"LASSO",200,"Crohn's disease","MONDO_0005265",0.986971154586905,1.50821535187861,0.654396703599092,-0.608998640607653,0.734265734265734,2,28,1.1962117317039,1.02524570866799,1.1667561459565,1.92930984877712,0.031968031968032,178,281,243.246,1.15520912985208,0.617239721627267,0.271728271728272,59,1742,527.18,3.30437421753481,11.5678614084835,0.000999000999000999,192,2000,1000,960105
2,1,"ElasticNet",200,"Crohn's disease","MONDO_0005265",0.483843053815216,1.50821535187861,0.320805018469378,-1.19683123618089,0.902097902097902,1,28,1.26990953203655,1.02524570866799,1.23863920746026,2.76097154090829,0.002997002997003,151,142,243.246,0.583771161704612,-1.6552697159473,0.969030969030969,53,580,418.194,1.38691612026954,1.73625468444787,0.0529470529470529,170,2000,1000,960105
2,1,"mRMR",200,"Crohn's disease","MONDO_0005265",0.483843053815216,1.50821535187861,0.320805018469378,-1.19683123618089,0.902097902097902,1,28,1.34101762653397,1.02524570866799,1.30799633219264,3.56340903466008,0.000999000999000999,149,231,243.246,0.949655903899756,-0.200209716349195,0.562437562437562,63,694,395.68,1.75394257986252,3.26758930824436,0.003996003996004,166,2000,1000,960105
2,1,"Boruta",200,"Crohn's disease","MONDO_0005265",1.04053180771015,1.50821535187861,0.689909306661069,-0.5464207450424,0.677322677322677,2,28,1.36582115207997,1.02524570866799,1.33218909431424,3.84331076759238,0.000999000999000999,178,409,243.246,1.68142538829004,2.70991028284701,0.00799200799200799,79,1570,565.18,2.7778760748788,8.68160183757123,0.000999000999000999,198,2000,1000,960105
2,1,"RF_importance",200,"Crohn's disease","MONDO_0005265",1.04053180771015,1.50821535187861,0.689909306661069,-0.5464207450424,0.677322677322677,2,28,1.44365125281764,1.02524570866799,1.40810270222271,4.72160446138061,0.000999000999000999,177,421,243.246,1.7307581625186,2.90609814796136,0.004995004995005,78,1536,557.598,2.75467272120775,8.40666102545934,0.000999000999000999,196,2000,1000,960105
2,1,"GS_full_ungrouped",500,"Crohn's disease","MONDO_0005265",3.34163636166774,3.73753884826593,0.894074014299044,-0.32196364514267,0.59040959040959,6,28,0.980491409040458,1.0257265406335,0.955899423675724,-0.952410942054647,0.838161838161838,424,1674,1506.597,1.1111133236028,0.761656747233903,0.204795204795205,167,3712,3092.508,1.2003202578619,1.65587382366251,0.0579420579420579,462,2000,1000,960106
2,1,"DGE",500,"Crohn's disease","MONDO_0005265",3.20880869126626,3.73753884826593,0.858535207668818,-0.429984388598301,0.637362637362637,6,28,1.110987858334,1.0257265406335,1.08312285421398,1.79514923583059,0.041958041958042,456,2701,1506.597,1.79278201138061,5.43434170156099,0.000999000999000999,200,6950,3475.696,1.99959950467475,8.84681756851363,0.000999000999000999,490,2000,1000,960106
2,1,"LASSO",500,"Crohn's disease","MONDO_0005265",4.20613289269494,3.73753884826593,1.12537502978636,0.381079310546576,0.337662337662338,8,28,1.18648376540222,1.0257265406335,1.15672522685182,3.38469093583042,0.000999000999000999,423,1866,1506.597,1.2385528445895,1.63522589156769,0.0559440559440559,158,7068,3092.508,2.28552359444179,10.6263085543957,0.000999000999000999,462,2000,1000,960106
2,1,"ElasticNet",500,"Crohn's disease","MONDO_0005265",3.02457037665102,3.73753884826593,0.809241187701447,-0.579814312270061,0.706293706293706,6,28,1.20318159428467,1.0257265406335,1.17300425271396,3.7362582768801,0.000999000999000999,413,1421,1506.597,0.943185204802611,-0.389452593997601,0.634365634365634,149,5600,2970.106,1.88545459320307,6.66607956320643,0.000999000999000999,451,2000,1000,960106
2,1,"mRMR",500,"Crohn's disease","MONDO_0005265",3.69397381663198,3.73753884826593,0.988343925400492,-0.0354288160858593,0.512487512487512,7,28,1.20040782366702,1.0257265406335,1.17030005183023,3.67785744120303,0.000999000999000999,415,1586,1506.597,1.05270354315056,0.361270889414249,0.341658341658342,156,6252,2939.71,2.12674039275983,9.22694305271912,0.000999000999000999,448,2000,1000,960106
2,1,"Boruta",500,"Crohn's disease","MONDO_0005265",4.15346279822443,3.73753884826593,1.11128284329445,0.338245895299693,0.357642357642358,8,28,1.28211580821585,1.0257265406335,1.24995869505726,5.3981924064605,0.000999000999000999,451,2004,1506.597,1.33015000029869,2.2631037140576,0.024975024975025,180,5938,3364.162,1.7650755225224,6.55475247542348,0.000999000999000999,482,2000,1000,960106
2,1,"RF_importance",500,"Crohn's disease","MONDO_0005265",3.68835557694935,3.73753884826593,0.986840733083109,-0.0399977920047732,0.517482517482518,7,28,1.27802984911683,1.0257265406335,1.24597521706663,5.31216387028414,0.000999000999000999,440,1958,1506.597,1.29961761506229,2.05381110656097,0.035964035964036,180,5852,3271.986,1.78851621003268,6.66807411251648,0.000999000999000999,475,2000,1000,960106
2,2,"GS_full_ungrouped",10,"Crohn's disease","MONDO_0005265",0,0.0799784205208137,0,-0.393794530595673,1,0,30,1.41962111003034,1.00643820284733,1.4105397688741,1.07091182759289,0.132867132867133,10,1,0.559,1.78890876565295,0.469201402361803,0.357642357642358,4,16,1.454,11.0041265474553,6.79507000683797,0.001998001998002,10,2000,1000,960201
2,2,"DGE",10,"Crohn's disease","MONDO_0005265",0,0.0799784205208137,0,-0.393794530595673,1,0,30,1.60391151943391,1.00643820284733,1.59365126929428,1.5485665797891,0.0719280719280719,10,3,0.559,5.36672629695885,2.59709891874187,0.050949050949051,4,24,1.454,16.5061898211829,10.5322183675353,0.000999000999000999,10,2000,1000,960201
2,2,"LASSO",10,"Crohn's disease","MONDO_0005265",0,0.0799784205208137,0,-0.393794530595673,1,0,30,2.2453274105885,1.00643820284733,2.23096401173584,3.21102611599455,0.00699300699300699,9,0,0.559,0,-0.594747355828228,1,1,0,1.032,0,-0.596425189612636,1,9,2000,1000,960201
2,2,"ElasticNet",10,"Crohn's disease","MONDO_0005265",0,0.0799784205208137,0,-0.393794530595673,1,0,30,1.6462519069107,1.00643820284733,1.63572080456928,1.65830689320841,0.0649350649350649,9,0,0.559,0,-0.594747355828228,1,1,0,1.032,0,-0.596425189612636,1,9,2000,1000,960201
2,2,"mRMR",10,"Crohn's disease","MONDO_0005265",0,0.0799784205208137,0,-0.393794530595673,1,0,30,2.05299885096933,1.00643820284733,2.03986578128806,2.71253761199445,0.013986013986014,9,0,0.559,0,-0.594747355828228,1,4,6,1.454,4.12654745529573,2.12363455596627,0.0719280719280719,10,2000,1000,960201
2,2,"Boruta",10,"Crohn's disease","MONDO_0005265",0,0.0799784205208137,0,-0.393794530595673,1,0,30,1.93504418465834,1.00643820284733,1.92266567304765,2.40681575110376,0.024975024975025,10,3,0.559,5.36672629695885,2.59709891874187,0.050949050949051,4,30,1.454,20.6327372764787,13.3350796380583,0.000999000999000999,10,2000,1000,960201
2,2,"RF_importance",10,"Crohn's disease","MONDO_0005265",0,0.0799784205208137,0,-0.393794530595673,1,0,30,1.85112667087164,1.00643820284733,1.83928498106945,2.18931338957319,0.031968031968032,10,3,0.559,5.36672629695885,2.59709891874187,0.050949050949051,5,32,1.454,22.0082530949106,14.2693667282327,0.000999000999000999,10,2000,1000,960201
2,2,"GS_full_ungrouped",20,"Crohn's disease","MONDO_0005265",0,0.16000440803691,0,-0.548137916121628,1,0,30,1.36423576756887,1.00901331333444,1.35204932337368,1.31541132796043,0.107892107892108,18,1,2.314,0.432152117545376,-0.540630366724325,0.784215784215784,8,30,5.126,5.85251658213032,5.25107370217666,0.002997002997003,19,2000,1000,960202
2,2,"DGE",20,"Crohn's disease","MONDO_0005265",0,0.16000440803691,0,-0.548137916121628,1,0,30,1.99737662558403,1.00901331333444,1.97953446122864,3.65997217117248,0.002997002997003,19,19,2.314,8.21089023336214,6.86526506785547,0.000999000999000999,9,110,5.684,19.3525686136524,21.7536884698291,0.000999000999000999,20,2000,1000,960202
2,2,"LASSO",20,"Crohn's disease","MONDO_0005265",0,0.16000440803691,0,-0.548137916121628,1,0,30,1.44766990771858,1.00901331333444,1.43473816310166,1.62437325247642,0.0639360639360639,17,0,2.314,0,-0.952069001978758,1,4,10,4.558,2.19394471259324,1.24300352353433,0.12987012987013,18,2000,1000,960202
2,2,"ElasticNet",20,"Crohn's disease","MONDO_0005265",0,0.16000440803691,0,-0.548137916121628,1,0,30,1.54662514843193,1.00901331333444,1.53280945651833,1.99081079898773,0.037962037962038,15,1,2.314,0.432152117545376,-0.540630366724325,0.784215784215784,3,10,4.558,2.19394471259324,1.24300352353433,0.12987012987013,18,2000,1000,960202
2,2,"mRMR",20,"Crohn's disease","MONDO_0005265",0,0.16000440803691,0,-0.548137916121628,1,0,30,1.63708623229735,1.00901331333444,1.62246246968471,2.32579394275497,0.01998001998002,15,0,2.314,0,-0.952069001978758,1,6,16,4.188,3.82043935052531,2.8799925815107,0.028971028971029,17,2000,1000,960202
2,2,"Boruta",20,"Crohn's disease","MONDO_0005265",0,0.16000440803691,0,-0.548137916121628,1,0,30,1.80847635215088,1.00901331333444,1.79232159600995,2.9604624510893,0.00699300699300699,20,10,2.314,4.32152117545376,3.16231735056557,0.022977022977023,9,98,5.684,17.2413793103448,19.2512510523865,0.000999000999000999,20,2000,1000,960202
2,2,"RF_importance",20,"Crohn's disease","MONDO_0005265",0,0.16000440803691,0,-0.548137916121628,1,0,30,1.84403000483827,1.00901331333444,1.82755765505648,3.09211988698016,0.004995004995005,20,8,2.314,3.45721694036301,2.33944008005671,0.044955044955045,9,106,5.684,18.6488388458832,20.9195426640149,0.000999000999000999,20,2000,1000,960202
2,2,"GS_full_ungrouped",50,"Crohn's disease","MONDO_0005265",0.483843053815216,0.387300966307795,1.24926890430399,0.218282112967738,0.434565434565435,1,30,1.3024669058117,1.01279139272032,1.28601695785873,1.68318607538248,0.0589410589410589,44,11,15.416,0.713544369486248,-0.491810797094584,0.68031968031968,17,96,33.192,2.89226319595083,3.74822584963118,0.002997002997003,48,2000,1000,960203
2,2,"DGE",50,"Crohn's disease","MONDO_0005265",0,0.387300966307795,0,-0.875689302591618,1,0,30,1.60023108677054,1.01279139272032,1.58002042500813,3.41337209555704,0.00599400599400599,49,107,15.416,6.94084068500259,10.199728270179,0.000999000999000999,26,476,36.304,13.1115028646981,26.5070169975992,0.000999000999000999,50,2000,1000,960203
2,2,"LASSO",50,"Crohn's disease","MONDO_0005265",0,0.387300966307795,0,-0.875689302591618,1,0,30,1.26166985320627,1.01279139272032,1.24573516547911,1.44613106811147,0.0869130869130869,43,17,15.416,1.10275038920602,0.176410394610013,0.372627372627373,14,108,30.632,3.52572473230609,5.00268083667786,0.000999000999000999,46,2000,1000,960203
2,2,"ElasticNet",50,"Crohn's disease","MONDO_0005265",0,0.387300966307795,0,-0.875689302591618,1,0,30,1.15031402008234,1.01279139272032,1.13578573865309,0.799087810203511,0.185814185814186,35,5,15.416,0.324338349766476,-1.16003198879918,0.936063936063936,12,36,24.99,1.4405762304922,0.830533970544526,0.184815184815185,41,2000,1000,960203
2,2,"mRMR",50,"Crohn's disease","MONDO_0005265",0.483843053815216,0.387300966307795,1.24926890430399,0.218282112967738,0.434565434565435,1,30,1.44131179719795,1.01279139272032,1.42310826055367,2.48995702169166,0.014985014985015,42,13,15.416,0.843279709392838,-0.269070399859718,0.572427572427572,16,80,30.632,2.61164794985636,3.19217696651216,0.010989010989011,46,2000,1000,960203
2,2,"Boruta",50,"Crohn's disease","MONDO_0005265",0,0.387300966307795,0,-0.875689302591618,1,0,30,1.56966229403773,1.01279139272032,1.54983771122074,3.23574932820599,0.00699300699300699,44,56,15.416,3.63258951738453,4.5198481406899,0.001998001998002,24,274,33.192,8.25500120510967,14.3708249012544,0.000999000999000999,48,2000,1000,960203
2,2,"RF_importance",50,"Crohn's disease","MONDO_0005265",0,0.387300966307795,0,-0.875689302591618,1,0,30,1.51531410208432,1.01279139272032,1.49617592820792,2.91995418576561,0.00899100899100899,47,58,15.416,3.76232485729113,4.74258853792476,0.001998001998002,22,314,35.114,8.94230221564049,17.0540605596189,0.000999000999000999,49,2000,1000,960203
2,2,"GS_full_ungrouped",100,"Crohn's disease","MONDO_0005265",0.968196849924593,0.804356004866717,1.20369195240238,0.252750736965603,0.425574425574426,2,30,1.228504352189,1.01678872770133,1.20821987765964,1.7734620884996,0.0529470529470529,80,56,61.69,0.907764629599611,-0.235461563845271,0.558441558441558,29,252,119.22,2.11373930548566,3.34443390399154,0.00799200799200799,90,2000,1000,960204
2,2,"DGE",100,"Crohn's disease","MONDO_0005265",0,0.804356004866717,0,-1.24084792739536,1,0,30,1.3369128002978,1.01678872770133,1.3148383374786,2.68155884923358,0.015984015984016,94,144,61.69,2.33425190468471,3.40612325485136,0.003996003996004,35,820,142.334,5.76109713771833,16.287754142456,0.000999000999000999,99,2000,1000,960204
2,2,"LASSO",100,"Crohn's disease","MONDO_0005265",0,0.804356004866717,0,-1.24084792739536,1,0,30,1.32516872881669,1.01678872770133,1.30328817847196,2.58318318335258,0.015984015984016,88,32,61.69,0.518722645485492,-1.22862105985344,0.924075924075924,26,512,134.84,3.79709285078612,8.68363834035129,0.000999000999000999,95,2000,1000,960204
2,2,"ElasticNet",100,"Crohn's disease","MONDO_0005265",0.483843053815216,0.804356004866717,0.601528490976317,-0.49444254609814,0.688311688311688,1,30,1.28844211936926,1.01678872770133,1.26716798118136,2.27553820130761,0.021978021978022,77,54,61.69,0.875344464256768,-0.318224855179285,0.595404595404595,30,208,106.292,1.95687351823279,2.88961650914145,0.013986013986014,85,2000,1000,960204
2,2,"mRMR",100,"Crohn's disease","MONDO_0005265",0.483843053815216,0.804356004866717,0.601528490976317,-0.49444254609814,0.688311688311688,1,30,1.33953580322356,1.01678872770133,1.31741803063835,2.70353075734434,0.015984015984016,80,55,61.69,0.891554546928189,-0.276843209512278,0.58041958041958,30,234,119.22,1.9627579265224,2.89105379951913,0.012987012987013,90,2000,1000,960204
2,2,"Boruta",100,"Crohn's disease","MONDO_0005265",1.04053180771015,0.804356004866717,1.29362098550202,0.364338991299966,0.335664335664336,2,30,1.33045805423117,1.01678872770133,1.30849016908257,2.6274898712459,0.015984015984016,90,123,61.69,1.99384016858486,2.53710869584421,0.015984015984016,42,720,136.964,5.25685581612687,13.9420250256501,0.000999000999000999,97,2000,1000,960204
2,2,"RF_importance",100,"Crohn's disease","MONDO_0005265",0,0.804356004866717,0,-1.24084792739536,1,0,30,1.44047197196516,1.01678872770133,1.41668758978245,3.54903504667018,0.001998001998002,90,184,61.69,2.98265521154158,5.06138908153165,0.000999000999000999,43,692,141.126,4.90341963918768,13.1328854675252,0.000999000999000999,98,2000,1000,960204
2,2,"GS_full_ungrouped",200,"Crohn's disease","MONDO_0005265",1.47081420840212,1.60085707067596,0.918766725239918,-0.145556149179693,0.55944055944056,3,30,1.25149743364952,1.02228697731507,1.22421341699613,2.82005336874925,0.003996003996004,163,192,245.21,0.783002324538151,-0.844385889358571,0.795204795204795,55,1148,464.458,2.47169819445461,7.18135391792999,0.000999000999000999,178,2000,1000,960205
2,2,"DGE",200,"Crohn's disease","MONDO_0005265",1.19195311251027,1.60085707067596,0.744571851131574,-0.457683601346764,0.613386613386613,2,30,1.18257609540488,1.02228697731507,1.1567946395158,1.97209095375403,0.027972027972028,189,547,245.21,2.23074099751234,4.7890850883203,0.000999000999000999,79,1974,588.736,3.3529459723883,11.2935643236974,0.000999000999000999,199,2000,1000,960205
2,2,"LASSO",200,"Crohn's disease","MONDO_0005265",0.986971154586905,1.60085707067596,0.616526717260372,-0.687118603967748,0.757242757242757,2,30,1.22360545240153,1.02228697731507,1.19692951153032,2.47688893839395,0.010989010989011,181,313,245.21,1.27645691448147,1.07575492275169,0.145854145854146,61,1940,547.39,3.54409105025667,12.4518088991658,0.000999000999000999,193,2000,1000,960205
2,2,"ElasticNet",200,"Crohn's disease","MONDO_0005265",1.47081420840212,1.60085707067596,0.918766725239918,-0.145556149179693,0.55944055944056,3,30,1.25599607399168,1.02228697731507,1.22861398204488,2.87540165457609,0.003996003996004,169,280,245.21,1.14187838995147,0.55208015581253,0.281718281718282,62,1494,491.994,3.03662239783412,9.51035936131012,0.000999000999000999,182,2000,1000,960205
2,2,"mRMR",200,"Crohn's disease","MONDO_0005265",0.483843053815216,1.60085707067596,0.302240007979547,-1.2502666892368,0.916083916083916,1,30,1.28752690442243,1.02228697731507,1.25945740579029,3.26333607082253,0.000999000999000999,150,278,245.21,1.13372211573753,0.520342291149551,0.287712287712288,68,676,406.412,1.66333671249865,2.85523591656297,0.011988011988012,166,2000,1000,960205
2,2,"Boruta",200,"Crohn's disease","MONDO_0005265",1.59417377892658,1.60085707067596,0.995825178979557,-0.00748056597551717,0.468531468531469,3,30,1.38063952685342,1.02228697731507,1.35054007092953,4.40893199501738,0.000999000999000999,180,430,245.21,1.7535989559969,2.932420005536,0.00699300699300699,81,1666,564.916,2.94911101827528,9.40628111334491,0.000999000999000999,196,2000,1000,960205
2,2,"RF_importance",200,"Crohn's disease","MONDO_0005265",0.483843053815216,1.60085707067596,0.302240007979547,-1.2502666892368,0.916083916083916,1,30,1.42182401860099,1.02228697731507,1.39082669558725,4.9156386546973,0.000999000999000999,180,469,245.21,1.91264630316871,3.5513083664641,0.000999000999000999,80,1562,556.57,2.80647537596349,8.671789978628,0.000999000999000999,194,2000,1000,960205
2,2,"GS_full_ungrouped",500,"Crohn's disease","MONDO_0005265",4.32860751625465,4.04108293593972,1.07115037846855,0.221115784282274,0.3996003996004,8,30,1.01769819984992,1.01649628845959,1.00118240607858,0.0247552174912997,0.48051948051948,427,1755,1540.873,1.13896472973438,0.955807027532054,0.163836163836164,164,4866,3226.576,1.5081002276097,4.29981238194765,0.000999000999000999,466,2000,1000,960206
2,2,"DGE",500,"Crohn's disease","MONDO_0005265",2.73205549601944,4.04108293593972,0.676070137467773,-1.00668481528765,0.828171828171828,5,30,1.07973989897063,1.01649628845959,1.0622172566974,1.30259963066401,0.100899100899101,451,2540,1540.873,1.64841619004292,4.45984209369682,0.001998001998002,192,6722,3498.508,1.92139048988883,7.61800698980639,0.000999000999000999,487,2000,1000,960206
2,2,"LASSO",500,"Crohn's disease","MONDO_0005265",3.21013076281676,4.04108293593972,0.794373887817839,-0.639029335369851,0.725274725274725,6,30,1.22012869280604,1.01649628845959,1.20032774015834,4.19412320943598,0.000999000999000999,429,1908,1540.873,1.23825909078814,1.63875908501385,0.0619380619380619,160,7284,3174.87,2.29426716684463,10.5893060558024,0.000999000999000999,463,2000,1000,960206
2,2,"ElasticNet",500,"Crohn's disease","MONDO_0005265",3.69397381663198,4.04108293593972,0.914104925632509,-0.266938239030537,0.589410589410589,7,30,1.22763180526176,1.01649628845959,1.20770908777457,4.34866137439338,0.000999000999000999,424,1989,1540.873,1.29082669369896,2.0003219389748,0.030969030969031,162,7262,3071.874,2.36402925380403,11.1773961760929,0.000999000999000999,455,2000,1000,960206
2,2,"mRMR",500,"Crohn's disease","MONDO_0005265",3.69397381663198,4.04108293593972,0.914104925632509,-0.266938239030537,0.589410589410589,7,30,1.23558064194762,1.01649628845959,1.21552892615086,4.51237991682857,0.000999000999000999,420,1899,1540.873,1.23241824602028,1.59858543457374,0.0679320679320679,161,6630,3008.782,2.20354947616677,9.8415906292352,0.000999000999000999,450,2000,1000,960206
2,2,"Boruta",500,"Crohn's disease","MONDO_0005265",3.70176243695197,4.04108293593972,0.916032285313927,-0.260948535859258,0.584415584415584,7,30,1.32537622823997,1.01649628845959,1.3038672578416,6.3618584110907,0.000999000999000999,444,2142,1540.873,1.39012105475273,2.68327399645659,0.00799200799200799,183,6116,3331.276,1.83593313793273,6.66981091618217,0.000999000999000999,474,2000,1000,960206
2,2,"RF_importance",500,"Crohn's disease","MONDO_0005265",3.17464186268761,4.04108293593972,0.785591860650437,-0.666321457583462,0.737262737262737,6,30,1.2853587012193,1.01649628845959,1.26449915834631,5.53763576636822,0.000999000999000999,439,1792,1540.873,1.16297709155784,1.12096536823027,0.125874125874126,175,5550,3294.718,1.68451442581732,5.89965850854902,0.000999000999000999,473,2000,1000,960206
2,3,"GS_full_ungrouped",10,"Crohn's disease","MONDO_0005265",0,0.0742009034123795,0,-0.376559998625357,1,0,31,1.00625491888394,1.02670697102645,0.980079952002209,-0.0507961348726223,0.45954045954046,9,0,0.587,0,-0.585994582533839,1,3,8,1.176,6.80272108843537,3.69408371284787,0.018981018981019,9,2000,1000,960301
2,3,"DGE",10,"Crohn's disease","MONDO_0005265",0,0.0742009034123795,0,-0.376559998625357,1,0,31,1.55178678684184,1.02670697102645,1.51142130192263,1.30412464026566,0.112887112887113,10,6,0.587,10.221465076661,5.40372857794833,0.00699300699300699,5,28,1.362,20.5580029368576,13.6780623066184,0.000999000999000999,10,2000,1000,960301
2,3,"LASSO",10,"Crohn's disease","MONDO_0005265",0,0.0742009034123795,0,-0.376559998625357,1,0,31,0.654425194065777,1.02670697102645,0.637402114267825,-0.924624835754501,0.828171828171828,8,0,0.587,0,-0.585994582533839,1,2,2,1.176,1.70068027210884,0.446061691000388,0.386613386613387,9,2000,1000,960301
2,3,"ElasticNet",10,"Crohn's disease","MONDO_0005265",0,0.0742009034123795,0,-0.376559998625357,1,0,31,0.624368163824405,1.02670697102645,0.608126935380783,-0.999276560254925,0.86013986013986,7,0,0.587,0,-0.585994582533839,1,2,0,0.87,0,-0.573985855315151,1,8,2000,1000,960301
2,3,"mRMR",10,"Crohn's disease","MONDO_0005265",0,0.0742009034123795,0,-0.376559998625357,1,0,31,0.829741254532629,1.02670697102645,0.808157807385969,-0.489197711338978,0.64035964035964,7,0,0.587,0,-0.585994582533839,1,3,2,1.176,1.70068027210884,0.446061691000388,0.386613386613387,9,2000,1000,960301
2,3,"Boruta",10,"Crohn's disease","MONDO_0005265",0,0.0742009034123795,0,-0.376559998625357,1,0,31,1.65793106082263,1.02670697102645,1.61480452320792,1.56775191930417,0.0719280719280719,10,3,0.587,5.11073253833049,2.40886699770724,0.0529470529470529,3,20,1.362,14.6842878120411,9.57022769242265,0.000999000999000999,10,2000,1000,960301
2,3,"RF_importance",10,"Crohn's disease","MONDO_0005265",0,0.0742009034123795,0,-0.376559998625357,1,0,31,1.59276118295071,1.02670697102645,1.55132986129269,1.40589149165873,0.0949050949050949,10,3,0.587,5.11073253833049,2.40886699770724,0.0529470529470529,4,28,1.362,20.5580029368576,13.6780623066184,0.000999000999000999,10,2000,1000,960301
2,3,"GS_full_ungrouped",20,"Crohn's disease","MONDO_0005265",0,0.174350320296856,0,-0.582740736290549,1,0,31,1.0434801106098,1.05111060972509,0.992740536490935,-0.026916188520218,0.47952047952048,18,1,2.382,0.419815281276238,-0.562136130181016,0.784215784215784,5,18,5.028,3.5799522673031,2.81864186461313,0.025974025974026,19,2000,1000,960302
2,3,"DGE",20,"Crohn's disease","MONDO_0005265",0,0.174350320296856,0,-0.582740736290549,1,0,31,1.98498482515859,1.05111060972509,1.88846426512405,3.2941926939495,0.002997002997003,20,20,2.382,8.39630562552477,7.16621877100516,0.000999000999000999,10,116,5.638,20.5746718694573,22.6254514228208,0.000999000999000999,20,2000,1000,960302
2,3,"LASSO",20,"Crohn's disease","MONDO_0005265",0,0.174350320296856,0,-0.582740736290549,1,0,31,0.839746723197674,1.05111060972509,0.798913754107478,-0.745575109855869,0.759240759240759,14,1,2.382,0.419815281276238,-0.562136130181016,0.784215784215784,4,6,3.456,1.73611111111111,0.714970007528619,0.242757242757243,16,2000,1000,960302
2,3,"ElasticNet",20,"Crohn's disease","MONDO_0005265",0,0.174350320296856,0,-0.582740736290549,1,0,31,1.36920598286136,1.05111060972509,1.30262787778297,1.12206487431311,0.130869130869131,15,0,2.382,0,-0.968891651296078,1,3,4,4.002,0.999500249875062,-0.000505145997679317,0.518481518481518,17,2000,1000,960302
2,3,"mRMR",20,"Crohn's disease","MONDO_0005265",0,0.174350320296856,0,-0.582740736290549,1,0,31,1.64456928877437,1.05111060972509,1.56460154959761,2.09339460537259,0.031968031968032,15,1,2.382,0.419815281276238,-0.562136130181016,0.784215784215784,7,10,5.028,1.98886237072395,1.0803490094709,0.163836163836164,19,2000,1000,960302
2,3,"Boruta",20,"Crohn's disease","MONDO_0005265",0.483843053815216,0.174350320296856,2.77511995958141,1.03443471225052,0.215784215784216,1,31,1.31541506248347,1.05111060972509,1.25145255914362,0.932320202085052,0.173826173826174,19,6,2.382,2.51889168765743,1.47164147539429,0.105894105894106,4,38,5.028,7.55767700875099,7.16437400246871,0.000999000999000999,19,2000,1000,960302
2,3,"RF_importance",20,"Crohn's disease","MONDO_0005265",0,0.174350320296856,0,-0.582740736290549,1,0,31,1.4770056345311,1.05111060972509,1.40518573484611,1.50232253543282,0.0689310689310689,20,11,2.382,4.61796809403862,3.5054190809696,0.015984015984016,7,66,5.638,11.7062788222774,12.3748889906337,0.000999000999000999,20,2000,1000,960302
2,3,"GS_full_ungrouped",50,"Crohn's disease","MONDO_0005265",0.483843053815216,0.443706240362344,1.09045807744352,0.0836422327910291,0.471528471528472,1,31,1.00485556922207,1.03049468691331,0.975119602248478,-0.140688840663061,0.534465534465534,40,8,15.504,0.515995872033024,-0.808481138794662,0.827172827172827,12,66,33.36,1.97841726618705,2.02987209593287,0.044955044955045,48,2000,1000,960303
2,3,"DGE",50,"Crohn's disease","MONDO_0005265",0,0.443706240362344,0,-0.924651895716556,1,0,31,1.57416901540709,1.03049468691331,1.5275857657474,2.98328951468613,0.00899100899100899,49,79,15.504,5.09545923632611,6.84106055289257,0.000999000999000999,24,382,37.51,10.1839509464143,18.6641421941871,0.000999000999000999,50,2000,1000,960303
2,3,"LASSO",50,"Crohn's disease","MONDO_0005265",0,0.443706240362344,0,-0.924651895716556,1,0,31,1.16720092537262,1.03049468691331,1.13266078922619,0.750144464090715,0.211788211788212,39,13,15.504,0.838493292053664,-0.269781019661758,0.542457542457542,10,84,29.102,2.88639956016769,3.97506621803958,0.001998001998002,44,2000,1000,960303
2,3,"ElasticNet",50,"Crohn's disease","MONDO_0005265",0.483843053815216,0.443706240362344,1.09045807744352,0.0836422327910291,0.471528471528472,1,31,1.08872571313903,1.03049468691331,1.05650783741559,0.319529543449116,0.363636363636364,37,1,15.504,0.064499484004128,-1.56266130558073,1,8,48,30.226,1.58803678951896,1.24173589504046,0.120879120879121,45,2000,1000,960303
2,3,"mRMR",50,"Crohn's disease","MONDO_0005265",0.483843053815216,0.443706240362344,1.09045807744352,0.0836422327910291,0.471528471528472,1,31,1.32390507497229,1.03049468691331,1.28472770581463,1.61002292791976,0.0539460539460539,39,11,15.504,0.709494324045408,-0.48526106731492,0.657342657342657,15,48,30.226,1.58803678951896,1.24173589504046,0.120879120879121,45,2000,1000,960303
2,3,"Boruta",50,"Crohn's disease","MONDO_0005265",0.483843053815216,0.443706240362344,1.09045807744352,0.0836422327910291,0.471528471528472,1,31,1.7387260755093,1.03049468691331,1.68727320731502,3.88625904302597,0.001998001998002,45,30,15.504,1.93498452012384,1.56179938539011,0.0859140859140859,19,186,36.566,5.08669255592627,8.73574993942955,0.000999000999000999,49,2000,1000,960303
2,3,"RF_importance",50,"Crohn's disease","MONDO_0005265",0.483843053815216,0.443706240362344,1.09045807744352,0.0836422327910291,0.471528471528472,1,31,1.54594226689482,1.03049468691331,1.50019431106963,2.82840163704138,0.011988011988012,46,45,15.504,2.90247678018576,3.17789974278882,0.00899100899100899,20,274,36.566,7.49329978668709,13.8801347157843,0.000999000999000999,49,2000,1000,960303
2,3,"GS_full_ungrouped",100,"Crohn's disease","MONDO_0005265",0.483843053815216,0.831777835965406,0.581697459218352,-0.549266172414667,0.728271728271728,1,31,1.11378534925329,1.03564406456809,1.07545187324353,0.633466358466546,0.253746253746254,81,42,59.994,0.7000700070007,-0.77627490748681,0.778221778221778,30,234,132.628,1.76433332328015,2.47501919979739,0.023976023976024,94,2000,1000,960304
2,3,"DGE",100,"Crohn's disease","MONDO_0005265",0,0.831777835965406,0,-1.31308351937882,1,0,31,1.38889785810334,1.03564406456809,1.34109575444009,2.86371532163515,0.004995004995005,95,193,59.994,3.21698836550322,5.73798045710741,0.000999000999000999,40,866,147.818,5.85855579158154,16.1796487917098,0.000999000999000999,99,2000,1000,960304
2,3,"LASSO",100,"Crohn's disease","MONDO_0005265",0,0.831777835965406,0,-1.31308351937882,1,0,31,1.19888001108256,1.03564406456809,1.15761780721695,1.32330151757722,0.0999000999000999,85,28,59.994,0.466713338000467,-1.3802456035419,0.961038961038961,23,454,132.628,3.42310824260337,7.84636655365671,0.000999000999000999,94,2000,1000,960304
2,3,"ElasticNet",100,"Crohn's disease","MONDO_0005265",0.483843053815216,0.831777835965406,0.581697459218352,-0.549266172414667,0.728271728271728,1,31,1.09764621646984,1.03564406456809,1.05986820571179,0.502631579971069,0.295704295704296,83,24,59.994,0.4000400040004,-1.55280865955764,0.981018981018981,23,314,132.628,2.36752420303405,4.4282364193826,0.000999000999000999,94,2000,1000,960304
2,3,"mRMR",100,"Crohn's disease","MONDO_0005265",0.483843053815216,0.831777835965406,0.581697459218352,-0.549266172414667,0.728271728271728,1,31,1.27142572875121,1.03564406456809,1.22766669770995,1.91140640706089,0.031968031968032,79,44,59.994,0.733406674000734,-0.68999337947894,0.74025974025974,31,190,120.986,1.57042963648687,1.81177503747516,0.056943056943057,90,2000,1000,960304
2,3,"Boruta",100,"Crohn's disease","MONDO_0005265",1.04053180771015,0.831777835965406,1.25097323193573,0.329548814660043,0.338661338661339,2,31,1.43864284718959,1.03564406456809,1.3891286556927,3.26698200985727,0.000999000999000999,88,119,59.994,1.98353168650198,2.5455639208162,0.024975024975025,43,594,145.512,4.08213755566551,10.0019951953585,0.000999000999000999,98,2000,1000,960304
2,3,"RF_importance",100,"Crohn's disease","MONDO_0005265",0.483843053815216,0.831777835965406,0.581697459218352,-0.549266172414667,0.728271728271728,1,31,1.43821108497765,1.03564406456809,1.38871175356705,3.26348185194177,0.000999000999000999,90,182,59.994,3.03363669700303,5.26343205306412,0.000999000999000999,39,706,145.512,4.85183352575732,12.4997732002999,0.000999000999000999,98,2000,1000,960304
2,3,"GS_full_ungrouped",200,"Crohn's disease","MONDO_0005265",0.986460412292743,1.67872258193215,0.587625628504597,-0.753699562292723,0.782217782217782,2,31,1.03601971655862,1.03276449307101,1.00315195139787,0.0384069801142824,0.47952047952048,166,246,246.255,0.9989644880307,-0.00404769613517849,0.464535464535465,62,912,499.968,1.82411674347158,3.89912996043579,0.000999000999000999,183,2000,1000,960305
2,3,"DGE",200,"Crohn's disease","MONDO_0005265",1.19195311251027,1.67872258193215,0.710035788723572,-0.529969644638876,0.654345654345654,2,31,1.1410935069646,1.03276449307101,1.1048922717816,1.27812738457166,0.103896103896104,188,515,246.255,2.09132809486102,4.26587489352425,0.001998001998002,79,1926,593.69,3.24411730027455,11.1465149500111,0.000999000999000999,199,2000,1000,960305
2,3,"LASSO",200,"Crohn's disease","MONDO_0005265",0.986971154586905,1.67872258193215,0.587929873112765,-0.753143492265446,0.781218781218781,2,31,1.2381633643209,1.03276449307101,1.19888258419799,2.42341282975648,0.00999000999000999,180,293,246.255,1.18982355688209,0.741998258191933,0.232767232767233,59,1926,563.096,3.42037592169008,11.8479033086765,0.000999000999000999,194,2000,1000,960305
2,3,"ElasticNet",200,"Crohn's disease","MONDO_0005265",1.47081420840212,1.67872258193215,0.876150844834208,-0.226359978919838,0.607392607392607,3,31,1.22494657800494,1.03276449307101,1.18608510093377,2.26747365963676,0.015984015984016,180,243,246.255,0.986781994274228,-0.0516676506666962,0.483516483516484,57,1734,563.096,3.07940386719138,10.1788221149417,0.000999000999000999,194,2000,1000,960305
2,3,"mRMR",200,"Crohn's disease","MONDO_0005265",0.483843053815216,1.67872258193215,0.288220971721443,-1.30092357611188,0.923076923076923,1,31,1.30961525457174,1.03276449307101,1.26806766049585,3.26644291307945,0.002997002997003,151,226,246.255,0.917747862987554,-0.32151405967863,0.599400599400599,61,682,427.792,1.59423271122415,2.64794409881171,0.014985014985015,169,2000,1000,960305
2,3,"Boruta",200,"Crohn's disease","MONDO_0005265",1.04053180771015,1.67872258193215,0.619835474252412,-0.694829398869111,0.737262737262737,2,31,1.43527799180775,1.03276449307101,1.3897437425834,4.74908343484534,0.000999000999000999,182,415,246.255,1.68524496964529,2.67854307580699,0.00899100899100899,84,1572,582.516,2.69863832066415,8.37847297115242,0.000999000999000999,196,2000,1000,960305
2,3,"RF_importance",200,"Crohn's disease","MONDO_0005265",1.67579616632548,1.67872258193215,0.998256760445015,-0.00318613129326825,0.438561438561439,3,31,1.32956009912523,1.03276449307101,1.28737975409251,3.50176354500072,0.002997002997003,181,471,246.255,1.9126515197661,3.56744889372865,0.002997002997003,81,1564,571.362,2.73731889765158,8.44696358050968,0.000999000999000999,195,2000,1000,960305
2,3,"GS_full_ungrouped",500,"Crohn's disease","MONDO_0005265",4.88218355170907,4.0895521079511,1.19381864390893,0.616945532320874,0.25974025974026,9,31,0.974882507243864,1.0380939159196,0.939108198491134,-1.29330744048355,0.907092907092907,437,2086,1547.234,1.34821235831167,2.4423758998666,0.013986013986014,183,5010,3416.37,1.46646879582715,4.06191864582897,0.001998001998002,475,2000,1000,960306
2,3,"DGE",500,"Crohn's disease","MONDO_0005265",3.20880869126626,4.0895521079511,0.784635726985248,-0.685527580723441,0.729270729270729,6,31,1.09036801339697,1.0380939159196,1.0503558461096,1.06952970402615,0.140859140859141,452,2609,1547.234,1.68623491986345,4.81328014332338,0.000999000999000999,196,6670,3611.798,1.84672564744761,7.54513437630113,0.000999000999000999,490,2000,1000,960306
2,3,"LASSO",500,"Crohn's disease","MONDO_0005265",4.16389953720241,4.0895521079511,1.01817984642053,0.0578684011053996,0.463536463536464,8,31,1.23969474381681,1.0380939159196,1.19420287972559,4.12475937792504,0.000999000999000999,429,1990,1547.234,1.28616615198477,2.00718123949978,0.036963036963037,163,7288,3232.75,2.25442734513959,10.2252992562325,0.000999000999000999,462,2000,1000,960306
2,3,"ElasticNet",500,"Crohn's disease","MONDO_0005265",4.17521489430084,4.0895521079511,1.0209467403981,0.0666757214097748,0.452547452547453,8,31,1.23520265024664,1.0380939159196,1.18987562811447,4.03285100000166,0.000999000999000999,430,1898,1547.234,1.22670520425482,1.59011968998157,0.0629370629370629,161,7088,3248.58,2.18187638906845,10.0593707228012,0.000999000999000999,463,2000,1000,960306
2,3,"mRMR",500,"Crohn's disease","MONDO_0005265",3.69397381663198,4.0895521079511,0.903270998662661,-0.307898786295154,0.596403596403596,7,31,1.22065273939257,1.0380939159196,1.17585964109157,3.73515935920177,0.000999000999000999,420,1756,1547.234,1.13492852406294,0.946394254855636,0.180819180819181,157,6312,3113.466,2.02732260445433,8.56349624548313,0.000999000999000999,454,2000,1000,960306
2,3,"Boruta",500,"Crohn's disease","MONDO_0005265",4.19355717084607,4.0895521079511,1.02543189575523,0.0809524519839771,0.447552447552448,8,31,1.31463169443526,1.0380939159196,1.26638994244628,5.6579717810713,0.000999000999000999,439,2257,1547.234,1.45873216333147,3.21756638864501,0.001998001998002,186,6034,3383.488,1.7833667505249,6.89797072079818,0.000999000999000999,474,2000,1000,960306
2,3,"RF_importance",500,"Crohn's disease","MONDO_0005265",3.22886659535689,4.0895521079511,0.78954039712055,-0.66991548961365,0.724275724275724,6,31,1.26171098399314,1.0380939159196,1.21541121149472,4.57521235513349,0.000999000999000999,434,2109,1547.234,1.36307759524416,2.54664128724616,0.00899100899100899,177,5526,3311.948,1.66850445719558,5.84438532234015,0.000999000999000999,469,2000,1000,960306
2,4,"GS_full_ungrouped",10,"Crohn's disease","MONDO_0005265",0,0.0810150167856162,0,-0.39005188691366,1,0,29,1.43766217099459,1.00381327163278,1.43220080031032,1.13198006742028,0.125874125874126,9,0,0.543,0,-0.581815466365894,1,4,14,1.08,12.962962962963,7.46360028643701,0.001998001998002,9,2000,1000,960401
2,4,"DGE",10,"Crohn's disease","MONDO_0005265",0,0.0810150167856162,0,-0.39005188691366,1,0,29,1.66787680516411,1.00381327163278,1.66154089838957,1.73264628437207,0.056943056943057,10,6,0.543,11.0497237569061,5.84708471447271,0.004995004995005,5,32,1.354,23.6336779911374,15.0711209483498,0.000999000999000999,10,2000,1000,960401
2,4,"LASSO",10,"Crohn's disease","MONDO_0005265",0,0.0810150167856162,0,-0.39005188691366,1,0,29,1.38873825699816,1.00381327163278,1.38346273778516,1.00432987504777,0.154845154845155,8,0,0.543,0,-0.581815466365894,1,3,6,1.08,5.55555555555555,2.84217596046982,0.040959040959041,9,2000,1000,960401
2,4,"ElasticNet",10,"Crohn's disease","MONDO_0005265",0,0.0810150167856162,0,-0.39005188691366,1,0,29,1.38873825699816,1.00381327163278,1.38346273778516,1.00432987504777,0.154845154845155,8,0,0.543,0,-0.581815466365894,1,3,6,1.08,5.55555555555555,2.84217596046982,0.040959040959041,9,2000,1000,960401
2,4,"mRMR",10,"Crohn's disease","MONDO_0005265",0,0.0810150167856162,0,-0.39005188691366,1,0,29,1.8721922700153,1.00381327163278,1.86508021254793,2.26573749197332,0.02997002997003,9,0,0.543,0,-0.581815466365894,1,3,0,1.08,0,-0.623892284005571,1,9,2000,1000,960401
2,4,"Boruta",10,"Crohn's disease","MONDO_0005265",0,0.0810150167856162,0,-0.39005188691366,1,0,29,1.68156439093601,1.00381327163278,1.67517648795459,1.76835935011382,0.0559440559440559,10,3,0.543,5.52486187845304,2.63263462405341,0.04995004995005,3,20,1.354,14.7710487444608,9.16974878297104,0.000999000999000999,10,2000,1000,960401
2,4,"RF_importance",10,"Crohn's disease","MONDO_0005265",0,0.0810150167856162,0,-0.39005188691366,1,0,29,1.65118868363495,1.00381327163278,1.64491617146001,1.6891043485472,0.0609390609390609,10,4,0.543,7.36648250460405,3.70411798752651,0.015984015984016,5,36,1.354,26.5878877400295,17.0382450034761,0.000999000999000999,10,2000,1000,960401
2,4,"GS_full_ungrouped",20,"Crohn's disease","MONDO_0005265",0,0.157297534690206,0,-0.538541283862642,1,0,29,1.72079843464703,1.03710639934836,1.6592303699295,2.41543275859119,0.017982017982018,17,2,2.433,0.82203041512536,-0.181344460160232,0.554445554445554,7,22,4.834,4.55109640049648,3.93654931524217,0.00799200799200799,19,2000,1000,960402
2,4,"DGE",20,"Crohn's disease","MONDO_0005265",0,0.157297534690206,0,-0.538541283862642,1,0,29,1.69671677407355,1.03710639934836,1.63601032173713,2.33035405527551,0.021978021978022,20,17,2.433,6.98725852856556,6.10079619204182,0.001998001998002,9,112,5.31,21.0922787193974,22.7889889996173,0.000999000999000999,20,2000,1000,960402
2,4,"LASSO",20,"Crohn's disease","MONDO_0005265",0,0.157297534690206,0,-0.538541283862642,1,0,29,1.7753571466684,1.03710639934836,1.71183703792002,2.60818460222702,0.00999000999000999,17,1,2.433,0.41101520756268,-0.600153836973702,0.804195804195804,6,18,4.48,4.01785714285714,3.12311484545794,0.014985014985015,18,2000,1000,960402
2,4,"ElasticNet",20,"Crohn's disease","MONDO_0005265",0,0.157297534690206,0,-0.538541283862642,1,0,29,1.61474362239343,1.03710639934836,1.5569700692311,2.04074904940965,0.035964035964036,17,1,2.433,0.41101520756268,-0.600153836973702,0.804195804195804,6,10,4.48,2.23214285714286,1.27511789548283,0.134865134865135,18,2000,1000,960402
2,4,"mRMR",20,"Crohn's disease","MONDO_0005265",0,0.157297534690206,0,-0.538541283862642,1,0,29,1.63179759245247,1.03710639934836,1.57341386908592,2.10099944844588,0.035964035964036,16,1,2.433,0.41101520756268,-0.600153836973702,0.804195804195804,6,10,4.48,2.23214285714286,1.27511789548283,0.134865134865135,18,2000,1000,960402
2,4,"Boruta",20,"Crohn's disease","MONDO_0005265",0,0.157297534690206,0,-0.538541283862642,1,0,29,1.37665423997014,1.03710639934836,1.32739923390226,1.19959709196914,0.125874125874126,20,7,2.433,2.87710645293876,1.91270242390712,0.0639360639360639,8,54,5.31,10.1694915254237,10.40018628167,0.000999000999000999,20,2000,1000,960402
2,4,"RF_importance",20,"Crohn's disease","MONDO_0005265",0,0.157297534690206,0,-0.538541283862642,1,0,29,1.61208122446545,1.03710639934836,1.55440292864683,2.03134299691873,0.035964035964036,20,10,2.433,4.1101520756268,3.16913055434753,0.016983016983017,8,80,5.31,15.0659133709981,15.9537875000602,0.000999000999000999,20,2000,1000,960402
2,4,"GS_full_ungrouped",50,"Crohn's disease","MONDO_0005265",0.483843053815216,0.396381481992121,1.22064999450412,0.189625392212067,0.422577422577423,1,29,1.15765247662754,1.02093584476251,1.13391304905828,0.784109722737749,0.220779220779221,43,19,15.352,1.23762376237624,0.406664535620767,0.286713286713287,18,76,32.188,2.36112837082142,2.77096601307929,0.018981018981019,47,2000,1000,960403
2,4,"DGE",50,"Crohn's disease","MONDO_0005265",0,0.396381481992121,0,-0.859394502312253,1,0,29,1.63281173157123,1.02093584476251,1.59932843963478,3.50928651043087,0.000999000999000999,48,90,15.352,5.86242834809797,8.32146224095918,0.000999000999000999,24,446,35.076,12.7152468924621,24.2007171401882,0.000999000999000999,49,2000,1000,960403
2,4,"LASSO",50,"Crohn's disease","MONDO_0005265",0,0.396381481992121,0,-0.859394502312253,1,0,29,1.16406753546419,1.02093584476251,1.14019655734095,0.820901954503043,0.20979020979021,44,14,15.352,0.911933298593017,-0.150715584473487,0.497502497502497,15,88,30.78,2.85899935022742,3.72796666261014,0.00899100899100899,46,2000,1000,960403
2,4,"ElasticNet",50,"Crohn's disease","MONDO_0005265",0,0.396381481992121,0,-0.859394502312253,1,0,29,1.12273642102247,1.02093584476251,1.09971300036355,0.583855969364022,0.273726273726274,43,17,15.352,1.10734757686295,0.183712487583065,0.360639360639361,17,70,28.806,2.4300492952857,2.94364380973892,0.016983016983017,45,2000,1000,960403
2,4,"mRMR",50,"Crohn's disease","MONDO_0005265",0,0.396381481992121,0,-0.859394502312253,1,0,29,1.37978105421735,1.02093584476251,1.35148654178003,2.05808184310143,0.031968031968032,41,9,15.352,0.586242834809796,-0.708095704567741,0.778221778221778,15,56,28.806,1.94403943622856,1.94323080453562,0.04995004995005,45,2000,1000,960403
2,4,"Boruta",50,"Crohn's disease","MONDO_0005265",0.483843053815216,0.396381481992121,1.22064999450412,0.189625392212067,0.422577422577423,1,29,1.20974287755357,1.02093584476251,1.18493525696023,1.08286335110193,0.13986013986014,44,29,15.352,1.88900468994268,1.52142477580928,0.0849150849150849,20,176,33.572,5.24246395806029,8.49942176413567,0.000999000999000999,48,2000,1000,960403
2,4,"RF_importance",50,"Crohn's disease","MONDO_0005265",0.483843053815216,0.396381481992121,1.22064999450412,0.189625392212067,0.422577422577423,1,29,1.26798543083896,1.02093584476251,1.2419834579654,1.41690136597367,0.0759240759240759,46,38,15.352,2.47524752475247,2.52470899197893,0.026973026973027,22,264,35.076,7.52651385562778,13.4821158428333,0.000999000999000999,49,2000,1000,960403
2,4,"GS_full_ungrouped",100,"Crohn's disease","MONDO_0005265",0.483843053815216,0.763676531230009,0.63357067296008,-0.454688618092537,0.67032967032967,1,29,1.34747638677385,1.02438923571702,1.31539491024687,2.54814772574435,0.011988011988012,84,71,60.239,1.17863842361261,0.484900774213117,0.291708291708292,35,260,117.956,2.20421173997084,3.55720520514832,0.002997002997003,90,2000,1000,960404
2,4,"DGE",100,"Crohn's disease","MONDO_0005265",0,0.763676531230009,0,-1.24086306564376,1,0,29,1.27206669657427,1.02438923571702,1.24178061641178,1.95340098341,0.026973026973027,96,176,60.239,2.92169524726506,5.2162994632176,0.000999000999000999,39,806,143.894,5.60134543483397,14.863245906607,0.000999000999000999,99,2000,1000,960404
2,4,"LASSO",100,"Crohn's disease","MONDO_0005265",0,0.763676531230009,0,-1.24086306564376,1,0,29,1.18002646116952,1.02438923571702,1.15193172675576,1.22749122266451,0.110889110889111,90,32,60.239,0.531217317684556,-1.27247588170283,0.925074925074925,28,426,128.752,3.30868646700634,7.06169339258802,0.000999000999000999,94,2000,1000,960404
2,4,"ElasticNet",100,"Crohn's disease","MONDO_0005265",0,0.763676531230009,0,-1.24086306564376,1,0,29,1.14840528478685,1.02438923571702,1.12106340514504,0.978098981526846,0.15984015984016,89,32,60.239,0.531217317684556,-1.27247588170283,0.925074925074925,28,368,125.33,2.93624830447618,5.81313003862006,0.000999000999000999,93,2000,1000,960404
2,4,"mRMR",100,"Crohn's disease","MONDO_0005265",0.483843053815216,0.763676531230009,0.63357067296008,-0.454688618092537,0.67032967032967,1,29,1.32023756730697,1.02438923571702,1.28880460793096,2.33331858243284,0.015984015984016,77,34,60.239,0.564418400039841,-1.18235400191227,0.905094905094905,28,190,106.09,1.79093222735413,2.24570956740399,0.031968031968032,85,2000,1000,960404
2,4,"Boruta",100,"Crohn's disease","MONDO_0005265",0.483843053815216,0.763676531230009,0.63357067296008,-0.454688618092537,0.67032967032967,1,29,1.4898459431678,1.02438923571702,1.45437485207953,3.67099851121764,0.002997002997003,90,122,60.239,2.02526602367237,2.78300870887244,0.00999000999000999,44,530,139.662,3.79487620111412,8.74921092805707,0.000999000999000999,98,2000,1000,960404
2,4,"RF_importance",100,"Crohn's disease","MONDO_0005265",0.483843053815216,0.763676531230009,0.63357067296008,-0.454688618092537,0.67032967032967,1,29,1.28177778604348,1.02438923571702,1.25126049879497,2.02999112469079,0.025974025974026,91,109,60.239,1.80945898836302,2.19721649023379,0.031968031968032,41,622,139.662,4.45360942847732,10.8113401734322,0.000999000999000999,98,2000,1000,960404
2,4,"GS_full_ungrouped",200,"Crohn's disease","MONDO_0005265",1.03748502503164,1.52860393759568,0.678714086438565,-0.563868663321348,0.699300699300699,2,29,1.11405717711902,1.02348590039966,1.08849294033654,1.07961555123764,0.133866133866134,175,329,246.22,1.3362033953375,1.27154920342091,0.111888111888112,69,1146,493.674,2.32136997289709,6.15130414366898,0.000999000999000999,184,2000,1000,960405
2,4,"DGE",200,"Crohn's disease","MONDO_0005265",1.19195311251027,1.52860393759568,0.779765826316709,-0.386519121725306,0.594405594405594,2,29,1.13026154233484,1.02348590039966,1.10432546446755,1.27277264605419,0.0979020979020979,188,532,246.22,2.16066932012022,4.3897479023149,0.001998001998002,79,1974,580.106,3.40282638000641,11.1506199032386,0.000999000999000999,199,2000,1000,960405
2,4,"LASSO",200,"Crohn's disease","MONDO_0005265",0.986971154586905,1.52860393759568,0.645668331941693,-0.621865184893195,0.752247752247752,2,29,1.2491384405918,1.02348590039966,1.22047449808935,2.68979306013963,0.00699300699300699,182,290,246.22,1.17780846397531,0.672486399199897,0.242757242757243,61,1868,542.262,3.44482925228026,11.6565296568908,0.000999000999000999,193,2000,1000,960405
2,4,"ElasticNet",200,"Crohn's disease","MONDO_0005265",0.986971154586905,1.52860393759568,0.645668331941693,-0.621865184893195,0.752247752247752,2,29,1.2352010550936,1.02348590039966,1.20685693336007,2.52365851205238,0.011988011988012,182,281,246.22,1.14125578750711,0.534241136687356,0.280719280719281,62,1826,541.18,3.37410842972763,11.6062949123331,0.000999000999000999,192,2000,1000,960405
2,4,"mRMR",200,"Crohn's disease","MONDO_0005265",0.483843053815216,1.52860393759568,0.316526107198341,-1.19952196495978,0.893106893106893,1,29,1.29611495428291,1.02348590039966,1.2663730431233,3.24975618046742,0.001998001998002,149,183,246.22,0.743237754853383,-0.971096166226986,0.838161838161838,61,648,401.504,1.61393161711963,2.71110472428768,0.010989010989011,165,2000,1000,960405
2,4,"Boruta",200,"Crohn's disease","MONDO_0005265",0.483843053815216,1.52860393759568,0.316526107198341,-1.19952196495978,0.893106893106893,1,29,1.43220129290301,1.02348590039966,1.39933661259403,4.87191425096138,0.000999000999000999,183,439,246.22,1.78295832994883,2.96121352301864,0.00699300699300699,86,1504,564.97,2.66208825247358,8.39732217552344,0.000999000999000999,197,2000,1000,960405
2,4,"RF_importance",200,"Crohn's disease","MONDO_0005265",0.483843053815216,1.52860393759568,0.316526107198341,-1.19952196495978,0.893106893106893,1,29,1.38671463762613,1.02348590039966,1.35489373823776,4.32971034052224,0.000999000999000999,182,419,246.22,1.7017301600195,2.65400182854633,0.010989010989011,81,1546,563.022,2.74589625272192,8.78812615880863,0.000999000999000999,196,2000,1000,960405
2,4,"GS_full_ungrouped",500,"Crohn's disease","MONDO_0005265",4.37727020273674,3.92346192273293,1.11566526933125,0.364538605146471,0.351648351648352,8,29,0.959500151610577,1.02339370357773,0.937566987422547,-1.29308311549358,0.906093906093906,442,2047,1532.729,1.3355263715895,2.36018675651961,0.013986013986014,183,3944,3272.224,1.20529645892213,1.77281664915417,0.04995004995005,472,2000,1000,960406
2,4,"DGE",500,"Crohn's disease","MONDO_0005265",3.20880869126626,3.92346192273293,0.817851365569296,-0.574072143769805,0.692307692307692,6,29,1.10229972376717,1.02339370357773,1.07710231156747,1.59690671869692,0.0589410589410589,454,2647,1532.729,1.72698500517704,5.11381675687305,0.000999000999000999,198,6888,3568.802,1.9300594429167,8.22982498414062,0.000999000999000999,490,2000,1000,960406
2,4,"LASSO",500,"Crohn's disease","MONDO_0005265",3.69137184048563,3.92346192273293,0.940845588202973,-0.186435106142289,0.551448551448551,7,29,1.23294315007664,1.02339370357773,1.20475936657255,4.24087944379826,0.000999000999000999,429,1728,1532.729,1.12740086473212,0.896173472998361,0.172827172827173,159,7028,3113.004,2.25762639559731,10.4430190689693,0.000999000999000999,461,2000,1000,960406
2,4,"ElasticNet",500,"Crohn's disease","MONDO_0005265",3.69137184048563,3.92346192273293,0.940845588202973,-0.186435106142289,0.551448551448551,7,29,1.23471238334376,1.02339370357773,1.2064881570282,4.27668533648457,0.000999000999000999,430,1756,1532.729,1.14566893429954,1.02467620634819,0.150849150849151,160,7054,3113.004,2.26597845682177,10.5123725231729,0.000999000999000999,461,2000,1000,960406
2,4,"mRMR",500,"Crohn's disease","MONDO_0005265",2.50506748680022,3.92346192273293,0.638483955275724,-1.13937879057227,0.89010989010989,5,29,1.21463027679477,1.02339370357773,1.18686510631098,3.87026196350644,0.000999000999000999,417,1563,1532.729,1.01974974049555,0.138925222901166,0.432567432567433,157,5996,2966.48,2.02125077532968,8.31406023143447,0.000999000999000999,449,2000,1000,960406
2,4,"Boruta",500,"Crohn's disease","MONDO_0005265",4.44399335182393,3.92346192273293,1.13267146192371,0.418136489475553,0.331668331668332,8,29,1.31145659132316,1.02339370357773,1.28147807313879,5.82984111660307,0.000999000999000999,447,2128,1532.729,1.38837328712382,2.73192680656732,0.00799200799200799,190,6272,3346.492,1.87420140254332,7.28506155848126,0.000999000999000999,479,2000,1000,960406
2,4,"RF_importance",500,"Crohn's disease","MONDO_0005265",3.93358737302641,3.92346192273293,1.00258074386674,0.00813364958090573,0.467532467532468,7,29,1.36924849625759,1.02339370357773,1.33794891591649,6.9994385827345,0.000999000999000999,444,1712,1532.729,1.11696196783645,0.822743339655603,0.187812187812188,174,5326,3272.224,1.62763918362557,5.41991420716617,0.000999000999000999,472,2000,1000,960406
2,5,"GS_full_ungrouped",10,"Crohn's disease","MONDO_0005265",0,0.0848718397432151,0,-0.403078834197136,1,0,30,1.37256751440416,1.03306273604141,1.32863907148922,0.825952058615017,0.177822177822178,8,1,0.544,1.83823529411765,0.497269015899239,0.363636363636364,3,10,0.824,12.1359223300971,5.94866299221551,0.004995004995005,8,2000,1000,960501
2,5,"DGE",10,"Crohn's disease","MONDO_0005265",0,0.0848718397432151,0,-0.403078834197136,1,0,30,1.83535014996621,1.03306273604141,1.7766105444855,1.95181624343463,0.047952047952048,10,2,0.544,3.6764705882353,1.58777124374845,0.106893106893107,4,42,1.346,31.2035661218425,19.2832686921824,0.000999000999000999,10,2000,1000,960501
2,5,"LASSO",10,"Crohn's disease","MONDO_0005265",0,0.0848718397432151,0,-0.403078834197136,1,0,30,1.33725333950963,1.03306273604141,1.29445511182975,0.740039231134073,0.198801198801199,8,0,0.544,0,-0.593233211949968,1,1,2,0.824,2.42718446601942,0.762383138496669,0.298701298701299,8,2000,1000,960501
2,5,"ElasticNet",10,"Crohn's disease","MONDO_0005265",0,0.0848718397432151,0,-0.403078834197136,1,0,30,1.39542678766152,1.03306273604141,1.35076674337191,0.881564424062156,0.162837162837163,8,0,0.544,0,-0.593233211949968,1,2,2,0.824,2.42718446601942,0.762383138496669,0.298701298701299,8,2000,1000,960501
2,5,"mRMR",10,"Crohn's disease","MONDO_0005265",0,0.0848718397432151,0,-0.403078834197136,1,0,30,2.41706608988401,1.03306273604141,2.33970891172202,3.36702306444408,0.00799200799200799,9,0,0.544,0,-0.593233211949968,1,1,0,1.026,0,-0.59134372786324,1,9,2000,1000,960501
2,5,"Boruta",10,"Crohn's disease","MONDO_0005265",0,0.0848718397432151,0,-0.403078834197136,1,0,30,1.43616649518646,1.03306273604141,1.3902025937841,0.980676564574179,0.145854145854146,9,3,0.544,5.51470588235294,2.67827347159765,0.050949050949051,3,18,1.346,13.3729569093611,7.89943318737653,0.000999000999000999,10,2000,1000,960501
2,5,"RF_importance",10,"Crohn's disease","MONDO_0005265",0,0.0848718397432151,0,-0.403078834197136,1,0,30,1.80976952584858,1.03306273604141,1.75184861742611,1.88958333686848,0.0549450549450549,10,4,0.544,7.35294117647059,3.76877569944686,0.015984015984016,5,46,1.346,34.1753343239227,21.18057460965,0.000999000999000999,10,2000,1000,960501
2,5,"GS_full_ungrouped",20,"Crohn's disease","MONDO_0005265",0,0.141027072671437,0,-0.530986137062695,1,0,30,1.11329764416964,1.02617248949471,1.08490303098832,0.305921231229632,0.347652347652348,17,1,2.304,0.434027777777778,-0.571688659260756,0.798201798201798,5,16,4.448,3.59712230215827,2.79517151607935,0.02997002997003,18,2000,1000,960502
2,5,"DGE",20,"Crohn's disease","MONDO_0005265",0,0.141027072671437,0,-0.530986137062695,1,0,30,1.82645360677285,1.02617248949471,1.77986997845967,2.81001492210843,0.00999000999000999,20,15,2.304,6.51041666666667,5.56607301991914,0.001998001998002,10,132,5.744,22.9805013927577,26.2910547602037,0.000999000999000999,20,2000,1000,960502
2,5,"LASSO",20,"Crohn's disease","MONDO_0005265",0,0.141027072671437,0,-0.530986137062695,1,0,30,1.22446074125769,1.02617248949471,1.19323091760199,0.696246524256188,0.228771228771229,17,0,2.304,0,-1.01010020777361,1,5,8,4.448,1.79856115107914,0.859457169764011,0.206793206793207,18,2000,1000,960502
2,5,"ElasticNet",20,"Crohn's disease","MONDO_0005265",0,0.141027072671437,0,-0.530986137062695,1,0,30,1.6052896006725,1.02617248949471,1.56434675174633,2.03344510937937,0.034965034965035,18,0,2.304,0,-1.01010020777361,1,4,12,4.448,2.69784172661871,1.82731434292168,0.0749250749250749,18,2000,1000,960502
2,5,"mRMR",20,"Crohn's disease","MONDO_0005265",0,0.141027072671437,0,-0.530986137062695,1,0,30,1.89432265496372,1.02617248949471,1.84600802921202,3.04832247935066,0.00799200799200799,17,0,2.304,0,-1.01010020777361,1,5,10,5.136,1.94704049844237,1.03995792654375,0.173826173826174,19,2000,1000,960502
2,5,"Boruta",20,"Crohn's disease","MONDO_0005265",0,0.141027072671437,0,-0.530986137062695,1,0,30,1.6817574963449,1.02617248949471,1.63886433670913,2.30194566907335,0.021978021978022,19,10,2.304,4.34027777777778,3.37401527735489,0.014985014985015,8,80,5.744,13.9275766016713,15.4627784998232,0.000999000999000999,20,2000,1000,960502
2,5,"RF_importance",20,"Crohn's disease","MONDO_0005265",0,0.141027072671437,0,-0.530986137062695,1,0,30,1.70940360780819,1.02617248949471,1.66580533517313,2.39901904000869,0.017982017982018,19,16,2.304,6.94444444444445,6.00448456843199,0.000999000999000999,10,118,5.744,20.5431754874652,23.3757496131782,0.000999000999000999,20,2000,1000,960502
2,5,"GS_full_ungrouped",50,"Crohn's disease","MONDO_0005265",0,0.394300252700927,0,-0.862237855316098,1,0,30,1.31975885238351,1.02815981327054,1.28361256231695,1.68675539352054,0.056943056943057,42,8,15.041,0.531879529286617,-0.813381241709367,0.807192807192807,13,58,29.116,1.99203187250996,1.97925002085951,0.04995004995005,45,2000,1000,960503
2,5,"DGE",50,"Crohn's disease","MONDO_0005265",0,0.394300252700927,0,-0.862237855316098,1,0,30,1.65667344400281,1.02815981327054,1.61129954956419,3.63563871734196,0.002997002997003,48,92,15.041,6.11661458679609,8.89035747489151,0.000999000999000999,26,486,35.658,13.6294800605755,26.8380117030537,0.000999000999000999,50,2000,1000,960503
2,5,"LASSO",50,"Crohn's disease","MONDO_0005265",0,0.394300252700927,0,-0.862237855316098,1,0,30,1.23519128027377,1.02815981327054,1.20136117394501,1.19757405462807,0.112887112887113,42,9,15.041,0.598364470447444,-0.697860542702213,0.765234765234765,13,72,27.898,2.58083016703706,3.162461140964,0.010989010989011,44,2000,1000,960503
2,5,"ElasticNet",50,"Crohn's disease","MONDO_0005265",0,0.394300252700927,0,-0.862237855316098,1,0,30,1.23585746546883,1.02815981327054,1.20200911328912,1.20142760460637,0.10989010989011,42,9,15.041,0.598364470447444,-0.697860542702213,0.765234765234765,14,60,27.898,2.15069180586422,2.30196652186355,0.033966033966034,44,2000,1000,960503
2,5,"mRMR",50,"Crohn's disease","MONDO_0005265",0.483843053815216,0.394300252700927,1.22709293362337,0.195808124044853,0.437562437562438,1,30,1.40283175697864,1.02815981327054,1.36441021996015,2.16729082432131,0.024975024975025,42,6,15.041,0.398909646964962,-1.04442263972367,0.891108891108891,13,64,30.798,2.0780570166894,2.20969393797611,0.034965034965035,46,2000,1000,960503
2,5,"Boruta",50,"Crohn's disease","MONDO_0005265",0.483843053815216,0.394300252700927,1.22709293362337,0.195808124044853,0.437562437562438,1,30,1.43609149133942,1.02815981327054,1.39675901820289,2.35968184347822,0.014985014985015,45,46,15.041,3.05830729339805,3.57640532056246,0.00599400599400599,22,272,33.264,8.17700817700818,14.7372189059247,0.000999000999000999,48,2000,1000,960503
2,5,"RF_importance",50,"Crohn's disease","MONDO_0005265",0,0.394300252700927,0,-0.862237855316098,1,0,30,1.55856136237044,1.02815981327054,1.5158746162357,3.06810912819673,0.004995004995005,45,42,15.041,2.79236752875474,3.11432252453384,0.011988011988012,22,338,33.264,10.1611351611352,18.8114115194854,0.000999000999000999,48,2000,1000,960503
2,5,"GS_full_ungrouped",100,"Crohn's disease","MONDO_0005265",0.483843053815216,0.791444257517564,0.611341922339335,-0.47215871936094,0.675324675324675,1,30,1.2536288530505,1.03073569687109,1.21624666425741,1.7352895734862,0.040959040959041,83,37,60.673,0.609826446689631,-1.02471708074741,0.861138861138861,27,212,118.582,1.78779241368842,2.44048312426207,0.01998001998002,90,2000,1000,960504
2,5,"DGE",100,"Crohn's disease","MONDO_0005265",1.19195311251027,0.791444257517564,1.50604809016991,0.614769206979628,0.218781218781219,2,30,1.36212818149071,1.03073569687109,1.3215106313147,2.57998914434694,0.00699300699300699,95,200,60.673,3.2963591712953,6.03095326782811,0.000999000999000999,38,1048,143.154,7.32078740377496,20.9146010495419,0.000999000999000999,99,2000,1000,960504
2,5,"LASSO",100,"Crohn's disease","MONDO_0005265",0,0.791444257517564,0,-1.2148434485213,1,0,30,1.33251877994562,1.03073569687109,1.2927841579472,2.34947113895332,0.011988011988012,87,23,60.673,0.37908130469896,-1.63072557694408,0.984015984015984,24,372,125.756,2.95810935462324,6.00972169661421,0.000999000999000999,92,2000,1000,960504
2,5,"ElasticNet",100,"Crohn's disease","MONDO_0005265",0,0.791444257517564,0,-1.2148434485213,1,0,30,1.26285555301843,1.03073569687109,1.22519823156602,1.80712217941485,0.035964035964036,87,24,60.673,0.395563100555437,-1.58743925578718,0.976023976023976,25,322,125.756,2.5605140112599,4.78944390373109,0.000999000999000999,92,2000,1000,960504
2,5,"mRMR",100,"Crohn's disease","MONDO_0005265",0.483843053815216,0.791444257517564,0.611341922339335,-0.47215871936094,0.675324675324675,1,30,1.38555698655167,1.03073569687109,1.34424080853867,2.76238936622184,0.002997002997003,78,46,60.673,0.75816260939792,-0.635140190335268,0.721278721278721,28,194,109.454,1.77243408189742,2.32475970377012,0.031968031968032,87,2000,1000,960504
2,5,"Boruta",100,"Crohn's disease","MONDO_0005265",0.483843053815216,0.791444257517564,0.611341922339335,-0.47215871936094,0.675324675324675,1,30,1.48791990226325,1.03073569687109,1.44355134568443,3.55931513725348,0.000999000999000999,92,169,60.673,2.78542349974453,4.68907731196405,0.001998001998002,46,656,139.624,4.69833266487137,12.2096635554842,0.000999000999000999,98,2000,1000,960504
2,5,"RF_importance",100,"Crohn's disease","MONDO_0005265",0.483843053815216,0.791444257517564,0.611341922339335,-0.47215871936094,0.675324675324675,1,30,1.48319413684995,1.03073569687109,1.43896649873711,3.52252364670706,0.000999000999000999,91,221,60.673,3.64247688428131,6.93996601212311,0.000999000999000999,47,820,139.624,5.87291583108921,16.0874286396466,0.000999000999000999,98,2000,1000,960504
2,5,"GS_full_ungrouped",200,"Crohn's disease","MONDO_0005265",0.986460412292743,1.60318207551151,0.615314022880403,-0.702544351120198,0.786213786213786,2,30,1.15878942718027,1.03127606773215,1.12364619274888,1.51498193330869,0.0749250749250749,177,231,242.195,0.953776915295526,-0.18594555657016,0.532467532467532,58,1278,530.58,2.40868483546308,6.73797298433892,0.000999000999000999,190,2000,1000,960505
2,5,"DGE",200,"Crohn's disease","MONDO_0005265",1.19195311251027,1.60318207551151,0.743492040434624,-0.468455386285103,0.615384615384615,2,30,1.1996260383649,1.03127606773215,1.16324432991348,2.00016033681109,0.02997002997003,190,609,242.195,2.51450277668821,6.09251986402119,0.000999000999000999,79,1966,575.536,3.41594617886631,11.9605889508905,0.000999000999000999,199,2000,1000,960505
2,5,"LASSO",200,"Crohn's disease","MONDO_0005265",0.986971154586905,1.60318207551151,0.615632603222564,-0.701962534175794,0.784215784215784,2,30,1.28597953740445,1.03127606773215,1.24697893962808,3.02612335346381,0.002997002997003,181,286,242.195,1.18086665703256,0.727587771822762,0.233766233766234,62,1868,542.778,3.44155437397979,11.6379700285983,0.000999000999000999,192,2000,1000,960505
2,5,"ElasticNet",200,"Crohn's disease","MONDO_0005265",0.986971154586905,1.60318207551151,0.615632603222564,-0.701962534175794,0.784215784215784,2,30,1.28033078569901,1.03127606773215,1.24150150067435,2.9590107245085,0.003996003996004,181,271,242.195,1.11893309110428,0.478442318624693,0.312687312687313,61,1794,542.778,3.30521870820114,10.98810926405,0.000999000999000999,192,2000,1000,960505
2,5,"mRMR",200,"Crohn's disease","MONDO_0005265",0.483843053815216,1.60318207551151,0.301801686287467,-1.27510569772573,0.927072927072927,1,30,1.3145551894567,1.03127606773215,1.2746879624071,3.3656297140447,0.001998001998002,154,228,242.195,0.94139020210987,-0.235774647209774,0.548451548451548,60,798,428.174,1.86372829737443,3.82696506385889,0.000999000999000999,171,2000,1000,960505
2,5,"Boruta",200,"Crohn's disease","MONDO_0005265",1.04053180771015,1.60318207551151,0.649041567769623,-0.64094840650975,0.728271728271728,2,30,1.45749263151818,1.03127606773215,1.41329046326393,5.06386465392649,0.000999000999000999,184,525,242.195,2.16767480748983,4.697305326112,0.000999000999000999,84,1830,569.448,3.21363847094028,10.4886914650869,0.000999000999000999,197,2000,1000,960505
2,5,"RF_importance",200,"Crohn's disease","MONDO_0005265",2.17841352480301,1.60318207551151,1.35880606331503,0.655280379121485,0.243756243756244,4,30,1.3566586262096,1.03127606773215,1.31551450543499,3.8658592295003,0.000999000999000999,184,493,242.195,2.03554986684283,4.16579502595612,0.000999000999000999,81,1830,568.664,3.21806901790864,10.395731305117,0.000999000999000999,198,2000,1000,960505
2,5,"GS_full_ungrouped",500,"Crohn's disease","MONDO_0005265",4.17845807514586,4.01815941306276,1.03989355463648,0.127752829147327,0.44955044955045,8,30,1.09137102581142,1.03212466899701,1.05740232608914,1.18548004645572,0.113886113886114,445,2067,1529.132,1.35174726576908,2.40249512229814,0.01998001998002,177,5720,3410.664,1.67709278897012,5.7478787612775,0.000999000999000999,481,2000,1000,960506
2,5,"DGE",500,"Crohn's disease","MONDO_0005265",2.73205549601944,4.01815941306276,0.679927104718074,-1.02498306501504,0.836163836163836,5,30,1.08622962000117,1.03212466899701,1.05242094548203,1.08260394864133,0.136863136863137,455,2826,1529.132,1.84810729224161,5.79272060108529,0.000999000999000999,199,7224,3493.426,2.06788407712085,9.17411674303695,0.000999000999000999,488,2000,1000,960506
2,5,"LASSO",500,"Crohn's disease","MONDO_0005265",3.21013076281676,4.01815941306276,0.798905775709357,-0.643972599393938,0.716283716283716,6,30,1.25061034090586,1.03212466899701,1.21168535010521,4.37175243189689,0.000999000999000999,431,1898,1529.132,1.24122704907098,1.64762278248914,0.0559440559440559,160,7162,3151.534,2.27254410074586,11.0891982760544,0.000999000999000999,462,2000,1000,960506
2,5,"ElasticNet",500,"Crohn's disease","MONDO_0005265",3.21013076281676,4.01815941306276,0.798905775709357,-0.643972599393938,0.716283716283716,6,30,1.24606042087481,1.03212466899701,1.20727704540354,4.28071156964312,0.000999000999000999,432,1868,1529.132,1.22160807569262,1.51362177542246,0.0639360639360639,159,7184,3159.66,2.27366235607629,10.7055431353629,0.000999000999000999,463,2000,1000,960506
2,5,"mRMR",500,"Crohn's disease","MONDO_0005265",3.14033184541555,4.01815941306276,0.781534907551588,-0.699600070350638,0.74025974025974,6,30,1.23380009549605,1.03212466899701,1.19539832014191,4.03539064391756,0.000999000999000999,427,1688,1529.132,1.10389423542245,0.709615733022341,0.225774225774226,156,6704,3104.966,2.15912187122178,9.30760430662968,0.000999000999000999,458,2000,1000,960506
2,5,"Boruta",500,"Crohn's disease","MONDO_0005265",3.6581787619978,4.01815941306276,0.91041155562552,-0.286892891145944,0.608391608391608,7,30,1.27108738275672,1.03212466899701,1.23152504822109,4.78148436867522,0.000999000999000999,447,2054,1529.132,1.34324571063845,2.34442801923591,0.021978021978022,184,6436,3420.022,1.88185923950197,7.53680975843495,0.000999000999000999,482,2000,1000,960506
2,5,"RF_importance",500,"Crohn's disease","MONDO_0005265",3.39891432023202,4.01815941306276,0.845888370974626,-0.493518233506632,0.665334665334665,6,30,1.26662552654532,1.03212466899701,1.22720206637071,4.69220560466049,0.000999000999000999,441,2083,1529.132,1.36221071823754,2.47396232606704,0.018981018981019,180,5668,3358.94,1.6874371081353,5.74414169101216,0.000999000999000999,476,2000,1000,960506
3,1,"GS_full_ungrouped",10,"Crohn's disease","MONDO_0005265",0,0.0881378022960211,0,-0.40074518011818,1,0,31,1.71458639781836,1.02823690253663,1.66750132541298,1.75065140030327,0.04995004995005,9,0,0.528,0,-0.568011234914099,1,4,20,1.318,15.1745068285281,9.10820555764347,0.000999000999000999,10,2000,1000,970101
3,1,"DGE",10,"Crohn's disease","MONDO_0005265",0,0.0881378022960211,0,-0.40074518011818,1,0,31,1.79811201988602,1.02823690253663,1.74873321065421,1.96369773928824,0.042957042957043,10,3,0.528,5.68181818181819,2.65932532709783,0.050949050949051,3,34,1.318,25.7966616084977,15.9337530261698,0.000999000999000999,10,2000,1000,970101
3,1,"LASSO",10,"Crohn's disease","MONDO_0005265",0,0.0881378022960211,0,-0.40074518011818,1,0,31,2.14694449967705,1.02823690253663,2.08798623583788,2.85345444984976,0.014985014985015,9,0,0.528,0,-0.568011234914099,1,2,6,1.194,5.0251256281407,2.67429818148561,0.044955044955045,9,2000,1000,970101
3,1,"ElasticNet",10,"Crohn's disease","MONDO_0005265",0,0.0881378022960211,0,-0.40074518011818,1,0,31,1.93761510780729,1.02823690253663,1.88440533794037,2.31952414827505,0.024975024975025,9,0,0.528,0,-0.568011234914099,1,2,4,1.194,3.3500837520938,1.56139839726355,0.126873126873127,9,2000,1000,970101
3,1,"mRMR",10,"Crohn's disease","MONDO_0005265",0,0.0881378022960211,0,-0.40074518011818,1,0,31,1.77845479104904,1.02823690253663,1.7296157983259,1.91355862586846,0.043956043956044,7,0,0.528,0,-0.568011234914099,1,3,0,1.194,0,-0.66440117118057,1,9,2000,1000,970101
3,1,"Boruta",10,"Crohn's disease","MONDO_0005265",0,0.0881378022960211,0,-0.40074518011818,1,0,31,1.6448025241165,1.02823690253663,1.59963381985107,1.57265573329313,0.0649350649350649,10,3,0.528,5.68181818181819,2.65932532709783,0.050949050949051,3,22,1.318,16.6919575113809,10.0832837674329,0.000999000999000999,10,2000,1000,970101
3,1,"RF_importance",10,"Crohn's disease","MONDO_0005265",0,0.0881378022960211,0,-0.40074518011818,1,0,31,1.78115467995999,1.02823690253663,1.7322415443036,1.92044515282756,0.042957042957043,10,3,0.528,5.68181818181819,2.65932532709783,0.050949050949051,3,30,1.318,22.7617602427921,13.9835966065908,0.000999000999000999,10,2000,1000,970101
3,1,"GS_full_ungrouped",20,"Crohn's disease","MONDO_0005265",0,0.157312977412432,0,-0.540768084181386,1,0,31,1.29242718634762,1.01969258564199,1.26746747455648,0.980620338274638,0.16983016983017,18,2,2.374,0.8424599831508,-0.156024826809981,0.519480519480519,10,40,5.092,7.85545954438335,7.40518244319458,0.000999000999000999,19,2000,1000,970102
3,1,"DGE",20,"Crohn's disease","MONDO_0005265",0,0.157312977412432,0,-0.540768084181386,1,0,31,1.93238412138047,1.01969258564199,1.89506538400871,3.28159272861117,0.003996003996004,20,19,2.374,8.0033698399326,6.93601275546186,0.000999000999000999,10,140,5.478,25.5567725447244,27.9946888212945,0.000999000999000999,20,2000,1000,970102
3,1,"LASSO",20,"Crohn's disease","MONDO_0005265",0,0.157312977412432,0,-0.540768084181386,1,0,31,1.4758075955525,1.01969258564199,1.44730639050723,1.63996667145778,0.0619380619380619,16,0,2.374,0,-0.990382189430197,1,5,6,4.494,1.3351134846462,0.341186681388289,0.34965034965035,17,2000,1000,970102
3,1,"ElasticNet",20,"Crohn's disease","MONDO_0005265",0,0.157312977412432,0,-0.540768084181386,1,0,31,1.36071163592816,1.01969258564199,1.33443319593373,1.22613784823973,0.115884115884116,15,0,2.374,0,-0.990382189430197,1,5,10,3.648,2.74122807017544,1.79859151114514,0.0849150849150849,16,2000,1000,970102
3,1,"mRMR",20,"Crohn's disease","MONDO_0005265",0,0.157312977412432,0,-0.540768084181386,1,0,31,1.78706368443978,1.01969258564199,1.75255141559616,2.75909145571689,0.00799200799200799,16,1,2.374,0.4212299915754,-0.573203508120089,0.797202797202797,7,12,4.568,2.62697022767075,1.72623024895793,0.0779220779220779,18,2000,1000,970102
3,1,"Boruta",20,"Crohn's disease","MONDO_0005265",0,0.157312977412432,0,-0.540768084181386,1,0,31,1.49727104949778,1.01969258564199,1.46835533628512,1.71713876261862,0.0549450549450549,17,7,2.374,2.9486099410278,1.92986857974056,0.0679320679320679,7,52,5.092,10.2120974076983,9.95079345838694,0.000999000999000999,19,2000,1000,970102
3,1,"RF_importance",20,"Crohn's disease","MONDO_0005265",0,0.157312977412432,0,-0.540768084181386,1,0,31,1.67288027261711,1.01969258564199,1.64057314544842,2.34854370842996,0.016983016983017,19,9,2.374,3.7910699241786,2.76422594236078,0.028971028971029,9,70,5.092,13.7470542026709,13.7692099811755,0.000999000999000999,19,2000,1000,970102
3,1,"GS_full_ungrouped",50,"Crohn's disease","MONDO_0005265",1.03748502503164,0.407693730155236,2.54476571085997,1.38488377594663,0.118881118881119,2,31,1.22220934145412,1.02090880248896,1.19717778755007,1.16300654028813,0.118881118881119,41,17,15.014,1.13227654189423,0.231149698271097,0.353646353646354,19,68,28.564,2.38061896092984,2.77341634595283,0.017982017982018,45,2000,1000,970103
3,1,"DGE",50,"Crohn's disease","MONDO_0005265",0.556688753894934,0.407693730155236,1.36545821708606,0.327633602992853,0.300699300699301,1,31,1.59724038358394,1.02090880248896,1.56452797712184,3.32973474206174,0.000999000999000999,49,108,15.014,7.19328626615159,10.8226011296255,0.000999000999000999,28,514,34.742,14.7947728973577,27.0768647876181,0.000999000999000999,49,2000,1000,970103
3,1,"LASSO",50,"Crohn's disease","MONDO_0005265",0,0.407693730155236,0,-0.896500852013126,1,0,31,1.21042143896153,1.02090880248896,1.18563130811541,1.09490236249682,0.133866133866134,39,11,15.014,0.732649527108032,-0.467187758741281,0.652347652347652,15,74,24.836,2.97954582058303,3.88019324063625,0.00699300699300699,41,2000,1000,970103
3,1,"ElasticNet",50,"Crohn's disease","MONDO_0005265",0.483843053815216,0.407693730155236,1.18678070823161,0.16744906406925,0.452547452547453,1,31,1.19943030368249,1.02090880248896,1.17486527764115,1.03140147829438,0.150849150849151,34,4,15.014,0.266418009857466,-1.28191479192239,0.972027972027972,11,36,22.914,1.57109190887667,1.03407149053522,0.156843156843157,40,2000,1000,970103
3,1,"mRMR",50,"Crohn's disease","MONDO_0005265",0.483843053815216,0.407693730155236,1.18678070823161,0.16744906406925,0.452547452547453,1,31,1.52564446731328,1.02090880248896,1.49439838660787,2.91609194056329,0.00799200799200799,41,11,15.014,0.732649527108032,-0.467187758741281,0.652347652347652,15,96,30.768,3.1201248049922,4.13941200271932,0.004995004995005,46,2000,1000,970103
3,1,"Boruta",50,"Crohn's disease","MONDO_0005265",0.483843053815216,0.407693730155236,1.18678070823161,0.16744906406925,0.452547452547453,1,31,1.61099615809652,1.02090880248896,1.57800202541983,3.40920822885468,0.000999000999000999,46,39,15.014,2.5975755961103,2.79172037398315,0.011988011988012,23,250,33.104,7.55195746737554,13.5643513000992,0.000999000999000999,48,2000,1000,970103
3,1,"RF_importance",50,"Crohn's disease","MONDO_0005265",0,0.407693730155236,0,-0.896500852013126,1,0,31,1.45887658425093,1.02090880248896,1.4289979483909,2.53034292527556,0.015984015984016,46,55,15.014,3.66324763554016,4.65395359268282,0.002997002997003,25,290,34.742,8.34724540901503,14.4214313625601,0.000999000999000999,49,2000,1000,970103
3,1,"GS_full_ungrouped",100,"Crohn's disease","MONDO_0005265",1.03748502503164,0.802355172481122,1.29304958778222,0.360486162176519,0.342657342657343,2,31,1.32521352931139,1.0160665471396,1.30425859707919,2.61790737117911,0.00999000999000999,78,58,61.21,0.947557588629309,-0.132601171008513,0.4995004995005,36,338,116.364,2.90467842287993,6.09199367751715,0.000999000999000999,89,2000,1000,970104
3,1,"DGE",100,"Crohn's disease","MONDO_0005265",1.19195311251027,0.802355172481122,1.48556792975409,0.597306827140582,0.221778221778222,2,31,1.36190763143022,1.0160665471396,1.34037247389379,2.9286390488453,0.00599400599400599,97,215,61.21,3.51249795785002,6.35287666336424,0.000999000999000999,40,1086,144.662,7.50715460867401,20.430101119159,0.000999000999000999,99,2000,1000,970104
3,1,"LASSO",100,"Crohn's disease","MONDO_0005265",0,0.802355172481122,0,-1.23012001110345,1,0,31,1.25302154285112,1.0160665471396,1.23320814603983,2.00657378426611,0.02997002997003,84,27,61.21,0.441104394706747,-1.41317322747702,0.962037962037962,26,394,116.364,3.38592691897838,7.63123660709971,0.000999000999000999,89,2000,1000,970104
3,1,"ElasticNet",100,"Crohn's disease","MONDO_0005265",1.03748502503164,0.802355172481122,1.29304958778222,0.360486162176519,0.342657342657343,2,31,1.20778476097788,1.0160665471396,1.18868667055126,1.62350129272044,0.0549450549450549,73,47,61.21,0.767848390785819,-0.586997707174757,0.695304695304695,30,168,102.152,1.64460803508497,1.94128619924857,0.046953046953047,84,2000,1000,970104
3,1,"mRMR",100,"Crohn's disease","MONDO_0005265",0.483843053815216,0.802355172481122,0.603028522043459,-0.488322558871651,0.681318681318681,1,31,1.30977531001442,1.0160665471396,1.2890644945468,2.48717399700384,0.013986013986014,79,43,61.21,0.702499591570005,-0.752232811235209,0.78021978021978,31,248,109.994,2.25466843646017,3.80547451089724,0.002997002997003,86,2000,1000,970104
3,1,"Boruta",100,"Crohn's disease","MONDO_0005265",1.04053180771015,0.802355172481122,1.29684688701204,0.365157295947272,0.332667332667333,2,31,1.49492513502627,1.0160665471396,1.47128663888674,4.05505309537299,0.001998001998002,92,142,61.21,2.31988237216141,3.33733601426098,0.00699300699300699,47,738,141.524,5.21466323733077,13.4519399004256,0.000999000999000999,98,2000,1000,970104
3,1,"RF_importance",100,"Crohn's disease","MONDO_0005265",0.483843053815216,0.802355172481122,0.603028522043459,-0.488322558871651,0.681318681318681,1,31,1.39934921855409,1.0160665471396,1.37722201611056,3.24570055218468,0.002997002997003,93,172,61.21,2.80999836628002,4.57659929471438,0.000999000999000999,43,760,144.662,5.2536256929947,13.3548391358482,0.000999000999000999,99,2000,1000,970104
3,1,"GS_full_ungrouped",200,"Crohn's disease","MONDO_0005265",1.03748502503164,1.68783321746917,0.614684563790792,-0.727072392754343,0.751248751248751,2,31,1.24734980093972,1.01943939349271,1.22356445012995,2.82527772894106,0.002997002997003,166,264,246.755,1.06988713501246,0.264767015204771,0.392607392607393,65,1068,480.24,2.22388805597201,5.81199669964846,0.000999000999000999,180,2000,1000,970105
3,1,"DGE",200,"Crohn's disease","MONDO_0005265",1.19195311251027,1.68783321746917,0.706203136763449,-0.55438108174088,0.651348651348651,2,31,1.1406731698068,1.01943939349271,1.11892200467036,1.50286725407773,0.0629370629370629,190,555,246.755,2.24919454519665,4.73256645994748,0.000999000999000999,81,1940,589.376,3.29161689651428,11.36578893746,0.000999000999000999,199,2000,1000,970105
3,1,"LASSO",200,"Crohn's disease","MONDO_0005265",0.986971154586905,1.68783321746917,0.58475632803745,-0.783545588311148,0.8001998001998,2,31,1.24941467127796,1.01943939349271,1.22558994605587,2.85087477053796,0.002997002997003,177,297,246.755,1.20362302688902,0.771424684196212,0.20979020979021,63,1852,525.688,3.52300223706838,11.8372895440153,0.000999000999000999,188,2000,1000,970105
3,1,"ElasticNet",200,"Crohn's disease","MONDO_0005265",2.02445617961855,1.68783321746917,1.19944089182824,0.376335731216041,0.344655344655345,4,31,1.2326908972474,1.01943939349271,1.20918507281151,2.64355950643201,0.002997002997003,166,216,246.755,0.875362201373832,-0.472189594237326,0.649350649350649,60,1346,496.312,2.71200373958317,8.04092313267443,0.000999000999000999,182,2000,1000,970105
3,1,"mRMR",200,"Crohn's disease","MONDO_0005265",0.483843053815216,1.68783321746917,0.286665204125274,-1.3460297411754,0.936063936063936,1,31,1.33957575433354,1.01943939349271,1.31403177362413,3.96855124186522,0.000999000999000999,154,227,246.755,0.919940831999352,-0.303303704573513,0.604395604395604,63,820,415.686,1.97264281212261,4.20458591196327,0.001998001998002,168,2000,1000,970105
3,1,"Boruta",200,"Crohn's disease","MONDO_0005265",2.71379193365129,1.68783321746917,1.60785550702723,1.14699520551581,0.135864135864136,5,31,1.41987473177516,1.01943939349271,1.39279955320395,4.96397271104628,0.000999000999000999,185,582,246.755,2.35861482036838,5.14710455275866,0.000999000999000999,84,1950,585.878,3.32833798162757,11.0583351504858,0.000999000999000999,198,2000,1000,970105
3,1,"RF_importance",200,"Crohn's disease","MONDO_0005265",1.11910741243055,1.68783321746917,0.663043836824473,-0.635820682980203,0.685314685314685,2,31,1.41242712731499,1.01943939349271,1.38549396494858,4.87164892798178,0.000999000999000999,180,479,246.755,1.94119673360216,3.5657184949975,0.000999000999000999,81,1744,570.858,3.05505046789219,9.90755593276922,0.000999000999000999,196,2000,1000,970105
3,1,"GS_full_ungrouped",500,"Crohn's disease","MONDO_0005265",4.6642557384765,4.20026226996124,1.11046773717765,0.372566650337627,0.350649350649351,9,31,1.05124458469307,1.01817527914787,1.0324789908206,0.676236159635715,0.244755244755245,443,1694,1556.249,1.08851475567213,0.6037400774466,0.273726273726274,170,5006,3345.912,1.49615411283979,4.20644494719153,0.000999000999000999,474,2000,1000,970106
3,1,"DGE",500,"Crohn's disease","MONDO_0005265",3.20880869126626,4.20026226996124,0.763954364044004,-0.796094263916326,0.785214785214785,6,31,1.05965306520804,1.01817527914787,1.04073737293532,0.848181668562231,0.197802197802198,453,2701,1556.249,1.73558344455161,5.01725618977048,0.000999000999000999,194,6906,3562.874,1.93832282589842,8.18780004235074,0.000999000999000999,489,2000,1000,970106
3,1,"LASSO",500,"Crohn's disease","MONDO_0005265",3.72489181502607,4.20026226996124,0.886823625673368,-0.381701877466928,0.62037962037962,7,31,1.25934561077842,1.01817527914787,1.23686523977717,4.93170619071501,0.000999000999000999,426,1876,1556.249,1.20546262198401,1.4014162764962,0.0849150849150849,158,7258,3095.932,2.34436673673711,11.1512256556061,0.000999000999000999,456,2000,1000,970106
3,1,"ElasticNet",500,"Crohn's disease","MONDO_0005265",4.20873486884129,4.20026226996124,1.00201715948565,0.00680312978218569,0.46953046953047,8,31,1.23981271073888,1.01817527914787,1.2176810183179,4.53227677750194,0.000999000999000999,421,1715,1556.249,1.10200874024658,0.6957796388754,0.245754245754246,157,6866,3082.664,2.22729431426844,9.41128932112042,0.000999000999000999,454,2000,1000,970106
3,1,"mRMR",500,"Crohn's disease","MONDO_0005265",3.69397381663198,4.20026226996124,0.879462657141662,-0.406527690497643,0.639360639360639,7,31,1.23839623011001,1.01817527914787,1.21628982305134,4.50331108242992,0.000999000999000999,419,1628,1556.249,1.04610508986672,0.314472884384658,0.367632367632368,155,6432,3010.51,2.13651507551877,9.05001258872867,0.000999000999000999,450,2000,1000,970106
3,1,"Boruta",500,"Crohn's disease","MONDO_0005265",3.70820402602292,4.20026226996124,0.882850590674458,-0.395101448953016,0.627372627372627,7,31,1.28259457037058,1.01817527914787,1.25969918602228,5.40712552265831,0.000999000999000999,450,2023,1556.249,1.29992051400515,2.0456932064978,0.025974025974026,176,6132,3427.908,1.78884614172842,6.79238586943807,0.000999000999000999,480,2000,1000,970106
3,1,"RF_importance",500,"Crohn's disease","MONDO_0005265",3.68735622823557,4.20026226996124,0.877887139240378,-0.411841327239241,0.643356643356643,7,31,1.27259753725073,1.01817527914787,1.24988060829349,5.20269560877699,0.000999000999000999,432,2216,1556.249,1.42393665795127,2.89158060439105,0.002997002997003,178,5682,3276.688,1.73406805896686,6.35056551599495,0.000999000999000999,469,2000,1000,970106
3,2,"GS_full_ungrouped",10,"Crohn's disease","MONDO_0005265",0,0.0894911420102769,0,-0.426615828425386,1,0,30,1.12716460054444,1.01560010334635,1.10985081316011,0.280686223725669,0.346653346653347,9,1,0.572,1.74825174825175,0.441976688230828,0.364635364635365,3,8,1.322,6.05143721633889,3.31408214211409,0.016983016983017,10,2000,1000,970201
3,2,"DGE",10,"Crohn's disease","MONDO_0005265",0,0.0894911420102769,0,-0.426615828425386,1,0,30,1.66902969959093,1.01560010334635,1.64339260511255,1.6439699944583,0.0689310689310689,10,2,0.572,3.4965034965035,1.47463250185426,0.123876123876124,4,28,1.322,21.1800302571861,13.2394554338604,0.000999000999000999,10,2000,1000,970201
3,2,"LASSO",10,"Crohn's disease","MONDO_0005265",0,0.0894911420102769,0,-0.426615828425386,1,0,30,1.12897609459073,1.01560010334635,1.11163448179142,0.285243779542485,0.345654345654346,9,0,0.572,0,-0.590679125392603,1,3,0,0.936,0,-0.582447546140733,1,9,2000,1000,970201
3,2,"ElasticNet",10,"Crohn's disease","MONDO_0005265",0,0.0894911420102769,0,-0.426615828425386,1,0,30,1.04126798768335,1.01560010334635,1.0252736133567,0.064578084484965,0.403596403596404,9,0,0.572,0,-0.590679125392603,1,2,2,0.936,2.13675213675214,0.662098492621517,0.330669330669331,9,2000,1000,970201
3,2,"mRMR",10,"Crohn's disease","MONDO_0005265",0,0.0894911420102769,0,-0.426615828425386,1,0,30,0.670347761960585,1.01560010334635,0.660050899711237,-0.86862378596978,0.814185814185814,7,0,0.572,0,-0.590679125392603,1,2,0,0.936,0,-0.582447546140733,1,9,2000,1000,970201
3,2,"Boruta",10,"Crohn's disease","MONDO_0005265",0,0.0894911420102769,0,-0.426615828425386,1,0,30,1.78182796005868,1.01560010334635,1.75445823034839,1.92776025541651,0.048951048951049,10,3,0.572,5.24475524475524,2.50728831547769,0.0539460539460539,3,28,1.322,21.1800302571861,13.2394554338604,0.000999000999000999,10,2000,1000,970201
3,2,"RF_importance",10,"Crohn's disease","MONDO_0005265",0,0.0894911420102769,0,-0.426615828425386,1,0,30,1.40986369722118,1.01560010334635,1.38820751649763,0.991931681641949,0.166833166833167,10,3,0.572,5.24475524475524,2.50728831547769,0.0539460539460539,3,20,1.322,15.1285930408472,9.26930611716186,0.000999000999000999,10,2000,1000,970201
3,2,"GS_full_ungrouped",20,"Crohn's disease","MONDO_0005265",0.483843053815216,0.156586305536587,3.08994488475343,1.12462291987898,0.192807192807193,1,30,1.11253467572683,1.01104986058392,1.10037567789615,0.386082109110965,0.325674325674326,19,6,2.329,2.5762129669386,1.61326609317295,0.0859140859140859,6,14,5.816,2.40715268225585,1.69979477437748,0.0779220779220779,20,2000,1000,970202
3,2,"DGE",20,"Crohn's disease","MONDO_0005265",0,0.156586305536587,0,-0.53811128134686,1,0,30,2.10051735932872,1.01104986058392,2.07756060429661,4.14469799379249,0.000999000999000999,20,20,2.329,8.587376556462,7.76573825455165,0.000999000999000999,10,124,5.816,21.3204951856946,24.546498731064,0.000999000999000999,20,2000,1000,970202
3,2,"LASSO",20,"Crohn's disease","MONDO_0005265",0,0.156586305536587,0,-0.53811128134686,1,0,30,1.41693435939271,1.01104986058392,1.40144854831826,1.54412010442023,0.0769230769230769,18,1,2.329,0.4293688278231,-0.584045393033736,0.795204795204795,5,6,4.482,1.33868808567604,0.341149649157474,0.351648351648352,18,2000,1000,970202
3,2,"ElasticNet",20,"Crohn's disease","MONDO_0005265",0,0.156586305536587,0,-0.53811128134686,1,0,30,1.80863118550003,1.01104986058392,1.78886448236636,3.03426556650361,0.004995004995005,17,1,2.329,0.4293688278231,-0.584045393033736,0.795204795204795,5,6,4.938,1.21506682867558,0.240720298063909,0.395604395604396,19,2000,1000,970202
3,2,"mRMR",20,"Crohn's disease","MONDO_0005265",0.483843053815216,0.156586305536587,3.08994488475343,1.12462291987898,0.192807192807193,1,30,1.63672934921799,1.01104986058392,1.61884137768708,2.38029360608416,0.018981018981019,16,2,2.329,0.8587376556462,-0.1445830957924,0.552447552447552,7,10,4.482,2.23114680946006,1.24009470622592,0.134865134865135,18,2000,1000,970202
3,2,"Boruta",20,"Crohn's disease","MONDO_0005265",0.483843053815216,0.156586305536587,3.08994488475343,1.12462291987898,0.192807192807193,1,30,1.23759616372371,1.01104986058392,1.22407035693468,0.861857750879594,0.192807192807193,20,4,2.329,1.7174753112924,0.734341498690273,0.23976023976024,7,42,5.816,7.22145804676754,7.51531941789768,0.000999000999000999,20,2000,1000,970202
3,2,"RF_importance",20,"Crohn's disease","MONDO_0005265",0,0.156586305536587,0,-0.53811128134686,1,0,30,1.54710971115789,1.01104986058392,1.53020120121908,2.0393505908037,0.033966033966034,20,6,2.329,2.5762129669386,1.61326609317295,0.0859140859140859,7,54,5.816,9.28473177441541,10.0076871222635,0.000999000999000999,20,2000,1000,970202
3,2,"GS_full_ungrouped",50,"Crohn's disease","MONDO_0005265",0.483843053815216,0.416482118351525,1.16173788140127,0.141470587582675,0.440559440559441,1,30,1.38955426677291,1.01985526283285,1.36250144252151,1.99025590599998,0.02997002997003,46,22,15.19,1.44832126398947,0.790823674896011,0.197802197802198,19,84,32.896,2.55350194552529,3.4289855705279,0.004995004995005,48,2000,1000,970203
3,2,"DGE",50,"Crohn's disease","MONDO_0005265",0,0.416482118351525,0,-0.874690495244487,1,0,30,1.60992115081707,1.01985526283285,1.57857806836746,3.1765898906239,0.00599400599400599,49,117,15.19,7.70243581303489,11.8228720031076,0.000999000999000999,28,466,35.37,13.1750070681368,26.564396589843,0.000999000999000999,50,2000,1000,970203
3,2,"LASSO",50,"Crohn's disease","MONDO_0005265",0,0.416482118351525,0,-0.874690495244487,1,0,30,1.37066918050022,1.01985526283285,1.34398402445159,1.8885889983563,0.035964035964036,43,17,15.19,1.1191573403555,0.210189552358558,0.381618381618382,14,90,31.944,2.81743050338092,3.75939604906675,0.004995004995005,47,2000,1000,970203
3,2,"ElasticNet",50,"Crohn's disease","MONDO_0005265",0,0.416482118351525,0,-0.874690495244487,1,0,30,1.32391675590724,1.01985526283285,1.29814180909339,1.6368996830638,0.0649350649350649,40,13,15.19,0.855826201448321,-0.254317745671404,0.557442557442557,14,64,27.5,2.32727272727273,2.60335632895342,0.022977022977023,44,2000,1000,970203
3,2,"mRMR",50,"Crohn's disease","MONDO_0005265",0.483843053815216,0.416482118351525,1.16173788140127,0.141470587582675,0.440559440559441,1,30,1.36899472354785,1.01985526283285,1.34234216701025,1.87957464396728,0.037962037962038,39,11,15.19,0.724160631994733,-0.486571394686386,0.651348651348651,16,40,28.316,1.41262890238734,0.833634998578998,0.176823176823177,45,2000,1000,970203
3,2,"Boruta",50,"Crohn's disease","MONDO_0005265",0.483843053815216,0.416482118351525,1.16173788140127,0.141470587582675,0.440559440559441,1,30,1.56884676645595,1.01985526283285,1.53830334914209,2.95546801799565,0.00699300699300699,45,34,15.19,2.23831468071099,2.1843455689859,0.037962037962038,19,174,35.004,4.97086047308879,8.30458142617347,0.000999000999000999,49,2000,1000,970203
3,2,"RF_importance",50,"Crohn's disease","MONDO_0005265",0.483843053815216,0.416482118351525,1.16173788140127,0.141470587582675,0.440559440559441,1,30,1.49125448718967,1.01985526283285,1.46222169119118,2.53775390347575,0.013986013986014,46,59,15.19,3.88413429888084,5.08751618167316,0.001998001998002,23,274,35.37,7.74667797568561,14.720437401561,0.000999000999000999,50,2000,1000,970203
3,2,"GS_full_ungrouped",100,"Crohn's disease","MONDO_0005265",0.483843053815216,0.793303040378955,0.609909491313795,-0.470278891961172,0.678321678321678,1,30,1.35087965444932,1.02053177551354,1.32370170813109,2.69822674308532,0.00699300699300699,83,82,60.946,1.3454533521478,0.91233206902657,0.165834165834166,35,228,114.812,1.98585513709368,3.02615355048904,0.011988011988012,89,2000,1000,970204
3,2,"DGE",100,"Crohn's disease","MONDO_0005265",0,0.793303040378955,0,-1.20556353330676,1,0,30,1.33059133620593,1.02053177551354,1.30382156453322,2.53251512104338,0.00899100899100899,96,174,60.946,2.8549863813868,4.89896407959199,0.001998001998002,38,862,142.068,6.06751696370752,16.0060690300299,0.000999000999000999,99,2000,1000,970204
3,2,"LASSO",100,"Crohn's disease","MONDO_0005265",0,0.793303040378955,0,-1.20556353330676,1,0,30,1.26197988222673,1.02053177551354,1.23659048400693,1.97210813249232,0.031968031968032,89,35,60.946,0.574278869819184,-1.12431689289272,0.885114885114885,26,410,132.174,3.10197164343971,6.56214684603204,0.000999000999000999,95,2000,1000,970204
3,2,"ElasticNet",100,"Crohn's disease","MONDO_0005265",0.483843053815216,0.793303040378955,0.609909491313795,-0.470278891961172,0.678321678321678,1,30,1.24297500653751,1.02053177551354,1.21796796176389,1.81687945659203,0.045954045954046,84,61,60.946,1.00088603025629,0.00233997965837545,0.467532467532468,30,308,119.502,2.57736272196281,4.73538255196507,0.000999000999000999,91,2000,1000,970204
3,2,"mRMR",100,"Crohn's disease","MONDO_0005265",0.483843053815216,0.793303040378955,0.609909491313795,-0.470278891961172,0.678321678321678,1,30,1.31627789931234,1.02053177551354,1.28979609542289,2.41560533994793,0.00899100899100899,77,46,60.946,0.754766514619499,-0.647654369890335,0.732267732267732,28,166,108.282,1.53303411462662,1.66857891709309,0.0649350649350649,87,2000,1000,970204
3,2,"Boruta",100,"Crohn's disease","MONDO_0005265",0.483843053815216,0.793303040378955,0.609909491313795,-0.470278891961172,0.678321678321678,1,30,1.52901623414677,1.02053177551354,1.49825441091961,4.15321681237171,0.000999000999000999,90,143,60.946,2.3463393824041,3.55564242385799,0.004995004995005,44,620,139.536,4.44329778695104,11.1831218113435,0.000999000999000999,98,2000,1000,970204
3,2,"RF_importance",100,"Crohn's disease","MONDO_0005265",0.483843053815216,0.793303040378955,0.609909491313795,-0.470278891961172,0.678321678321678,1,30,1.64331468895036,1.02053177551354,1.61025332907781,5.08678765423057,0.000999000999000999,90,153,60.946,2.51041905949529,3.9889719902238,0.001998001998002,43,662,139.536,4.7442953789703,12.1606999776086,0.000999000999000999,98,2000,1000,970204
3,2,"GS_full_ungrouped",200,"Crohn's disease","MONDO_0005265",0.483843053815216,1.63201131746742,0.296470403505566,-1.28795168848438,0.927072927072927,1,30,1.14239027189719,1.01818612001513,1.12198570520704,1.49924992430802,0.0749250749250749,169,307,248.709,1.23437430893132,0.916037756979931,0.161838161838162,69,1134,482.846,2.34857490794166,6.31982501850717,0.000999000999000999,182,2000,1000,970205
3,2,"DGE",200,"Crohn's disease","MONDO_0005265",1.19195311251027,1.63201131746742,0.730358361950554,-0.49363296830999,0.633366633366633,2,30,1.1765901002637,1.01818612001513,1.1555746804388,1.91207098795915,0.035964035964036,189,550,248.709,2.21141977170106,4.73476062922647,0.001998001998002,81,1842,575.044,3.20323314389855,10.2759620616568,0.000999000999000999,199,2000,1000,970205
3,2,"LASSO",200,"Crohn's disease","MONDO_0005265",0.986971154586905,1.63201131746742,0.60475754305338,-0.723570397495197,0.777222777222777,2,30,1.29630476952586,1.01818612001513,1.27315109098777,3.35712903239785,0.001998001998002,182,287,248.709,1.15395904450583,0.601739578194208,0.261738261738262,59,1846,549.92,3.35685190573174,11.5330246628478,0.000999000999000999,194,2000,1000,970205
3,2,"ElasticNet",200,"Crohn's disease","MONDO_0005265",1.47081420840212,1.63201131746742,0.901227946558946,-0.180822006122213,0.583416583416583,3,30,1.22503130106179,1.01818612001513,1.20315065878484,2.4967975492651,0.00699300699300699,178,296,248.709,1.1901459134973,0.743173758647783,0.215784215784216,63,1608,526.58,3.05366705913631,9.79223061719946,0.000999000999000999,190,2000,1000,970205
3,2,"mRMR",200,"Crohn's disease","MONDO_0005265",0.483843053815216,1.63201131746742,0.296470403505566,-1.28795168848438,0.927072927072927,1,30,1.28389657466905,1.01818612001513,1.26096452252754,3.20735154977761,0.002997002997003,146,217,248.709,0.872505619016602,-0.498304047555825,0.68031968031968,59,622,390.814,1.59154994447487,2.53259158496564,0.022977022977023,164,2000,1000,970205
3,2,"Boruta",200,"Crohn's disease","MONDO_0005265",1.04053180771015,1.63201131746742,0.63757634311315,-0.663489017604953,0.724275724275724,2,30,1.38754074123824,1.01818612001513,1.36275747033128,4.45842493604716,0.000999000999000999,174,398,248.709,1.60026376206732,2.34609447045497,0.01998001998002,77,1452,564.29,2.5731450140885,7.23146496329249,0.000999000999000999,196,2000,1000,970205
3,2,"RF_importance",200,"Crohn's disease","MONDO_0005265",0.483843053815216,1.63201131746742,0.296470403505566,-1.28795168848438,0.927072927072927,1,30,1.44506654412508,1.01818612001513,1.41925578803177,5.15281038385208,0.000999000999000999,175,413,248.709,1.66057521038644,2.58181810454427,0.015984015984016,83,1534,549.92,2.78949665405877,8.75672713892294,0.000999000999000999,194,2000,1000,970205
3,2,"GS_full_ungrouped",500,"Crohn's disease","MONDO_0005265",3.34163636166774,3.99199450847572,0.837084408451176,-0.512558569603324,0.671328671328671,6,30,1.02533288644069,1.01507730617269,1.01010325046737,0.206171093866189,0.413586413586414,437,1638,1542.032,1.0622347655561,0.416357429338001,0.332667332667333,170,3954,3230.128,1.22410009758127,1.86558587669465,0.041958041958042,471,2000,1000,970206
3,2,"DGE",500,"Crohn's disease","MONDO_0005265",2.73205549601944,3.99199450847572,0.68438358074361,-0.992979854533428,0.833166833166833,5,30,1.04891580847269,1.01507730617269,1.03333588692628,0.680265850558617,0.227772227772228,453,2607,1542.032,1.69062639426419,4.62036656809804,0.000999000999000999,193,6804,3487.026,1.95123294176757,8.23732091612576,0.000999000999000999,489,2000,1000,970206
3,2,"LASSO",500,"Crohn's disease","MONDO_0005265",3.21013076281676,3.99199450847572,0.804142078853336,-0.616200419824949,0.71028971028971,6,30,1.24826719935507,1.01507730617269,1.22972624032115,4.68788835927221,0.000999000999000999,433,1849,1542.032,1.19906720483103,1.33178150392868,0.0989010989010989,161,7368,3156.656,2.33411559574436,11.1700864589106,0.000999000999000999,465,2000,1000,970206
3,2,"ElasticNet",500,"Crohn's disease","MONDO_0005265",3.69397381663198,3.99199450847572,0.925345415377955,-0.234875291827045,0.585414585414585,7,30,1.21005635473466,1.01507730617269,1.1920829550383,3.91972396222491,0.000999000999000999,431,1892,1542.032,1.22695248866431,1.51833712102536,0.0749250749250749,160,7206,3126.66,2.30469574561993,10.7014332141955,0.000999000999000999,462,2000,1000,970206
3,2,"mRMR",500,"Crohn's disease","MONDO_0005265",3.05870945801664,3.99199450847572,0.76621083809671,-0.735538184373216,0.772227772227772,6,30,1.21544663203398,1.01507730617269,1.19739316862158,4.0280863696169,0.000999000999000999,414,1591,1542.032,1.03175550183135,0.212447801348609,0.395604395604396,153,6106,2922.43,2.08935714456805,8.93201913150719,0.000999000999000999,448,2000,1000,970206
3,2,"Boruta",500,"Crohn's disease","MONDO_0005265",3.13952051615921,3.99199450847572,0.786454116981737,-0.671849583603038,0.747252747252747,6,30,1.29810716028457,1.01507730617269,1.27882591049053,5.6898364689412,0.000999000999000999,440,1989,1542.032,1.2898565010324,1.93917188517368,0.034965034965035,182,5782,3297.736,1.753324098715,6.26783633414358,0.000999000999000999,475,2000,1000,970206
3,2,"RF_importance",500,"Crohn's disease","MONDO_0005265",2.02750296229706,3.99199450847572,0.507892222294471,-1.54824996326902,0.959040959040959,4,30,1.29992606067792,1.01507730617269,1.28061779410599,5.72640238466046,0.000999000999000999,436,1696,1542.032,1.09984747398238,0.667990587282358,0.255744255744256,176,5102,3230.128,1.57950397012131,4.82424788661555,0.000999000999000999,471,2000,1000,970206
3,3,"GS_full_ungrouped",10,"Crohn's disease","MONDO_0005265",0,0.0887798011016326,0,-0.407042197174437,1,0,30,2.00807717038827,1.03387079654533,1.9422902524167,2.46476023875057,0.017982017982018,8,0,0.526,0,-0.572494420290092,1,3,14,1.056,13.2575757575758,7.65968154525575,0.000999000999000999,9,2000,1000,970301
3,3,"DGE",10,"Crohn's disease","MONDO_0005265",0,0.0887798011016326,0,-0.407042197174437,1,0,30,1.43164615709737,1.03387079654533,1.38474378218363,1.0063790578334,0.14985014985015,9,3,0.526,5.70342205323194,2.69268288174465,0.042957042957043,4,16,1.24,12.9032258064516,7.46033809122288,0.000999000999000999,10,2000,1000,970301
3,3,"LASSO",10,"Crohn's disease","MONDO_0005265",0,0.0887798011016326,0,-0.407042197174437,1,0,30,1.14093524708274,1.03387079654533,1.10355689598272,0.270875050455012,0.338661338661339,7,0,0.526,0,-0.572494420290092,1,1,0,0.846,0,-0.520388613375043,1,8,2000,1000,970301
3,3,"ElasticNet",10,"Crohn's disease","MONDO_0005265",0,0.0887798011016326,0,-0.407042197174437,1,0,30,1.31670907182874,1.03387079654533,1.27357216803929,0.715586095136488,0.213786213786214,6,0,0.526,0,-0.572494420290092,1,2,0,0.846,0,-0.520388613375043,1,8,2000,1000,970301
3,3,"mRMR",10,"Crohn's disease","MONDO_0005265",0,0.0887798011016326,0,-0.407042197174437,1,0,30,2.25511979044272,1.03387079654533,2.18123947206768,3.08978266062721,0.00699300699300699,7,0,0.526,0,-0.572494420290092,1,1,0,1.056,0,-0.624893673654981,1,9,2000,1000,970301
3,3,"Boruta",10,"Crohn's disease","MONDO_0005265",0,0.0887798011016326,0,-0.407042197174437,1,0,30,1.64940359843908,1.03387079654533,1.59536723926292,1.55730943308223,0.0819180819180819,10,3,0.526,5.70342205323194,2.69268288174465,0.042957042957043,3,20,1.24,16.1290322580645,9.48210993166268,0.000999000999000999,10,2000,1000,970301
3,3,"RF_importance",10,"Crohn's disease","MONDO_0005265",0,0.0887798011016326,0,-0.407042197174437,1,0,30,1.61769176902873,1.03387079654533,1.56469432586183,1.47707791507198,0.0879120879120879,10,6,0.526,11.4068441064639,5.9578601837794,0.003996003996004,5,24,1.24,19.3548387096774,11.5038817721025,0.000999000999000999,10,2000,1000,970301
3,3,"GS_full_ungrouped",20,"Crohn's disease","MONDO_0005265",0,0.150464741228464,0,-0.515247661093207,1,0,30,1.18180527652997,1.04284837705255,1.13324746198499,0.485803192065581,0.294705294705295,15,0,2.446,0,-1.00708906642703,1,4,16,4.858,3.29353643474681,2.50959010400023,0.030969030969031,18,2000,1000,970302
3,3,"DGE",20,"Crohn's disease","MONDO_0005265",0,0.150464741228464,0,-0.515247661093207,1,0,30,1.80274594992366,1.04284837705255,1.72867503041894,2.65665589785023,0.011988011988012,19,18,2.446,7.35895339329517,6.4040324363066,0.000999000999000999,10,104,5.74,18.1184668989547,19.3907899661187,0.000999000999000999,20,2000,1000,970302
3,3,"LASSO",20,"Crohn's disease","MONDO_0005265",0,0.150464741228464,0,-0.515247661093207,1,0,30,0.872437929318906,1.04284837705255,0.836591347809079,-0.595767031228143,0.713286713286713,15,0,2.446,0,-1.00708906642703,1,2,4,4.858,0.823384108686702,-0.19325330364676,0.586413586413586,18,2000,1000,970302
3,3,"ElasticNet",20,"Crohn's disease","MONDO_0005265",0,0.150464741228464,0,-0.515247661093207,1,0,30,1.09513451579303,1.04284837705255,1.0501378147495,0.1827960554419,0.405594405594406,16,0,2.446,0,-1.00708906642703,1,3,18,4.858,3.70522848909016,2.96006400527473,0.023976023976024,18,2000,1000,970302
3,3,"mRMR",20,"Crohn's disease","MONDO_0005265",0,0.150464741228464,0,-0.515247661093207,1,0,30,1.8860796271035,1.04284837705255,1.80858470761993,2.94799635329203,0.00899100899100899,16,0,2.446,0,-1.00708906642703,1,3,14,5.158,2.71423032183017,1.87910114400983,0.0679320679320679,19,2000,1000,970302
3,3,"Boruta",20,"Crohn's disease","MONDO_0005265",0,0.150464741228464,0,-0.515247661093207,1,0,30,1.7491554500692,1.04284837705255,1.67728644792344,2.46929970329209,0.020979020979021,19,4,2.446,1.63532297628782,0.639826823069337,0.260739260739261,6,64,5.74,11.1498257839721,11.4971241952582,0.000999000999000999,20,2000,1000,970302
3,3,"RF_importance",20,"Crohn's disease","MONDO_0005265",0,0.150464741228464,0,-0.515247661093207,1,0,30,1.81085269336425,1.04284837705255,1.73644868536147,2.68499764882125,0.011988011988012,19,13,2.446,5.3147996729354,4.34538757443615,0.003996003996004,8,88,5.74,15.3310104529617,16.2333236577745,0.000999000999000999,20,2000,1000,970302
3,3,"GS_full_ungrouped",50,"Crohn's disease","MONDO_0005265",0,0.417328152704824,0,-0.895527215979408,1,0,30,1.26419236179147,1.04558413039652,1.20907761034212,1.23632646242015,0.100899100899101,38,7,16.152,0.433382862803368,-0.970307085594654,0.888111888111888,12,64,30.292,2.11276904793345,2.24120685328467,0.031968031968032,45,2000,1000,970303
3,3,"DGE",50,"Crohn's disease","MONDO_0005265",0,0.417328152704824,0,-0.895527215979408,1,0,30,1.57690091888997,1.04558413039652,1.50815307257194,3.00483198345718,0.00699300699300699,49,101,16.152,6.25309559187717,8.99569663445532,0.000999000999000999,25,468,37.256,12.5617350225467,25.8255471344865,0.000999000999000999,50,2000,1000,970303
3,3,"LASSO",50,"Crohn's disease","MONDO_0005265",0,0.417328152704824,0,-0.895527215979408,1,0,30,0.949010449631593,1.04558413039652,0.907636623436218,-0.546166977982131,0.713286713286713,42,16,16.152,0.990589400693412,-0.0161152400579536,0.438561438561439,14,76,30.292,2.50891324442097,3.03907330158822,0.013986013986014,45,2000,1000,970303
3,3,"ElasticNet",50,"Crohn's disease","MONDO_0005265",0,0.417328152704824,0,-0.895527215979408,1,0,30,1.19170596974647,1.04558413039652,1.13975139360095,0.826383780579011,0.187812187812188,35,12,16.152,0.742942050520059,-0.440200504740931,0.646353646353646,13,54,25.914,2.08381569807826,2.02135162108066,0.050949050949051,42,2000,1000,970303
3,3,"mRMR",50,"Crohn's disease","MONDO_0005265",0.483843053815216,0.417328152704824,1.15938273198031,0.142731574245521,0.452547452547453,1,30,1.4755343387427,1.04558413039652,1.4112057517391,2.4315590346692,0.016983016983017,38,6,16.152,0.37147102526003,-1.0763284017654,0.932067932067932,14,48,28.06,1.71062009978617,1.4499248154298,0.0899100899100899,44,2000,1000,970303
3,3,"Boruta",50,"Crohn's disease","MONDO_0005265",0.483843053815216,0.417328152704824,1.15938273198031,0.142731574245521,0.452547452547453,1,30,1.73188377375707,1.04558413039652,1.65637916969941,3.88132873507053,0.000999000999000999,46,52,16.152,3.21941555225359,3.80065214208885,0.003996003996004,22,270,34.876,7.7417134992545,14.3771887626194,0.000999000999000999,49,2000,1000,970303
3,3,"RF_importance",50,"Crohn's disease","MONDO_0005265",0.483843053815216,0.417328152704824,1.15938273198031,0.142731574245521,0.452547452547453,1,30,1.65753065538447,1.04558413039652,1.5852676099396,3.4608288882856,0.002997002997003,48,42,16.152,2.60029717682021,2.7404389803814,0.022977022977023,21,352,34.876,10.0929005619911,19.39126422295,0.000999000999000999,49,2000,1000,970303
3,3,"GS_full_ungrouped",100,"Crohn's disease","MONDO_0005265",0,0.81483421698536,0,-1.2616468118669,1,0,30,1.09319711933203,1.05388433944735,1.03730274605399,0.307974124346606,0.355644355644356,80,27,63.128,0.427702445824357,-1.55754287040369,0.976023976023976,23,240,120.822,1.98639320653523,2.93828873188246,0.011988011988012,90,2000,1000,970304
3,3,"DGE",100,"Crohn's disease","MONDO_0005265",0,0.81483421698536,0,-1.2616468118669,1,0,30,1.41563879344526,1.05388433944735,1.34325821198521,2.83396421024666,0.004995004995005,94,200,63.128,3.16816626536561,5.90079738036687,0.000999000999000999,38,884,150.748,5.86409106588479,16.0340578326764,0.000999000999000999,99,2000,1000,970304
3,3,"LASSO",100,"Crohn's disease","MONDO_0005265",0,0.81483421698536,0,-1.2616468118669,1,0,30,1.12252672496298,1.05388433944735,1.06513275028987,0.53774061855331,0.283716283716284,87,36,63.128,0.570269927765809,-1.1695367301902,0.902097902097902,26,370,128.914,2.87013047457995,5.82542511023405,0.000999000999000999,93,2000,1000,970304
3,3,"ElasticNet",100,"Crohn's disease","MONDO_0005265",0,0.81483421698536,0,-1.2616468118669,1,0,30,1.19312535500801,1.05388433944735,1.13212172374977,1.09080634761059,0.143856143856144,82,37,63.128,0.586110759092637,-1.12642493683314,0.888111888111888,26,328,123.566,2.65445187187414,4.85952478117237,0.001998001998002,91,2000,1000,970304
3,3,"mRMR",100,"Crohn's disease","MONDO_0005265",0.483843053815216,0.81483421698536,0.593793244968638,-0.512489457444118,0.702297702297702,1,30,1.38558549660395,1.05388433944735,1.31474151834398,2.59852835947291,0.00599400599400599,77,46,63.128,0.728678241034089,-0.738418796619643,0.768231768231768,29,192,118.53,1.61984307770185,1.92824227266532,0.04995004995005,89,2000,1000,970304
3,3,"Boruta",100,"Crohn's disease","MONDO_0005265",0.483843053815216,0.81483421698536,0.593793244968638,-0.512489457444118,0.702297702297702,1,30,1.40865293653593,1.05388433944735,1.33662953685659,2.77923739696166,0.004995004995005,88,144,63.128,2.28107971106324,3.48653695237177,0.002997002997003,44,656,143.73,4.56411326793293,11.922876933653,0.000999000999000999,98,2000,1000,970304
3,3,"RF_importance",100,"Crohn's disease","MONDO_0005265",1.04053180771015,0.81483421698536,1.27698590218732,0.349458380426713,0.352647352647353,2,30,1.45693515739127,1.05388433944735,1.38244312289077,3.15747762146501,0.002997002997003,91,208,63.128,3.29489291598023,6.24569172722331,0.000999000999000999,42,782,143.73,5.44075697488346,14.8554759412862,0.000999000999000999,98,2000,1000,970304
3,3,"GS_full_ungrouped",200,"Crohn's disease","MONDO_0005265",0.502617358477527,1.59272070845783,0.315571559915355,-1.25600385545747,0.894105894105894,1,30,1.07886705197723,1.04196772031841,1.0354131235923,0.434678669395033,0.324675324675325,174,215,254.885,0.843517664829237,-0.615024389971649,0.722277722277722,55,1298,538.15,2.41196692372015,6.76796853662876,0.000999000999000999,189,2000,1000,970305
3,3,"DGE",200,"Crohn's disease","MONDO_0005265",1.19195311251027,1.59272070845783,0.74837547234781,-0.461759562211836,0.619380619380619,2,30,1.19279179689918,1.04196772031841,1.14474927931038,1.77672618916374,0.035964035964036,188,583,254.885,2.28730603997881,5.0595142964911,0.000999000999000999,81,1974,596.186,3.31104722351749,11.3446025903062,0.000999000999000999,199,2000,1000,970305
3,3,"LASSO",200,"Crohn's disease","MONDO_0005265",0.986971154586905,1.59272070845783,0.619676224052206,-0.697937287429924,0.77022977022977,2,30,1.19384626357536,1.04196772031841,1.14576127484116,1.7891479364181,0.035964035964036,180,295,254.885,1.15738470290523,0.618570976650688,0.250749250749251,61,1758,553.832,3.17424778633232,10.2700219377683,0.000999000999000999,192,2000,1000,970305
3,3,"ElasticNet",200,"Crohn's disease","MONDO_0005265",0.986971154586905,1.59272070845783,0.619676224052206,-0.697937287429924,0.77022977022977,2,30,1.20970734473109,1.04196772031841,1.16098351334859,1.9759934249946,0.025974025974026,176,279,254.885,1.09461129529003,0.371851903326221,0.331668331668332,60,1756,547.054,3.20992077564555,10.5496392163207,0.000999000999000999,190,2000,1000,970305
3,3,"mRMR",200,"Crohn's disease","MONDO_0005265",0.483843053815216,1.59272070845783,0.303783991283507,-1.27763538153233,0.924075924075924,1,30,1.30241544559722,1.04196772031841,1.24995757565236,3.06810626593268,0.003996003996004,150,236,254.885,0.925907762324185,-0.291205606233285,0.597402597402597,63,702,428.412,1.63860956275735,2.97088355370854,0.00599400599400599,169,2000,1000,970305
3,3,"Boruta",200,"Crohn's disease","MONDO_0005265",1.03748502503164,1.59272070845783,0.6513916843815,-0.639735818703296,0.73026973026973,2,30,1.41244323277734,1.04196772031841,1.35555373284089,4.3642471437716,0.000999000999000999,178,446,254.885,1.74980873727367,2.94698223115035,0.00699300699300699,83,1678,579.332,2.8964393473863,9.30996212470906,0.000999000999000999,196,2000,1000,970305
3,3,"RF_importance",200,"Crohn's disease","MONDO_0005265",1.04053180771015,1.59272070845783,0.653304626595616,-0.636225352662609,0.725274725274725,2,30,1.49686984812283,1.04196772031841,1.4365798660878,5.35880306579289,0.000999000999000999,178,458,254.885,1.79688879298507,3.1320215361437,0.004995004995005,80,1726,575.292,3.0002155427157,9.54455213639167,0.000999000999000999,195,2000,1000,970305
3,3,"GS_full_ungrouped",500,"Crohn's disease","MONDO_0005265",2.98465377867295,3.98332608365047,0.749286831154355,-0.793438506749391,0.784215784215784,6,30,1.03973561332098,1.04669590355537,0.993350226927663,-0.138964846644596,0.55044955044955,438,1882,1604.608,1.17287212827058,1.19110102274676,0.116883116883117,166,5140,3461.9,1.48473381669026,4.13320361759208,0.000999000999000999,479,2000,1000,970306
3,3,"DGE",500,"Crohn's disease","MONDO_0005265",2.73205549601944,3.98332608365047,0.685872920932369,-0.994126162947659,0.831168831168831,5,30,1.09068838120122,1.04669590355537,1.04202985556399,0.878326578878642,0.186813186813187,452,2660,1604.608,1.65772574984046,4.53177629707688,0.000999000999000999,195,6948,3595.676,1.93232093214183,8.31419403556425,0.000999000999000999,490,2000,1000,970306
3,3,"LASSO",500,"Crohn's disease","MONDO_0005265",3.69137184048563,3.98332608365047,0.92670591434551,-0.231955705171051,0.571428571428571,7,30,1.21459556220019,1.04669590355537,1.16040920583954,3.35218066051101,0.000999000999000999,427,1902,1604.608,1.18533623165284,1.27697956450332,0.101898101898102,158,7186,3237.874,2.21935751669151,10.0293894422084,0.000999000999000999,463,2000,1000,970306
3,3,"ElasticNet",500,"Crohn's disease","MONDO_0005265",3.69137184048563,3.98332608365047,0.92670591434551,-0.231955705171051,0.571428571428571,7,30,1.23069814291289,1.04669590355537,1.17579340736169,3.67367482008898,0.000999000999000999,424,1935,1604.608,1.20590200223357,1.41867915840164,0.0789210789210789,159,7164,3210.72,2.23127522798625,10.0488730252482,0.000999000999000999,461,2000,1000,970306
3,3,"mRMR",500,"Crohn's disease","MONDO_0005265",3.69397381663198,3.98332608365047,0.927359131303326,-0.229888452421708,0.571428571428571,7,30,1.21030250723452,1.04669590355537,1.1563076755373,3.2664681823167,0.000999000999000999,422,1687,1604.608,1.05134712029355,0.353785240620318,0.35964035964036,158,6460,3122.186,2.0690631499853,8.92764614094693,0.000999000999000999,455,2000,1000,970306
3,3,"Boruta",500,"Crohn's disease","MONDO_0005265",4.1707270118788,3.98332608365047,1.04704634375717,0.148888791564402,0.434565434565435,8,30,1.23568541858242,1.04669590355537,1.18055818732556,3.77324767915827,0.000999000999000999,446,2170,1604.608,1.35235521697511,2.4277520240412,0.010989010989011,190,6352,3484.804,1.82277109415623,7.0619320549433,0.000999000999000999,481,2000,1000,970306
3,3,"RF_importance",500,"Crohn's disease","MONDO_0005265",3.68637321576942,3.98332608365047,0.925451027195618,-0.235927079275307,0.572427572427572,7,30,1.31212093241294,1.04669590355537,1.25358370846393,5.29931183740013,0.000999000999000999,429,1884,1604.608,1.17411853860881,1.19968887692242,0.114885114885115,181,5286,3317.356,1.59343766541788,4.91306908219905,0.000999000999000999,469,2000,1000,970306
3,4,"GS_full_ungrouped",10,"Crohn's disease","MONDO_0005265",0,0.0900957712081055,0,-0.417226387163844,1,0,29,1.19922736350697,1.01018658770609,1.1871345136646,0.487286735464112,0.271728271728272,9,2,0.527,3.79506641366224,1.54737717675705,0.104895104895105,4,12,1.014,11.8343195266272,6.60016317197802,0.000999000999000999,9,2000,1000,970401
3,4,"DGE",10,"Crohn's disease","MONDO_0005265",0,0.0900957712081055,0,-0.417226387163844,1,0,29,1.46388300056387,1.01018658770609,1.44912139834289,1.16948442988889,0.12987012987013,10,6,0.527,11.3851992409867,5.74935185905726,0.00599400599400599,5,20,1.288,15.527950310559,9.59797140631214,0.000999000999000999,10,2000,1000,970401
3,4,"LASSO",10,"Crohn's disease","MONDO_0005265",0,0.0900957712081055,0,-0.417226387163844,1,0,29,1.5992109363583,1.01018658770609,1.58308470516299,1.5183166210973,0.0809190809190809,8,0,0.527,0,-0.553610164393052,1,2,2,1.014,1.9723865877712,0.592368549751532,0.355644355644356,9,2000,1000,970401
3,4,"ElasticNet",10,"Crohn's disease","MONDO_0005265",0,0.0900957712081055,0,-0.417226387163844,1,0,29,1.4494553667488,1.01018658770609,1.43483925087562,1.13229459847588,0.135864135864136,8,0,0.527,0,-0.553610164393052,1,0,2,1.014,1.9723865877712,0.592368549751532,0.355644355644356,9,2000,1000,970401
3,4,"mRMR",10,"Crohn's disease","MONDO_0005265",0,0.0900957712081055,0,-0.417226387163844,1,0,29,1.52531129847699,1.01018658770609,1.50993026143877,1.32782696010961,0.104895104895105,8,0,0.527,0,-0.553610164393052,1,2,0,1.014,0,-0.609190374693766,1,9,2000,1000,970401
3,4,"Boruta",10,"Crohn's disease","MONDO_0005265",0,0.0900957712081055,0,-0.417226387163844,1,0,29,1.31104839095534,1.01018658770609,1.29782795268787,0.775525625675567,0.206793206793207,10,3,0.527,5.69259962049336,2.5978708473321,0.050949050949051,3,18,1.288,13.9751552795031,8.5721087079034,0.001998001998002,10,2000,1000,970401
3,4,"RF_importance",10,"Crohn's disease","MONDO_0005265",0,0.0900957712081055,0,-0.417226387163844,1,0,29,2.00006028078755,1.01018658770609,1.97989193791342,2.55157818930837,0.016983016983017,10,1,0.527,1.89753320683112,0.496883506182,0.33966033966034,5,32,1.288,24.8447204968944,15.7531475967646,0.000999000999000999,10,2000,1000,970401
3,4,"GS_full_ungrouped",20,"Crohn's disease","MONDO_0005265",0,0.180514493286887,0,-0.605071767771875,1,0,29,1.2573371840495,1.01850614950291,1.23449149979424,0.876198920784698,0.193806193806194,19,5,2.509,1.99282582702272,0.95873878982199,0.171828171828172,8,28,5.14,5.44747081712062,4.82200420520957,0.001998001998002,19,2000,1000,970402
3,4,"DGE",20,"Crohn's disease","MONDO_0005265",0,0.180514493286887,0,-0.605071767771875,1,0,29,1.63156798590363,1.01850614950291,1.60192256737962,2.24913868688959,0.01998001998002,19,17,2.509,6.77560781187724,5.57731184396245,0.002997002997003,9,110,5.526,19.9058993847267,21.2217745854023,0.000999000999000999,20,2000,1000,970402
3,4,"LASSO",20,"Crohn's disease","MONDO_0005265",0,0.180514493286887,0,-0.605071767771875,1,0,29,1.17716449279205,1.01850614950291,1.15577553789593,0.582069534754323,0.25974025974026,17,2,2.509,0.797130330809087,-0.195904473713124,0.552447552447552,5,12,5.14,2.33463035019455,1.44702313419675,0.108891108891109,19,2000,1000,970402
3,4,"ElasticNet",20,"Crohn's disease","MONDO_0005265",0,0.180514493286887,0,-0.605071767771875,1,0,29,1.09996216283239,1.01850614950291,1.07997596614339,0.298837507052673,0.35964035964036,15,0,2.509,0,-0.965666649403201,1,3,8,4.586,1.74443959877889,0.815121135735524,0.214785214785215,18,2000,1000,970402
3,4,"mRMR",20,"Crohn's disease","MONDO_0005265",0,0.180514493286887,0,-0.605071767771875,1,0,29,1.49274073597142,1.01850614950291,1.46561779396223,1.73982344317748,0.050949050949051,16,2,2.509,0.797130330809087,-0.195904473713124,0.552447552447552,6,16,5.14,3.11284046692607,2.29076840194995,0.040959040959041,19,2000,1000,970402
3,4,"Boruta",20,"Crohn's disease","MONDO_0005265",0,0.180514493286887,0,-0.605071767771875,1,0,29,1.45893386585984,1.01850614950291,1.43242519112121,1.61579624895997,0.0639360639360639,18,3,2.509,1.19569549621363,0.188976614131914,0.385614385614386,6,40,5.526,7.23850886717336,7.00269403925529,0.000999000999000999,20,2000,1000,970402
3,4,"RF_importance",20,"Crohn's disease","MONDO_0005265",0,0.180514493286887,0,-0.605071767771875,1,0,29,1.74838022493472,1.01850614950291,1.7166123403261,2.67768750579743,0.010989010989011,19,4,2.509,1.59426066161817,0.573857701976952,0.274725274725275,9,66,5.526,11.943539630836,12.2840668135385,0.000999000999000999,20,2000,1000,970402
3,4,"GS_full_ungrouped",50,"Crohn's disease","MONDO_0005265",0,0.353220388260472,0,-0.806335846399641,1,0,29,1.15706886871596,1.02281978327937,1.13125389988661,0.770642095214058,0.207792207792208,39,15,15.275,0.981996726677578,-0.0333984955253126,0.482517482517482,15,70,30.778,2.27435180973423,2.5100112811953,0.031968031968032,46,2000,1000,970403
3,4,"DGE",50,"Crohn's disease","MONDO_0005265",0,0.353220388260472,0,-0.806335846399641,1,0,29,1.52818679897263,1.02281978327937,1.49409194459745,2.90100371678043,0.00899100899100899,49,96,15.275,6.2847790507365,9.80397655011227,0.000999000999000999,24,378,36.658,10.3115281793879,18.7853293345894,0.000999000999000999,50,2000,1000,970403
3,4,"LASSO",50,"Crohn's disease","MONDO_0005265",0,0.353220388260472,0,-0.806335846399641,1,0,29,0.959142784635903,1.02281978327937,0.937743677151699,-0.365530800392117,0.62037962037962,43,18,15.275,1.17839607201309,0.33094872838719,0.351648351648352,16,72,30.778,2.33933329001235,2.63800125015125,0.022977022977023,46,2000,1000,970403
3,4,"ElasticNet",50,"Crohn's disease","MONDO_0005265",0,0.353220388260472,0,-0.806335846399641,1,0,29,0.947438959384101,1.02281978327937,0.926300971952668,-0.43271532075392,0.644355644355644,38,8,15.275,0.523731587561375,-0.88354201798782,0.827172827172827,13,40,26.886,1.48776314810682,0.963337231100745,0.158841158841159,43,2000,1000,970403
3,4,"mRMR",50,"Crohn's disease","MONDO_0005265",0,0.353220388260472,0,-0.806335846399641,1,0,29,1.20179670177001,1.02281978327937,1.17498382551498,1.0273972966894,0.150849150849151,42,18,15.275,1.17839607201309,0.33094872838719,0.351648351648352,17,62,32.11,1.9308626596076,1.9014587283067,0.0609390609390609,47,2000,1000,970403
3,4,"Boruta",50,"Crohn's disease","MONDO_0005265",0.483843053815216,0.353220388260472,1.36980499964351,0.298187027390366,0.394605394605395,1,29,1.40724778291314,1.02281978327937,1.37585115767042,2.20676660949502,0.030969030969031,43,21,15.275,1.37479541734861,0.695295952299693,0.242757242757243,19,174,32.392,5.37169671523833,8.99258276358037,0.000999000999000999,48,2000,1000,970403
3,4,"RF_importance",50,"Crohn's disease","MONDO_0005265",0,0.353220388260472,0,-0.806335846399641,1,0,29,1.35491530935035,1.02281978327937,1.32468625607358,1.90635780638841,0.040959040959041,47,74,15.275,4.84451718494272,7.13209690808725,0.000999000999000999,26,262,34.436,7.60831687768614,13.3997953327436,0.000999000999000999,49,2000,1000,970403
3,4,"GS_full_ungrouped",100,"Crohn's disease","MONDO_0005265",0,0.785898742745802,0,-1.21059756054494,1,0,29,1.31831270079812,1.02299192797645,1.28868338522068,2.4319716774396,0.010989010989011,78,87,61.379,1.41742289708206,1.06826839611025,0.155844155844156,35,212,115.692,1.83245168205235,2.45435519954981,0.026973026973027,89,2000,1000,970404
3,4,"DGE",100,"Crohn's disease","MONDO_0005265",0,0.785898742745802,0,-1.21059756054494,1,0,29,1.31074864335716,1.02299192797645,1.28128933133412,2.36968153344738,0.013986013986014,95,186,61.379,3.03035240065821,5.19607649161453,0.000999000999000999,38,856,143.708,5.95652294931389,16.4059542952053,0.000999000999000999,99,2000,1000,970404
3,4,"LASSO",100,"Crohn's disease","MONDO_0005265",0,0.785898742745802,0,-1.21059756054494,1,0,29,1.17561180764008,1.02299192797645,1.14918972035832,1.25682735152634,0.107892107892108,88,36,61.379,0.586519819482233,-1.05817819854347,0.878121878121878,27,396,126.036,3.14195944015996,6.72444451160099,0.000999000999000999,94,2000,1000,970404
3,4,"ElasticNet",100,"Crohn's disease","MONDO_0005265",0,0.785898742745802,0,-1.21059756054494,1,0,29,1.19000934766382,1.02299192797645,1.16326367307486,1.37539134290429,0.0889110889110889,72,51,61.379,0.830903077599831,-0.432752729527665,0.629370629370629,27,142,108.766,1.30555504477502,0.947552613354712,0.163836163836164,87,2000,1000,970404
3,4,"mRMR",100,"Crohn's disease","MONDO_0005265",0.483843053815216,0.785898742745802,0.615655716822688,-0.465286251623849,0.684315684315684,1,29,1.27170104920641,1.02299192797645,1.24311933890028,2.0481239195368,0.024975024975025,78,56,61.379,0.91236416363903,-0.224277573189065,0.537462537462537,30,220,113.872,1.93199381761978,2.77469437806281,0.014985014985015,88,2000,1000,970404
3,4,"Boruta",100,"Crohn's disease","MONDO_0005265",0.483843053815216,0.785898742745802,0.615655716822688,-0.465286251623849,0.684315684315684,1,29,1.24256293468168,1.02299192797645,1.21463610875166,1.80817104192145,0.037962037962038,89,111,61.379,1.80843611007022,2.06894914653553,0.042957042957043,42,550,134.886,4.0775173109144,9.78739290220421,0.000999000999000999,97,2000,1000,970404
3,4,"RF_importance",100,"Crohn's disease","MONDO_0005265",0.483843053815216,0.785898742745802,0.615655716822688,-0.465286251623849,0.684315684315684,1,29,1.31022497766752,1.02299192797645,1.28077743512525,2.36536913742636,0.013986013986014,94,212,61.379,3.45395004806204,6.28014730457525,0.000999000999000999,45,656,141.198,4.64595815804756,11.7830948889719,0.000999000999000999,98,2000,1000,970404
3,4,"GS_full_ungrouped",200,"Crohn's disease","MONDO_0005265",0,1.57622316562939,0,-1.80290219183555,1,0,29,1.13247010450814,1.02441129388676,1.10548381423186,1.28647196242465,0.105894105894106,170,281,248.716,1.12980266649512,0.505788889553861,0.284715284715285,70,1120,504.776,2.21880596541832,5.73115524498944,0.000999000999000999,185,2000,1000,970405
3,4,"DGE",200,"Crohn's disease","MONDO_0005265",1.19195311251027,1.57622316562939,0.756208345684551,-0.439532507916539,0.597402597402597,2,29,1.14371967192042,1.02441129388676,1.11646530914452,1.4204013753257,0.0829170829170829,185,542,248.716,2.17919233181621,4.59483919848577,0.000999000999000999,80,2010,575.998,3.4895954499842,11.4607362032444,0.000999000999000999,199,2000,1000,970405
3,4,"LASSO",200,"Crohn's disease","MONDO_0005265",0.986971154586905,1.57622316562939,0.626162066456372,-0.673993229777081,0.74025974025974,2,29,1.17188951248768,1.02441129388676,1.14396387415972,1.75577162294699,0.046953046953047,183,296,248.716,1.19011241737564,0.740791780871787,0.215784215784216,62,1776,553.338,3.20961148520434,10.6777872920263,0.000999000999000999,194,2000,1000,970405
3,4,"ElasticNet",200,"Crohn's disease","MONDO_0005265",0.969196198638373,1.57622316562939,0.614885137950228,-0.694324428897982,0.763236763236763,2,29,1.14740884282422,1.02441129388676,1.12006656864431,1.4643220413505,0.0749250749250749,148,201,248.716,0.808150661799,-0.747559864141743,0.771228771228771,58,602,428.01,1.40650919371043,1.79369102684057,0.050949050949051,170,2000,1000,970405
3,4,"mRMR",200,"Crohn's disease","MONDO_0005265",0.483843053815216,1.57622316562939,0.306963547019064,-1.24947694010127,0.915084915084915,1,29,1.26230694694707,1.02441129388676,1.23222669886594,2.83221780699719,0.00699300699300699,149,236,248.716,0.948873413853552,-0.199219784399916,0.547452547452547,66,648,409.004,1.5843365835053,2.5992437934221,0.014985014985015,167,2000,1000,970405
3,4,"Boruta",200,"Crohn's disease","MONDO_0005265",0.483843053815216,1.57622316562939,0.306963547019064,-1.24947694010127,0.915084915084915,1,29,1.39089532326206,1.02441129388676,1.35775086780311,4.36310029470634,0.000999000999000999,177,461,248.716,1.85351967706139,3.32582358536897,0.003996003996004,81,1556,563.35,2.76204846010473,8.54073135194623,0.000999000999000999,195,2000,1000,970405
3,4,"RF_importance",200,"Crohn's disease","MONDO_0005265",1.52488560381953,1.57622316562939,0.967430016935854,-0.0587204938543962,0.506493506493506,3,29,1.49039558105405,1.02441129388676,1.45488007595003,5.54768016530969,0.000999000999000999,184,497,248.716,1.99826307917464,3.88983052453199,0.001998001998002,79,1470,573.246,2.56434410357857,7.88301498317373,0.000999000999000999,197,2000,1000,970405
3,4,"GS_full_ungrouped",500,"Crohn's disease","MONDO_0005265",3.96812403296389,3.79867432925393,1.04460758912787,0.135166395657893,0.440559440559441,7,29,0.968574261074215,1.02692733701188,0.943177015710328,-1.2507998446278,0.893106893106893,441,1615,1560.191,1.03512967322591,0.250390898533906,0.415584415584416,175,4300,3339.5,1.28761790687229,2.34710449830041,0.016983016983017,476,2000,1000,970406
3,4,"DGE",500,"Crohn's disease","MONDO_0005265",2.73205549601944,3.79867432925393,0.71921287776097,-0.85081897502697,0.788211788211788,5,29,1.12460387058268,1.02692733701188,1.09511533099803,2.09369927893207,0.01998001998002,452,2720,1560.191,1.74337629174889,5.29850239263099,0.000999000999000999,197,7048,3525.726,1.99902091087056,8.48540725078288,0.000999000999000999,489,2000,1000,970406
3,4,"LASSO",500,"Crohn's disease","MONDO_0005265",3.72489181502607,3.79867432925393,0.980576772886361,-0.0588547297068512,0.513486513486514,7,29,1.20953967797501,1.02692733701188,1.17782401381435,3.9143007293707,0.000999000999000999,429,2012,1560.191,1.28958569816131,2.06405629505566,0.021978021978022,162,7062,3153.174,2.23964804986975,10.1999145518738,0.000999000999000999,461,2000,1000,970406
3,4,"ElasticNet",500,"Crohn's disease","MONDO_0005265",2.94768160068141,3.79867432925393,0.775976392074745,-0.678818654348939,0.744255744255744,6,29,1.18006837137418,1.02692733701188,1.14912548224484,3.28258243303478,0.000999000999000999,416,1518,1560.191,0.972957798115743,-0.19274649054068,0.565434565434565,152,5806,3038.664,1.91070812699265,7.05674985925433,0.000999000999000999,454,2000,1000,970406
3,4,"mRMR",500,"Crohn's disease","MONDO_0005265",3.69397381663198,3.79867432925393,0.972437618088069,-0.08351735414578,0.531468531468531,7,29,1.21279633196557,1.02692733701188,1.18099527420755,3.9841072004082,0.000999000999000999,415,1658,1560.191,1.06269040136752,0.446833246268001,0.321678321678322,160,6254,2966.068,2.10851538130616,9.06684620272353,0.000999000999000999,450,2000,1000,970406
3,4,"Boruta",500,"Crohn's disease","MONDO_0005265",3.19154447761189,3.79867432925393,0.840173229127206,-0.484294465827035,0.666333666333666,6,29,1.36444480088917,1.02692733701188,1.32866732797219,7.23469645075595,0.000999000999000999,450,2204,1560.191,1.41264755404947,2.94119421982186,0.00799200799200799,185,6532,3402.96,1.91950537179397,7.68451945450877,0.000999000999000999,481,2000,1000,970406
3,4,"RF_importance",500,"Crohn's disease","MONDO_0005265",3.70176243695198,3.79867432925393,0.974487970301738,-0.0773045387040737,0.527472527472527,7,29,1.27143307547098,1.02692733701188,1.23809448794163,5.24098746742976,0.000999000999000999,444,2431,1560.191,1.55814256075057,3.97822707879022,0.000999000999000999,193,5944,3381.742,1.75767400351653,6.06681277137666,0.000999000999000999,478,2000,1000,970406
3,5,"GS_full_ungrouped",10,"Crohn's disease","MONDO_0005265",0,0.0780583925305182,0,-0.394967144489042,1,0,29,1.48248825699816,1.02506695978042,1.44623552915579,1.1256004593263,0.123876123876124,7,0,0.533,0,-0.599785479281986,1,2,4,1.028,3.89105058365759,1.63441772105277,0.102897102897103,9,2000,1000,970501
3,5,"DGE",10,"Crohn's disease","MONDO_0005265",0,0.0780583925305182,0,-0.394967144489042,1,0,29,1.63342323021931,1.02506695978042,1.59347954261368,1.4970140253747,0.0769230769230769,10,6,0.533,11.2570356472795,6.15202104171598,0.003996003996004,5,40,1.25,32,20.6861402690251,0.000999000999000999,10,2000,1000,970501
3,5,"LASSO",10,"Crohn's disease","MONDO_0005265",0,0.0780583925305182,0,-0.394967144489042,1,0,29,2.31880440865769,1.02506695978042,2.2621004282046,3.18356726186867,0.00599400599400599,8,0,0.533,0,-0.599785479281986,1,2,4,0.82,4.87804878048781,2.16685123700823,0.0799200799200799,8,2000,1000,970501
3,5,"ElasticNet",10,"Crohn's disease","MONDO_0005265",0,0.0780583925305182,0,-0.394967144489042,1,0,29,2.11340281101183,1.02506695978042,2.06172171568629,2.67812483043223,0.016983016983017,8,0,0.533,0,-0.599785479281986,1,2,2,0.82,2.4390243902439,0.804051716877267,0.301698301698302,8,2000,1000,970501
3,5,"mRMR",10,"Crohn's disease","MONDO_0005265",0,0.0780583925305182,0,-0.394967144489042,1,0,29,1.77452699682515,1.02506695978042,1.73113276151761,1.84423542820457,0.051948051948052,7,0,0.533,0,-0.599785479281986,1,2,0,1.028,0,-0.565336950619869,1,9,2000,1000,970501
3,5,"Boruta",10,"Crohn's disease","MONDO_0005265",0,0.0780583925305182,0,-0.394967144489042,1,0,29,1.55710710362017,1.02506695978042,1.51902964851555,1.30921894963928,0.0949050949050949,10,3,0.533,5.62851782363977,2.776117781217,0.03996003996004,3,28,1.25,22.4,14.2801097341012,0.000999000999000999,10,2000,1000,970501
3,5,"RF_importance",10,"Crohn's disease","MONDO_0005265",0,0.0780583925305182,0,-0.394967144489042,1,0,29,1.41141565905575,1.02506695978042,1.37690093860609,0.950708408221369,0.160839160839161,10,1,0.533,1.87617260787992,0.525515607551008,0.362637362637363,3,24,1.25,19.2,12.1447662224599,0.000999000999000999,10,2000,1000,970501
3,5,"GS_full_ungrouped",20,"Crohn's disease","MONDO_0005265",0,0.133252482509714,0,-0.503485380574234,1,0,29,1.11362697282614,1.01866211768032,1.09322507777365,0.338801646990063,0.32967032967033,16,0,2.182,0,-0.980951718963736,1,5,14,4.984,2.80898876404494,1.96948395737736,0.051948051948052,19,2000,1000,970502
3,5,"DGE",20,"Crohn's disease","MONDO_0005265",0,0.133252482509714,0,-0.503485380574234,1,0,29,1.82682640690277,1.01866211768032,1.79335853880852,2.8832497222967,0.00999000999000999,20,13,2.182,5.95783684692942,4.86339857733717,0.003996003996004,9,110,5.414,20.3176948651644,22.5188769238057,0.000999000999000999,20,2000,1000,970502
3,5,"LASSO",20,"Crohn's disease","MONDO_0005265",0,0.133252482509714,0,-0.503485380574234,1,0,29,1.44962276335521,1.01866211768032,1.42306535032073,1.53751802515107,0.0649350649350649,15,0,2.182,0,-0.980951718963736,1,5,6,3.908,1.5353121801433,0.546040768782941,0.294705294705295,17,2000,1000,970502
3,5,"ElasticNet",20,"Crohn's disease","MONDO_0005265",0,0.133252482509714,0,-0.503485380574234,1,0,29,1.56394708868641,1.01866211768032,1.53529522845887,1.94538754334035,0.034965034965035,15,0,2.182,0,-0.980951718963736,1,5,6,3.908,1.5353121801433,0.546040768782941,0.294705294705295,17,2000,1000,970502
3,5,"mRMR",20,"Crohn's disease","MONDO_0005265",0,0.133252482509714,0,-0.503485380574234,1,0,29,1.87628071411085,1.01866211768032,1.84190683205485,3.05968552801791,0.00599400599400599,16,0,2.182,0,-0.980951718963736,1,4,6,4.984,1.20385232744783,0.221938298657431,0.398601398601399,19,2000,1000,970502
3,5,"Boruta",20,"Crohn's disease","MONDO_0005265",0,0.133252482509714,0,-0.503485380574234,1,0,29,1.43712155781689,1.01866211768032,1.41079316966206,1.49291806215171,0.0709290709290709,17,3,2.182,1.37488542621448,0.367744503259549,0.341658341658342,6,56,4.984,11.2359550561798,11.144098665657,0.000999000999000999,19,2000,1000,970502
3,5,"RF_importance",20,"Crohn's disease","MONDO_0005265",0,0.133252482509714,0,-0.503485380574234,1,0,29,1.66168015932192,1.01866211768032,1.63123780739571,2.29406522252877,0.023976023976024,19,5,2.182,2.29147571035747,1.26687531807507,0.13986013986014,8,82,4.984,16.4526484751204,16.8236220564967,0.000999000999000999,19,2000,1000,970502
3,5,"GS_full_ungrouped",50,"Crohn's disease","MONDO_0005265",0,0.414712499991699,0,-0.887176312798663,1,0,29,1.35541768650679,1.0296957109814,1.31632837939564,1.92456987963694,0.033966033966034,37,6,14.075,0.426287744227354,-1.01874434535124,0.885114885114885,13,54,24.004,2.24962506248959,2.34950423290348,0.033966033966034,42,2000,1000,970503
3,5,"DGE",50,"Crohn's disease","MONDO_0005265",0,0.414712499991699,0,-0.887176312798663,1,0,29,1.6208462103067,1.0296957109814,1.57410212844518,3.49288820165934,0.001998001998002,47,75,14.075,5.32859680284192,7.68631569542098,0.000999000999000999,23,374,33.8,11.0650887573965,22.0323469119625,0.000999000999000999,49,2000,1000,970503
3,5,"LASSO",50,"Crohn's disease","MONDO_0005265",0,0.414712499991699,0,-0.887176312798663,1,0,29,1.06054792688513,1.0296957109814,1.02996245936999,0.182294256789407,0.392607392607393,40,15,14.075,1.06571936056838,0.116698268662526,0.413586413586414,15,56,26.886,2.08286840734955,2.18545199861676,0.033966033966034,44,2000,1000,970503
3,5,"ElasticNet",50,"Crohn's disease","MONDO_0005265",0,0.414712499991699,0,-0.887176312798663,1,0,29,1.09039535926741,1.0296957109814,1.05894911247921,0.358651621854415,0.330669330669331,38,5,14.075,0.355239786856128,-1.14490463579722,0.927072927072927,11,42,25.948,1.61862185910282,1.23264537127681,0.125874125874126,43,2000,1000,970503
3,5,"mRMR",50,"Crohn's disease","MONDO_0005265",0,0.414712499991699,0,-0.887176312798663,1,0,29,1.53426573459595,1.0296957109814,1.49001857367517,2.98131640657621,0.00599400599400599,40,7,14.075,0.497335701598579,-0.892584054905267,0.836163836163836,13,74,29.89,2.4757443961191,2.82059272170092,0.020979020979021,46,2000,1000,970503
3,5,"Boruta",50,"Crohn's disease","MONDO_0005265",0,0.414712499991699,0,-0.887176312798663,1,0,29,1.54699796508661,1.0296957109814,1.50238361545875,3.05654641604487,0.003996003996004,43,32,14.075,2.27353463587922,2.26142320624409,0.033966033966034,21,194,32.726,5.92800831143433,9.8973063191733,0.000999000999000999,48,2000,1000,970503
3,5,"RF_importance",50,"Crohn's disease","MONDO_0005265",0,0.414712499991699,0,-0.887176312798663,1,0,29,1.61145343249375,1.0296957109814,1.56498023183749,3.43738977470866,0.002997002997003,47,37,14.075,2.62877442273535,2.89222465847396,0.00999000999000999,21,248,33.8,7.33727810650888,13.8722184260505,0.000999000999000999,49,2000,1000,970503
3,5,"GS_full_ungrouped",100,"Crohn's disease","MONDO_0005265",0,0.773508043625851,0,-1.22428978246071,1,0,29,1.1617944472769,1.01825848411475,1.14096220694585,1.19964678261676,0.120879120879121,80,40,57.116,0.70032915470271,-0.773836824140271,0.775224775224775,27,240,112.838,2.12694305109981,3.50193441916083,0.002997002997003,89,2000,1000,970504
3,5,"DGE",100,"Crohn's disease","MONDO_0005265",0,0.773508043625851,0,-1.22428978246071,1,0,29,1.33926687433997,1.01825848411475,1.3152523600177,2.68292819473842,0.00599400599400599,94,190,57.116,3.32656348483787,6.00786004551623,0.000999000999000999,39,874,140.432,6.2236527287228,17.1754174337802,0.000999000999000999,99,2000,1000,970504
3,5,"LASSO",100,"Crohn's disease","MONDO_0005265",0,0.773508043625851,0,-1.22428978246071,1,0,29,1.11870899587285,1.01825848411475,1.09864932463139,0.839546623633862,0.197802197802198,86,36,57.116,0.630296239232439,-0.954682073997778,0.845154845154845,26,308,121.662,2.5316039519324,4.91713849161337,0.000999000999000999,92,2000,1000,970504
3,5,"ElasticNet",100,"Crohn's disease","MONDO_0005265",0,0.773508043625851,0,-1.22428978246071,1,0,29,1.10206442344518,1.01825848411475,1.08230320752327,0.700434394747093,0.236763236763237,83,36,57.116,0.630296239232439,-0.954682073997778,0.845154845154845,26,290,120.222,2.41220408910183,4.26486972549442,0.001998001998002,91,2000,1000,970504
3,5,"mRMR",100,"Crohn's disease","MONDO_0005265",0.483843053815216,0.773508043625851,0.625517805279932,-0.458474724709243,0.675324675324675,1,29,1.34275272278775,1.01825848411475,1.31867570340463,2.71206226527343,0.004995004995005,81,37,57.116,0.647804468100007,-0.909470761533401,0.833166833166833,27,194,115.588,1.67837491781154,2.1143579173405,0.037962037962038,90,2000,1000,970504
3,5,"Boruta",100,"Crohn's disease","MONDO_0005265",0.483843053815216,0.773508043625851,0.625517805279932,-0.458474724709243,0.675324675324675,1,29,1.50682072556853,1.01825848411475,1.47980178812703,4.083312001787,0.000999000999000999,88,109,57.116,1.90839694656489,2.34574373590172,0.017982017982018,38,572,138.068,4.14288611408871,10.3249921364872,0.000999000999000999,98,2000,1000,970504
3,5,"RF_importance",100,"Crohn's disease","MONDO_0005265",0.483843053815216,0.773508043625851,0.625517805279932,-0.458474724709243,0.675324675324675,1,29,1.52694319023063,1.01825848411475,1.4995634350723,4.25149180466287,0.000999000999000999,90,134,57.116,2.34610266825408,3.47602654751113,0.003996003996004,39,674,138.068,4.88165251904858,12.7519834575275,0.000999000999000999,98,2000,1000,970504
3,5,"GS_full_ungrouped",200,"Crohn's disease","MONDO_0005265",0.980181882980688,1.55021850567277,0.63228627409225,-0.671366096295942,0.757242757242757,2,29,1.18059100348569,1.01769123556057,1.16006796780105,1.95088768819651,0.032967032967033,175,357,229.257,1.55720436017221,2.09685351423962,0.032967032967033,64,1686,508.286,3.31703017592458,10.5313428267959,0.000999000999000999,188,2000,1000,970505
3,5,"DGE",200,"Crohn's disease","MONDO_0005265",1.19195311251027,1.55021850567277,0.768893616060263,-0.421950500845916,0.615384615384615,2,29,1.15672817132649,1.01769123556057,1.13661995987352,1.6651064003663,0.0529470529470529,188,525,229.257,2.29000641201795,4.85451061006684,0.000999000999000999,80,1848,571.898,3.23134544971306,11.0586187520022,0.000999000999000999,199,2000,1000,970505
3,5,"LASSO",200,"Crohn's disease","MONDO_0005265",0.986971154586905,1.55021850567277,0.63666583192966,-0.663369966585131,0.752247752247752,2,29,1.21947639722776,1.01769123556057,1.19827738966037,2.41657917977033,0.017982017982018,179,308,229.257,1.34347042838387,1.29253686129002,0.106893106893107,62,1836,515.218,3.56354009370791,12.2890851389772,0.000999000999000999,190,2000,1000,970505
3,5,"ElasticNet",200,"Crohn's disease","MONDO_0005265",0.986971154586905,1.55021850567277,0.63666583192966,-0.663369966585131,0.752247752247752,2,29,1.20256510535978,1.01769123556057,1.18166007855749,2.21404954134927,0.021978021978022,177,282,229.257,1.23006058702679,0.865756596459614,0.190809190809191,61,1754,515.218,3.40438416359677,11.5261242707975,0.000999000999000999,190,2000,1000,970505
3,5,"mRMR",200,"Crohn's disease","MONDO_0005265",0.483843053815216,1.55021850567277,0.312112809932712,-1.25593390985715,0.92007992007992,1,29,1.30105809627657,1.01769123556057,1.27844089721369,3.3936016413961,0.002997002997003,153,152,229.257,0.663011380241389,-1.2681447276924,0.916083916083916,58,650,414.84,1.56686915437277,2.57692574839546,0.013986013986014,170,2000,1000,970505
3,5,"Boruta",200,"Crohn's disease","MONDO_0005265",1.04053180771015,1.55021850567277,0.671216221392338,-0.600288393979157,0.702297702297702,2,29,1.48127395855334,1.01769123556057,1.45552394163777,5.55186688272595,0.000999000999000999,180,367,229.257,1.60082352992493,2.26099976994362,0.022977022977023,80,1564,553.928,2.82347164252394,9.0412137800463,0.000999000999000999,197,2000,1000,970505
3,5,"RF_importance",200,"Crohn's disease","MONDO_0005265",0.483843053815216,1.55021850567277,0.312112809932712,-1.25593390985715,0.92007992007992,1,29,1.45278393334934,1.01769123556057,1.42752917838494,5.21067032907309,0.000999000999000999,182,346,229.257,1.50922327344421,1.91629263296522,0.043956043956044,72,1538,549.12,2.80084498834499,8.89473026095031,0.000999000999000999,195,2000,1000,970505
3,5,"GS_full_ungrouped",500,"Crohn's disease","MONDO_0005265",4.2864013150866,3.83965485464015,1.11635068186052,0.35922868546024,0.345654345654346,8,29,1.07670088674255,1.02273014896951,1.05277123963483,1.08935247709169,0.138861138861139,436,2415,1466.063,1.64726890999909,4.39110681681797,0.001998001998002,182,6302,3238.778,1.94579560562657,8.08600990566384,0.000999000999000999,474,2000,1000,970506
3,5,"DGE",500,"Crohn's disease","MONDO_0005265",3.20880869126626,3.83965485464015,0.835702377620862,-0.507263197496796,0.673326673326673,6,29,1.07988820798105,1.02273014896951,1.05588772274791,1.15368578861781,0.128871128871129,455,2611,1466.063,1.78096029979612,5.29807633755151,0.000999000999000999,195,7152,3475.924,2.05758238672652,9.36337833065664,0.000999000999000999,491,2000,1000,970506
3,5,"LASSO",500,"Crohn's disease","MONDO_0005265",3.72489181502607,3.83965485464015,0.970111105305366,-0.0922809233201064,0.521478521478521,7,29,1.21991448221017,1.02273014896951,1.19280191694685,3.97999454375983,0.000999000999000999,426,1858,1466.063,1.26733980736162,1.8136475155497,0.047952047952048,161,7086,2994.61,2.36625136495236,11.6317911257747,0.000999000999000999,456,2000,1000,970506
3,5,"ElasticNet",500,"Crohn's disease","MONDO_0005265",3.72489181502607,3.83965485464015,0.970111105305366,-0.0922809233201064,0.521478521478521,7,29,1.21299234744189,1.02273014896951,1.18603362643028,3.84027726421662,0.000999000999000999,424,1751,1466.063,1.19435522211528,1.31851619555741,0.0919080919080919,158,6930,2975.952,2.32866659139664,10.9049835583338,0.000999000999000999,455,2000,1000,970506
3,5,"mRMR",500,"Crohn's disease","MONDO_0005265",1.94837873290528,3.83965485464015,0.507435904180476,-1.52077452247572,0.954045954045954,4,29,1.22491124226259,1.02273014896951,1.1976876241468,4.08084980653995,0.000999000999000999,418,1512,1466.063,1.03133357843421,0.212568667724166,0.394605394605395,154,6030,2939.73,2.05120878448021,9.11514347498703,0.000999000999000999,452,2000,1000,970506
3,5,"Boruta",500,"Crohn's disease","MONDO_0005265",4.14334388736351,3.83965485464015,1.07909279459229,0.244196253742858,0.386613386613387,8,29,1.27529689052195,1.02273014896951,1.24695345278217,5.09784036486846,0.000999000999000999,446,1767,1466.063,1.20526880495586,1.39255452378056,0.0889110889110889,173,5952,3253.3,1.8295269418744,7.02906566553292,0.000999000999000999,477,2000,1000,970506
3,5,"RF_importance",500,"Crohn's disease","MONDO_0005265",2.73205549601944,3.83965485464015,0.711536739485269,-0.890620288779261,0.795204795204795,5,29,1.30284724264532,1.02273014896951,1.27389149909979,5.65392029945352,0.000999000999000999,442,1905,1466.063,1.29939845695581,2.03113510470519,0.033966033966034,177,5222,3208.514,1.62754471384572,5.60692834606668,0.000999000999000999,473,2000,1000,970506
