"repeat_idx","fold_idx","method","k","disease_label","ontology_ids","open_targets_sum","open_targets_expected","open_targets_enrichment","open_targets_z","open_targets_empirical_p","open_targets_overlap","open_targets_pool_targets","GO_semantic_mean_ratio","GO_semantic_expected","GO_semantic_enrichment","GO_semantic_z","GO_semantic_empirical_p","GO_annotated","hallmark_edges","hallmark_expected","hallmark_enrichment","hallmark_z","hallmark_empirical_p","hallmark_annotated","string_edges","string_expected","string_enrichment","string_z","string_empirical_p","string_mapped","pool_size","n_null","null_seed"
1,1,"GS_full_ungrouped",10,"Psoriasis","MONDO_0005083",0,0.0428204207613181,0,-0.286484268064366,1,0,16,1.15978521235291,0.998348851924575,1.1617033566144,0.475255255136574,0.296703296703297,10,1,0.501,1.99600798403194,0.55485292278047,0.340659340659341,3,2,0.868,2.30414746543779,0.765851351877659,0.320679320679321,10,2000,1000,950101
1,1,"DGE",10,"Psoriasis","MONDO_0005083",0,0.0428204207613181,0,-0.286484268064366,1,0,16,1.62620026163326,0.998348851924575,1.62888979989143,1.84834247450361,0.041958041958042,8,0,0.501,0,-0.557076782190412,1,4,22,0.868,25.3456221198157,14.2967939645572,0.000999000999000999,10,2000,1000,950101
1,1,"LASSO",10,"Psoriasis","MONDO_0005083",0,0.0428204207613181,0,-0.286484268064366,1,0,16,1.2085294997874,0.998348851924575,1.21052826119612,0.618754394361858,0.247752247752248,8,0,0.501,0,-0.557076782190412,1,3,2,0.837999999999999,2.38663484486874,0.801120277000818,0.320679320679321,9,2000,1000,950101
1,1,"ElasticNet",10,"Psoriasis","MONDO_0005083",0,0.0428204207613181,0,-0.286484268064366,1,0,16,1.44900563897115,0.998348851924575,1.45140211878625,1.32669620238329,0.0919080919080919,8,0,0.501,0,-0.557076782190412,1,5,2,0.837999999999999,2.38663484486874,0.801120277000818,0.320679320679321,9,2000,1000,950101
1,1,"mRMR",10,"Psoriasis","MONDO_0005083",0,0.0428204207613181,0,-0.286484268064366,1,0,16,1.47144063854491,0.998348851924575,1.47387422313185,1.39274298030943,0.0869130869130869,10,1,0.501,1.99600798403194,0.55485292278047,0.340659340659341,5,2,0.868,2.30414746543779,0.765851351877659,0.320679320679321,10,2000,1000,950101
1,1,"Boruta",10,"Psoriasis","MONDO_0005083",0,0.0428204207613181,0,-0.286484268064366,1,0,16,1.48229377967095,0.998348851924575,1.48474531403872,1.4246937275959,0.0839160839160839,10,0,0.501,0,-0.557076782190412,1,3,8,0.868,9.21658986175115,4.82513413568151,0.00599400599400599,10,2000,1000,950101
1,1,"RF_importance",10,"Psoriasis","MONDO_0005083",0,0.0428204207613181,0,-0.286484268064366,1,0,16,1.38002741406683,0.998348851924575,1.38230981225297,1.12363002950383,0.122877122877123,10,0,0.501,0,-0.557076782190412,1,3,8,0.868,9.21658986175115,4.82513413568151,0.00599400599400599,10,2000,1000,950101
1,1,"GS_full_ungrouped",20,"Psoriasis","MONDO_0005083",0,0.0670298792085607,0,-0.367670619358563,1,0,16,0.782332056853013,1.00758657346433,0.776441526173937,-0.930937084845608,0.816183816183816,18,1,2.092,0.478011472275334,-0.499452648934474,0.767232767232767,5,2,4.04,0.495049504950495,-0.553580269263839,0.808191808191808,20,2000,1000,950102
1,1,"DGE",20,"Psoriasis","MONDO_0005083",0.397448231350597,0.0670298792085607,5.92941888070472,1.8124024929465,0.117882117882118,1,16,1.53319500799291,1.00758657346433,1.52165089171584,2.17224671527724,0.023976023976024,16,1,2.092,0.478011472275334,-0.499452648934474,0.767232767232767,9,38,3.306,11.4942528735632,10.201501451866,0.000999000999000999,18,2000,1000,950102
1,1,"LASSO",20,"Psoriasis","MONDO_0005083",0,0.0670298792085607,0,-0.367670619358563,1,0,16,1.14513801831303,1.00758657346433,1.13651575802143,0.568475798000111,0.258741258741259,18,4,2.092,1.91204588910134,0.872670012973422,0.196803196803197,8,4,3.766,1.06213489113117,0.0662336272857831,0.493506493506494,19,2000,1000,950102
1,1,"ElasticNet",20,"Psoriasis","MONDO_0005083",0,0.0670298792085607,0,-0.367670619358563,1,0,16,1.18543298179981,1.00758657346433,1.17650732256584,0.735007756633697,0.212787212787213,18,1,2.092,0.478011472275334,-0.499452648934474,0.767232767232767,9,6,3.766,1.59320233669676,0.632333005796752,0.270729270729271,19,2000,1000,950102
1,1,"mRMR",20,"Psoriasis","MONDO_0005083",0,0.0670298792085607,0,-0.367670619358563,1,0,16,1.42064174976729,1.00758657346433,1.40994509770289,1.70708400209961,0.0549450549450549,19,1,2.092,0.478011472275334,-0.499452648934474,0.767232767232767,7,28,4.04,6.93069306930693,6.50185453507921,0.000999000999000999,20,2000,1000,950102
1,1,"Boruta",20,"Psoriasis","MONDO_0005083",0,0.0670298792085607,0,-0.367670619358563,1,0,16,1.3021855732191,1.00758657346433,1.29238083110007,1.21752557132236,0.115884115884116,20,4,2.092,1.91204588910134,0.872670012973422,0.196803196803197,7,26,4.04,6.43564356435643,5.95912878089897,0.000999000999000999,20,2000,1000,950102
1,1,"RF_importance",20,"Psoriasis","MONDO_0005083",0,0.0670298792085607,0,-0.367670619358563,1,0,16,1.11153030651161,1.00758657346433,1.10316109383028,0.429581068059016,0.312687312687313,20,5,2.092,2.39005736137667,1.33004423360939,0.123876123876124,8,24,4.04,5.94059405940594,5.41640302671874,0.001998001998002,20,2000,1000,950102
1,1,"GS_full_ungrouped",50,"Psoriasis","MONDO_0005083",0,0.200986728524089,0,-0.671378585649332,1,0,16,1.32943751545855,1.01666694448772,1.30764310049288,1.94959801158059,0.035964035964036,42,19,13.571,1.40004421192248,0.71742772282875,0.214785214785215,16,94,23.366,4.02293931353248,6.35055716640006,0.000999000999000999,48,2000,1000,950103
1,1,"DGE",50,"Psoriasis","MONDO_0005083",0.397448231350597,0.200986728524089,1.97748495270901,0.656262465043279,0.318681318681319,1,16,1.27500673594569,1.01666694448772,1.25410464347116,1.61031372668874,0.0649350649350649,44,31,13.571,2.28428266155773,2.30319539163424,0.038961038961039,24,146,23.366,6.24839510399726,11.0257698494253,0.000999000999000999,48,2000,1000,950103
1,1,"LASSO",50,"Psoriasis","MONDO_0005083",0,0.200986728524089,0,-0.671378585649332,1,0,16,1.3241569314536,1.01666694448772,1.30244908485819,1.91668245931468,0.036963036963037,42,15,13.571,1.10529806204406,0.188838499893587,0.390609390609391,17,124,23.366,5.3068561157237,9.04779525276077,0.000999000999000999,48,2000,1000,950103
1,1,"ElasticNet",50,"Psoriasis","MONDO_0005083",0,0.200986728524089,0,-0.671378585649332,1,0,16,1.08668702203772,1.01666694448772,1.06887218860576,0.436457316103865,0.31968031968032,47,34,13.571,2.50534227396655,2.69963730883561,0.020979020979021,21,58,23.366,2.48223915090302,3.11387146276722,0.011988011988012,48,2000,1000,950103
1,1,"mRMR",50,"Psoriasis","MONDO_0005083",0,0.200986728524089,0,-0.671378585649332,1,0,16,1.23458827560439,1.01666694448772,1.21434879170432,1.35837266436963,0.0919080919080919,45,27,13.571,1.98953651167932,1.77460616869908,0.0669330669330669,21,100,24.688,4.05055087491899,6.78112331795997,0.000999000999000999,49,2000,1000,950103
1,1,"Boruta",50,"Psoriasis","MONDO_0005083",0,0.200986728524089,0,-0.671378585649332,1,0,16,1.19368076060977,1.01666694448772,1.17411190270502,1.10338316953112,0.132867132867133,49,29,13.571,2.13690958661853,2.03890078016666,0.04995004995005,19,156,26.742,5.83352030513799,10.8990195268825,0.000999000999000999,50,2000,1000,950103
1,1,"RF_importance",50,"Psoriasis","MONDO_0005083",0,0.200986728524089,0,-0.671378585649332,1,0,16,1.35169987836108,1.01666694448772,1.32954050064269,2.08836636920817,0.024975024975025,50,48,13.571,3.53695379854101,4.54969958910868,0.000999000999000999,23,120,26.742,4.4873233116446,7.86350371379729,0.000999000999000999,50,2000,1000,950103
1,1,"GS_full_ungrouped",100,"Psoriasis","MONDO_0005083",0.818574338001373,0.397179089108997,2.06097037947719,1.00750567302345,0.194805194805195,1,16,1.26517115170114,1.00469926531972,1.25925358500041,2.44500209463472,0.00999000999000999,83,84,56.341,1.49092135389858,1.32768257212919,0.103896103896104,32,564,98.814,5.70769324184832,16.5528886916279,0.000999000999000999,98,2000,1000,950104
1,1,"DGE",100,"Psoriasis","MONDO_0005083",1.21602256935197,0.397179089108997,3.06164801394733,1.95775688936104,0.0559440559440559,2,16,1.11054326941254,1.00469926531972,1.10534894146573,0.99353836341682,0.160839160839161,93,127,56.341,2.25413109458476,3.39176119397217,0.003996003996004,47,478,98.814,4.83737122270124,13.4927182920888,0.000999000999000999,98,2000,1000,950104
1,1,"LASSO",100,"Psoriasis","MONDO_0005083",0,0.397179089108997,0,-0.949607729407033,1,0,16,1.44786009368938,1.00469926531972,1.44108803864671,4.15986987569641,0.000999000999000999,81,75,56.341,1.33117978026659,0.89566611639461,0.180819180819181,31,830,96.72,8.58147229114971,25.9231315005411,0.000999000999000999,96,2000,1000,950104
1,1,"ElasticNet",100,"Psoriasis","MONDO_0005083",0,0.397179089108997,0,-0.949607729407033,1,0,16,1.23126281236396,1.00469926531972,1.22550384464762,2.12671069721462,0.023976023976024,93,120,56.341,2.12988764842655,3.0557483950675,0.00799200799200799,38,344,93.616,3.67458554093317,9.05852449616197,0.000999000999000999,95,2000,1000,950104
1,1,"mRMR",100,"Psoriasis","MONDO_0005083",0.840711833010008,0.397179089108997,2.11670718842727,1.06043377761493,0.155844155844156,2,16,1.20803822282999,1.00469926531972,1.20238788314986,1.90870571077849,0.038961038961039,90,176,56.341,3.12383521769227,5.74385078630487,0.000999000999000999,45,454,98.814,4.59449065921833,12.6387172503569,0.000999000999000999,98,2000,1000,950104
1,1,"Boruta",100,"Psoriasis","MONDO_0005083",0.397448231350597,0.397179089108997,1.00067763447014,0.000643486930558406,0.545454545454545,1,16,1.21198145252518,1.00469926531972,1.20631266923391,1.94572008879182,0.037962037962038,94,190,56.341,3.3723221100087,6.41587638411422,0.000999000999000999,45,402,99.474,4.0412570118825,10.7619376700659,0.000999000999000999,97,2000,1000,950104
1,1,"RF_importance",100,"Psoriasis","MONDO_0005083",0.397448231350597,0.397179089108997,1.00067763447014,0.000643486930558406,0.545454545454545,1,16,1.22413576516668,1.00469926531972,1.21841013268496,2.05981040494896,0.030969030969031,93,177,56.341,3.14158428142916,5.79185261471983,0.000999000999000999,48,434,99.474,4.36294911233086,11.9002927385298,0.000999000999000999,97,2000,1000,950104
1,1,"GS_full_ungrouped",200,"Psoriasis","MONDO_0005083",0.818574338001373,0.764530762804578,1.07068855541998,0.0944415673818629,0.45954045954046,1,16,1.23774823299453,1.01084796436998,1.22446527729418,3.05289085171681,0.002997002997003,174,343,222.892,1.53886187032285,2.21176294723751,0.022977022977023,79,1210,398.508,3.03632549409297,10.31564473696,0.000999000999000999,195,2000,1000,950105
1,1,"DGE",200,"Psoriasis","MONDO_0005083",1.65928617101138,0.764530762804578,2.17033277369312,1.56359202489366,0.0879120879120879,3,16,1.08174321074832,1.01084796436998,1.07013443057437,0.953879210503636,0.167832167832168,186,543,222.892,2.4361574215315,5.89471986474093,0.000999000999000999,92,1274,406.634,3.1330385555561,11.4073246220711,0.000999000999000999,197,2000,1000,950105
1,1,"LASSO",200,"Psoriasis","MONDO_0005083",0.818574338001373,0.764530762804578,1.07068855541998,0.0944415673818629,0.45954045954046,1,16,1.43677511326824,1.01084796436998,1.42135629086786,5.7307516833349,0.000999000999000999,169,385,222.892,1.72729393607667,2.98518389991322,0.00699300699300699,76,2050,383.374,5.34725881254336,23.1737391169183,0.000999000999000999,191,2000,1000,950105
1,1,"ElasticNet",200,"Psoriasis","MONDO_0005083",0.443263601659411,0.764530762804578,0.579785174416473,-0.561416859199029,0.641358641358641,1,16,1.10541831188204,1.01084796436998,1.09355546120233,1.27242224310009,0.105894105894106,178,519,222.892,2.32848195538647,5.45276503464052,0.001998001998002,75,1350,371.29,3.63597188181745,14.0940799552693,0.000999000999000999,188,2000,1000,950105
1,1,"mRMR",200,"Psoriasis","MONDO_0005083",0.840711833010008,0.764530762804578,1.09964421827314,0.133127011838684,0.420579420579421,2,16,1.20589172099597,1.01084796436998,1.19295063501222,2.62426882038314,0.00899100899100899,183,678,222.892,3.04183191859735,8.38071578405574,0.000999000999000999,91,1444,400.876,3.60211137608637,14.2560511869573,0.000999000999000999,196,2000,1000,950105
1,1,"Boruta",200,"Psoriasis","MONDO_0005083",1.25385079029935,0.764530762804578,1.64002660363825,0.855090548315233,0.191808191808192,3,16,1.1203950036036,1.01084796436998,1.10837142982416,1.47393018058676,0.0759240759240759,182,713,222.892,3.19885864005886,9.02523324461884,0.000999000999000999,94,1460,398.508,3.66366547221135,13.4936319312146,0.000999000999000999,195,2000,1000,950105
1,1,"RF_importance",200,"Psoriasis","MONDO_0005083",0.810587188639942,0.764530762804578,1.06024142922178,0.0804839618411516,0.474525474525474,2,16,1.07182719795102,1.01084796436998,1.06032483195339,0.82046154230119,0.202797202797203,184,525,222.892,2.35540082192272,5.56325374216562,0.001998001998002,90,1328,400.876,3.31274508825672,12.6707152751318,0.000999000999000999,196,2000,1000,950105
1,1,"GS_full_ungrouped",500,"Psoriasis","MONDO_0005083",3.53750802894997,1.89458969832114,1.86716312882133,1.90814862804146,0.03996003996004,7,16,1.05539243989829,1.01046659785968,1.04446049194873,1.07559591552803,0.137862137862138,446,1793,1415.948,1.26628944000768,1.97659923821211,0.033966033966034,187,4140,2463.524,1.68051945099784,6.50384776355798,0.000999000999000999,484,2000,1000,950106
1,1,"DGE",500,"Psoriasis","MONDO_0005083",2.07242512830073,1.89458969832114,1.0938648775179,0.206544917910084,0.40959040959041,4,16,1.06831648514562,1.01046659785968,1.05725066757127,1.38501805764813,0.0769230769230769,452,2620,1415.948,1.85035043659795,6.31193645960707,0.000999000999000999,207,5176,2445.354,2.11666695292379,10.9211730026583,0.000999000999000999,481,2000,1000,950106
1,1,"LASSO",500,"Psoriasis","MONDO_0005083",2.17281396493487,1.89458969832114,1.14685198956812,0.323140379366047,0.365634365634366,4,16,1.24941999015137,1.01046659785968,1.23647826934392,5.72092321674594,0.000999000999000999,436,1837,1415.948,1.29736402749254,2.20725805047496,0.020979020979021,184,5560,2381.964,2.33420824160231,12.6364507356432,0.000999000999000999,476,2000,1000,950106
1,1,"ElasticNet",500,"Psoriasis","MONDO_0005083",1.26183793966078,1.89458969832114,0.666021746438788,-0.734902263654496,0.763236763236763,2,16,1.23707951793782,1.01046659785968,1.22426562199892,5.42547273866296,0.000999000999000999,429,2075,1415.948,1.46544929616059,3.45491253498766,0.000999000999000999,185,5692,2305.03,2.46938217723847,13.9887309106151,0.000999000999000999,468,2000,1000,950106
1,1,"mRMR",500,"Psoriasis","MONDO_0005083",2.19575046829672,1.89458969832114,1.15895830650955,0.349779717795742,0.35964035964036,4,16,1.26531766764807,1.01046659785968,1.25221127578902,6.10153883141,0.000999000999000999,440,2286,1415.948,1.61446606796295,4.5610263847027,0.000999000999000999,195,5912,2445.354,2.41764587049564,13.8647926919027,0.000999000999000999,481,2000,1000,950106
1,1,"Boruta",500,"Psoriasis","MONDO_0005083",2.07242512830073,1.89458969832114,1.0938648775179,0.206544917910084,0.40959040959041,4,16,1.23024223745554,1.01046659785968,1.21749916331859,5.26177739926921,0.000999000999000999,438,2557,1415.948,1.80585727724464,5.98167497841253,0.000999000999000999,206,5982,2430.376,2.46134754457746,14.7321889752394,0.000999000999000999,480,2000,1000,950106
1,1,"RF_importance",500,"Psoriasis","MONDO_0005083",2.36696747452677,1.89458969832114,1.24932985575939,0.548637743447082,0.288711288711289,5,16,1.06516826453506,1.01046659785968,1.05413505680568,1.30964466282139,0.0879120879120879,447,2309,1415.948,1.63070960233003,4.68159803656737,0.000999000999000999,193,4620,2404.82,1.92114170707163,9.13675976031668,0.000999000999000999,478,2000,1000,950106
1,2,"GS_full_ungrouped",10,"Psoriasis","MONDO_0005083",0,0.0361032253564969,0,-0.270694586322987,1,0,17,1.35104384239385,1.00350252432166,1.34632829479639,1.057748778089,0.157842157842158,10,1,0.554,1.80505415162455,0.466511373728176,0.355644355644356,4,2,1,2,0.651724556817666,0.370629370629371,10,2000,1000,950201
1,2,"DGE",10,"Psoriasis","MONDO_0005083",0,0.0361032253564969,0,-0.270694586322987,1,0,17,1.83700172896637,1.00350252432166,1.83059004281841,2.53677108132496,0.013986013986014,9,1,0.554,1.80505415162455,0.466511373728176,0.355644355644356,5,20,1,20,12.3827665795357,0.000999000999000999,10,2000,1000,950201
1,2,"LASSO",10,"Psoriasis","MONDO_0005083",0,0.0361032253564969,0,-0.270694586322987,1,0,17,1.30749164223818,1.00350252432166,1.30292810486154,0.925196807712421,0.184815184815185,9,1,0.554,1.80505415162455,0.466511373728176,0.355644355644356,5,0,0.856,0,-0.614381374326813,1,9,2000,1000,950201
1,2,"ElasticNet",10,"Psoriasis","MONDO_0005083",0,0.0361032253564969,0,-0.270694586322987,1,0,17,1.130191094003,1.00350252432166,1.12624638863463,0.385579132062925,0.325674325674326,9,1,0.554,1.80505415162455,0.466511373728176,0.355644355644356,6,2,0.856,2.33644859813084,0.821089126436768,0.335664335664336,9,2000,1000,950201
1,2,"mRMR",10,"Psoriasis","MONDO_0005083",0,0.0361032253564969,0,-0.270694586322987,1,0,17,1.31846031196037,1.00350252432166,1.31385849064168,0.958580167884566,0.17982017982018,10,5,0.554,9.02527075812274,4.65046988250106,0.00699300699300699,6,2,1,2,0.651724556817666,0.370629370629371,10,2000,1000,950201
1,2,"Boruta",10,"Psoriasis","MONDO_0005083",0,0.0361032253564969,0,-0.270694586322987,1,0,17,1.4450385823658,1.00350252432166,1.4399949649779,1.34382360195059,0.105894105894106,10,2,0.554,3.6101083032491,1.5125010009214,0.120879120879121,4,4,1,4,1.955173670453,0.100899100899101,10,2000,1000,950201
1,2,"RF_importance",10,"Psoriasis","MONDO_0005083",0,0.0361032253564969,0,-0.270694586322987,1,0,17,1.57718855674108,1.00350252432166,1.5716836963686,1.74602462568875,0.0549450549450549,10,0,0.554,0,-0.579478253465044,1,4,8,1,8,4.56207189772366,0.00599400599400599,10,2000,1000,950201
1,2,"GS_full_ungrouped",20,"Psoriasis","MONDO_0005083",0,0.0813198387095551,0,-0.406383666838514,1,0,17,0.930892542192761,1.02007602023855,0.912571733599885,-0.376801755502257,0.631368631368631,20,4,2.316,1.72711571675302,0.73014341374684,0.224775224775225,8,8,4.516,1.77147918511957,0.859522129539822,0.207792207792208,20,2000,1000,950202
1,2,"DGE",20,"Psoriasis","MONDO_0005083",0,0.0813198387095551,0,-0.406383666838514,1,0,17,1.58210448341985,1.02007602023855,1.55096723384388,2.37458009274131,0.015984015984016,17,6,2.316,2.59067357512953,1.59729711178347,0.0989010989010989,10,38,3.822,9.94243851386709,9.78171613515809,0.000999000999000999,19,2000,1000,950202
1,2,"LASSO",20,"Psoriasis","MONDO_0005083",0,0.0813198387095551,0,-0.406383666838514,1,0,17,1.09730375595388,1.02007602023855,1.0757078239103,0.326288534924189,0.352647352647353,19,7,2.316,3.02245250431779,2.03087396080178,0.0679320679320679,8,10,3.822,2.61643118785976,1.76813863546745,0.0799200799200799,19,2000,1000,950202
1,2,"ElasticNet",20,"Psoriasis","MONDO_0005083",0,0.0813198387095551,0,-0.406383666838514,1,0,17,1.39543413817981,1.02007602023855,1.36797073011626,1.58589461727071,0.0719280719280719,19,10,2.316,4.31778929188256,3.33160450785672,0.014985014985015,10,18,3.822,4.70957613814757,4.05773220680763,0.00599400599400599,19,2000,1000,950202
1,2,"mRMR",20,"Psoriasis","MONDO_0005083",0,0.0813198387095551,0,-0.406383666838514,1,0,17,1.45645146928314,1.02007602023855,1.42778718486348,1.84369390901839,0.043956043956044,20,16,2.316,6.90846286701209,5.9330656019666,0.000999000999000999,12,44,4.516,9.74313551815766,9.74092186072053,0.000999000999000999,20,2000,1000,950202
1,2,"Boruta",20,"Psoriasis","MONDO_0005083",0,0.0813198387095551,0,-0.406383666838514,1,0,17,1.27819573241982,1.02007602023855,1.25303968239633,1.09056030119963,0.144855144855145,20,6,2.316,2.59067357512953,1.59729711178347,0.0989010989010989,9,24,4.516,5.31443755535872,4.80681089895347,0.002997002997003,20,2000,1000,950202
1,2,"RF_importance",20,"Psoriasis","MONDO_0005083",0,0.0813198387095551,0,-0.406383666838514,1,0,17,1.52989658428005,1.02007602023855,1.49978683345805,2.15400080520936,0.021978021978022,19,5,2.316,2.15889464594128,1.16372026276515,0.146853146853147,7,20,4.516,4.42869796279894,3.81998870660006,0.00999000999000999,20,2000,1000,950202
1,2,"GS_full_ungrouped",50,"Psoriasis","MONDO_0005083",0,0.228091293041504,0,-0.65677280076401,1,0,17,1.26269055279187,1.0218749830062,1.23566050034538,1.6871273052784,0.0539460539460539,44,34,14.782,2.30009470978217,2.43765053175127,0.026973026973027,20,138,25.914,5.32530678397777,9.39748636780562,0.000999000999000999,48,2000,1000,950203
1,2,"DGE",50,"Psoriasis","MONDO_0005083",0.397448231350597,0.228091293041504,1.74249628756445,0.487651366340585,0.334665334665335,1,17,1.34300404516383,1.0218749830062,1.31425474495219,2.24979476936144,0.017982017982018,45,29,14.782,1.96184548775538,1.80344027788738,0.048951048951049,24,126,25.914,4.86223662884927,8.3913853702353,0.000999000999000999,48,2000,1000,950203
1,2,"LASSO",50,"Psoriasis","MONDO_0005083",0,0.228091293041504,0,-0.65677280076401,1,0,17,1.31892652476979,1.0218749830062,1.29069264509217,2.08111031869926,0.01998001998002,43,17,14.782,1.15004735489108,0.281335668614025,0.360639360639361,17,154,25.914,5.94273365748244,10.7389543645661,0.000999000999000999,48,2000,1000,950203
1,2,"ElasticNet",50,"Psoriasis","MONDO_0005083",0,0.228091293041504,0,-0.65677280076401,1,0,17,1.204274429591,1.0218749830062,1.17849487424402,1.27787039299315,0.101898101898102,47,30,14.782,2.02949533216074,1.93028232866015,0.042957042957043,21,90,25.914,3.47302616346376,5.37308237752432,0.000999000999000999,48,2000,1000,950203
1,2,"mRMR",50,"Psoriasis","MONDO_0005083",0,0.228091293041504,0,-0.65677280076401,1,0,17,1.49192305332949,1.0218749830062,1.45998588686503,3.29310490572377,0.002997002997003,45,63,14.782,4.26194019753755,6.11607000416187,0.000999000999000999,25,132,26.588,4.96464570482925,9.11287488269847,0.000999000999000999,49,2000,1000,950203
1,2,"Boruta",50,"Psoriasis","MONDO_0005083",0,0.228091293041504,0,-0.65677280076401,1,0,17,1.26591076549217,1.0218749830062,1.23881177888126,1.7096877600709,0.051948051948052,48,48,14.782,3.24719253145718,4.21343924257018,0.003996003996004,22,188,28.026,6.70805680439592,12.9516031957856,0.000999000999000999,50,2000,1000,950203
1,2,"RF_importance",50,"Psoriasis","MONDO_0005083",0,0.228091293041504,0,-0.65677280076401,1,0,17,1.35560818067662,1.0218749830062,1.32658906737166,2.33809795175939,0.015984015984016,47,50,14.782,3.38249222026789,4.46712334411574,0.003996003996004,22,166,28.026,5.92307143366874,11.170468321948,0.000999000999000999,50,2000,1000,950203
1,2,"GS_full_ungrouped",100,"Psoriasis","MONDO_0005083",0.818574338001373,0.387331250894849,2.11337023829145,0.976384191200998,0.194805194805195,1,17,1.33102666276192,1.02134593004326,1.30320846601459,3.01456204261385,0.001998001998002,85,132,60.199,2.19272745394442,3.39278103574557,0.004995004995005,37,580,102.582,5.65401337466612,16.5252550875408,0.000999000999000999,96,2000,1000,950204
1,2,"DGE",100,"Psoriasis","MONDO_0005083",1.21602256935197,0.387331250894849,3.13948994960412,1.87625292304611,0.0669330669330669,2,17,1.28427312022264,1.02134593004326,1.25743206336393,2.5594434646535,0.00599400599400599,92,163,60.199,2.70768617418894,4.85761038503197,0.000999000999000999,49,430,105.634,4.07065906810307,11.1783902726814,0.000999000999000999,97,2000,1000,950204
1,2,"LASSO",100,"Psoriasis","MONDO_0005083",0,0.387331250894849,0,-0.876962718798135,1,0,17,1.40520130821221,1.02134593004326,1.3758328758922,3.73660912877184,0.001998001998002,80,76,60.199,1.26247944318012,0.746637695099175,0.224775224775225,31,886,102.582,8.63699284474859,27.1170803995054,0.000999000999000999,96,2000,1000,950204
1,2,"ElasticNet",100,"Psoriasis","MONDO_0005083",0,0.387331250894849,0,-0.876962718798135,1,0,17,1.16120764337288,1.02134593004326,1.13693863089433,1.3614725350106,0.0919080919080919,90,163,60.199,2.70768617418894,4.85761038503197,0.000999000999000999,40,346,97.474,3.54966452592486,8.64710897148585,0.000999000999000999,93,2000,1000,950204
1,2,"mRMR",100,"Psoriasis","MONDO_0005083",0.443263601659411,0.387331250894849,1.14440443582939,0.126637306651452,0.35964035964036,1,17,1.4236494221696,1.02134593004326,1.39389542787849,3.91619080182439,0.000999000999000999,92,220,60.199,3.65454575657403,7.55100628533277,0.000999000999000999,47,456,107.59,4.23831211079097,11.593157916007,0.000999000999000999,98,2000,1000,950204
1,2,"Boruta",100,"Psoriasis","MONDO_0005083",0.397448231350597,0.387331250894849,1.02611971131267,0.0229060130469782,0.504495504495505,1,17,1.23630673651751,1.02134593004326,1.21046816769041,2.09251858247074,0.022977022977023,93,187,60.199,3.10636389308793,5.99167181673757,0.000999000999000999,46,456,105.634,4.31679194198837,12.0744094210808,0.000999000999000999,97,2000,1000,950204
1,2,"RF_importance",100,"Psoriasis","MONDO_0005083",0,0.387331250894849,0,-0.876962718798135,1,0,17,1.35706065089233,1.02134593004326,1.32869834888837,3.26798779418329,0.001998001998002,94,159,60.199,2.64123988770578,4.66860014641437,0.000999000999000999,47,476,111.76,4.25912670007158,11.7726100405633,0.000999000999000999,99,2000,1000,950204
1,2,"GS_full_ungrouped",200,"Psoriasis","MONDO_0005083",1.63634966764954,0.783811216727869,2.08768340223646,1.43930366072217,0.0999000999000999,3,17,1.19853029533086,1.01405486162563,1.18191859305274,2.58638270415242,0.00599400599400599,177,434,242.769,1.78770765624936,3.27497050815991,0.002997002997003,85,1228,421.082,2.91629658831297,10.2875612209404,0.000999000999000999,193,2000,1000,950205
1,2,"DGE",200,"Psoriasis","MONDO_0005083",1.65928617101138,0.783811216727869,2.11694619265377,1.47802636374768,0.0929070929070929,3,17,1.13575347520849,1.01405486162563,1.12001186344866,1.70623905290822,0.0539460539460539,189,624,242.769,2.57034464861659,6.52885924246754,0.000999000999000999,92,1320,436.674,3.02284999793897,11.1276860774048,0.000999000999000999,197,2000,1000,950205
1,2,"LASSO",200,"Psoriasis","MONDO_0005083",0.818574338001373,0.783811216727869,1.04435139550392,0.0586890686900883,0.471528471528472,1,17,1.44993191705144,1.01405486162563,1.42983577311295,6.1110840324223,0.000999000999000999,168,349,242.769,1.43758058071665,1.81928344281176,0.0539460539460539,72,1996,406.966,4.90458662394401,21.6075201699273,0.000999000999000999,191,2000,1000,950205
1,2,"ElasticNet",200,"Psoriasis","MONDO_0005083",0.443263601659411,0.783811216727869,0.565523422221333,-0.574931756436721,0.66033966033966,1,17,1.2007991406303,1.01405486162563,1.1841559920193,2.61819237183016,0.00599400599400599,183,671,242.769,2.76394432567585,7.33376856095416,0.000999000999000999,83,1512,407.246,3.71274364880195,13.8863901722444,0.000999000999000999,190,2000,1000,950205
1,2,"mRMR",200,"Psoriasis","MONDO_0005083",0.840711833010008,0.783811216727869,1.07259479714985,0.0960628405952741,0.420579420579421,2,17,1.19424579654025,1.01405486162563,1.17769347767413,2.52631316890094,0.00599400599400599,185,790,242.769,3.25412223142164,9.37173045244158,0.000999000999000999,92,1532,435.112,3.52093254150655,13.916321953511,0.000999000999000999,196,2000,1000,950205
1,2,"Boruta",200,"Psoriasis","MONDO_0005083",0.840711833010008,0.783811216727869,1.07259479714985,0.0960628405952741,0.420579420579421,2,17,1.1858349438542,1.01405486162563,1.16939919991428,2.40839132165304,0.00799200799200799,182,670,242.769,2.75982518361076,7.3166428307736,0.000999000999000999,89,1366,421.082,3.24402372934488,12.0469512066512,0.000999000999000999,193,2000,1000,950205
1,2,"RF_importance",200,"Psoriasis","MONDO_0005083",1.65928617101138,0.783811216727869,2.11694619265377,1.47802636374768,0.0929070929070929,3,17,1.2066689260588,1.01405486162563,1.18994442186726,2.70048794476595,0.002997002997003,185,744,242.769,3.06464169642747,8.58394686413552,0.000999000999000999,96,1460,427.066,3.418675333555,13.3019054806186,0.000999000999000999,195,2000,1000,950205
1,2,"GS_full_ungrouped",500,"Psoriasis","MONDO_0005083",3.71693883652145,2.05064180803191,1.81257342065446,1.87290481132254,0.034965034965035,8,17,1.06351678630529,1.01865997648802,1.0440351155956,1.12739920707512,0.127872127872128,441,1966,1528.473,1.28625104924981,2.02829575629216,0.021978021978022,193,3694,2593.144,1.42452559518484,3.94750657525026,0.000999000999000999,479,2000,1000,950206
1,2,"DGE",500,"Psoriasis","MONDO_0005083",2.51771568151455,2.05064180803191,1.22776960444931,0.524987376159259,0.296703296703297,5,17,1.04911876267169,1.01865997648802,1.02990083726336,0.765529504479371,0.227772227772228,453,2868,1528.473,1.87638250724743,6.20980403389679,0.000999000999000999,217,5846,2628.044,2.22446808348719,12.3218780387548,0.000999000999000999,481,2000,1000,950206
1,2,"LASSO",500,"Psoriasis","MONDO_0005083",2.17281396493487,2.05064180803191,1.05957752174195,0.137320547634074,0.425574425574426,4,17,1.24942622692831,1.01865997648802,1.22653903733009,5.79991508147649,0.000999000999000999,437,1888,1528.473,1.23521972583094,1.66670191410461,0.0529470529470529,188,5824,2523.412,2.30798617110484,12.8698091530665,0.000999000999000999,472,2000,1000,950206
1,2,"ElasticNet",500,"Psoriasis","MONDO_0005083",2.61607756659429,2.05064180803191,1.27573599462748,0.635545364721227,0.270729270729271,5,17,1.24683216398309,1.01865997648802,1.22399249284509,5.73471774534277,0.000999000999000999,438,2315,1528.473,1.51458350916241,3.64619640915692,0.002997002997003,194,6146,2538.978,2.42065902107068,13.9505863590902,0.000999000999000999,474,2000,1000,950206
1,2,"mRMR",500,"Psoriasis","MONDO_0005083",3.01352579794488,2.05064180803191,1.46955250114455,1.08227406435945,0.153846153846154,6,17,1.27248201332362,1.01865997648802,1.24917248414008,6.3793828458238,0.000999000999000999,443,2521,1528.473,1.6493585428071,4.6011750180112,0.000999000999000999,199,6116,2598.284,2.35386124072657,13.309798036415,0.000999000999000999,480,2000,1000,950206
1,2,"Boruta",500,"Psoriasis","MONDO_0005083",2.03177094744572,2.05064180803191,0.990797583218933,-0.0212106995219884,0.492507492507492,4,17,1.2682988648015,1.01865997648802,1.24506596320211,6.27424656114083,0.000999000999000999,442,2444,1528.473,1.59898146712438,4.24421699431324,0.001998001998002,202,5904,2598.284,2.27226892826188,12.5076647249937,0.000999000999000999,480,2000,1000,950206
1,2,"RF_importance",500,"Psoriasis","MONDO_0005083",1.65928617101138,2.05064180803191,0.809154560544081,-0.439880671322068,0.67032967032967,3,17,1.14898763896311,1.01865997648802,1.12794029949465,3.27556292863741,0.000999000999000999,453,2652,1528.473,1.73506499624135,5.20846724014668,0.000999000999000999,196,4888,2567.5,1.90379746835443,8.75524962136158,0.000999000999000999,476,2000,1000,950206
1,3,"GS_full_ungrouped",10,"Psoriasis","MONDO_0005083",0,0.0335169987912524,0,-0.266091386830209,1,0,17,1.40820556698881,1.03036550122695,1.36670488803432,1.12531526009734,0.12987012987013,10,1,0.547,1.82815356489945,0.458826050839803,0.361638361638362,5,2,0.998,2.00400801603206,0.685251899568132,0.390609390609391,10,2000,1000,950301
1,3,"DGE",10,"Psoriasis","MONDO_0005083",0,0.0335169987912524,0,-0.266091386830209,1,0,17,1.53245026163326,1.03036550122695,1.4872880155716,1.4953513243978,0.0829170829170829,9,0,0.547,0,-0.55403498854166,1,3,20,0.826,24.2130750605327,13.4384586788594,0.000999000999000999,9,2000,1000,950301
1,3,"LASSO",10,"Psoriasis","MONDO_0005083",0,0.0335169987912524,0,-0.266091386830209,1,0,17,1.06814485534194,1.03036550122695,1.03666597345311,0.11251766965606,0.432567432567433,9,1,0.547,1.82815356489945,0.458826050839803,0.361638361638362,5,0,0.826,0,-0.578917642053712,1,9,2000,1000,950301
1,3,"ElasticNet",10,"Psoriasis","MONDO_0005083",0,0.0335169987912524,0,-0.266091386830209,1,0,17,0.852375770389293,1.03036550122695,0.82725573534274,-0.530104079482341,0.685314685314685,8,1,0.547,1.82815356489945,0.458826050839803,0.361638361638362,5,0,0.826,0,-0.578917642053712,1,9,2000,1000,950301
1,3,"mRMR",10,"Psoriasis","MONDO_0005083",0,0.0335169987912524,0,-0.266091386830209,1,0,17,1.23022436482245,1.03036550122695,1.1939689007032,0.595236581425641,0.251748251748252,10,1,0.547,1.82815356489945,0.458826050839803,0.361638361638362,5,2,0.998,2.00400801603206,0.685251899568132,0.390609390609391,10,2000,1000,950301
1,3,"Boruta",10,"Psoriasis","MONDO_0005083",0,0.0335169987912524,0,-0.266091386830209,1,0,17,0.919608567029783,1.03036550122695,0.892507140363998,-0.329865674680001,0.596403596403596,9,0,0.547,0,-0.55403498854166,1,3,2,0.826,2.42130750605327,0.822819990037601,0.311688311688312,9,2000,1000,950301
1,3,"RF_importance",10,"Psoriasis","MONDO_0005083",0,0.0335169987912524,0,-0.266091386830209,1,0,17,1.37425170907317,1.03036550122695,1.33375167106888,1.02419100697028,0.144855144855145,10,0,0.547,0,-0.55403498854166,1,2,4,0.998,4.00801603206413,2.05302016217917,0.0849150849150849,10,2000,1000,950301
1,3,"GS_full_ungrouped",20,"Psoriasis","MONDO_0005083",0,0.0782609889877591,0,-0.411424883382693,1,0,17,1.10347589660316,1.03126489938594,1.07002177351349,0.301959332551054,0.352647352647353,15,1,2.266,0.441306266548985,-0.564466110671313,0.781218781218781,8,2,3.502,0.571102227298687,-0.470705839817415,0.772227772227772,18,2000,1000,950302
1,3,"DGE",20,"Psoriasis","MONDO_0005083",0,0.0782609889877591,0,-0.411424883382693,1,0,17,1.50189073064781,1.03126489938594,1.45635784902802,1.96798088055251,0.034965034965035,16,2,2.266,0.88261253309797,-0.118600304453846,0.547452547452547,10,42,3.664,11.4628820960699,11.6426858043029,0.000999000999000999,19,2000,1000,950302
1,3,"LASSO",20,"Psoriasis","MONDO_0005083",0,0.0782609889877591,0,-0.411424883382693,1,0,17,1.01261934399637,1.03126489938594,0.981919722662256,-0.0779687260590607,0.511488511488511,18,4,2.266,1.76522506619594,0.773131307981086,0.225774225774226,11,4,3.664,1.09170305676856,0.10204357341,0.481518481518482,19,2000,1000,950302
1,3,"ElasticNet",20,"Psoriasis","MONDO_0005083",0,0.0782609889877591,0,-0.411424883382693,1,0,17,1.13196136774887,1.03126489938594,1.09764364948606,0.421074899238005,0.324675324675325,18,3,2.266,1.32391879964695,0.32726550176362,0.356643356643357,10,6,3.664,1.63755458515284,0.709445796088573,0.281718281718282,19,2000,1000,950302
1,3,"mRMR",20,"Psoriasis","MONDO_0005083",0,0.0782609889877591,0,-0.411424883382693,1,0,17,1.10173805335158,1.03126489938594,1.06833661652559,0.294692323251229,0.358641358641359,18,3,2.266,1.32391879964695,0.32726550176362,0.356643356643357,9,24,4.356,5.50964187327824,5.2912381172688,0.002997002997003,20,2000,1000,950302
1,3,"Boruta",20,"Psoriasis","MONDO_0005083",0,0.0782609889877591,0,-0.411424883382693,1,0,17,1.08464703889782,1.03126489938594,1.05176375104365,0.223224104891715,0.388611388611389,18,3,2.266,1.32391879964695,0.32726550176362,0.356643356643357,7,10,3.664,2.7292576419214,1.92425024144572,0.0729270729270729,19,2000,1000,950302
1,3,"RF_importance",20,"Psoriasis","MONDO_0005083",0,0.0782609889877591,0,-0.411424883382693,1,0,17,0.986554046283838,1.03126489938594,0.956644647627657,-0.186964034299208,0.554445554445554,20,0,2.266,0,-1.01033191688878,1,6,16,4.356,3.67309458218549,3.13638651178365,0.011988011988012,20,2000,1000,950302
1,3,"GS_full_ungrouped",50,"Psoriasis","MONDO_0005083",0,0.209422328770173,0,-0.63441864320669,1,0,17,1.23139462346576,1.02694981540024,1.19907964829405,1.32498603619524,0.0999000999000999,40,9,14.571,0.617665225447807,-0.687690862407184,0.775224775224775,17,94,24.624,3.8174139051332,5.87700161715258,0.001998001998002,47,2000,1000,950303
1,3,"DGE",50,"Psoriasis","MONDO_0005083",0.397448231350597,0.209422328770173,1.89783120875697,0.569600857288221,0.333666333666334,1,17,1.10791991392562,1.02694981540024,1.07884523402327,0.524758984640492,0.304695304695305,45,44,14.571,3.01969665774484,3.63275074309478,0.00699300699300699,25,150,25.4,5.90551181102362,10.7871138086269,0.000999000999000999,48,2000,1000,950303
1,3,"LASSO",50,"Psoriasis","MONDO_0005083",0,0.209422328770173,0,-0.63441864320669,1,0,17,1.31263234909354,1.02694981540024,1.27818548619336,1.85147948490423,0.031968031968032,44,24,14.571,1.64710726786082,1.16392696852223,0.134865134865135,20,122,25.4,4.80314960629921,8.36304328983432,0.000999000999000999,48,2000,1000,950303
1,3,"ElasticNet",50,"Psoriasis","MONDO_0005083",0,0.209422328770173,0,-0.63441864320669,1,0,17,1.06948275501421,1.02694981540024,1.04141676543113,0.27565166168849,0.392607392607393,43,34,14.571,2.33340196280283,2.3983388558085,0.028971028971029,19,46,23.644,1.94552529182879,1.92552451228942,0.047952047952048,46,2000,1000,950303
1,3,"mRMR",50,"Psoriasis","MONDO_0005083",0,0.209422328770173,0,-0.63441864320669,1,0,17,1.22567066380398,1.02694981540024,1.19350590011674,1.28788963499354,0.10989010989011,46,33,14.571,2.26477249330863,2.27489766707988,0.033966033966034,22,132,26.336,5.01215066828676,8.35872718044835,0.000999000999000999,49,2000,1000,950303
1,3,"Boruta",50,"Psoriasis","MONDO_0005083",0,0.209422328770173,0,-0.63441864320669,1,0,17,1.24591123246115,1.02694981540024,1.21321530397819,1.41906670468371,0.0839160839160839,47,28,14.571,1.92162514583762,1.65769172343674,0.0739260739260739,18,88,26.336,3.34143377885784,4.87803369979527,0.001998001998002,49,2000,1000,950303
1,3,"RF_importance",50,"Psoriasis","MONDO_0005083",0,0.209422328770173,0,-0.63441864320669,1,0,17,1.14800905610949,1.02694981540024,1.11788233358031,0.784572643394031,0.214785214785215,48,19,14.571,1.30395992038982,0.546721024879091,0.248751248751249,16,76,26.336,2.8857837181045,3.92875365961715,0.00599400599400599,49,2000,1000,950303
1,3,"GS_full_ungrouped",100,"Psoriasis","MONDO_0005083",0.818574338001373,0.416496162998773,1.96538266309019,0.91833271733101,0.206793206793207,1,17,1.40301128920107,1.02668801616604,1.3665410203582,3.72958564244428,0.000999000999000999,83,106,60.02,1.76607797400866,2.16007445852433,0.032967032967033,36,512,102.164,5.01155005677146,13.574087344219,0.000999000999000999,96,2000,1000,950304
1,3,"DGE",100,"Psoriasis","MONDO_0005083",0.397448231350597,0.416496162998773,0.954266249391037,-0.0435048204988782,0.563436563436563,1,17,1.14149254085087,1.02668801616604,1.11182026368005,1.13778056695512,0.125874125874126,93,171,60.02,2.84905031656115,5.21368123982231,0.000999000999000999,49,522,104.052,5.01672240802676,14.3052124070295,0.000999000999000999,97,2000,1000,950304
1,3,"LASSO",100,"Psoriasis","MONDO_0005083",0,0.416496162998773,0,-0.951262905832002,1,0,17,1.38358307512788,1.02668801616604,1.34761782872912,3.53704057957502,0.000999000999000999,79,92,60.02,1.53282239253582,1.50237453639861,0.0799200799200799,35,794,104.052,7.63079998462307,23.6150255290256,0.000999000999000999,97,2000,1000,950304
1,3,"ElasticNet",100,"Psoriasis","MONDO_0005083",0,0.416496162998773,0,-0.951262905832002,1,0,17,1.09935241374776,1.02668801616604,1.07077553885656,0.720147047382938,0.225774225774226,89,106,60.02,1.76607797400866,2.16007445852433,0.032967032967033,41,300,95.624,3.13728771019828,7.32423556124794,0.000999000999000999,93,2000,1000,950304
1,3,"mRMR",100,"Psoriasis","MONDO_0005083",0.840711833010008,0.416496162998773,2.01853440127007,0.968893994242023,0.164835164835165,2,17,1.21401037264365,1.02668801616604,1.18245304661988,1.85647506090518,0.032967032967033,92,183,60.02,3.0489836721093,5.77742403021578,0.000999000999000999,48,418,105.5,3.96208530805687,10.3751498934385,0.000999000999000999,98,2000,1000,950304
1,3,"Boruta",100,"Psoriasis","MONDO_0005083",0.397448231350597,0.416496162998773,0.954266249391037,-0.0435048204988782,0.563436563436563,1,17,1.13267943807091,1.02668801616604,1.10323625116486,1.05043751923859,0.144855144855145,93,142,60.02,2.36587804065312,3.85130282970474,0.002997002997003,42,386,104.052,3.7096836197286,9.65030584603144,0.000999000999000999,97,2000,1000,950304
1,3,"RF_importance",100,"Psoriasis","MONDO_0005083",0.397448231350597,0.416496162998773,0.954266249391037,-0.0435048204988782,0.563436563436563,1,17,1.07671662311364,1.02668801616604,1.04872814931105,0.495813008529813,0.30969030969031,93,131,60.02,2.18260579806731,3.33453860517739,0.004995004995005,40,336,102.164,3.28882972475627,7.74483034243646,0.000999000999000999,96,2000,1000,950304
1,3,"GS_full_ungrouped",200,"Psoriasis","MONDO_0005083",0.818574338001373,0.796328377433009,1.02793566222024,0.0366860481787459,0.483516483516484,1,17,1.30201536719837,1.0276273376689,1.26701122038258,3.85624064274984,0.000999000999000999,174,389,237.591,1.63726740491012,2.60695586733785,0.012987012987013,84,1206,419.064,2.87784204799267,9.91025523862257,0.000999000999000999,194,2000,1000,950305
1,3,"DGE",200,"Psoriasis","MONDO_0005083",1.21602256935197,0.796328377433009,1.52703658919183,0.692122117980134,0.256743256743257,2,17,1.04213384614387,1.0276273376689,1.0141165069702,0.203874008868051,0.418581418581419,186,532,237.591,2.23914205504417,5.06912581119399,0.000999000999000999,92,1518,430.294,3.52782051341641,14.283949071596,0.000999000999000999,197,2000,1000,950305
1,3,"LASSO",200,"Psoriasis","MONDO_0005083",0.818574338001373,0.796328377433009,1.02793566222024,0.0366860481787459,0.483516483516484,1,17,1.41982254887795,1.0276273376689,1.3816512045103,5.51189902835666,0.000999000999000999,171,395,237.591,1.66252088673392,2.71026369715,0.011988011988012,81,1966,411.158,4.78161679938126,20.3525427754727,0.000999000999000999,192,2000,1000,950305
1,3,"ElasticNet",200,"Psoriasis","MONDO_0005083",0.443263601659411,0.796328377433009,0.556634190393022,-0.582242845142322,0.648351648351648,1,17,1.08668071084215,1.0276273376689,1.05746574756098,0.829934228955429,0.191808191808192,179,485,237.591,2.04132311409102,4.25988114433218,0.000999000999000999,80,1638,391.03,4.18893691021149,16.0849242046775,0.000999000999000999,187,2000,1000,950305
1,3,"mRMR",200,"Psoriasis","MONDO_0005083",0.840711833010008,0.796328377433009,1.05573511736461,0.0731932246590663,0.430569430569431,2,17,1.13673656714326,1.0276273376689,1.10617587278465,1.53341764186896,0.0749250749250749,185,603,237.591,2.53797492329255,6.29160179730438,0.000999000999000999,91,1596,430.294,3.7090919231967,15.3082589748092,0.000999000999000999,197,2000,1000,950305
1,3,"Boruta",200,"Psoriasis","MONDO_0005083",0.397448231350597,0.796328377433009,0.49910092697159,-0.65779745548657,0.792207792207792,1,17,1.01805580478438,1.0276273376689,0.990685793834336,-0.134518018829025,0.538461538461538,188,629,237.591,2.64740667786238,6.73926905982367,0.000999000999000999,96,1510,428.838,3.52114318227396,14.0276870811572,0.000999000999000999,196,2000,1000,950305
1,3,"RF_importance",200,"Psoriasis","MONDO_0005083",0.397448231350597,0.796328377433009,0.49910092697159,-0.65779745548657,0.792207792207792,1,17,1.03284745369842,1.0276273376689,1.00507977536036,0.0733633447035951,0.46953046953047,182,587,237.591,2.47063230509573,6.01611425113865,0.000999000999000999,93,1384,419.064,3.3025981711624,12.1518929734254,0.000999000999000999,194,2000,1000,950305
1,3,"GS_full_ungrouped",500,"Psoriasis","MONDO_0005083",3.1047574526208,2.00960678787124,1.54495768593101,1.2093185001031,0.127872127872128,6,17,1.12717690039032,1.02601151762561,1.09860063072082,2.43066339339855,0.010989010989011,445,1817,1497.997,1.21295302994599,1.46916403995037,0.0689310689310689,196,3818,2591.634,1.47320184871784,4.57504825726491,0.000999000999000999,481,2000,1000,950306
1,3,"DGE",500,"Psoriasis","MONDO_0005083",1.65928617101138,2.00960678787124,0.825677033450435,-0.386841022493498,0.626373626373626,3,17,0.985155355127786,1.02601151762561,0.960179625865823,-0.981635969382715,0.852147852147852,451,2562,1497.997,1.71028379896622,4.90025155249109,0.000999000999000999,204,5670,2569.244,2.20687486280011,11.8649780711263,0.000999000999000999,480,2000,1000,950306
1,3,"LASSO",500,"Psoriasis","MONDO_0005083",2.17281396493487,2.00960678787124,1.08121348815532,0.180221283632961,0.40959040959041,4,17,1.22161357322819,1.02601151762561,1.19064313825175,4.69965855150761,0.000999000999000999,432,1939,1497.997,1.29439511561105,2.03103340442013,0.023976023976024,192,5696,2494.296,2.28361028522677,12.2961165743771,0.000999000999000999,474,2000,1000,950306
1,3,"ElasticNet",500,"Psoriasis","MONDO_0005083",2.10457672422521,2.00960678787124,1.04725796953272,0.104870411609283,0.445554445554446,4,17,1.11745708984434,1.02601151762561,1.08912723750933,2.19712908512791,0.01998001998002,438,2677,1497.997,1.78705297807673,5.42988251080275,0.000999000999000999,207,7264,2494.296,2.9122445772274,18.3180070391493,0.000999000999000999,474,2000,1000,950306
1,3,"mRMR",500,"Psoriasis","MONDO_0005083",2.56823524473106,2.00960678787124,1.27797898585502,0.616864646399232,0.276723276723277,5,17,1.23895766092469,1.02601151762561,1.20754751739228,5.11637855892176,0.000999000999000999,440,2245,1497.997,1.49866788785291,3.44031230218853,0.001998001998002,199,6010,2592.774,2.31798066472435,12.7426988935625,0.000999000999000999,482,2000,1000,950306
1,3,"Boruta",500,"Psoriasis","MONDO_0005083",1.58850734578631,2.00960678787124,0.790456797505646,-0.464998435455319,0.651348651348651,3,17,1.19208745347563,1.02601151762561,1.16186556680606,3.99024534641376,0.000999000999000999,443,2356,1497.997,1.57276683464653,3.95152131412413,0.000999000999000999,212,6204,2606.168,2.3805065521486,13.6017026322657,0.000999000999000999,483,2000,1000,950306
1,3,"RF_importance",500,"Psoriasis","MONDO_0005083",0.842738784564422,2.00960678787124,0.419355064707524,-1.28851226502244,0.911088911088911,2,17,1.0677741147264,1.02601151762561,1.04070382874203,1.00341453975636,0.158841158841159,444,2313,1497.997,1.54406183723999,3.75348539058151,0.000999000999000999,202,4880,2463.518,1.98090697936853,9.52678316563742,0.000999000999000999,471,2000,1000,950306
1,4,"GS_full_ungrouped",10,"Psoriasis","MONDO_0005083",0,0.0428221338197401,0,-0.302091547929738,1,0,17,1.6375557244948,1.0273764755537,1.59391981757441,1.87594347118138,0.043956043956044,9,3,0.519,5.78034682080925,2.59715614195412,0.044955044955045,4,34,0.828,41.0628019323671,22.715494381517,0.000999000999000999,9,2000,1000,950401
1,4,"DGE",10,"Psoriasis","MONDO_0005083",0,0.0428221338197401,0,-0.302091547929738,1,0,17,1.74298264290608,1.0273764755537,1.69653742749629,2.20006943846663,0.027972027972028,8,0,0.519,0,-0.543298685076255,1,4,22,0.99,22.2222222222222,13.4218370026489,0.000999000999000999,10,2000,1000,950401
1,4,"LASSO",10,"Psoriasis","MONDO_0005083",0,0.0428221338197401,0,-0.302091547929738,1,0,17,1.17956068206738,1.0273764755537,1.14812895772376,0.467877216607574,0.300699300699301,8,1,0.519,1.92678227360308,0.503519590600536,0.336663336663337,5,0,0.828,0,-0.566997146626555,1,9,2000,1000,950401
1,4,"ElasticNet",10,"Psoriasis","MONDO_0005083",0,0.0428221338197401,0,-0.302091547929738,1,0,17,1.32192749369231,1.0273764755537,1.28670212443775,0.905571699407789,0.176823176823177,8,2,0.519,3.85356454720616,1.55033786627733,0.10989010989011,6,0,0.828,0,-0.566997146626555,1,9,2000,1000,950401
1,4,"mRMR",10,"Psoriasis","MONDO_0005083",0,0.0428221338197401,0,-0.302091547929738,1,0,17,1.32349391155172,1.0273764755537,1.28822680199917,0.910387516008561,0.175824175824176,10,3,0.519,5.78034682080925,2.59715614195412,0.044955044955045,5,4,0.99,4.04040404040404,1.92288097943708,0.0909090909090909,10,2000,1000,950401
1,4,"Boruta",10,"Psoriasis","MONDO_0005083",0,0.0428221338197401,0,-0.302091547929738,1,0,17,0.813121130338438,1.0273764755537,0.791453911673624,-0.658709578734111,0.735264735264735,9,0,0.519,0,-0.543298685076255,1,1,2,0.99,2.02020202020202,0.645219199080217,0.368631368631369,10,2000,1000,950401
1,4,"RF_importance",10,"Psoriasis","MONDO_0005083",0,0.0428221338197401,0,-0.302091547929738,1,0,17,0.910631055843845,1.0273764755537,0.886365492603929,-0.358923723274925,0.616383616383616,9,0,0.519,0,-0.543298685076255,1,4,4,0.99,4.04040404040404,1.92288097943708,0.0909090909090909,10,2000,1000,950401
1,4,"GS_full_ungrouped",20,"Psoriasis","MONDO_0005083",0,0.0880116160983012,0,-0.428126579599617,1,0,17,1.84448462066352,1.03781244294385,1.77728127389903,3.33934117819013,0.000999000999000999,18,4,2.171,1.84246890833717,0.864871488692753,0.220779220779221,6,70,3.738,18.7265917602996,20.1983392826203,0.000999000999000999,19,2000,1000,950402
1,4,"DGE",20,"Psoriasis","MONDO_0005083",0,0.0880116160983012,0,-0.428126579599617,1,0,17,1.40331937623051,1.03781244294385,1.35218977742246,1.51307109250803,0.0719280719280719,17,3,2.171,1.38185168125288,0.392005721228153,0.338661338661339,8,52,3.738,13.9111824505083,14.7114824553714,0.000999000999000999,19,2000,1000,950402
1,4,"LASSO",20,"Psoriasis","MONDO_0005083",0,0.0880116160983012,0,-0.428126579599617,1,0,17,1.04064393838259,1.03781244294385,1.00272833059383,0.0117214025419483,0.493506493506494,17,4,2.171,1.84246890833717,0.864871488692753,0.220779220779221,11,2,3.738,0.535045478865704,-0.52978650920881,0.804195804195804,19,2000,1000,950402
1,4,"ElasticNet",20,"Psoriasis","MONDO_0005083",0,0.0880116160983012,0,-0.428126579599617,1,0,17,1.30684858628441,1.03781244294385,1.25923387715165,1.11371570346981,0.131868131868132,18,10,2.171,4.60617227084293,3.70206609348035,0.00999000999000999,10,12,3.738,3.21027287319422,2.51846728370724,0.036963036963037,19,2000,1000,950402
1,4,"mRMR",20,"Psoriasis","MONDO_0005083",0,0.0880116160983012,0,-0.428126579599617,1,0,17,1.31907519773216,1.03781244294385,1.27101501499681,1.16432960612433,0.121878121878122,18,8,2.171,3.68493781667434,2.75633455855115,0.021978021978022,9,24,4.216,5.69259962049336,5.2891333978644,0.002997002997003,20,2000,1000,950402
1,4,"Boruta",20,"Psoriasis","MONDO_0005083",0,0.0880116160983012,0,-0.428126579599617,1,0,17,1.02938699892678,1.03781244294385,0.991881534978353,-0.0348783966124515,0.507492507492508,19,4,2.171,1.84246890833717,0.864871488692753,0.220779220779221,5,10,4.216,2.3719165085389,1.54631760883783,0.0979020979020979,20,2000,1000,950402
1,4,"RF_importance",20,"Psoriasis","MONDO_0005083",0,0.0880116160983012,0,-0.428126579599617,1,0,17,0.896522187981701,1.03781244294385,0.863857620976898,-0.584892326156396,0.692307692307692,18,7,2.171,3.22432058959005,2.28346879108655,0.040959040959041,10,10,4.216,2.3719165085389,1.54631760883783,0.0979020979020979,20,2000,1000,950402
1,4,"GS_full_ungrouped",50,"Psoriasis","MONDO_0005083",0,0.190280150331844,0,-0.633748190864497,1,0,17,1.29185186250675,1.01539940089459,1.27225982344346,1.8184071377855,0.03996003996004,45,30,14.295,2.09863588667366,1.99808910049923,0.047952047952048,22,116,25.402,4.56656956145185,7.62898612077245,0.000999000999000999,49,2000,1000,950403
1,4,"DGE",50,"Psoriasis","MONDO_0005083",0.397448231350597,0.190280150331844,2.08875298162975,0.689995232406182,0.295704295704296,1,17,1.40350214602947,1.01539940089459,1.38221683486611,2.55280346513062,0.00699300699300699,44,34,14.295,2.37845400489682,2.5069943155261,0.025974025974026,24,156,24.808,6.28829409867785,11.859813390714,0.000999000999000999,48,2000,1000,950403
1,4,"LASSO",50,"Psoriasis","MONDO_0005083",0,0.190280150331844,0,-0.633748190864497,1,0,17,1.28458617582223,1.01539940089459,1.26510432711549,1.77061600418155,0.042957042957043,40,18,14.295,1.2591815320042,0.471373455418635,0.291708291708292,18,140,24.808,5.64334085778781,10.4134064889866,0.000999000999000999,48,2000,1000,950403
1,4,"ElasticNet",50,"Psoriasis","MONDO_0005083",0,0.190280150331844,0,-0.633748190864497,1,0,17,1.22630767024676,1.01539940089459,1.20770966495189,1.3872804755344,0.0919080919080919,45,37,14.295,2.58831759356418,2.88867322679625,0.018981018981019,21,74,25.402,2.91315644437446,4.0922919655765,0.002997002997003,49,2000,1000,950403
1,4,"mRMR",50,"Psoriasis","MONDO_0005083",0,0.190280150331844,0,-0.633748190864497,1,0,17,1.34045490054299,1.01539940089459,1.32012575481334,2.13810084124449,0.021978021978022,44,31,14.295,2.16859041622945,2.12531540425595,0.041958041958042,20,110,25.402,4.33036768758365,7.1237440986016,0.000999000999000999,49,2000,1000,950403
1,4,"Boruta",50,"Psoriasis","MONDO_0005083",0.397448231350597,0.190280150331844,2.08875298162975,0.689995232406182,0.295704295704296,1,17,1.27459178515411,1.01539940089459,1.25526150993507,1.70487641473189,0.050949050949051,47,37,14.295,2.58831759356418,2.88867322679625,0.018981018981019,17,114,26.822,4.25024233837894,7.15620945454943,0.000999000999000999,50,2000,1000,950403
1,4,"RF_importance",50,"Psoriasis","MONDO_0005083",0.397448231350597,0.190280150331844,2.08875298162975,0.689995232406182,0.295704295704296,1,17,1.05344992937284,1.01539940089459,1.03747345965019,0.250283004093576,0.382617382617383,48,54,14.295,3.77754459601259,5.05152039066043,0.000999000999000999,23,100,26.822,3.72828275296399,6.00698680246184,0.000999000999000999,50,2000,1000,950403
1,4,"GS_full_ungrouped",100,"Psoriasis","MONDO_0005083",0,0.398711861392385,0,-0.899078777659451,1,0,17,1.23357433728928,1.01501513017152,1.21532605832272,2.12912638332311,0.021978021978022,90,107,56.475,1.8946436476317,2.48011974416929,0.016983016983017,38,354,100.008,3.53971682265419,8.9908700843828,0.000999000999000999,96,2000,1000,950404
1,4,"DGE",100,"Psoriasis","MONDO_0005083",0.397448231350597,0.398711861392385,0.996830718711564,-0.00284943354686637,0.519480519480519,1,17,1.1990757642107,1.01501513017152,1.1813378230215,1.79305350358842,0.042957042957043,94,152,56.475,2.69145639663568,4.6890339151266,0.001998001998002,46,400,103.41,3.86809786287593,9.90638510674315,0.000999000999000999,98,2000,1000,950404
1,4,"LASSO",100,"Psoriasis","MONDO_0005083",0,0.398711861392385,0,-0.899078777659451,1,0,17,1.37455803775398,1.01501513017152,1.35422418532983,3.50253965763184,0.000999000999000999,80,118,56.475,2.08942009738822,3.02007654151441,0.00899100899100899,35,880,100.628,8.74508089199825,26.9516331350934,0.000999000999000999,97,2000,1000,950404
1,4,"ElasticNet",100,"Psoriasis","MONDO_0005083",0.445290553213826,0.398711861392385,1.11682293990146,0.105033026009185,0.362637362637363,1,17,1.19604648930071,1.01501513017152,1.17835336020913,1.76354338036711,0.043956043956044,92,169,56.475,2.99247454625941,5.5235126019327,0.001998001998002,42,312,100.628,3.10052867989029,7.30950123821611,0.000999000999000999,97,2000,1000,950404
1,4,"mRMR",100,"Psoriasis","MONDO_0005083",0.840711833010008,0.398711861392385,2.10856990828933,0.996691678094817,0.171828171828172,2,17,1.35033537972592,1.01501513017152,1.33035985335287,3.26657110264911,0.000999000999000999,90,189,56.475,3.34661354581673,6.50525223346928,0.000999000999000999,45,490,103.41,4.73841988202302,12.9124698014627,0.000999000999000999,98,2000,1000,950404
1,4,"Boruta",100,"Psoriasis","MONDO_0005083",0.397448231350597,0.398711861392385,0.996830718711564,-0.00284943354686637,0.519480519480519,1,17,1.22280895923773,1.01501513017152,1.20471993262909,2.02425388338016,0.027972027972028,92,165,56.475,2.92164674634794,5.32716467562538,0.001998001998002,42,412,103.41,3.98414079876221,10.3071963993724,0.000999000999000999,98,2000,1000,950404
1,4,"RF_importance",100,"Psoriasis","MONDO_0005083",0.397448231350597,0.398711861392385,0.996830718711564,-0.00284943354686637,0.519480519480519,1,17,1.1919621795789,1.01501513017152,1.1743294697267,1.72375548169626,0.047952047952048,94,181,56.475,3.2049579459938,6.11255638085465,0.000999000999000999,46,490,103.492,4.73466548138987,13.5028364995577,0.000999000999000999,99,2000,1000,950404
1,4,"GS_full_ungrouped",200,"Psoriasis","MONDO_0005083",1.6613131225658,0.807635143306711,2.05700945078227,1.45092531444827,0.0989010989010989,3,17,1.15859633899131,1.01365371889622,1.14299027112821,2.00514519775683,0.026973026973027,176,441,230.352,1.91446134611377,3.58684150350186,0.001998001998002,82,1088,392.598,2.77128258422101,9.13485506615043,0.000999000999000999,191,2000,1000,950405
1,4,"DGE",200,"Psoriasis","MONDO_0005083",1.21602256935197,0.807635143306711,1.50565831542842,0.69410207238297,0.256743256743257,2,17,1.15044916625833,1.01365371889622,1.13495283923101,1.89243670476762,0.033966033966034,184,522,230.352,2.26609710356324,4.96608157121506,0.000999000999000999,89,1182,411.596,2.87174802476215,9.67257843476901,0.000999000999000999,196,2000,1000,950405
1,4,"LASSO",200,"Psoriasis","MONDO_0005083",0.818574338001373,0.807635143306711,1.01354472348723,0.0185924375324046,0.513486513486514,1,17,1.40917402449583,1.01365371889622,1.39019272383305,5.47165244334672,0.000999000999000999,170,440,230.352,1.91012016392304,3.5698138483449,0.001998001998002,81,2092,394.418,5.30401756512127,23.4118133340232,0.000999000999000999,192,2000,1000,950405
1,4,"ElasticNet",200,"Psoriasis","MONDO_0005083",1.26103893130758,0.807635143306711,1.56139680369094,0.770612631062769,0.220779220779221,3,17,1.15454939962092,1.01365371889622,1.13899784324585,1.94915958745935,0.030969030969031,175,526,230.352,2.28346183232618,5.03419219184287,0.000999000999000999,78,1310,368.802,3.55204147482931,12.7846505047051,0.000999000999000999,185,2000,1000,950405
1,4,"mRMR",200,"Psoriasis","MONDO_0005083",1.28600238622383,0.807635143306711,1.59230612595502,0.813040934889374,0.205794205794206,3,17,1.2309285310398,1.01365371889622,1.21434816258571,3.00579322960629,0.004995004995005,182,668,230.352,2.89990970341043,7.45211922413021,0.000999000999000999,88,1466,411.596,3.56174501209924,13.2382560214305,0.000999000999000999,196,2000,1000,950405
1,4,"Boruta",200,"Psoriasis","MONDO_0005083",0.840711833010008,0.807635143306711,1.04095499060117,0.0562176928240751,0.458541458541459,2,17,1.22043794255937,1.01365371889622,1.20399888029645,2.8606657777956,0.00599400599400599,181,649,230.352,2.81742724178648,7.1285937761481,0.000999000999000999,94,1298,404.262,3.2107890427495,11.7966253215081,0.000999000999000999,195,2000,1000,950405
1,4,"RF_importance",200,"Psoriasis","MONDO_0005083",0.397448231350597,0.807635143306711,0.492113591941182,-0.697160508613595,0.804195804195804,1,17,1.17362145140805,1.01365371889622,1.15781299819629,2.21300353499697,0.020979020979021,184,537,230.352,2.33121483642425,5.22149639856936,0.000999000999000999,97,1048,400.52,2.61659842205133,8.77922005015707,0.000999000999000999,194,2000,1000,950405
1,4,"GS_full_ungrouped",500,"Psoriasis","MONDO_0005083",2.68110547000121,2.04913664444009,1.30840736135184,0.744899804500504,0.225774225774226,5,17,0.956855777429409,1.01581918756695,0.941954817491917,-1.38609806364913,0.922077922077922,449,1586,1445.411,1.09726576039618,0.692620778509966,0.22977022977023,183,2734,2468.794,1.1074233006075,1.0505508786295,0.148851148851149,479,2000,1000,950406
1,4,"DGE",500,"Psoriasis","MONDO_0005083",2.89020045794889,2.04913664444009,1.41044789072064,0.991359454635884,0.173826173826174,6,17,1.04333723907175,1.01581918756695,1.02708951734876,0.646887922819148,0.258741258741259,452,2762,1445.411,1.91087517667985,6.48626064740242,0.000999000999000999,213,5440,2521.406,2.157526395987,10.970285176899,0.000999000999000999,482,2000,1000,950406
1,4,"LASSO",500,"Psoriasis","MONDO_0005083",2.17281396493487,2.04913664444009,1.06035581903743,0.14577809558235,0.430569430569431,4,17,1.23773123021541,1.01581918756695,1.21845624237516,5.2166564297754,0.000999000999000999,434,1947,1445.411,1.34702171216353,2.47111056819549,0.013986013986014,189,5602,2405.09,2.32922676490277,12.3722029126382,0.000999000999000999,474,2000,1000,950406
1,4,"ElasticNet",500,"Psoriasis","MONDO_0005083",2.47706150065955,2.04913664444009,1.20883178160937,0.50439377520838,0.284715284715285,5,17,1.18268078099209,1.01581918756695,1.16426308487518,3.92254333669836,0.000999000999000999,431,2514,1445.411,1.73929768072887,5.26447264784006,0.000999000999000999,197,6458,2385.022,2.70773183643589,15.990289391807,0.000999000999000999,471,2000,1000,950406
1,4,"mRMR",500,"Psoriasis","MONDO_0005083",3.01352579794488,2.04913664444009,1.47063193961294,1.13672267183478,0.145854145854146,6,17,1.26480150010804,1.01581918756695,1.24510495134222,5.85301800711813,0.000999000999000999,437,2329,1445.411,1.61130640350738,4.35305821268266,0.000999000999000999,196,6080,2472.49,2.45905949063495,14.6848671966809,0.000999000999000999,480,2000,1000,950406
1,4,"Boruta",500,"Psoriasis","MONDO_0005083",2.64104102151054,2.04913664444009,1.28885549369119,0.697675956359546,0.246753246753247,5,17,1.23147968162042,1.01581918756695,1.21230204813321,5.0696964866155,0.000999000999000999,435,2498,1445.411,1.72822816486107,5.18564761561023,0.000999000999000999,207,5952,2468.794,2.41089374002043,13.7978971959441,0.000999000999000999,479,2000,1000,950406
1,4,"RF_importance",500,"Psoriasis","MONDO_0005083",2.9900472400722,2.04913664444009,1.45917415911969,1.10904856440742,0.150849150849151,6,17,1.08234085403293,1.01581918756695,1.06548573533575,1.56377578678275,0.0649350649350649,445,2580,1445.411,1.78495943368357,5.58962590578811,0.000999000999000999,209,4822,2460.812,1.9595158021011,9.1718071219205,0.000999000999000999,478,2000,1000,950406
1,5,"GS_full_ungrouped",10,"Psoriasis","MONDO_0005083",0,0.0362486996805986,0,-0.284094335115997,1,0,15,1.91644900821114,1.00157739566221,1.91343077081332,2.83157776107025,0.010989010989011,8,1,0.521,1.91938579654511,0.554468973072155,0.354645354645355,3,26,0.804,32.3383084577114,18.091895643929,0.000999000999000999,9,2000,1000,950501
1,5,"DGE",10,"Psoriasis","MONDO_0005083",0,0.0362486996805986,0,-0.284094335115997,1,0,15,1.34677788397685,1.00157739566221,1.34465682812899,1.06841442276146,0.136863136863137,8,0,0.521,0,-0.603086294301863,1,4,14,0.804,17.4129353233831,9.47533953473911,0.000999000999000999,9,2000,1000,950501
1,5,"LASSO",10,"Psoriasis","MONDO_0005083",0,0.0362486996805986,0,-0.284094335115997,1,0,15,1.61592515045403,1.00157739566221,1.6133802115069,1.9014399574442,0.03996003996004,9,1,0.521,1.91938579654511,0.554468973072155,0.354645354645355,4,12,0.942,12.7388535031847,7.12745784501382,0.000999000999000999,10,2000,1000,950501
1,5,"ElasticNet",10,"Psoriasis","MONDO_0005083",0,0.0362486996805986,0,-0.284094335115997,1,0,15,1.65437539965361,1.00157739566221,1.65176990497054,2.02044558517137,0.033966033966034,8,1,0.521,1.91938579654511,0.554468973072155,0.354645354645355,5,6,0.804,7.46268656716418,3.73096879527921,0.018981018981019,9,2000,1000,950501
1,5,"mRMR",10,"Psoriasis","MONDO_0005083",0,0.0362486996805986,0,-0.284094335115997,1,0,15,2.02216724672279,1.00157739566221,2.01898251246554,3.15878150092078,0.002997002997003,9,3,0.521,5.75815738963532,2.86957950782019,0.045954045954046,5,18,0.804,22.3880597014925,12.3475249044691,0.000999000999000999,9,2000,1000,950501
1,5,"Boruta",10,"Psoriasis","MONDO_0005083",0,0.0362486996805986,0,-0.284094335115997,1,0,15,0.829274696034078,1.00157739566221,0.827968661858416,-0.533286294762256,0.675324675324675,8,4,0.521,7.67754318618042,4.02713477519421,0.015984015984016,5,4,0.804,4.97512437810945,2.29487611041423,0.0709290709290709,9,2000,1000,950501
1,5,"RF_importance",10,"Psoriasis","MONDO_0005083",0.818574338001373,0.0362486996805986,22.5821710906639,6.13137254636186,0.003996003996004,1,15,1.45902590705575,1.00157739566221,1.45672807051629,1.41582820357469,0.0989010989010989,10,2,0.521,3.83877159309021,1.71202424044617,0.105894105894106,6,8,0.942,8.49256900212314,4.54924918340636,0.00899100899100899,10,2000,1000,950501
1,5,"GS_full_ungrouped",20,"Psoriasis","MONDO_0005083",0,0.0672886114541771,0,-0.383273402622915,1,0,15,1.37870521637561,1.01734280092181,1.35520221416652,1.47639634472598,0.0749250749250749,18,2,2.279,0.877577885037297,-0.12395440265156,0.546453546453546,6,64,3.426,18.6806771745476,19.2668587058472,0.000999000999000999,19,2000,1000,950502
1,5,"DGE",20,"Psoriasis","MONDO_0005083",0.818574338001373,0.0672886114541771,12.1651245331287,4.27929527052081,0.011988011988012,1,15,1.48267256456952,1.01734280092181,1.45739721480908,1.90116938774314,0.040959040959041,17,1,2.279,0.438788942518649,-0.568235415739589,0.794205794205794,6,60,3.426,17.5131348511384,17.9945729921187,0.000999000999000999,19,2000,1000,950502
1,5,"LASSO",20,"Psoriasis","MONDO_0005083",0,0.0672886114541771,0,-0.383273402622915,1,0,15,1.35575649456136,1.01734280092181,1.33264470278151,1.38263615397634,0.0879120879120879,18,3,2.279,1.31636682755595,0.320326610436469,0.354645354645355,6,44,3.426,12.8429655575015,12.9054301372048,0.000999000999000999,19,2000,1000,950502
1,5,"ElasticNet",20,"Psoriasis","MONDO_0005083",0,0.0672886114541771,0,-0.383273402622915,1,0,15,1.54681918706943,1.01734280092181,1.52045031986058,2.16324932449155,0.027972027972028,18,6,2.279,2.63273365511189,1.65316964970056,0.0829170829170829,8,34,3.426,9.9241097489784,9.72471585288362,0.000999000999000999,19,2000,1000,950502
1,5,"mRMR",20,"Psoriasis","MONDO_0005083",0,0.0672886114541771,0,-0.383273402622915,1,0,15,1.27672197830134,1.01734280092181,1.25495750020987,1.0597296592128,0.154845154845155,18,8,2.279,3.51031154014919,2.54173167587661,0.031968031968032,9,34,3.426,9.9241097489784,9.72471585288362,0.000999000999000999,19,2000,1000,950502
1,5,"Boruta",20,"Psoriasis","MONDO_0005083",0,0.0672886114541771,0,-0.383273402622915,1,0,15,1.18611758907139,1.01734280092181,1.1658976580919,0.689552841274388,0.234765234765235,18,4,2.279,1.75515577007459,0.764607623524498,0.225774225774226,8,22,3.426,6.42148277875073,5.90785871169819,0.002997002997003,19,2000,1000,950502
1,5,"RF_importance",20,"Psoriasis","MONDO_0005083",0.818574338001373,0.0672886114541771,12.1651245331287,4.27929527052081,0.011988011988012,1,15,1.25868735325663,1.01734280092181,1.23723031422264,0.98604669342601,0.170829170829171,19,3,2.279,1.31636682755595,0.320326610436469,0.354645354645355,10,26,3.426,7.58902510215996,7.18014442542667,0.001998001998002,19,2000,1000,950502
1,5,"GS_full_ungrouped",50,"Psoriasis","MONDO_0005083",0.818574338001373,0.175296173766523,4.66966460483976,2.19534078380982,0.0649350649350649,1,15,1.31320455278219,1.01428132582107,1.29471431579315,1.97319061654832,0.02997002997003,44,47,13.95,3.36917562724014,4.36798230922434,0.000999000999000999,21,158,23.896,6.61198526950117,12.2160482871297,0.000999000999000999,48,2000,1000,950503
1,5,"DGE",50,"Psoriasis","MONDO_0005083",1.21602256935197,0.175296173766523,6.93696013565926,3.5517280517888,0.00999000999000999,2,15,1.27309050984633,1.01428132582107,1.25516508826163,1.70839803446116,0.050949050949051,45,20,13.95,1.4336917562724,0.799585263867088,0.200799200799201,20,138,23.896,5.77502510880482,10.3941714919365,0.000999000999000999,48,2000,1000,950503
1,5,"LASSO",50,"Psoriasis","MONDO_0005083",0,0.175296173766523,0,-0.598240171844173,1,0,15,1.37360405529337,1.01428132582107,1.35426337873413,2.37188740839965,0.015984015984016,41,11,13.95,0.788530465949821,-0.389880417918662,0.63036963036963,14,200,25.136,7.95671546785487,15.0398355548984,0.000999000999000999,49,2000,1000,950503
1,5,"ElasticNet",50,"Psoriasis","MONDO_0005083",0,0.175296173766523,0,-0.598240171844173,1,0,15,1.2162647606762,1.01428132582107,1.19913945935229,1.33329156923017,0.102897102897103,45,27,13.95,1.93548387096774,1.72472523858934,0.0689310689310689,18,82,25.136,3.2622533418205,4.89080204612582,0.000999000999000999,49,2000,1000,950503
1,5,"mRMR",50,"Psoriasis","MONDO_0005083",0,0.175296173766523,0,-0.598240171844173,1,0,15,1.45551538736442,1.01428132582107,1.43502137948381,2.91258367170001,0.003996003996004,45,36,13.95,2.58064516129032,2.91419092037509,0.013986013986014,20,148,25.136,5.8879694462126,10.5673801103546,0.000999000999000999,49,2000,1000,950503
1,5,"Boruta",50,"Psoriasis","MONDO_0005083",0.818574338001373,0.175296173766523,4.66966460483976,2.19534078380982,0.0649350649350649,1,15,1.35281266005865,1.01428132582107,1.33376473136143,2.23464352006363,0.018981018981019,48,22,13.95,1.57706093189964,1.06391097093059,0.152847152847153,18,160,25.136,6.3653723742839,11.5994852129416,0.000999000999000999,49,2000,1000,950503
1,5,"RF_importance",50,"Psoriasis","MONDO_0005083",0.818574338001373,0.175296173766523,4.66966460483976,2.19534078380982,0.0649350649350649,1,15,1.27111792234706,1.01428132582107,1.25322027527035,1.69537699496734,0.0539460539460539,47,37,13.95,2.65232974910394,3.04635377390684,0.012987012987013,23,98,23.896,4.10110478741212,6.75041790154998,0.000999000999000999,48,2000,1000,950503
1,5,"GS_full_ungrouped",100,"Psoriasis","MONDO_0005083",0.818574338001373,0.347759550126453,2.35385149797819,1.14666859463224,0.160839160839161,1,15,1.13555155124193,1.01964344295639,1.11367513721215,1.13017675034982,0.134865134865135,90,105,55.994,1.87520091438368,2.39430866032017,0.024975024975025,42,344,103.67,3.31822127905855,7.7591456958751,0.000999000999000999,98,2000,1000,950504
1,5,"DGE",100,"Psoriasis","MONDO_0005083",1.21602256935197,0.347759550126453,3.49673378893491,2.11465306882198,0.0599400599400599,2,15,1.12690266354759,1.01964344295639,1.10519287044127,1.04584467097145,0.157842157842158,92,130,55.994,2.32167732257028,3.61574514785239,0.002997002997003,46,342,99.212,3.44716364955852,8.53738684792291,0.000999000999000999,97,2000,1000,950504
1,5,"LASSO",100,"Psoriasis","MONDO_0005083",0,0.347759550126453,0,-0.846967777739764,1,0,15,1.42289550279541,1.01964344295639,1.3954834041494,3.93196049268608,0.000999000999000999,80,90,55.994,1.60731506947173,1.66144676780083,0.0649350649350649,30,928,103.67,8.95148065978586,26.6138083946271,0.000999000999000999,98,2000,1000,950504
1,5,"ElasticNet",100,"Psoriasis","MONDO_0005083",0,0.347759550126453,0,-0.846967777739764,1,0,15,1.2115686096368,1.01964344295639,1.18822772608033,1.8713907456314,0.038961038961039,90,78,55.994,1.39300639354217,1.07515725378537,0.144855144855145,35,288,103.67,2.77804572200251,5.95116434120026,0.000999000999000999,98,2000,1000,950504
1,5,"mRMR",100,"Psoriasis","MONDO_0005083",1.21602256935197,0.347759550126453,3.49673378893491,2.11465306882198,0.0599400599400599,2,15,1.27273571448131,1.01964344295639,1.24821644592848,2.46780838029055,0.010989010989011,91,106,55.994,1.89305997071115,2.44316611982146,0.022977022977023,40,374,105.078,3.55926073964103,9.16897998991009,0.000999000999000999,99,2000,1000,950504
1,5,"Boruta",100,"Psoriasis","MONDO_0005083",1.21602256935197,0.347759550126453,3.49673378893491,2.11465306882198,0.0599400599400599,2,15,1.27287229888933,1.01964344295639,1.24835039903627,2.46914016393096,0.010989010989011,95,97,55.994,1.73232846376397,2.00344898430986,0.035964035964036,40,442,103.67,4.26352850390663,10.9231130665561,0.000999000999000999,98,2000,1000,950504
1,5,"RF_importance",100,"Psoriasis","MONDO_0005083",1.21602256935197,0.347759550126453,3.49673378893491,2.11465306882198,0.0599400599400599,2,15,1.22989636360415,1.01964344295639,1.2062023956513,2.05009784150604,0.027972027972028,93,148,55.994,2.64314033646462,4.49517941887559,0.001998001998002,45,400,103.67,3.85839683611459,9.56712705054995,0.000999000999000999,98,2000,1000,950504
1,5,"GS_full_ungrouped",200,"Psoriasis","MONDO_0005083",0.818574338001373,0.716777106938657,1.14202076221085,0.187369908229914,0.424575424575425,1,15,1.09909691075901,1.01293312012535,1.08506365220144,1.20004910522206,0.110889110889111,183,329,230.41,1.42788941452194,1.82627749650526,0.044955044955045,80,772,405.452,1.90404782810296,4.88642470241707,0.000999000999000999,195,2000,1000,950505
1,5,"DGE",200,"Psoriasis","MONDO_0005083",1.21602256935197,0.716777106938657,1.6965142407318,0.91892063762473,0.197802197802198,2,15,1.1102223403855,1.01293312012535,1.09604703245176,1.35499890223412,0.0849150849150849,183,461,230.41,2.00078121609305,4.27144059153209,0.001998001998002,88,1076,405.452,2.65382831999842,8.93902657048015,0.000999000999000999,195,2000,1000,950505
1,5,"LASSO",200,"Psoriasis","MONDO_0005083",0.818574338001373,0.716777106938657,1.14202076221085,0.187369908229914,0.424575424575425,1,15,1.39719766226078,1.01293312012535,1.37935825623697,5.35185739354006,0.000999000999000999,171,404,230.41,1.75339611996007,3.21557470958869,0.004995004995005,77,2070,393.862,5.25564791729083,22.9540305669705,0.000999000999000999,192,2000,1000,950505
1,5,"ElasticNet",200,"Psoriasis","MONDO_0005083",1.21602256935197,0.716777106938657,1.6965142407318,0.91892063762473,0.197802197802198,2,15,1.07045360656991,1.01293312012535,1.0567860654388,0.801118518371807,0.203796203796204,183,389,230.41,1.68829477887244,2.937715266972,0.004995004995005,78,1100,405.452,2.71302151672701,9.25896882322197,0.000999000999000999,195,2000,1000,950505
1,5,"mRMR",200,"Psoriasis","MONDO_0005083",1.21602256935197,0.716777106938657,1.6965142407318,0.91892063762473,0.197802197802198,2,15,1.11071472268712,1.01293312012535,1.09653312802099,1.3618565733758,0.0849150849150849,182,438,230.41,1.90095915975869,3.8453894461865,0.001998001998002,88,1128,412.726,2.73304807547865,9.08179785993877,0.000999000999000999,196,2000,1000,950505
1,5,"Boruta",200,"Psoriasis","MONDO_0005083",1.62916152664132,0.716777106938657,2.272898382036,1.67935201385554,0.0789210789210789,3,15,1.17036306891285,1.01293312012535,1.15541988474818,2.19261093074274,0.018981018981019,181,447,230.41,1.94001996441127,4.01210511175652,0.001998001998002,88,1106,405.452,2.72781981590916,9.33895438640743,0.000999000999000999,195,2000,1000,950505
1,5,"RF_importance",200,"Psoriasis","MONDO_0005083",1.21602256935197,0.716777106938657,1.6965142407318,0.91892063762473,0.197802197802198,2,15,1.20958345694037,1.01293312012535,1.19413950724673,2.73885421011525,0.003996003996004,182,493,230.41,2.13966407707999,4.86420740244768,0.000999000999000999,88,1174,405.452,2.89553387330683,10.2454574358426,0.000999000999000999,195,2000,1000,950505
1,5,"GS_full_ungrouped",500,"Psoriasis","MONDO_0005083",3.31941010341551,1.79877051767238,1.84537720115118,1.89402642523397,0.037962037962038,7,15,1.00707919438316,1.01374560253091,0.993423983165888,-0.154518984340848,0.565434565434565,446,1888,1442.317,1.30900488588847,2.30807145927868,0.012987012987013,201,2962,2542.252,1.16510873036977,1.56082515492691,0.0629370629370629,487,2000,1000,950506
1,5,"DGE",500,"Psoriasis","MONDO_0005083",2.51771568151455,1.79877051767238,1.39968698440338,0.895479212416911,0.197802197802198,5,15,1.06745343210591,1.01374560253091,1.05297959314537,1.24488016532256,0.103896103896104,452,2335,1442.317,1.61892288588431,4.62296330459826,0.000999000999000999,201,4908,2524.694,1.94399796569406,8.9184047015105,0.000999000999000999,485,2000,1000,950506
1,5,"LASSO",500,"Psoriasis","MONDO_0005083",2.17281396493487,1.79877051767238,1.20794395037479,0.465888288022278,0.310689310689311,4,15,1.22535858718392,1.01374560253091,1.20874367703761,4.90492372162245,0.000999000999000999,437,1811,1442.317,1.25561856374154,1.9093093293243,0.028971028971029,188,5492,2436.908,2.25367555935636,11.6608167103957,0.000999000999000999,477,2000,1000,950506
1,5,"ElasticNet",500,"Psoriasis","MONDO_0005083",2.56823524473106,1.79877051767238,1.42777259216722,0.958403648042843,0.176823176823177,5,15,1.21914581878978,1.01374560253091,1.20261514895459,4.76091953812036,0.000999000999000999,439,1983,1442.317,1.37487112749832,2.80005071052109,0.004995004995005,193,5592,2455.22,2.27759630501544,12.3153697911811,0.000999000999000999,478,2000,1000,950506
1,5,"mRMR",500,"Psoriasis","MONDO_0005083",2.12497164307165,1.79877051767238,1.18134671554511,0.406298479429191,0.336663336663337,4,15,1.24381084859944,1.01374560253091,1.22694574012864,5.33262401082237,0.000999000999000999,441,2106,1442.317,1.46015057716161,3.43703437265601,0.000999000999000999,201,5572,2484.062,2.24310021247457,11.7689162052913,0.000999000999000999,482,2000,1000,950506
1,5,"Boruta",500,"Psoriasis","MONDO_0005083",2.53811060036099,1.79877051767238,1.41102523942038,0.920882020286587,0.190809190809191,5,15,1.25384764449236,1.01374560253091,1.23684644486942,5.56526435822352,0.000999000999000999,439,2210,1442.317,1.53225677850292,3.97562218454245,0.000999000999000999,204,5588,2467.09,2.26501667956986,12.173379716158,0.000999000999000999,480,2000,1000,950506
1,5,"RF_importance",500,"Psoriasis","MONDO_0005083",1.21602256935197,1.79877051767238,0.676029853394257,-0.725839326897658,0.796203796203796,2,15,1.23114828354167,1.01374560253091,1.21445486961225,5.03912162565309,0.000999000999000999,437,2184,1442.317,1.51423022816759,3.84097523157084,0.000999000999000999,200,5184,2406.372,2.1542803855763,11.0756010606525,0.000999000999000999,474,2000,1000,950506
2,1,"GS_full_ungrouped",10,"Psoriasis","MONDO_0005083",0,0.0398759007570051,0,-0.287500915215021,1,0,17,1.27796106844012,1.0063655663617,1.2698775784433,0.808981095456039,0.184815184815185,9,1,0.5,2,0.563691486189967,0.346653346653347,4,0,1.028,0,-0.642277025847875,1,10,2000,1000,960101
2,1,"DGE",10,"Psoriasis","MONDO_0005083",0,0.0398759007570051,0,-0.287500915215021,1,0,17,2.09090656539767,1.0063655663617,2.07768094943559,3.23044070595017,0.00699300699300699,10,1,0.5,2,0.563691486189967,0.346653346653347,4,28,1.028,27.2373540856031,16.8516497482187,0.000999000999000999,10,2000,1000,960101
2,1,"LASSO",10,"Psoriasis","MONDO_0005083",0,0.0398759007570051,0,-0.287500915215021,1,0,17,1.12876271571416,1.0063655663617,1.12162295039064,0.364575183337387,0.323676323676324,8,1,0.5,2,0.563691486189967,0.346653346653347,4,0,0.77,0,-0.59749900668198,1,9,2000,1000,960101
2,1,"ElasticNet",10,"Psoriasis","MONDO_0005083",0,0.0398759007570051,0,-0.287500915215021,1,0,17,0.893768790259093,1.0063655663617,0.888115432536428,-0.335383548620068,0.595404595404595,8,1,0.5,2,0.563691486189967,0.346653346653347,4,0,0.77,0,-0.59749900668198,1,9,2000,1000,960101
2,1,"mRMR",10,"Psoriasis","MONDO_0005083",0,0.0398759007570051,0,-0.287500915215021,1,0,17,1.68022048590755,1.0063655663617,1.66959258352014,2.00716096850249,0.036963036963037,9,1,0.5,2,0.563691486189967,0.346653346653347,4,4,1.028,3.89105058365758,1.85685537044736,0.104895104895105,10,2000,1000,960101
2,1,"Boruta",10,"Psoriasis","MONDO_0005083",0,0.0398759007570051,0,-0.287500915215021,1,0,17,1.28086374815503,1.0063655663617,1.27276189783173,0.817627089213485,0.182817182817183,10,0,0.5,0,-0.563691486189967,1,5,4,1.028,3.89105058365758,1.85685537044736,0.104895104895105,10,2000,1000,960101
2,1,"RF_importance",10,"Psoriasis","MONDO_0005083",0,0.0398759007570051,0,-0.287500915215021,1,0,17,1.03407647628834,1.0063655663617,1.02753563004626,0.0825404032724281,0.433566433566434,10,0,0.5,0,-0.563691486189967,1,4,6,1.028,5.83657587548638,3.10642156859497,0.032967032967033,10,2000,1000,960101
2,1,"GS_full_ungrouped",20,"Psoriasis","MONDO_0005083",0,0.0741961207291344,0,-0.378369973706138,1,0,17,0.942309105832416,1.01818604640226,0.925478314264913,-0.311617900220607,0.598401598401598,19,3,2.131,1.407789770061,0.406304910100893,0.336663336663337,7,10,4.152,2.40847784200385,1.61168222059269,0.106893106893107,20,2000,1000,960102
2,1,"DGE",20,"Psoriasis","MONDO_0005083",0,0.0741961207291344,0,-0.378369973706138,1,0,17,1.52618442680292,1.01818604640226,1.49892490885695,2.08629113703151,0.026973026973027,17,6,2.131,2.81557954012201,1.80896858133527,0.0729270729270729,10,44,3.646,12.0680197476687,12.9061219837438,0.000999000999000999,19,2000,1000,960102
2,1,"LASSO",20,"Psoriasis","MONDO_0005083",0,0.0741961207291344,0,-0.378369973706138,1,0,17,0.91930608889422,1.01818604640226,0.902886159305142,-0.406088654881859,0.646353646353646,18,4,2.131,1.87705302674801,0.87385946717902,0.203796203796204,7,2,3.646,0.548546352166758,-0.526428031551825,0.803196803196803,19,2000,1000,960102
2,1,"ElasticNet",20,"Psoriasis","MONDO_0005083",0,0.0741961207291344,0,-0.378369973706138,1,0,17,0.882483338122434,1.01818604640226,0.866721107837487,-0.557315472801448,0.711288711288711,18,5,2.131,2.34631628343501,1.34141402425715,0.11988011988012,8,6,3.646,1.64563905650027,0.752862446095382,0.276723276723277,19,2000,1000,960102
2,1,"mRMR",20,"Psoriasis","MONDO_0005083",0,0.0741961207291344,0,-0.378369973706138,1,0,17,1.43169197285273,1.01818604640226,1.4061202055475,1.69822145649998,0.050949050949051,18,4,2.131,1.87705302674801,0.87385946717902,0.203796203796204,8,24,4.152,5.78034682080925,5.47001859000064,0.001998001998002,20,2000,1000,960102
2,1,"Boruta",20,"Psoriasis","MONDO_0005083",0,0.0741961207291344,0,-0.378369973706138,1,0,17,0.959198675788908,1.01818604640226,0.942066215873043,-0.24225437177646,0.573426573426573,19,6,2.131,2.81557954012201,1.80896858133527,0.0729270729270729,9,16,4.152,3.85356454720617,3.26525495033896,0.015984015984016,20,2000,1000,960102
2,1,"RF_importance",20,"Psoriasis","MONDO_0005083",0,0.0741961207291344,0,-0.378369973706138,1,0,17,0.967268293310724,1.01818604640226,0.94999170016968,-0.209113377307696,0.55944055944056,19,1,2.131,0.469263256687001,-0.528804204055362,0.784215784215784,6,16,4.152,3.85356454720617,3.26525495033896,0.015984015984016,20,2000,1000,960102
2,1,"GS_full_ungrouped",50,"Psoriasis","MONDO_0005083",0,0.204706834309595,0,-0.625988420604496,1,0,17,1.20166132526274,1.02247219303852,1.17525086104465,1.15907334889425,0.114885114885115,45,19,14.231,1.33511348464619,0.589831652733339,0.254745254745255,17,104,24.882,4.17972831765935,7.28191751536273,0.000999000999000999,48,2000,1000,960103
2,1,"DGE",50,"Psoriasis","MONDO_0005083",0.397448231350597,0.204706834309595,1.94154842309516,0.589398410295994,0.312687312687313,1,17,1.26516374343718,1.02247219303852,1.23735760449137,1.56983464665106,0.0749250749250749,44,38,14.231,2.67022696929239,2.93975855605342,0.013986013986014,25,160,24.882,6.43035125793747,12.4360844667558,0.000999000999000999,48,2000,1000,960103
2,1,"LASSO",50,"Psoriasis","MONDO_0005083",0,0.204706834309595,0,-0.625988420604496,1,0,17,1.2410031478167,1.02247219303852,1.21372801751093,1.41355339159105,0.0849150849150849,44,22,14.231,1.54592087695875,0.960872742731246,0.163836163836164,16,112,24.882,4.50124588055623,8.01822707984745,0.000999000999000999,48,2000,1000,960103
2,1,"ElasticNet",50,"Psoriasis","MONDO_0005083",0,0.204706834309595,0,-0.625988420604496,1,0,17,1.14506002126831,1.02247219303852,1.1198935570712,0.792951463273876,0.202797202797203,47,38,14.231,2.67022696929239,2.93975855605342,0.013986013986014,18,94,24.882,3.77783136403826,6.36153055975684,0.000999000999000999,48,2000,1000,960103
2,1,"mRMR",50,"Psoriasis","MONDO_0005083",0,0.204706834309595,0,-0.625988420604496,1,0,17,1.40161372875851,1.02247219303852,1.37080865210943,2.45245257933384,0.014985014985015,44,43,14.231,3.02157262314665,3.55816037271659,0.00599400599400599,23,150,24.752,6.060116354234,11.2918766427754,0.000999000999000999,49,2000,1000,960103
2,1,"Boruta",50,"Psoriasis","MONDO_0005083",0,0.204706834309595,0,-0.625988420604496,1,0,17,1.17364388966507,1.02247219303852,1.14784920084458,0.977844373104685,0.150849150849151,48,50,14.231,3.51345653854262,4.42392291604504,0.001998001998002,23,132,26.564,4.96913115494654,9.17376010294718,0.000999000999000999,50,2000,1000,960103
2,1,"RF_importance",50,"Psoriasis","MONDO_0005083",0,0.204706834309595,0,-0.625988420604496,1,0,17,1.2111110840407,1.02247219303852,1.18449293025915,1.22019850429321,0.104895104895105,48,43,14.231,3.02157262314665,3.55816037271659,0.00599400599400599,24,136,26.564,5.11971088691462,9.52179151927356,0.000999000999000999,50,2000,1000,960103
2,1,"GS_full_ungrouped",100,"Psoriasis","MONDO_0005083",0.818574338001373,0.396841142911366,2.06272548253446,0.95025146005284,0.198801198801199,1,17,1.25567088320607,1.01883348996074,1.23245937199655,2.248349826548,0.013986013986014,83,74,57.613,1.2844323329804,0.786865069573338,0.213786213786214,32,496,102.112,4.8574114697587,13.2056107075865,0.000999000999000999,97,2000,1000,960104
2,1,"DGE",100,"Psoriasis","MONDO_0005083",0.397448231350597,0.396841142911366,1.0015298021641,0.00136789487400312,0.522477522477522,1,17,1.16697616089097,1.01883348996074,1.14540420234512,1.40635118435595,0.0849150849150849,93,177,57.613,3.07222328293961,5.73268200775933,0.000999000999000999,50,508,102.112,4.97492948918834,13.6079264127896,0.000999000999000999,97,2000,1000,960104
2,1,"LASSO",100,"Psoriasis","MONDO_0005083",0,0.396841142911366,0,-0.89416455676457,1,0,17,1.33441382736148,1.01883348996074,1.30974672555464,2.99587403464599,0.002997002997003,80,97,57.613,1.68364778782566,1.89127079363429,0.043956043956044,31,814,102.112,7.97163898464431,23.8669768954686,0.000999000999000999,97,2000,1000,960104
2,1,"ElasticNet",100,"Psoriasis","MONDO_0005083",0,0.396841142911366,0,-0.89416455676457,1,0,17,1.10534100678603,1.01883348996074,1.0849083954127,0.82123501607607,0.198801198801199,89,118,57.613,2.04814885529308,2.89964123734211,0.014985014985015,38,364,97.196,3.74501008271945,9.24504071340852,0.000999000999000999,95,2000,1000,960104
2,1,"mRMR",100,"Psoriasis","MONDO_0005083",0.840711833010008,0.396841142911366,2.11850975642861,1.00013178059384,0.165834165834166,2,17,1.28826431148337,1.01883348996074,1.26445029946259,2.55776645966371,0.00799200799200799,90,188,57.613,3.26315241351778,6.26087604970152,0.000999000999000999,46,442,102.112,4.32858038232529,11.3951900341725,0.000999000999000999,97,2000,1000,960104
2,1,"Boruta",100,"Psoriasis","MONDO_0005083",0.397448231350597,0.396841142911366,1.0015298021641,0.00136789487400312,0.522477522477522,1,17,1.2150134438703,1.01883348996074,1.19255349950965,1.86237975051462,0.037962037962038,92,168,57.613,2.9160085397393,5.30052324617026,0.000999000999000999,44,374,102.112,3.66264493889063,9.11540103802166,0.000999000999000999,97,2000,1000,960104
2,1,"RF_importance",100,"Psoriasis","MONDO_0005083",0,0.396841142911366,0,-0.89416455676457,1,0,17,1.24411405037614,1.01883348996074,1.22111617122449,2.13863825299724,0.021978021978022,94,155,57.613,2.69036502178328,4.67629392387494,0.001998001998002,47,428,103.632,4.12999845607534,10.4068279215724,0.000999000999000999,98,2000,1000,960104
2,1,"GS_full_ungrouped",200,"Psoriasis","MONDO_0005083",1.19105911443571,0.799865990746235,1.48907333005184,0.672944266349711,0.263736263736264,2,17,1.26409551346871,1.01686019005938,1.24313600416877,3.42193306704677,0.002997002997003,171,270,234.921,1.14932253821497,0.631668765147416,0.256743256743257,71,1162,419.982,2.76678524317709,9.29990119877132,0.000999000999000999,195,2000,1000,960105
2,1,"DGE",200,"Psoriasis","MONDO_0005083",1.65928617101138,0.799865990746235,2.07445520900739,1.47840503237921,0.0969030969030969,3,17,1.08755027860533,1.01686019005938,1.06951800182267,0.978406920872564,0.161838161838162,186,621,234.921,2.64344183789444,6.95213789387808,0.000999000999000999,95,1360,419.824,3.23945272304585,12.0717085864171,0.000999000999000999,197,2000,1000,960105
2,1,"LASSO",200,"Psoriasis","MONDO_0005083",0.818574338001373,0.799865990746235,1.02338935205594,0.032182761546233,0.500499500499501,1,17,1.42960430933261,1.01686019005938,1.4059005587082,5.71270613961487,0.000999000999000999,169,370,234.921,1.57499755236867,2.43237222062624,0.017982017982018,73,1966,392.702,5.00634068581265,21.7229188127894,0.000999000999000999,190,2000,1000,960105
2,1,"ElasticNet",200,"Psoriasis","MONDO_0005083",0.443263601659411,0.799865990746235,0.554172332350158,-0.613440059578028,0.659340659340659,1,17,1.12935556301741,1.01686019005938,1.1106301279741,1.55702523129157,0.0619380619380619,180,493,234.921,2.09857781977771,4.64723747086519,0.000999000999000999,78,1392,389.448,3.57428976397362,13.9936252944381,0.000999000999000999,189,2000,1000,960105
2,1,"mRMR",200,"Psoriasis","MONDO_0005083",0.840711833010008,0.799865990746235,1.05106585695144,0.0702644645089656,0.445554445554446,2,17,1.16038346997783,1.01686019005938,1.1411435724611,1.98647608550193,0.025974025974026,182,649,234.921,2.76263084185748,7.45633486141215,0.000999000999000999,89,1558,419.982,3.70968279592935,14.2630703870032,0.000999000999000999,195,2000,1000,960105
2,1,"Boruta",200,"Psoriasis","MONDO_0005083",0.840711833010008,0.799865990746235,1.05106585695144,0.0702644645089656,0.445554445554446,2,17,1.1914969818406,1.01686019005938,1.17174120246661,2.41711177949168,0.00999000999000999,184,633,234.921,2.69452283959288,7.16822230853554,0.000999000999000999,90,1340,419.736,3.19248289400957,11.5468686983497,0.000999000999000999,196,2000,1000,960105
2,1,"RF_importance",200,"Psoriasis","MONDO_0005083",0.397448231350597,0.799865990746235,0.496893524601286,-0.692253282237021,0.8001998001998,1,17,1.18558527552569,1.01686019005938,1.1659275160103,2.33528907291921,0.014985014985015,183,624,234.921,2.65621208831905,7.00615899754244,0.000999000999000999,93,1248,408.028,3.05861362455518,11.0157466991021,0.000999000999000999,194,2000,1000,960105
2,1,"GS_full_ungrouped",500,"Psoriasis","MONDO_0005083",3.71693883652145,2.03625127095984,1.82538318798415,1.92406479551864,0.027972027972028,8,17,1.06314125321701,1.02001347328413,1.04228157868741,1.02247725419719,0.151848151848152,440,1510,1447.013,1.04352898004372,0.319105125178721,0.35964035964036,178,3764,2542.962,1.48016368313801,4.80262672955394,0.000999000999000999,482,2000,1000,960106
2,1,"DGE",500,"Psoriasis","MONDO_0005083",2.51771568151455,2.03625127095984,1.23644646288066,0.55118437336323,0.291708291708292,5,17,1.06761618896953,1.02001347328413,1.04666871265154,1.12856943023918,0.133866133866134,457,2879,1447.013,1.98961585003037,7.25474130994175,0.000999000999000999,215,6146,2551.71,2.40858091240776,13.4801716745484,0.000999000999000999,484,2000,1000,960106
2,1,"LASSO",500,"Psoriasis","MONDO_0005083",2.17281396493487,2.03625127095984,1.0670657378697,0.156338082843341,0.44955044955045,4,17,1.24875256761408,1.02001347328413,1.22425105189393,5.42296685482117,0.000999000999000999,435,1946,1447.013,1.34483933454641,2.52797099556344,0.00899100899100899,191,5892,2455.384,2.39962466156007,13.4343276909227,0.000999000999000999,475,2000,1000,960106
2,1,"ElasticNet",500,"Psoriasis","MONDO_0005083",2.17078701338046,2.03625127095984,1.0660703049468,0.154017612216924,0.451548451548452,4,17,1.25272096451988,1.02001347328413,1.22814158570524,5.51704996269543,0.000999000999000999,436,1948,1447.013,1.34622149213587,2.53810340781291,0.00799200799200799,186,5940,2441.396,2.43303421485085,13.8203972966151,0.000999000999000999,474,2000,1000,960106
2,1,"mRMR",500,"Psoriasis","MONDO_0005083",3.01352579794488,2.03625127095984,1.47993808078724,1.11879182749872,0.13986013986014,6,17,1.26566720878296,1.02001347328413,1.24083381438864,5.82398067665473,0.000999000999000999,441,2144,1447.013,1.48167293590313,3.53107980826109,0.000999000999000999,194,6088,2522.07,2.41389017751292,13.6281883163235,0.000999000999000999,481,2000,1000,960106
2,1,"Boruta",500,"Psoriasis","MONDO_0005083",1.65928617101138,2.03625127095984,0.814872994642371,-0.431552712599283,0.667332667332667,3,17,1.25187190199464,1.02001347328413,1.22730918246011,5.49692031259995,0.000999000999000999,440,2523,1447.013,1.74359179910616,5.45117192953588,0.000999000999000999,205,6026,2522.07,2.38930719607307,13.3912381586894,0.000999000999000999,481,2000,1000,960106
2,1,"RF_importance",500,"Psoriasis","MONDO_0005083",2.94939305921719,2.03625127095984,1.44844258725836,1.04537214655706,0.14985014985015,6,17,1.13462525349261,1.02001347328413,1.11236300618605,2.71722631001623,0.004995004995005,439,2517,1447.013,1.73944532633777,5.42077469278747,0.000999000999000999,204,4214,2419.98,1.74133670526203,7.0170711905089,0.000999000999000999,471,2000,1000,960106
2,2,"GS_full_ungrouped",10,"Psoriasis","MONDO_0005083",0,0.0393407448268324,0,-0.275222884609958,1,0,17,1.35828810585613,1.01455132355777,1.338806696435,1.01644524547518,0.155844155844156,8,1,0.528,1.89393939393939,0.531039470616714,0.354645354645355,4,0,0.914,0,-0.580967256503823,1,10,2000,1000,960201
2,2,"DGE",10,"Psoriasis","MONDO_0005083",0,0.0393407448268324,0,-0.275222884609958,1,0,17,1.74298264290608,1.01455132355777,1.71798370613119,2.15400442820265,0.024975024975025,8,0,0.528,0,-0.594044153571239,1,4,22,0.914,24.0700218818381,13.4029273201746,0.000999000999000999,10,2000,1000,960201
2,2,"LASSO",10,"Psoriasis","MONDO_0005083",0,0.0393407448268324,0,-0.275222884609958,1,0,17,1.25988036670425,1.01455132355777,1.24181038203782,0.725449100372294,0.234765234765235,9,1,0.528,1.89393939393939,0.531039470616714,0.354645354645355,4,4,0.914,4.37636761487965,1.96155903016499,0.0849150849150849,10,2000,1000,960201
2,2,"ElasticNet",10,"Psoriasis","MONDO_0005083",0,0.0393407448268324,0,-0.275222884609958,1,0,17,1.02095515899476,1.01455132355777,1.00631198766222,0.018936431647526,0.45954045954046,9,1,0.528,1.89393939393939,0.531039470616714,0.354645354645355,5,2,0.914,2.18818380743983,0.690295886830582,0.334665334665335,10,2000,1000,960201
2,2,"mRMR",10,"Psoriasis","MONDO_0005083",0,0.0393407448268324,0,-0.275222884609958,1,0,17,1.40565467089454,1.01455132355777,1.38549390085587,1.15651032523143,0.137862137862138,9,3,0.528,5.68181818181818,2.78120671899262,0.042957042957043,5,2,0.914,2.18818380743983,0.690295886830582,0.334665334665335,10,2000,1000,960201
2,2,"Boruta",10,"Psoriasis","MONDO_0005083",0,0.0393407448268324,0,-0.275222884609958,1,0,17,0.728244639813063,1.01455132355777,0.717799704069476,-0.846621840974453,0.789210789210789,10,2,0.528,3.78787878787879,1.65612309480467,0.10989010989011,3,0,0.914,0,-0.580967256503823,1,10,2000,1000,960201
2,2,"RF_importance",10,"Psoriasis","MONDO_0005083",0,0.0393407448268324,0,-0.275222884609958,1,0,17,0.859294294699468,1.01455132355777,0.846969763625308,-0.459102071516588,0.658341658341658,9,0,0.528,0,-0.594044153571239,1,1,0,0.914,0,-0.580967256503823,1,10,2000,1000,960201
2,2,"GS_full_ungrouped",20,"Psoriasis","MONDO_0005083",0,0.0810459290308212,0,-0.39641740053008,1,0,17,1.23925211942121,1.01339608777527,1.22287043967356,0.937682990383202,0.17982017982018,18,3,2.109,1.42247510668563,0.414004549627301,0.321678321678322,8,10,4.206,2.37755587256301,1.50851065804982,0.108891108891109,20,2000,1000,960202
2,2,"DGE",20,"Psoriasis","MONDO_0005083",0,0.0810459290308212,0,-0.39641740053008,1,0,17,1.57797895443052,1.01339608777527,1.55711964301608,2.34396994787508,0.013986013986014,17,4,2.109,1.89663347558084,0.878656120477246,0.210789210789211,8,60,3.806,15.7645822385707,16.2040023844158,0.000999000999000999,19,2000,1000,960202
2,2,"LASSO",20,"Psoriasis","MONDO_0005083",0,0.0810459290308212,0,-0.39641740053008,1,0,17,1.23874510382029,1.01339608777527,1.22237012631432,0.935578021561358,0.181818181818182,18,7,2.109,3.31910858226648,2.27261083302708,0.046953046953047,10,10,4.206,2.37755587256301,1.50851065804982,0.108891108891109,20,2000,1000,960202
2,2,"ElasticNet",20,"Psoriasis","MONDO_0005083",0,0.0810459290308212,0,-0.39641740053008,1,0,17,1.31633703681443,1.01339608777527,1.29893637117173,1.25771524866722,0.107892107892108,17,10,2.109,4.74158368895211,3.66656554557691,0.011988011988012,9,10,3.806,2.62743037309511,1.78609087747929,0.0799200799200799,19,2000,1000,960202
2,2,"mRMR",20,"Psoriasis","MONDO_0005083",0,0.0810459290308212,0,-0.39641740053008,1,0,17,1.31363034956565,1.01339608777527,1.29626546363474,1.24647793711534,0.113886113886114,18,8,2.109,3.79326695116169,2.73726240387702,0.026973026973027,8,20,4.206,4.75511174512601,4.11208445516722,0.00599400599400599,20,2000,1000,960202
2,2,"Boruta",20,"Psoriasis","MONDO_0005083",0,0.0810459290308212,0,-0.39641740053008,1,0,17,1.01063927831828,1.01339608777527,0.997279632820531,-0.0114454031477695,0.467532467532468,18,3,2.109,1.42247510668563,0.414004549627301,0.321678321678322,4,4,4.206,0.951022349025202,-0.0536336202206181,0.537462537462537,20,2000,1000,960202
2,2,"RF_importance",20,"Psoriasis","MONDO_0005083",0,0.0810459290308212,0,-0.39641740053008,1,0,17,1.49396474119904,1.01339608777527,1.47421601407479,1.99516943932334,0.035964035964036,19,2,2.109,0.948316737790422,-0.0506470212226436,0.51048951048951,5,0,4.206,0,-1.09506313906758,1,20,2000,1000,960202
2,2,"GS_full_ungrouped",50,"Psoriasis","MONDO_0005083",0,0.212261445209453,0,-0.670102049769337,1,0,17,1.33117443115571,1.00842587453949,1.32005183996652,2.14629878667841,0.024975024975025,42,17,13.738,1.23744358713059,0.437827245337037,0.305694305694306,17,104,25.57,4.0672663277278,6.79726305295198,0.000999000999000999,49,2000,1000,960203
2,2,"DGE",50,"Psoriasis","MONDO_0005083",0,0.212261445209453,0,-0.670102049769337,1,0,17,1.41427582425937,1.00842587453949,1.40245888167558,2.69892842834023,0.00699300699300699,44,25,13.738,1.81976998107439,1.51159118239905,0.0819180819180819,23,144,23.934,6.01654550012534,10.9280878734434,0.000999000999000999,48,2000,1000,960203
2,2,"LASSO",50,"Psoriasis","MONDO_0005083",0,0.212261445209453,0,-0.670102049769337,1,0,17,1.34650512093037,1.00842587453949,1.33525443458625,2.24824886573465,0.021978021978022,43,17,13.738,1.23744358713059,0.437827245337037,0.305694305694306,18,116,25.57,4.53656628861947,7.83726250004396,0.000999000999000999,49,2000,1000,960203
2,2,"ElasticNet",50,"Psoriasis","MONDO_0005083",0,0.212261445209453,0,-0.670102049769337,1,0,17,1.23906817222069,1.00842587453949,1.22871517233383,1.53378620452988,0.0719280719280719,44,42,13.738,3.05721356820498,3.79333954865583,0.00599400599400599,18,70,25.57,2.73758310520141,3.85059795285805,0.004995004995005,49,2000,1000,960203
2,2,"mRMR",50,"Psoriasis","MONDO_0005083",0,0.212261445209453,0,-0.670102049769337,1,0,17,1.31491391394198,1.00842587453949,1.30392718705521,2.03816529498291,0.028971028971029,43,28,13.738,2.03814237880332,1.91425265879731,0.047952047952048,20,100,25.57,3.91083300743058,6.45059657058799,0.000999000999000999,49,2000,1000,960203
2,2,"Boruta",50,"Psoriasis","MONDO_0005083",0,0.212261445209453,0,-0.670102049769337,1,0,17,1.29467759468153,1.00842587453949,1.28385995180137,1.90359246240108,0.03996003996004,47,26,13.738,1.89256078031737,1.6458116745318,0.0619380619380619,19,108,26.378,4.09432102509667,6.94492500038896,0.000999000999000999,50,2000,1000,960203
2,2,"RF_importance",50,"Psoriasis","MONDO_0005083",0,0.212261445209453,0,-0.670102049769337,1,0,17,1.53717748129009,1.00842587453949,1.52433363730582,3.51623240060701,0.001998001998002,48,52,13.738,3.78512156063474,5.13554446998335,0.002997002997003,22,98,26.378,3.71521722647661,6.0940606500436,0.000999000999000999,50,2000,1000,960203
2,2,"GS_full_ungrouped",100,"Psoriasis","MONDO_0005083",0.818574338001373,0.40803000839644,2.00616209875929,0.954880469288399,0.20979020979021,1,17,1.41117797175513,1.01359848018537,1.39224554825403,3.72979128048429,0.000999000999000999,86,123,56.542,2.17537405822221,3.18191280281281,0.004995004995005,37,434,102.342,4.24068319946845,11.5691055161952,0.000999000999000999,98,2000,1000,960204
2,2,"DGE",100,"Psoriasis","MONDO_0005083",1.21602256935197,0.40803000839644,2.98022827813803,1.87930086996744,0.0709290709290709,2,17,1.14513084798513,1.01359848018537,1.12976772397656,1.2339375871326,0.103896103896104,93,133,56.542,2.35223373775247,3.6606983219095,0.001998001998002,46,338,102.342,3.30265189267358,8.22037239486314,0.000999000999000999,98,2000,1000,960204
2,2,"LASSO",100,"Psoriasis","MONDO_0005083",0,0.40803000839644,0,-0.949032437681635,1,0,17,1.41492867685988,1.01359848018537,1.39594593374006,3.76497757025021,0.000999000999000999,80,100,56.542,1.76859679530261,2.08070610889041,0.040959040959041,33,872,102.342,8.52045103672002,26.8477003822725,0.000999000999000999,98,2000,1000,960204
2,2,"ElasticNet",100,"Psoriasis","MONDO_0005083",0.445290553213826,0.40803000839644,1.09131814829948,0.0866638848852317,0.361638361638362,1,17,1.1957207714446,1.01359848018537,1.17967893087795,1.70853413801223,0.050949050949051,92,141,56.542,2.49372148137668,4.04372673718686,0.000999000999000999,38,302,102.342,2.95089015262551,6.96459747436363,0.000999000999000999,98,2000,1000,960204
2,2,"mRMR",100,"Psoriasis","MONDO_0005083",0.445290553213826,0.40803000839644,1.09131814829948,0.0866638848852317,0.361638361638362,1,17,1.29530994482847,1.01359848018537,1.27793201168926,2.64280473897111,0.00899100899100899,88,102,56.542,1.80396873120866,2.17646321270975,0.035964035964036,39,316,102.342,3.08768638486643,7.45295438789121,0.000999000999000999,98,2000,1000,960204
2,2,"Boruta",100,"Psoriasis","MONDO_0005083",0,0.40803000839644,0,-0.949032437681635,1,0,17,1.34804801391291,1.01359848018537,1.32996254460284,3.13755357383704,0.002997002997003,92,118,56.542,2.08694421845708,2.94252004326446,0.00899100899100899,37,396,102.342,3.86937914052881,10.2435653223346,0.000999000999000999,98,2000,1000,960204
2,2,"RF_importance",100,"Psoriasis","MONDO_0005083",0,0.40803000839644,0,-0.949032437681635,1,0,17,1.4015598039823,1.01359848018537,1.38275641822783,3.63956087611484,0.001998001998002,94,117,56.542,2.06925825050405,2.89464149135479,0.00999000999000999,41,436,102.274,4.26305805972192,11.0986220110477,0.000999000999000999,99,2000,1000,960204
2,2,"GS_full_ungrouped",200,"Psoriasis","MONDO_0005083",0.818574338001373,0.816562432241971,1.00246387254662,0.00347125375954148,0.517482517482518,1,17,1.24745384862155,1.01364416888305,1.23066248188074,3.22526644811632,0.000999000999000999,177,380,223.788,1.6980356408744,2.81596092294747,0.011988011988012,83,1038,413.556,2.5099381945855,8.0708315457904,0.000999000999000999,196,2000,1000,960205
2,2,"DGE",200,"Psoriasis","MONDO_0005083",1.21602256935197,0.816562432241971,1.48919729997036,0.689210961423013,0.271728271728272,2,17,1.13132020514455,1.01364416888305,1.1160920566348,1.62327142283432,0.0589410589410589,180,414,223.788,1.84996514558421,3.42886307758485,0.001998001998002,83,1084,406.018,2.6698323719638,8.46664036301966,0.000999000999000999,195,2000,1000,960205
2,2,"LASSO",200,"Psoriasis","MONDO_0005083",0.818574338001373,0.816562432241971,1.00246387254662,0.00347125375954148,0.517482517482518,1,17,1.43664564199619,1.01364416888305,1.41730765696533,5.83505550438064,0.000999000999000999,170,415,223.788,1.85443366042862,3.44688961154477,0.001998001998002,78,1998,396.058,5.04471567295699,21.2169199862193,0.000999000999000999,193,2000,1000,960205
2,2,"ElasticNet",200,"Psoriasis","MONDO_0005083",0.445290553213826,0.816562432241971,0.545323340422638,-0.6405761800053,0.656343656343656,1,17,1.18042685945546,1.01364416888305,1.16453771026592,2.30066871752874,0.014985014985015,174,357,223.788,1.59525979945305,2.40135064186925,0.018981018981019,73,950,367.588,2.58441516045137,8.39962191039713,0.000999000999000999,186,2000,1000,960205
2,2,"mRMR",200,"Psoriasis","MONDO_0005083",2.10457672422521,0.816562432241971,2.57736168249479,2.22228324189429,0.027972027972028,4,17,1.26132314245051,1.01364416888305,1.24434508792211,3.4165851655263,0.000999000999000999,182,526,223.788,2.35043880815772,5.44783488109621,0.000999000999000999,84,1328,406.018,3.27079095015492,11.5137127758224,0.000999000999000999,195,2000,1000,960205
2,2,"Boruta",200,"Psoriasis","MONDO_0005083",1.21602256935197,0.816562432241971,1.48919729997036,0.689210961423013,0.271728271728272,2,17,1.13778285295842,1.01364416888305,1.12246771390415,1.71241983270076,0.047952047952048,184,442,223.788,1.97508356122759,3.93360602846269,0.000999000999000999,85,1046,402.224,2.60054099208401,8.77130406192585,0.000999000999000999,194,2000,1000,960205
2,2,"RF_importance",200,"Psoriasis","MONDO_0005083",0.413138957289345,0.816562432241971,0.505949013788232,-0.696049130319472,0.771228771228771,1,17,1.16654508860202,1.01364416888305,1.1508427951472,2.10917788693476,0.01998001998002,189,489,223.788,2.18510375891469,4.78085312457907,0.000999000999000999,88,1128,413.556,2.727562893538,9.23406610184529,0.000999000999000999,196,2000,1000,960205
2,2,"GS_full_ungrouped",500,"Psoriasis","MONDO_0005083",3.52500404916303,2.03886241421106,1.72890726936424,1.74828381967709,0.047952047952048,7,17,1.07819925079275,1.01418612651241,1.06311772820287,1.54088346769169,0.0669330669330669,451,1733,1405.773,1.2327737123988,1.71328451267151,0.0579420579420579,189,3916,2528.658,1.54864754347958,5.3074312068279,0.000999000999000999,485,2000,1000,960206
2,2,"DGE",500,"Psoriasis","MONDO_0005083",2.89020045794889,2.03886241421106,1.41755541610063,1.00150651320021,0.172827172827173,6,17,1.07826377730547,1.01418612651241,1.06318135213839,1.54243670912141,0.0669330669330669,448,2433,1405.773,1.73072039369087,5.37832180748536,0.000999000999000999,204,4860,2483.724,1.95673915459206,8.93394428591407,0.000999000999000999,481,2000,1000,960206
2,2,"LASSO",500,"Psoriasis","MONDO_0005083",2.78449363574913,2.03886241421106,1.36570943499716,0.877153946436076,0.18981018981019,5,17,1.2341808585453,1.01418612651241,1.21691751275419,5.29557414014373,0.000999000999000999,439,1963,1405.773,1.39638476482334,2.91751105239606,0.004995004995005,189,5590,2480.956,2.25316369979959,11.5531729754536,0.000999000999000999,478,2000,1000,960206
2,2,"ElasticNet",500,"Psoriasis","MONDO_0005083",2.07961326930895,2.03886241421106,1.01998705494488,0.0479389439943615,0.473526473526474,4,17,1.17816474402248,1.01418612651241,1.16168493457307,3.94718963676391,0.000999000999000999,433,2236,1405.773,1.59058397052725,4.34687559737346,0.000999000999000999,197,5782,2376.512,2.43297740554224,13.9884258355481,0.000999000999000999,471,2000,1000,960206
2,2,"mRMR",500,"Psoriasis","MONDO_0005083",3.01352579794488,2.03886241421106,1.47804274429718,1.14658534781488,0.13986013986014,6,17,1.26330953968569,1.01418612651241,1.24563875077839,5.9967413415498,0.000999000999000999,441,2197,1405.773,1.56284122685526,4.14268066237669,0.000999000999000999,198,5878,2483.724,2.3666075618708,12.7612586564083,0.000999000999000999,481,2000,1000,960206
2,2,"Boruta",500,"Psoriasis","MONDO_0005083",2.12497164307165,2.03886241421106,1.04223395765227,0.10129813202273,0.450549450549451,4,17,1.23014105748857,1.01418612651241,1.21293421920371,5.19833060249335,0.000999000999000999,437,2183,1405.773,1.55288229322942,4.06937991648041,0.000999000999000999,199,5532,2438.238,2.26885152310808,11.6500371739697,0.000999000999000999,477,2000,1000,960206
2,2,"RF_importance",500,"Psoriasis","MONDO_0005083",2.07445207985514,2.03886241421106,1.01745564850086,0.0418673665617897,0.478521478521479,4,17,1.0713605326181,1.01418612651241,1.05637466793428,1.37626616625582,0.0859140859140859,438,1979,1405.773,1.40776640325287,3.00128333342037,0.002997002997003,191,3770,2346.566,1.60660301052687,5.779001741825,0.000999000999000999,467,2000,1000,960206
2,3,"GS_full_ungrouped",10,"Psoriasis","MONDO_0005083",0,0.0374922050653954,0,-0.258829982752075,1,0,16,1.28780467704726,1.01706611792973,1.26619563305149,0.821850289032178,0.212787212787213,9,1,0.458000000000001,2.18340611353711,0.661710696573611,0.318681318681319,4,0,1.018,0,-0.636968209578252,1,10,2000,1000,960301
2,3,"DGE",10,"Psoriasis","MONDO_0005083",0,0.0374922050653954,0,-0.258829982752075,1,0,16,1.69987927380788,1.01706611792973,1.67135571998803,2.07273833229582,0.021978021978022,8,1,0.458000000000001,2.18340611353711,0.661710696573611,0.318681318681319,5,14,0.764,18.3246073298429,9.17225458575629,0.001998001998002,9,2000,1000,960301
2,3,"LASSO",10,"Psoriasis","MONDO_0005083",0,0.0374922050653954,0,-0.258829982752075,1,0,16,1.23746948858344,1.01706611792973,1.21670505660177,0.669053475300457,0.250749250749251,9,6,0.458000000000001,13.1004366812227,6.76605291588738,0.002997002997003,7,0,0.764,0,-0.529435063729058,1,9,2000,1000,960301
2,3,"ElasticNet",10,"Psoriasis","MONDO_0005083",0,0.0374922050653954,0,-0.258829982752075,1,0,16,1.2193731197931,1.01706611792973,1.19891234040435,0.614120384242978,0.25974025974026,9,5,0.458000000000001,10.9170305676856,5.54518447202463,0.003996003996004,8,4,0.764,5.23560209424084,2.24247626469533,0.0619380619380619,9,2000,1000,960301
2,3,"mRMR",10,"Psoriasis","MONDO_0005083",0,0.0374922050653954,0,-0.258829982752075,1,0,16,1.17251177807666,1.01706611792973,1.15283732041271,0.471868732466359,0.306693306693307,10,1,0.458000000000001,2.18340611353711,0.661710696573611,0.318681318681319,5,0,1.018,0,-0.636968209578252,1,10,2000,1000,960301
2,3,"Boruta",10,"Psoriasis","MONDO_0005083",0,0.0374922050653954,0,-0.258829982752075,1,0,16,1.09538279343445,1.01706611792973,1.07700254105813,0.237737035350231,0.395604395604396,10,0,0.458000000000001,0,-0.559157747289142,1,2,2,1.018,1.96463654223969,0.614442811204169,0.368631368631369,10,2000,1000,960301
2,3,"RF_importance",10,"Psoriasis","MONDO_0005083",0,0.0374922050653954,0,-0.258829982752075,1,0,16,1.64253158524636,1.01706611792973,1.614970311458,1.89865446861109,0.035964035964036,10,1,0.458000000000001,2.18340611353711,0.661710696573611,0.318681318681319,3,2,1.018,1.96463654223969,0.614442811204169,0.368631368631369,10,2000,1000,960301
2,3,"GS_full_ungrouped",20,"Psoriasis","MONDO_0005083",0,0.0717438249920287,0,-0.362849369093391,1,0,16,0.952923411482242,1.02291878852114,0.931572889437207,-0.285666312149254,0.604395604395604,19,6,2.254,2.66193433895297,1.70762141818949,0.0909090909090909,10,4,4.182,0.956480153036825,-0.0501698553341916,0.56043956043956,20,2000,1000,960302
2,3,"DGE",20,"Psoriasis","MONDO_0005083",0.397448231350597,0.0717438249920287,5.53982494513996,1.64727261713848,0.115884115884116,1,16,1.51470587736104,1.02291878852114,1.48076845821836,2.00708975327683,0.035964035964036,17,1,2.254,0.443655723158829,-0.571638349815702,0.787212787212787,9,48,3.768,12.7388535031847,13.1109972842462,0.000999000999000999,19,2000,1000,960302
2,3,"LASSO",20,"Psoriasis","MONDO_0005083",0,0.0717438249920287,0,-0.362849369093391,1,0,16,0.912591946632474,1.02291878852114,0.892145062612288,-0.450267766053968,0.67032967032967,19,7,2.254,3.1055900621118,2.16347337179053,0.050949050949051,9,6,3.768,1.59235668789809,0.66159671591693,0.276723276723277,19,2000,1000,960302
2,3,"ElasticNet",20,"Psoriasis","MONDO_0005083",0,0.0717438249920287,0,-0.362849369093391,1,0,16,0.848560482705611,1.02291878852114,0.829548241979601,-0.711594055522214,0.759240759240759,19,9,2.254,3.99290150842946,3.0751772789926,0.021978021978022,11,10,3.768,2.65392781316348,1.84725391290067,0.0789210789210789,19,2000,1000,960302
2,3,"mRMR",20,"Psoriasis","MONDO_0005083",0,0.0717438249920287,0,-0.362849369093391,1,0,16,1.39437158926249,1.02291878852114,1.36313029432021,1.51597942913188,0.0679320679320679,19,5,2.254,2.21827861579414,1.25176946458845,0.135864135864136,9,32,4.182,7.6518412242946,7.66826942684915,0.000999000999000999,20,2000,1000,960302
2,3,"Boruta",20,"Psoriasis","MONDO_0005083",0,0.0717438249920287,0,-0.362849369093391,1,0,16,1.33086332091606,1.02291878852114,1.30104494692108,1.25678841428202,0.0999000999000999,20,4,2.254,1.77462289263531,0.795917510987413,0.220779220779221,6,10,4.182,2.39120038259206,1.60378141941938,0.0979020979020979,20,2000,1000,960302
2,3,"RF_importance",20,"Psoriasis","MONDO_0005083",0,0.0717438249920287,0,-0.362849369093391,1,0,16,1.48750975078816,1.02291878852114,1.45418166865299,1.89609646326997,0.040959040959041,20,5,2.254,2.21827861579414,1.25176946458845,0.135864135864136,9,12,4.182,2.86944045911047,2.1550985110039,0.050949050949051,20,2000,1000,960302
2,3,"GS_full_ungrouped",50,"Psoriasis","MONDO_0005083",0,0.185713548058882,0,-0.619162120479874,1,0,16,1.12524917798968,1.02968671718703,1.09280731625218,0.640752936737715,0.251748251748252,44,16,13.627,1.17413957584208,0.311107649192226,0.323676323676324,18,58,22.572,2.56955520113415,3.58693305176699,0.002997002997003,47,2000,1000,960303
2,3,"DGE",50,"Psoriasis","MONDO_0005083",0.397448231350597,0.185713548058882,2.1401143616328,0.70591562573812,0.2997002997003,1,16,1.19553209028864,1.02968671718703,1.1610639142308,1.11200474502928,0.131868131868132,45,22,13.627,1.61444191678286,1.09772623122061,0.135864135864136,21,124,24.194,5.1252376622303,9.46781595105917,0.000999000999000999,48,2000,1000,960303
2,3,"LASSO",50,"Psoriasis","MONDO_0005083",0,0.185713548058882,0,-0.619162120479874,1,0,16,1.20543760310113,1.02968671718703,1.17068384294033,1.17842189640013,0.121878121878122,41,20,13.627,1.4676744698026,0.83552003721115,0.188811188811189,18,134,24.194,5.5385632801521,10.4164378726931,0.000999000999000999,48,2000,1000,960303
2,3,"ElasticNet",50,"Psoriasis","MONDO_0005083",0,0.185713548058882,0,-0.619162120479874,1,0,16,1.05053027948547,1.02968671718703,1.02024262520874,0.139757532849408,0.426573426573427,47,50,13.627,3.66918617450649,4.76861294735308,0.001998001998002,25,70,24.194,2.89327932545259,4.34525757423618,0.000999000999000999,48,2000,1000,960303
2,3,"mRMR",50,"Psoriasis","MONDO_0005083",0,0.185713548058882,0,-0.619162120479874,1,0,16,1.3047031901199,1.02968671718703,1.26708752122604,1.84400455160851,0.038961038961039,46,36,13.627,2.64181404564468,2.93316958928684,0.015984015984016,21,106,25.178,4.21002462467233,7.144161176697,0.000999000999000999,49,2000,1000,960303
2,3,"Boruta",50,"Psoriasis","MONDO_0005083",0.397448231350597,0.185713548058882,2.1401143616328,0.70591562573812,0.2997002997003,1,16,1.17485313760614,1.02968671718703,1.14098115280702,0.97335093108725,0.161838161838162,49,34,13.627,2.49504659866442,2.67096339527738,0.020979020979021,21,96,26.208,3.66300366300366,6.06650560033823,0.000999000999000999,50,2000,1000,960303
2,3,"RF_importance",50,"Psoriasis","MONDO_0005083",0.397448231350597,0.185713548058882,2.1401143616328,0.70591562573812,0.2997002997003,1,16,1.25456378120883,1.02968671718703,1.21839367282131,1.50781633255029,0.0749250749250749,49,58,13.627,4.25625596242753,5.81743772339092,0.000999000999000999,24,118,26.208,4.502442002442,7.97880390397534,0.000999000999000999,50,2000,1000,960303
2,3,"GS_full_ungrouped",100,"Psoriasis","MONDO_0005083",0,0.383486446172056,0,-0.902996762019959,1,0,16,1.26324168646633,1.03265188043022,1.22329868410257,2.26273600997834,0.015984015984016,84,71,57.137,1.24262736930535,0.665173620832204,0.234765234765235,31,524,99.638,5.25903771653385,14.5933980355957,0.000999000999000999,97,2000,1000,960304
2,3,"DGE",100,"Psoriasis","MONDO_0005083",0.397448231350597,0.383486446172056,1.03640750623107,0.0328758602398783,0.518481518481518,1,16,1.20877081704246,1.03265188043022,1.17055015339619,1.72822323224988,0.04995004995005,92,147,57.137,2.5727637082801,4.31180098743738,0.000999000999000999,47,440,101.242,4.34602240177002,12.3687404276213,0.000999000999000999,98,2000,1000,960304
2,3,"LASSO",100,"Psoriasis","MONDO_0005083",0,0.383486446172056,0,-0.902996762019959,1,0,16,1.32373492983251,1.03265188043022,1.28187916462324,2.85634525263322,0.003996003996004,81,102,57.137,1.78518298125558,2.15261373089484,0.035964035964036,35,870,99.638,8.73160842248941,26.4920028124516,0.000999000999000999,97,2000,1000,960304
2,3,"ElasticNet",100,"Psoriasis","MONDO_0005083",0,0.383486446172056,0,-0.902996762019959,1,0,16,1.18014490783746,1.03265188043022,1.14282937958317,1.44732236898112,0.0669330669330669,91,90,57.137,1.57516145404904,1.5768304624835,0.0659340659340659,38,264,95.71,2.75833246264758,6.28793938543345,0.000999000999000999,95,2000,1000,960304
2,3,"mRMR",100,"Psoriasis","MONDO_0005083",0.397448231350597,0.383486446172056,1.03640750623107,0.0328758602398783,0.518481518481518,1,16,1.22476216351928,1.03265188043022,1.18603586235569,1.88514341941322,0.038961038961039,91,140,57.137,2.45025115074295,3.97592741419743,0.000999000999000999,43,386,101.242,3.81264692518915,10.3970910995123,0.000999000999000999,98,2000,1000,960304
2,3,"Boruta",100,"Psoriasis","MONDO_0005083",0.397448231350597,0.383486446172056,1.03640750623107,0.0328758602398783,0.518481518481518,1,16,1.21115102948671,1.03265188043022,1.17285510484145,1.7515798259415,0.04995004995005,93,162,57.137,2.83529061728827,5.03153007295156,0.000999000999000999,46,376,101.242,3.71387368878529,10.0319708535662,0.000999000999000999,98,2000,1000,960304
2,3,"RF_importance",100,"Psoriasis","MONDO_0005083",0.397448231350597,0.383486446172056,1.03640750623107,0.0328758602398783,0.518481518481518,1,16,1.09310053398378,1.03265188043022,1.05853730061322,0.593171690898232,0.290709290709291,91,124,57.137,2.1702224478009,3.20821638964897,0.00599400599400599,40,292,101.242,2.88417850299283,6.96496078761883,0.000999000999000999,98,2000,1000,960304
2,3,"GS_full_ungrouped",200,"Psoriasis","MONDO_0005083",0.818574338001373,0.769445787608547,1.06384926811481,0.0815537305192434,0.451548451548452,1,16,1.25310898395702,1.02413290720104,1.22358043096357,3.0330038940441,0.001998001998002,170,402,225.457,1.78304510394443,3.1970870138627,0.00599400599400599,80,1446,401.652,3.60013145708225,13.6008007447644,0.000999000999000999,193,2000,1000,960305
2,3,"DGE",200,"Psoriasis","MONDO_0005083",1.21602256935197,0.769445787608547,1.5803875840706,0.741320519804558,0.235764235764236,2,16,1.07765525295182,1.02413290720104,1.05226113268546,0.708953901998658,0.228771228771229,186,573,225.457,2.54150458845811,6.29379364833998,0.000999000999000999,94,1402,419.082,3.34540734271575,12.6703545179367,0.000999000999000999,197,2000,1000,960305
2,3,"LASSO",200,"Psoriasis","MONDO_0005083",0.818574338001373,0.769445787608547,1.06384926811481,0.0815537305192434,0.451548451548452,1,16,1.43188012986539,1.02413290720104,1.39813897180467,5.40099617238435,0.000999000999000999,169,421,225.457,1.86731838000151,3.54116552880462,0.004995004995005,79,2132,389.496,5.47374042352168,23.57854703083,0.000999000999000999,191,2000,1000,960305
2,3,"ElasticNet",200,"Psoriasis","MONDO_0005083",0,0.769445787608547,0,-1.27728528340535,1,0,16,1.22268904231625,1.02413290720104,1.19387731193783,2.6300631031973,0.004995004995005,167,354,225.457,1.57014419601077,2.32783602874627,0.01998001998002,68,1592,391.502,4.06639046543823,17.0509440671703,0.000999000999000999,190,2000,1000,960305
2,3,"mRMR",200,"Psoriasis","MONDO_0005083",0.840711833010008,0.769445787608547,1.09261996952762,0.118302124027083,0.407592407592408,2,16,1.1584444674953,1.02413290720104,1.13114661129417,1.77908317392375,0.042957042957043,182,434,225.457,1.92497904256687,3.77658767060699,0.002997002997003,80,1240,406.854,3.04777635220497,11.1717384168911,0.000999000999000999,195,2000,1000,960305
2,3,"Boruta",200,"Psoriasis","MONDO_0005083",0.397448231350597,0.769445787608547,0.516538315955791,-0.617518494120034,0.768231768231768,1,16,1.09985770832257,1.02413290720104,1.07394040420836,1.00304634410381,0.156843156843157,184,518,225.457,2.29755563145079,5.29777689456074,0.001998001998002,88,1260,406.854,3.09693403530505,11.4399204262122,0.000999000999000999,195,2000,1000,960305
2,3,"RF_importance",200,"Psoriasis","MONDO_0005083",1.21602256935197,0.769445787608547,1.5803875840706,0.741320519804558,0.235764235764236,2,16,1.13495110423718,1.02413290720104,1.10820685113908,1.46789144046578,0.0819180819180819,180,460,225.457,2.04030036769761,4.24743195421172,0.002997002997003,84,1194,401.652,2.97272265543306,10.3189427935062,0.000999000999000999,193,2000,1000,960305
2,3,"GS_full_ungrouped",500,"Psoriasis","MONDO_0005083",2.10457672422521,1.92690614213781,1.09220510444286,0.202170901368624,0.412587412587413,4,16,1.04234572655706,1.02158851942972,1.02031855951056,0.520482379258486,0.297702297702298,439,2110,1425.48,1.48020315963746,3.41850718795276,0.003996003996004,202,4562,2485.84,1.83519454188524,8.03696541544297,0.000999000999000999,480,2000,1000,960306
2,3,"DGE",500,"Psoriasis","MONDO_0005083",2.07242512830073,1.92690614213781,1.07551949883842,0.165585682520777,0.425574425574426,4,16,1.03025149088288,1.02158851942972,1.00847990290454,0.217222093787813,0.40959040959041,453,2530,1425.48,1.77484075539467,5.51599596686376,0.000999000999000999,207,5328,2502.168,2.12935342471009,11.2361218159134,0.000999000999000999,481,2000,1000,960306
2,3,"LASSO",500,"Psoriasis","MONDO_0005083",2.17281396493487,1.92690614213781,1.12761795575795,0.279817883210531,0.375624375624376,4,16,1.23887327010904,1.02158851942972,1.21269302321508,5.44836708119673,0.000999000999000999,433,1887,1425.48,1.32376462665208,2.30484052676906,0.020979020979021,186,5732,2410.472,2.37795751205573,13.453689308447,0.000999000999000999,473,2000,1000,960306
2,3,"ElasticNet",500,"Psoriasis","MONDO_0005083",2.17281396493487,1.92690614213781,1.12761795575795,0.279817883210531,0.375624375624376,4,16,1.2273381778029,1.02158851942972,1.20140169398931,5.15912719205187,0.000999000999000999,434,1868,1425.48,1.31043578303449,2.20995412962785,0.022977022977023,185,5734,2394.77,2.39438442940241,13.4855538594624,0.000999000999000999,472,2000,1000,960306
2,3,"mRMR",500,"Psoriasis","MONDO_0005083",2.56823524473106,1.92690614213781,1.33282840744995,0.729766747099566,0.224775224775225,5,16,1.24017590626848,1.02158851942972,1.21396813167085,5.48103039487936,0.000999000999000999,438,2059,1425.48,1.44442573729551,3.16381212194214,0.003996003996004,193,5824,2485.84,2.34287001576932,12.922258627088,0.000999000999000999,480,2000,1000,960306
2,3,"Boruta",500,"Psoriasis","MONDO_0005083",1.58850734578631,1.92690614213781,0.824382314762845,-0.385063125682706,0.645354645354645,3,16,1.22250421265635,1.02158851942972,1.19666988166506,5.03791658480131,0.000999000999000999,439,2251,1425.48,1.57911720964166,4.12266413515859,0.002997002997003,195,5824,2474.684,2.35343179169542,12.9022854618893,0.000999000999000999,479,2000,1000,960306
2,3,"RF_importance",500,"Psoriasis","MONDO_0005083",1.21602256935197,1.92690614213781,0.631075143080323,-0.808912601004267,0.809190809190809,2,16,1.12174557691909,1.02158851942972,1.09804050807587,2.51141607162282,0.00899100899100899,439,2004,1425.48,1.40584224261301,2.88914097232284,0.00599400599400599,188,4208,2445.522,1.72069603135854,6.80090414279814,0.000999000999000999,476,2000,1000,960306
2,4,"GS_full_ungrouped",10,"Psoriasis","MONDO_0005083",0,0.0422818951775399,0,-0.29679144769165,1,0,17,1.61924352916545,1.01121680094009,1.60128226475281,1.80708085420137,0.0559440559440559,8,0,0.544,0,-0.55960414841977,1,2,22,0.912,24.1228070175439,13.7428195659732,0.000999000999000999,9,2000,1000,960401
2,4,"DGE",10,"Psoriasis","MONDO_0005083",0,0.0422818951775399,0,-0.29679144769165,1,0,17,1.83004499649855,1.01121680094009,1.80974544212202,2.4335916274482,0.016983016983017,9,0,0.544,0,-0.55960414841977,1,3,22,1.102,19.9637023593466,12.5601000755063,0.000999000999000999,10,2000,1000,960401
2,4,"LASSO",10,"Psoriasis","MONDO_0005083",0,0.0422818951775399,0,-0.29679144769165,1,0,17,1.64534623947918,1.01121680094009,1.62709543388673,1.88465920045003,0.048951048951049,10,1,0.544,1.83823529411765,0.469079947940102,0.355644355644356,6,12,1.102,10.8892921960073,6.54990767646988,0.000999000999000999,10,2000,1000,960401
2,4,"ElasticNet",10,"Psoriasis","MONDO_0005083",0,0.0422818951775399,0,-0.29679144769165,1,0,17,1.7633425159981,1.01121680094009,1.74378285087706,2.23534906697407,0.026973026973027,9,1,0.544,1.83823529411765,0.469079947940102,0.355644355644356,5,14,0.912,15.3508771929825,8.52930683229599,0.000999000999000999,9,2000,1000,960401
2,4,"mRMR",10,"Psoriasis","MONDO_0005083",0,0.0422818951775399,0,-0.29679144769165,1,0,17,2.0261646233711,1.01121680094009,2.00368963558303,3.01646735708741,0.00699300699300699,10,1,0.544,1.83823529411765,0.469079947940102,0.355644355644356,5,22,1.102,19.9637023593466,12.5601000755063,0.000999000999000999,10,2000,1000,960401
2,4,"Boruta",10,"Psoriasis","MONDO_0005083",0,0.0422818951775399,0,-0.29679144769165,1,0,17,2.13551376736026,1.01121680094009,2.11182583732286,3.34145758424876,0.002997002997003,10,0,0.544,0,-0.55960414841977,1,4,12,1.102,10.8892921960073,6.54990767646988,0.000999000999000999,10,2000,1000,960401
2,4,"RF_importance",10,"Psoriasis","MONDO_0005083",0,0.0422818951775399,0,-0.29679144769165,1,0,17,1.66764683702354,1.01121680094009,1.64914866473064,1.95093750860483,0.043956043956044,10,1,0.544,1.83823529411765,0.469079947940102,0.355644355644356,5,10,1.102,9.07441016333938,5.3478691966626,0.004995004995005,10,2000,1000,960401
2,4,"GS_full_ungrouped",20,"Psoriasis","MONDO_0005083",0,0.0842794953853791,0,-0.417383126187665,1,0,17,1.67192023430286,1.03342281439522,1.61784722672424,2.70116283275567,0.00799200799200799,18,2,2.392,0.836120401337793,-0.162570950685009,0.528471528471528,6,68,3.72,18.2795698924731,18.6326656197793,0.000999000999000999,19,2000,1000,960402
2,4,"DGE",20,"Psoriasis","MONDO_0005083",0,0.0842794953853791,0,-0.417383126187665,1,0,17,1.40772625509595,1.03342281439522,1.36219777179952,1.58349041150335,0.0609390609390609,17,1,2.392,0.418060200668896,-0.577292763656971,0.785214785214785,8,56,3.72,15.0537634408602,15.1542588457072,0.000999000999000999,19,2000,1000,960402
2,4,"LASSO",20,"Psoriasis","MONDO_0005083",0,0.0842794953853791,0,-0.417383126187665,1,0,17,1.41308896433026,1.03342281439522,1.36738704105079,1.60617734870142,0.0589410589410589,19,9,2.392,3.76254180602007,2.74048174011873,0.025974025974026,10,32,3.72,8.60215053763441,8.19744529756313,0.000999000999000999,19,2000,1000,960402
2,4,"ElasticNet",20,"Psoriasis","MONDO_0005083",0,0.0842794953853791,0,-0.417383126187665,1,0,17,1.37198035053106,1.03342281439522,1.32760795622068,1.43226739035491,0.0809190809190809,18,2,2.392,0.836120401337793,-0.162570950685009,0.528471528471528,10,34,3.72,9.13978494623656,8.77717975990847,0.000999000999000999,19,2000,1000,960402
2,4,"mRMR",20,"Psoriasis","MONDO_0005083",0,0.0842794953853791,0,-0.417383126187665,1,0,17,1.4208436953131,1.03342281439522,1.37489096962177,1.63898373202542,0.056943056943057,17,5,2.392,2.09030100334448,1.08159448823088,0.171828171828172,8,42,3.72,11.2903225806452,11.0961176092898,0.000999000999000999,19,2000,1000,960402
2,4,"Boruta",20,"Psoriasis","MONDO_0005083",0,0.0842794953853791,0,-0.417383126187665,1,0,17,1.74455930017844,1.03342281439522,1.6881370102124,3.00846234381331,0.003996003996004,20,4,2.392,1.67224080267559,0.666872675258915,0.253746253746254,9,60,4.278,14.0252454417952,15.0542738579955,0.000999000999000999,20,2000,1000,960402
2,4,"RF_importance",20,"Psoriasis","MONDO_0005083",0,0.0842794953853791,0,-0.417383126187665,1,0,17,1.56781340628361,1.03342281439522,1.51710740700178,2.26073897869786,0.025974025974026,20,4,2.392,1.67224080267559,0.666872675258915,0.253746253746254,8,36,4.278,8.41514726507714,8.57025367580728,0.000999000999000999,20,2000,1000,960402
2,4,"GS_full_ungrouped",50,"Psoriasis","MONDO_0005083",0.818574338001373,0.217391292817077,3.76544215453081,1.83618970757316,0.0809190809190809,1,17,1.38773775349392,1.01649124825599,1.36522351360612,2.51989593111954,0.00799200799200799,43,21,14.298,1.4687368862778,0.874738722632,0.191808191808192,16,182,25.956,7.0118662351672,13.4422415790075,0.000999000999000999,48,2000,1000,960403
2,4,"DGE",50,"Psoriasis","MONDO_0005083",0.397448231350597,0.217391292817077,1.8282619611864,0.549946808980664,0.334665334665335,1,17,1.32448051722964,1.01649124825599,1.30299254371552,2.09052716932051,0.024975024975025,44,39,14.298,2.72765421737306,3.22408175566333,0.004995004995005,25,172,25.956,6.62659885960857,12.5808023965328,0.000999000999000999,48,2000,1000,960403
2,4,"LASSO",50,"Psoriasis","MONDO_0005083",0,0.217391292817077,0,-0.66397689952213,1,0,17,1.37341594545072,1.01649124825599,1.35113405826869,2.42268433368994,0.00899100899100899,43,21,14.298,1.4687368862778,0.874738722632,0.191808191808192,18,152,26.292,5.78122622851057,10.4266860651381,0.000999000999000999,49,2000,1000,960403
2,4,"ElasticNet",50,"Psoriasis","MONDO_0005083",0.397448231350597,0.217391292817077,1.8282619611864,0.549946808980664,0.334665334665335,1,17,1.31516933801974,1.01649124825599,1.29383242627637,2.02732602863933,0.031968031968032,48,28,14.298,1.9583158483704,1.78837212436641,0.0609390609390609,21,132,26.292,5.02053856686445,8.76781215653434,0.000999000999000999,49,2000,1000,960403
2,4,"mRMR",50,"Psoriasis","MONDO_0005083",0.397448231350597,0.217391292817077,1.8282619611864,0.549946808980664,0.334665334665335,1,17,1.3769343100908,1.01649124825599,1.35459534201915,2.44656580493785,0.00899100899100899,45,28,14.298,1.9583158483704,1.78837212436641,0.0609390609390609,22,124,26.292,4.71626350220599,8.10426259309283,0.000999000999000999,49,2000,1000,960403
2,4,"Boruta",50,"Psoriasis","MONDO_0005083",0,0.217391292817077,0,-0.66397689952213,1,0,17,1.36142327280294,1.01649124825599,1.3393359511346,2.34128212092292,0.014985014985015,48,37,14.298,2.58777451391803,2.96304364088208,0.011988011988012,24,180,26.292,6.84618895481515,12.7491095371834,0.000999000999000999,49,2000,1000,960403
2,4,"RF_importance",50,"Psoriasis","MONDO_0005083",0,0.217391292817077,0,-0.66397689952213,1,0,17,1.34733533944284,1.01649124825599,1.32547657616775,2.24565798587753,0.018981018981019,49,39,14.298,2.72765421737306,3.22408175566333,0.004995004995005,24,136,28.554,4.76290537227709,8.4397974477963,0.000999000999000999,50,2000,1000,960403
2,4,"GS_full_ungrouped",100,"Psoriasis","MONDO_0005083",0.818574338001373,0.39765403893968,2.05850879871371,0.949805594408838,0.207792207792208,1,17,1.43685251202969,1.01639454076506,1.41367594413498,3.91233603377938,0.000999000999000999,89,78,59.69,1.30675154967331,0.850931517037131,0.190809190809191,37,438,104.93,4.17421137901458,10.9936607603779,0.000999000999000999,97,2000,1000,960404
2,4,"DGE",100,"Psoriasis","MONDO_0005083",1.21602256935197,0.39765403893968,3.05799124433495,1.84664652716073,0.0619380619380619,2,17,1.10890292637302,1.01639454076506,1.09101621653568,0.860784942076845,0.196803196803197,93,147,59.69,2.46272407438432,4.05760954410224,0.002997002997003,48,450,106.328,4.23218719434204,11.3627920929646,0.000999000999000999,98,2000,1000,960404
2,4,"LASSO",100,"Psoriasis","MONDO_0005083",0,0.39765403893968,0,-0.897305337058168,1,0,17,1.39273318235348,1.01639454076506,1.3702682634493,3.50180833523381,0.000999000999000999,80,90,59.69,1.50779024962305,1.40861465217889,0.0899100899100899,33,836,106.328,7.86246332104431,24.125070509258,0.000999000999000999,98,2000,1000,960404
2,4,"ElasticNet",100,"Psoriasis","MONDO_0005083",0.840711833010008,0.39765403893968,2.11417903676199,0.999758796124865,0.15984015984016,2,17,1.17254220316137,1.01639454076506,1.15362898572711,1.45294456981295,0.0809190809190809,93,188,59.69,3.1496062992126,5.96302692250324,0.000999000999000999,44,500,106.328,4.70243021593559,13.0159369655415,0.000999000999000999,98,2000,1000,960404
2,4,"mRMR",100,"Psoriasis","MONDO_0005083",0.840711833010008,0.39765403893968,2.11417903676199,0.999758796124865,0.15984015984016,2,17,1.2966646287087,1.01639454076506,1.27574930472637,2.60789624455073,0.00799200799200799,92,174,59.69,2.91506114927123,5.31239659817119,0.000999000999000999,45,526,108.732,4.83758231247471,13.5380887197266,0.000999000999000999,99,2000,1000,960404
2,4,"Boruta",100,"Psoriasis","MONDO_0005083",0.397448231350597,0.39765403893968,0.999482445621245,-0.000464404306275057,0.52047952047952,1,17,1.12985437924815,1.01639454076506,1.11162972048009,1.05573694595226,0.146853146853147,92,147,59.69,2.46272407438432,4.05760954410224,0.002997002997003,45,480,104.93,4.57447822357762,12.3799571903652,0.000999000999000999,97,2000,1000,960404
2,4,"RF_importance",100,"Psoriasis","MONDO_0005083",0.397448231350597,0.39765403893968,0.999482445621245,-0.000464404306275057,0.52047952047952,1,17,1.19842617106913,1.01639454076506,1.1790954427668,1.69379332822309,0.041958041958042,95,171,59.69,2.8648014742838,5.17297581438575,0.000999000999000999,48,448,112.356,3.98732599950158,10.6892818690854,0.000999000999000999,100,2000,1000,960404
2,4,"GS_full_ungrouped",200,"Psoriasis","MONDO_0005083",1.87554456202946,0.810279700677332,2.31468782996988,1.73467971283851,0.0609390609390609,3,17,1.21125288470938,1.01939129416518,1.18821191787921,2.62517609755141,0.00899100899100899,175,267,234.633,1.13794734755981,0.580997046615671,0.244755244755245,72,960,416.482,2.30502158556672,6.80266493058243,0.000999000999000999,193,2000,1000,960405
2,4,"DGE",200,"Psoriasis","MONDO_0005083",1.65928617101138,0.810279700677332,2.04779432290399,1.3825240591225,0.113886113886114,3,17,1.1026632300024,1.01939129416518,1.08168790170552,1.13938123277654,0.130869130869131,185,530,234.633,2.25884679478164,5.30192339937995,0.000999000999000999,89,1444,436.992,3.30440831868776,12.2773800009172,0.000999000999000999,197,2000,1000,960405
2,4,"LASSO",200,"Psoriasis","MONDO_0005083",0.818574338001373,0.810279700677332,1.01023675814303,0.0135070062041699,0.496503496503497,1,17,1.40746217088145,1.01939129416518,1.38068882767346,5.30984021774118,0.000999000999000999,171,379,234.633,1.6152885570231,2.5914295618613,0.017982017982018,76,1990,416.482,4.77811766174769,19.6941328828856,0.000999000999000999,193,2000,1000,960405
2,4,"ElasticNet",200,"Psoriasis","MONDO_0005083",1.65928617101138,0.810279700677332,2.04779432290399,1.3825240591225,0.113886113886114,3,17,1.2913056298402,1.01939129416518,1.26674186569124,3.72051025205695,0.000999000999000999,172,532,234.633,2.26737074495063,5.33782398000934,0.000999000999000999,80,2116,426.604,4.9601035152038,21.8878919122916,0.000999000999000999,195,2000,1000,960405
2,4,"mRMR",200,"Psoriasis","MONDO_0005083",1.65928617101138,0.810279700677332,2.04779432290399,1.3825240591225,0.113886113886114,3,17,1.16596766277062,1.01939129416518,1.14378813066623,2.00555399461382,0.028971028971029,185,650,234.633,2.77028380492088,7.45595823714312,0.000999000999000999,94,1442,436.992,3.29983157586409,12.2529961231309,0.000999000999000999,197,2000,1000,960405
2,4,"Boruta",200,"Psoriasis","MONDO_0005083",1.65928617101138,0.810279700677332,2.04779432290399,1.3825240591225,0.113886113886114,3,17,1.14877695764827,1.01939129416518,1.12692443443816,1.77033949410215,0.03996003996004,184,677,234.633,2.88535713220221,7.94061607563983,0.000999000999000999,94,1616,426.604,3.78805637077946,15.4098690235516,0.000999000999000999,195,2000,1000,960405
2,4,"RF_importance",200,"Psoriasis","MONDO_0005083",1.65928617101138,0.810279700677332,2.04779432290399,1.3825240591225,0.113886113886114,3,17,1.13684160590887,1.01939129416518,1.11521612202886,1.60703218484193,0.0539460539460539,182,557,234.633,2.37392012206297,5.78658123787666,0.000999000999000999,89,1392,423.384,3.28779547644691,12.3032665436434,0.000999000999000999,194,2000,1000,960405
2,4,"GS_full_ungrouped",500,"Psoriasis","MONDO_0005083",2.64547756981439,1.99978451014799,1.32288131865699,0.788024557714891,0.221778221778222,5,17,1.00904469395644,1.01984996551532,0.989405038070063,-0.26341530777228,0.62037962037962,442,1482,1486.185,0.997184065240868,-0.0203176177322274,0.505494505494505,182,3184,2654.462,1.19948976478096,1.88117473247591,0.043956043956044,485,2000,1000,960406
2,4,"DGE",500,"Psoriasis","MONDO_0005083",2.07242512830073,1.99978451014799,1.03632422282707,0.0886529445144115,0.456543456543457,4,17,1.03820784307796,1.01984996551532,1.01800056692983,0.447535810817612,0.341658341658342,456,2724,1486.185,1.83288083246702,6.00942699957404,0.000999000999000999,214,5664,2638.438,2.14672469089666,11.144866853476,0.000999000999000999,484,2000,1000,960406
2,4,"LASSO",500,"Psoriasis","MONDO_0005083",2.17281396493487,1.99978451014799,1.0865240499208,0.211170706481698,0.400599400599401,4,17,1.24883560698487,1.01984996551532,1.22452875345624,5.58230516414438,0.000999000999000999,436,1999,1486.185,1.34505461971423,2.48964853939124,0.00899100899100899,190,5746,2560.242,2.24431909171086,11.9324792814191,0.000999000999000999,478,2000,1000,960406
2,4,"ElasticNet",500,"Psoriasis","MONDO_0005083",3.01352579794488,1.99978451014799,1.50692526252335,1.23720244161553,0.120879120879121,6,17,1.255018864386,1.01984996551532,1.2305916623254,5.73304312963444,0.000999000999000999,437,2214,1486.185,1.48972032418575,3.533444910342,0.000999000999000999,194,6110,2560.242,2.38649315181924,13.2958667259258,0.000999000999000999,478,2000,1000,960406
2,4,"mRMR",500,"Psoriasis","MONDO_0005083",3.01352579794488,1.99978451014799,1.50692526252335,1.23720244161553,0.120879120879121,6,17,1.26045811724195,1.01984996551532,1.23592504766625,5.86564344951471,0.000999000999000999,441,2412,1486.185,1.62294734504789,4.49470854498503,0.000999000999000999,201,6140,2638.438,2.32713446364857,12.8982457702705,0.000999000999000999,484,2000,1000,960406
2,4,"Boruta",500,"Psoriasis","MONDO_0005083",3.42666475523423,1.99978451014799,1.71351700037953,1.74141050025709,0.04995004995005,7,17,1.24007509234417,1.01984996551532,1.21593875008621,5.36873777273275,0.000999000999000999,441,2341,1486.185,1.5751740193852,4.15001299922919,0.000999000999000999,204,6106,2620.262,2.33030132101294,12.7773821445041,0.000999000999000999,482,2000,1000,960406
2,4,"RF_importance",500,"Psoriasis","MONDO_0005083",2.47706150065955,1.99978451014799,1.23866421011344,0.582484175297902,0.278721278721279,5,17,1.13084462658196,1.01984996551532,1.10883430388758,2.70587302194282,0.004995004995005,438,2397,1486.185,1.61285438892197,4.42188554236055,0.000999000999000999,206,5634,2596.62,2.16974374379,11.3025952985257,0.000999000999000999,481,2000,1000,960406
2,5,"GS_full_ungrouped",10,"Psoriasis","MONDO_0005083",0,0.0407029894676489,0,-0.294947089107588,1,0,17,1.20868506843115,1.01263999137854,1.19359800000169,0.59573260422795,0.267732267732268,10,1,0.54,1.85185185185185,0.513909961253779,0.367632367632368,4,0,0.910000000000001,0,-0.560646924858355,1,10,2000,1000,960501
2,5,"DGE",10,"Psoriasis","MONDO_0005083",0,0.0407029894676489,0,-0.294947089107588,1,0,17,1.41932952046045,1.01263999137854,1.40161314242416,1.23582910580912,0.115884115884116,8,0,0.54,0,-0.60328560668922,1,5,14,0.804,17.4129353233831,9.32262339885218,0.000999000999000999,9,2000,1000,960501
2,5,"LASSO",10,"Psoriasis","MONDO_0005083",0,0.0407029894676489,0,-0.294947089107588,1,0,17,1.06739609335513,1.01263999137854,1.05407262446949,0.166390279818832,0.395604395604396,9,1,0.54,1.85185185185185,0.513909961253779,0.367632367632368,4,0,0.804,0,-0.568004638729703,1,9,2000,1000,960501
2,5,"ElasticNet",10,"Psoriasis","MONDO_0005083",0,0.0407029894676489,0,-0.294947089107588,1,0,17,1.31511051312038,1.01263999137854,1.29869501927341,0.919133264290534,0.184815184815185,9,1,0.54,1.85185185185185,0.513909961253779,0.367632367632368,6,2,0.804,2.48756218905473,0.844942223781995,0.308691308691309,9,2000,1000,960501
2,5,"mRMR",10,"Psoriasis","MONDO_0005083",0,0.0407029894676489,0,-0.294947089107588,1,0,17,1.46153059015156,1.01263999137854,1.44328744923646,1.364067741159,0.0939060939060939,10,2,0.54,3.7037037037037,1.63110552919678,0.103896103896104,7,4,0.910000000000001,4.39560439560439,1.90373516243111,0.0959040959040959,10,2000,1000,960501
2,5,"Boruta",10,"Psoriasis","MONDO_0005083",0,0.0407029894676489,0,-0.294947089107588,1,0,17,1.31287092078554,1.01263999137854,1.29648338201446,0.912327695927873,0.187812187812188,10,0,0.54,0,-0.60328560668922,1,3,10,0.910000000000001,10.989010989011,5.60030829336532,0.004995004995005,10,2000,1000,960501
2,5,"RF_importance",10,"Psoriasis","MONDO_0005083",0,0.0407029894676489,0,-0.294947089107588,1,0,17,1.25568176266167,1.01263999137854,1.24000807133073,0.738543958968256,0.234765234765235,10,6,0.54,11.1111111111111,6.09988780096877,0.002997002997003,6,4,0.910000000000001,4.39560439560439,1.90373516243111,0.0959040959040959,10,2000,1000,960501
2,5,"GS_full_ungrouped",20,"Psoriasis","MONDO_0005083",0,0.080732578071772,0,-0.410849454775264,1,0,17,1.07539496685937,1.02097095805595,1.0533061282243,0.223238597555392,0.388611388611389,20,1,2.311,0.43271311120727,-0.55027935758423,0.796203796203796,6,12,4.266,2.81293952180028,2.07448430743179,0.0559440559440559,20,2000,1000,960502
2,5,"DGE",20,"Psoriasis","MONDO_0005083",0,0.080732578071772,0,-0.410849454775264,1,0,17,1.40828106081054,1.02097095805595,1.37935467184305,1.58868422335943,0.0699300699300699,17,1,2.311,0.43271311120727,-0.55027935758423,0.796203796203796,9,46,3.754,12.2535961640916,12.6038867698169,0.000999000999000999,19,2000,1000,960502
2,5,"LASSO",20,"Psoriasis","MONDO_0005083",0,0.080732578071772,0,-0.410849454775264,1,0,17,1.2672005515977,1.02097095805595,1.24117198594033,1.00999449227341,0.155844155844156,18,1,2.311,0.43271311120727,-0.55027935758423,0.796203796203796,7,8,3.194,2.50469630557295,1.59462442712466,0.115884115884116,18,2000,1000,960502
2,5,"ElasticNet",20,"Psoriasis","MONDO_0005083",0,0.080732578071772,0,-0.410849454775264,1,0,17,1.2501064457484,1.02097095805595,1.22442899661784,0.939877198451009,0.164835164835165,18,8,2.311,3.46170488965816,2.38790180419274,0.043956043956044,9,16,3.194,5.0093926111459,4.249013818926,0.002997002997003,18,2000,1000,960502
2,5,"mRMR",20,"Psoriasis","MONDO_0005083",0,0.080732578071772,0,-0.410849454775264,1,0,17,1.25431512796695,1.02097095805595,1.22855123161909,0.957140541168385,0.161838161838162,20,4,2.311,1.73085244482908,0.708941140320187,0.230769230769231,10,38,4.266,8.90764181903422,9.04844241361572,0.000999000999000999,20,2000,1000,960502
2,5,"Boruta",20,"Psoriasis","MONDO_0005083",0,0.080732578071772,0,-0.410849454775264,1,0,17,1.0699782450626,1.02097095805595,1.04800066703168,0.201020069302078,0.3996003996004,20,3,2.311,1.29813933362181,0.289200974352048,0.351648351648352,7,20,4.266,4.6882325363338,4.220317570873,0.00699300699300699,20,2000,1000,960502
2,5,"RF_importance",20,"Psoriasis","MONDO_0005083",0,0.080732578071772,0,-0.410849454775264,1,0,17,1.08729201890159,1.02097095805595,1.06495881231717,0.272038406157161,0.371628371628372,19,7,2.311,3.02899177845089,1.9681616382246,0.0689310689310689,9,22,3.754,5.86041555673948,5.44360455432655,0.000999000999000999,19,2000,1000,960502
2,5,"GS_full_ungrouped",50,"Psoriasis","MONDO_0005083",0,0.210965031069468,0,-0.655426598316586,1,0,17,1.18413167067135,1.01826534260906,1.1628910669171,1.05111109747889,0.14985014985015,46,25,14.258,1.75340159910226,1.36307568731465,0.114885114885115,20,106,24.698,4.29184549356223,7.23552355814155,0.000999000999000999,48,2000,1000,960503
2,5,"DGE",50,"Psoriasis","MONDO_0005083",0.397448231350597,0.210965031069468,1.88395313353957,0.579366395387129,0.33966033966034,1,17,1.21562207615133,1.01826534260906,1.19381660681546,1.25066886818981,0.111888111888112,44,27,14.258,1.89367372703044,1.61686002678861,0.0819180819180819,23,134,24.698,5.42554052959754,9.7274014901477,0.000999000999000999,48,2000,1000,960503
2,5,"LASSO",50,"Psoriasis","MONDO_0005083",0,0.210965031069468,0,-0.655426598316586,1,0,17,1.43017976732546,1.01826534260906,1.4045256255712,2.61034188246115,0.00899100899100899,44,13,14.258,0.911768831533174,-0.159630349529122,0.517482517482518,17,154,24.3,6.33744855967078,11.0382353482722,0.000999000999000999,47,2000,1000,960503
2,5,"ElasticNet",50,"Psoriasis","MONDO_0005083",0,0.210965031069468,0,-0.655426598316586,1,0,17,1.18448661602002,1.01826534260906,1.16323964536106,1.05336042077038,0.14985014985015,46,26,14.258,1.82353766306635,1.48996785705163,0.0989010989010989,20,76,24.3,3.12757201646091,4.39997507714474,0.002997002997003,47,2000,1000,960503
2,5,"mRMR",50,"Psoriasis","MONDO_0005083",0,0.210965031069468,0,-0.655426598316586,1,0,17,1.33717179135881,1.01826534260906,1.31318599917447,2.020941267914,0.025974025974026,45,35,14.258,2.45476223874316,2.63199738468446,0.018981018981019,23,134,25.846,5.18455466996827,9.11412302183158,0.000999000999000999,49,2000,1000,960503
2,5,"Boruta",50,"Psoriasis","MONDO_0005083",0,0.210965031069468,0,-0.655426598316586,1,0,17,1.26109759269775,1.01826534260906,1.23847639699343,1.53885165166335,0.0699300699300699,48,28,14.258,1.96380979099453,1.74375219652559,0.0619380619380619,18,126,25.846,4.87502901802987,8.43996409867892,0.000999000999000999,49,2000,1000,960503
2,5,"RF_importance",50,"Psoriasis","MONDO_0005083",0,0.210965031069468,0,-0.655426598316586,1,0,17,1.33598785043654,1.01826534260906,1.31202329543437,2.01343851882263,0.025974025974026,48,57,14.258,3.99775564595315,5.42362511889803,0.000999000999000999,24,144,24.698,5.83043161389586,10.6173578944356,0.000999000999000999,48,2000,1000,960503
2,5,"GS_full_ungrouped",100,"Psoriasis","MONDO_0005083",0.818574338001373,0.389352109418219,2.10240118956723,0.99688434096139,0.197802197802198,1,17,1.36940835527024,1.01295802617424,1.35189052249504,3.52763213517334,0.001998001998002,87,114,58.211,1.95839274363952,2.65591537531813,0.012987012987013,36,538,98.862,5.4419291537699,15.3692386949159,0.000999000999000999,96,2000,1000,960504
2,5,"DGE",100,"Psoriasis","MONDO_0005083",1.21602256935197,0.389352109418219,3.12319502048926,1.9199724100115,0.0539460539460539,2,17,1.19871446991882,1.01295802617424,1.18338019833472,1.83834982543224,0.031968031968032,94,156,58.211,2.67990585971724,4.65538562506918,0.001998001998002,48,476,105.092,4.52936474707875,12.3886787618356,0.000999000999000999,98,2000,1000,960504
2,5,"LASSO",100,"Psoriasis","MONDO_0005083",0,0.389352109418219,0,-0.904284529439541,1,0,17,1.41719739702462,1.01295802617424,1.39906823422598,4.00057926312085,0.000999000999000999,80,72,58.211,1.2368796275618,0.656445125567078,0.237762237762238,30,842,96.38,8.73625233450923,26.4939239573226,0.000999000999000999,95,2000,1000,960504
2,5,"ElasticNet",100,"Psoriasis","MONDO_0005083",0,0.389352109418219,0,-0.904284529439541,1,0,17,1.19426800220674,1.01295802617424,1.17899061101009,1.79434509010509,0.036963036963037,91,128,58.211,2.19889711566542,3.32240545856848,0.004995004995005,41,314,92.112,3.40889352093104,7.97633471162851,0.000999000999000999,93,2000,1000,960504
2,5,"mRMR",100,"Psoriasis","MONDO_0005083",0.397448231350597,0.389352109418219,1.02079383092203,0.0188035396105715,0.531468531468531,1,17,1.3151927816492,1.01295802617424,1.29836848878769,2.99108444782104,0.002997002997003,92,219,58.211,3.76217553383381,7.65459099969576,0.000999000999000999,48,444,105.092,4.22486963803144,11.3198484309213,0.000999000999000999,98,2000,1000,960504
2,5,"Boruta",100,"Psoriasis","MONDO_0005083",0,0.389352109418219,0,-0.904284529439541,1,0,17,1.17503922030022,1.01295802617424,1.16000780875209,1.60404629266621,0.0539460539460539,94,153,58.211,2.62836920856883,4.51256632151554,0.001998001998002,43,378,102.87,3.6745406824147,9.23413707664971,0.000999000999000999,97,2000,1000,960504
2,5,"RF_importance",100,"Psoriasis","MONDO_0005083",0,0.389352109418219,0,-0.904284529439541,1,0,17,1.20711882957511,1.01295802617424,1.19167704720618,1.9215240765945,0.026973026973027,94,174,58.211,2.98912576660769,5.51230144639106,0.000999000999000999,44,430,102.87,4.18003305142413,10.9794034161466,0.000999000999000999,97,2000,1000,960504
2,5,"GS_full_ungrouped",200,"Psoriasis","MONDO_0005083",0.818574338001373,0.808869362906593,1.0119981983987,0.0158499538731119,0.48051948051948,1,17,1.28231649572324,1.01494483717747,1.26343467029136,3.58513400804457,0.000999000999000999,177,381,233.992,1.62826079524086,2.68152811351792,0.00999000999000999,80,1272,400.668,3.17469825391596,11.218752667318,0.000999000999000999,192,2000,1000,960505
2,5,"DGE",200,"Psoriasis","MONDO_0005083",1.21602256935197,0.808869362906593,1.50336089499337,0.664953745725712,0.26973026973027,2,17,1.11743576635275,1.01494483717747,1.10098177301961,1.37428072107904,0.0909090909090909,183,450,233.992,1.92314267154433,3.94013607929351,0.001998001998002,86,1102,413.19,2.6670538977226,9.17600750501606,0.000999000999000999,196,2000,1000,960505
2,5,"LASSO",200,"Psoriasis","MONDO_0005083",0.818574338001373,0.808869362906593,1.0119981983987,0.0158499538731119,0.48051948051948,1,17,1.46391983843472,1.01494483717747,1.44236394413891,6.02021752987589,0.000999000999000999,169,373,233.992,1.59407159219119,2.53560255226858,0.00999000999000999,76,2046,389.664,5.25067750677507,23.1131784895274,0.000999000999000999,191,2000,1000,960505
2,5,"ElasticNet",200,"Psoriasis","MONDO_0005083",0.443263601659411,0.808869362906593,0.548003944748985,-0.59709936346241,0.656343656343656,1,17,1.12522620307581,1.01494483717747,1.10865749729318,1.47874115561156,0.0689310689310689,178,545,233.992,2.32913945775924,5.67300211912945,0.000999000999000999,82,1486,387.948,3.83041026116902,14.8774249275934,0.000999000999000999,189,2000,1000,960505
2,5,"mRMR",200,"Psoriasis","MONDO_0005083",1.65928617101138,0.808869362906593,2.05136483974235,1.38888220214286,0.111888111888112,3,17,1.12358125102111,1.01494483717747,1.10703676679193,1.45668431688376,0.0719280719280719,182,679,233.992,2.90180860884133,8.11725527005595,0.000999000999000999,91,1334,405.618,3.28880868206046,12.6409988726708,0.000999000999000999,194,2000,1000,960505
2,5,"Boruta",200,"Psoriasis","MONDO_0005083",0.397448231350597,0.808869362906593,0.49136269659467,-0.671924028026962,0.791208791208791,1,17,1.09780028966283,1.01494483717747,1.08163542436037,1.11099247419417,0.137862137862138,183,602,233.992,2.57273752948819,6.71272174303102,0.000999000999000999,93,1280,405.618,3.15567849553028,11.9057261733679,0.000999000999000999,194,2000,1000,960505
2,5,"RF_importance",200,"Psoriasis","MONDO_0005083",0.397448231350597,0.808869362906593,0.49136269659467,-0.671924028026962,0.791208791208791,1,17,1.07585136274804,1.01494483717747,1.06000969051672,0.816683628034935,0.205794205794206,183,527,233.992,2.25221375089747,5.34466960631843,0.000999000999000999,86,1116,400.928,2.78354218213744,9.63295962289856,0.000999000999000999,193,2000,1000,960505
2,5,"GS_full_ungrouped",500,"Psoriasis","MONDO_0005083",3.48782617257036,2.01634129100449,1.72977966980621,1.70562461383847,0.0589410589410589,7,17,1.08729548038472,1.01759947271881,1.06849060906025,1.68218012423511,0.042957042957043,440,1701,1477.608,1.15118488800819,1.13463012180297,0.12987012987013,187,4158,2473.574,1.68096850953317,6.44175027887122,0.000999000999000999,477,2000,1000,960506
2,5,"DGE",500,"Psoriasis","MONDO_0005083",2.07242512830073,2.01634129100449,1.02781465496265,0.0650077853529742,0.484515484515485,4,17,1.05631200767971,1.01759947271881,1.03804299825104,0.934364234780072,0.174825174825175,449,2542,1477.608,1.72034802193816,5.40615252384195,0.000999000999000999,209,4878,2516.508,1.93840035477733,8.76521815962724,0.000999000999000999,481,2000,1000,960506
2,5,"LASSO",500,"Psoriasis","MONDO_0005083",2.17281396493487,2.01634129100449,1.07760227627558,0.181370292955229,0.422577422577423,4,17,1.245386902865,1.01759947271881,1.22384782643173,5.49786853472766,0.000999000999000999,435,1839,1477.608,1.24457907645329,1.83554580727429,0.035964035964036,185,5456,2422.566,2.25215742316205,11.7516226457302,0.000999000999000999,472,2000,1000,960506
2,5,"ElasticNet",500,"Psoriasis","MONDO_0005083",1.70712849287461,2.01634129100449,0.846646597225694,-0.35841412032922,0.643356643356643,3,17,1.14349610322013,1.01759947271881,1.12371923716209,3.03863616625919,0.004995004995005,428,2256,1477.608,1.52679195023308,3.95353016119849,0.000999000999000999,188,5954,2401.656,2.47912273864367,14.0548217522781,0.000999000999000999,469,2000,1000,960506
2,5,"mRMR",500,"Psoriasis","MONDO_0005083",2.56823524473106,2.01634129100449,1.27371058470545,0.639710216188537,0.263736263736264,5,17,1.26722551855756,1.01759947271881,1.24530874133789,6.02496451180202,0.000999000999000999,444,2291,1477.608,1.5504788820851,4.13129863215136,0.000999000999000999,200,5644,2497.636,2.25973680712482,12.2585767315825,0.000999000999000999,480,2000,1000,960506
2,5,"Boruta",500,"Psoriasis","MONDO_0005083",1.21602256935197,2.01634129100449,0.603083701542501,-0.927663836487169,0.842157842157842,2,17,1.20685671836474,1.01759947271881,1.18598402487403,4.56790550355751,0.000999000999000999,437,2182,1477.608,1.47671100860309,3.57767682261242,0.002997002997003,200,5594,2473.574,2.26150501258503,11.9334450166983,0.000999000999000999,477,2000,1000,960506
2,5,"RF_importance",500,"Psoriasis","MONDO_0005083",2.89020045794889,2.01634129100449,1.43338851951451,1.01290589039737,0.143856143856144,6,17,1.09797455114836,1.01759947271881,1.07898498435224,1.93992975991032,0.024975024975025,444,2361,1477.608,1.59785274578914,4.48683557405711,0.000999000999000999,201,4536,2422.566,1.87239480781948,8.18751252035028,0.000999000999000999,472,2000,1000,960506
3,1,"GS_full_ungrouped",10,"Psoriasis","MONDO_0005083",0,0.0398824531756887,0,-0.282133785885936,1,0,17,1.37219089127298,1.02094097186454,1.34404527694383,1.03583311328824,0.150849150849151,10,1,0.524,1.90839694656489,0.541680402794218,0.348651348651349,4,0,1.028,0,-0.645309970381221,1,10,2000,1000,970101
3,1,"DGE",10,"Psoriasis","MONDO_0005083",0,0.0398824531756887,0,-0.282133785885936,1,0,17,1.44445861013714,1.02094097186454,1.41483068066034,1.24895001975577,0.113886113886114,8,1,0.524,1.90839694656489,0.541680402794218,0.348651348651349,6,8,0.774,10.3359173126615,5.42419934344115,0.003996003996004,9,2000,1000,970101
3,1,"LASSO",10,"Psoriasis","MONDO_0005083",0,0.0398824531756887,0,-0.282133785885936,1,0,17,0.849665231579091,1.02094097186454,0.832237372183573,-0.505090744474532,0.673326673326673,9,1,0.524,1.90839694656489,0.541680402794218,0.348651348651349,5,0,0.774,0,-0.581003361724806,1,9,2000,1000,970101
3,1,"ElasticNet",10,"Psoriasis","MONDO_0005083",0,0.0398824531756887,0,-0.282133785885936,1,0,17,1.00225987064969,1.02094097186454,0.981702075115333,-0.0550904132978209,0.48951048951049,8,1,0.524,1.90839694656489,0.541680402794218,0.348651348651349,5,0,0.774,0,-0.581003361724806,1,9,2000,1000,970101
3,1,"mRMR",10,"Psoriasis","MONDO_0005083",0,0.0398824531756887,0,-0.282133785885936,1,0,17,1.2561767470838,1.02094097186454,1.2304107501824,0.693708359599087,0.232767232767233,10,1,0.524,1.90839694656489,0.541680402794218,0.348651348651349,4,2,1.028,1.94552529182879,0.610156898064734,0.373626373626374,10,2000,1000,970101
3,1,"Boruta",10,"Psoriasis","MONDO_0005083",0,0.0398824531756887,0,-0.282133785885936,1,0,17,1.73015776124014,1.02094097186454,1.69466973010237,2.09147445833567,0.030969030969031,10,1,0.524,1.90839694656489,0.541680402794218,0.348651348651349,3,4,1.028,3.89105058365759,1.86562376651069,0.100899100899101,10,2000,1000,970101
3,1,"RF_importance",10,"Psoriasis","MONDO_0005083",0,0.0398824531756887,0,-0.282133785885936,1,0,17,1.52771985129379,1.02094097186454,1.49638411367086,1.49448673272865,0.0759240759240759,10,3,0.524,5.72519083969466,2.81764848176152,0.043956043956044,6,4,1.028,3.89105058365759,1.86562376651069,0.100899100899101,10,2000,1000,970101
3,1,"GS_full_ungrouped",20,"Psoriasis","MONDO_0005083",0,0.0738558691893848,0,-0.396104974166868,1,0,17,1.29654851012556,1.01033913089165,1.28328050501353,1.17325227009893,0.127872127872128,18,3,2.216,1.35379061371841,0.346466608154626,0.346653346653347,8,4,3.914,1.02197240674502,0.0251808103129007,0.52047952047952,19,2000,1000,970102
3,1,"DGE",20,"Psoriasis","MONDO_0005083",0.397448231350597,0.0738558691893848,5.38140347832669,1.73549571159722,0.133866133866134,1,17,1.58011814775263,1.01033913089165,1.56394828175974,2.33568350127522,0.016983016983017,17,1,2.216,0.451263537906137,-0.537376779994929,0.765234765234765,9,46,3.914,11.7526826775677,12.3227858468457,0.000999000999000999,19,2000,1000,970102
3,1,"LASSO",20,"Psoriasis","MONDO_0005083",0,0.0738558691893848,0,-0.396104974166868,1,0,17,1.12560574379815,1.01033913089165,1.11408705194341,0.472510075040676,0.295704295704296,18,4,2.216,1.80505415162455,0.788388302229404,0.227772227772228,9,8,3.914,2.04394481349004,1.19638128998269,0.160839160839161,19,2000,1000,970102
3,1,"ElasticNet",20,"Psoriasis","MONDO_0005083",0,0.0738558691893848,0,-0.396104974166868,1,0,17,1.22429133144349,1.01033913089165,1.21176275768219,0.87704989145362,0.195804195804196,18,4,2.216,1.80505415162455,0.788388302229404,0.227772227772228,10,12,3.914,3.06591722023505,2.36758176965248,0.038961038961039,19,2000,1000,970102
3,1,"mRMR",20,"Psoriasis","MONDO_0005083",0,0.0738558691893848,0,-0.396104974166868,1,0,17,1.36768538815684,1.01033913089165,1.35368941609717,1.46486222313871,0.0749250749250749,19,5,2.216,2.25631768953069,1.23030999630418,0.140859140859141,9,30,4.252,7.0555032925682,6.92152179828868,0.001998001998002,20,2000,1000,970102
3,1,"Boruta",20,"Psoriasis","MONDO_0005083",0,0.0738558691893848,0,-0.396104974166868,1,0,17,1.21258609641955,1.01033913089165,1.200177306158,0.829066860287273,0.202797202797203,20,4,2.216,1.80505415162455,0.788388302229404,0.227772227772228,7,14,4.252,3.29256820319849,2.62043632475214,0.035964035964036,20,2000,1000,970102
3,1,"RF_importance",20,"Psoriasis","MONDO_0005083",0,0.0738558691893848,0,-0.396104974166868,1,0,17,1.42432299426328,1.01033913089165,1.40974743104949,1.69703560653799,0.0529470529470529,19,7,2.216,3.15884476534296,2.11415338445374,0.0559440559440559,9,32,4.252,7.52587017873942,7.45915748248075,0.001998001998002,20,2000,1000,970102
3,1,"GS_full_ungrouped",50,"Psoriasis","MONDO_0005083",0,0.202151353096455,0,-0.668318995340997,1,0,17,1.15172219089698,1.03261189235801,1.11534856359922,0.765243961432767,0.211788211788212,41,10,14.995,0.666888962987663,-0.60824055558872,0.728271728271728,19,88,23.13,3.80458279290964,5.76505592074598,0.001998001998002,46,2000,1000,970103
3,1,"DGE",50,"Psoriasis","MONDO_0005083",0.397448231350597,0.202151353096455,1.96609236229528,0.645657876975793,0.323676323676324,1,17,1.1835694811435,1.03261189235801,1.14619005446545,0.969852184634973,0.166833166833167,44,21,14.995,1.40046682227409,0.731228135397451,0.203796203796204,21,124,25.502,4.86236373617756,8.62590411224102,0.000999000999000999,48,2000,1000,970103
3,1,"LASSO",50,"Psoriasis","MONDO_0005083",0,0.202151353096455,0,-0.668318995340997,1,0,17,1.29973310505121,1.03261189235801,1.2586850051506,1.71616474386713,0.047952047952048,41,12,14.995,0.800266755585195,-0.364700793591235,0.617382617382617,16,136,25.502,5.33291506548506,9.67679701714155,0.000999000999000999,48,2000,1000,970103
3,1,"ElasticNet",50,"Psoriasis","MONDO_0005083",0,0.202151353096455,0,-0.668318995340997,1,0,17,1.13145267184795,1.03261189235801,1.09571919539318,0.635019058601686,0.251748251748252,48,24,14.995,1.60053351117039,1.09653777839368,0.138861138861139,21,38,26.31,1.44431774990498,1.01051952104489,0.163836163836164,49,2000,1000,970103
3,1,"mRMR",50,"Psoriasis","MONDO_0005083",0.840711833010008,0.202151353096455,4.15882367410555,2.11110186433758,0.050949050949051,2,17,1.37714164050842,1.03261189235801,1.33364882847094,2.21348877922417,0.023976023976024,46,35,14.995,2.33411137045682,2.43600646937985,0.034965034965035,22,102,26.31,3.87685290763968,6.54287618031544,0.000999000999000999,49,2000,1000,970103
3,1,"Boruta",50,"Psoriasis","MONDO_0005083",0,0.202151353096455,0,-0.668318995340997,1,0,17,1.38877722888687,1.03261189235801,1.34491694233304,2.28824355570902,0.022977022977023,48,19,14.995,1.26708902967656,0.487688373399965,0.270729270729271,16,128,26.31,4.8650703154694,8.7903960731441,0.000999000999000999,49,2000,1000,970103
3,1,"RF_importance",50,"Psoriasis","MONDO_0005083",0.397448231350597,0.202151353096455,1.96609236229528,0.645657876975793,0.323676323676324,1,17,1.22495414584279,1.03261189235801,1.18626771094565,1.23573485931142,0.115884115884116,46,37,14.995,2.46748916305435,2.67954623137734,0.027972027972028,19,84,25.502,3.29385930515254,5.12292776257259,0.000999000999000999,48,2000,1000,970103
3,1,"GS_full_ungrouped",100,"Psoriasis","MONDO_0005083",0.818574338001373,0.411108246346922,1.99114064306704,0.920260288562078,0.227772227772228,1,17,1.24189558366148,1.0146219020828,1.22399839892292,2.22046594409339,0.015984015984016,81,108,59.821,1.80538606843751,2.33280348036789,0.024975024975025,38,546,100.838,5.41462543882267,15.2445366650732,0.000999000999000999,95,2000,1000,970104
3,1,"DGE",100,"Psoriasis","MONDO_0005083",1.21602256935197,0.411108246346922,2.9579133480232,1.81789528583533,0.0649350649350649,2,17,1.19991569985297,1.0146219020828,1.18262349490958,1.81032209599664,0.040959040959041,93,141,59.821,2.35703181157119,3.93064724740623,0.002997002997003,45,456,107.596,4.23807576489832,10.8051470533044,0.000999000999000999,98,2000,1000,970104
3,1,"LASSO",100,"Psoriasis","MONDO_0005083",0,0.411108246346922,0,-0.928486078135565,1,0,17,1.38477428244078,1.0146219020828,1.36481804660252,3.61639213568806,0.000999000999000999,80,89,59.821,1.48777185269387,1.41283282661854,0.0879120879120879,34,840,104.234,8.05879079762841,24.9721251052197,0.000999000999000999,97,2000,1000,970104
3,1,"ElasticNet",100,"Psoriasis","MONDO_0005083",0.443263601659411,0.411108246346922,1.0782162741765,0.0726227216565113,0.398601398601399,1,17,1.21215421894055,1.0146219020828,1.19468564245682,1.92989253922327,0.030969030969031,91,165,59.821,2.75822871566841,5.09271544161593,0.000999000999000999,40,310,96.424,3.214967228076,7.70063886164373,0.000999000999000999,93,2000,1000,970104
3,1,"mRMR",100,"Psoriasis","MONDO_0005083",0.840711833010008,0.411108246346922,2.04498897913266,0.970257718929767,0.186813186813187,2,17,1.31666953973587,1.0146219020828,1.29769477381971,2.95100817764643,0.003996003996004,90,169,59.821,2.82509486635128,5.28639347398421,0.000999000999000999,44,428,107.596,3.97784304249229,9.93677551482459,0.000999000999000999,98,2000,1000,970104
3,1,"Boruta",100,"Psoriasis","MONDO_0005083",0.397448231350597,0.411108246346922,0.966772704956159,-0.0308510808623094,0.54945054945055,1,17,1.26431169615681,1.0146219020828,1.24609146871504,2.43947156783791,0.011988011988012,92,153,59.821,2.5576302636198,4.51168134451108,0.000999000999000999,44,396,104.234,3.79914423316768,9.90262808209341,0.000999000999000999,97,2000,1000,970104
3,1,"RF_importance",100,"Psoriasis","MONDO_0005083",0.397448231350597,0.411108246346922,0.966772704956159,-0.0308510808623094,0.54945054945055,1,17,1.2316120826078,1.0146219020828,1.21386309528659,2.1199960449078,0.023976023976024,93,161,59.821,2.69136256498554,4.89903740924765,0.000999000999000999,46,442,107.596,4.1079594036953,10.3709612840645,0.000999000999000999,98,2000,1000,970104
3,1,"GS_full_ungrouped",200,"Psoriasis","MONDO_0005083",0.818574338001373,0.81548136099248,1.00379282367058,0.00508525413771247,0.48951048951049,1,17,1.24659179985519,1.0240172760098,1.21735426643648,2.9780100257937,0.00599400599400599,172,354,244.758,1.44632657563798,1.8471768858006,0.044955044955045,83,1184,410.744,2.88257406072882,9.82979376869529,0.000999000999000999,193,2000,1000,970105
3,1,"DGE",200,"Psoriasis","MONDO_0005083",1.21602256935197,0.81548136099248,1.49117150620342,0.658541538226107,0.250749250749251,2,17,1.06481022075877,1.0240172760098,1.03983618802598,0.545802800541944,0.283716283716284,185,507,244.758,2.07143382443066,4.43425935891067,0.000999000999000999,93,1268,426.548,2.97270178268331,10.6772326867573,0.000999000999000999,197,2000,1000,970105
3,1,"LASSO",200,"Psoriasis","MONDO_0005083",0.818574338001373,0.81548136099248,1.00379282367058,0.00508525413771247,0.48951048951049,1,17,1.44832573858823,1.0240172760098,1.41435674233134,5.67717649691752,0.000999000999000999,170,418,244.758,1.70780934637479,2.92935517520612,0.00999000999000999,78,2014,409.742,4.91528815693778,21.1028484389847,0.000999000999000999,192,2000,1000,970105
3,1,"ElasticNet",200,"Psoriasis","MONDO_0005083",0.840711833010008,0.81548136099248,1.03093936075598,0.0414821584042388,0.454545454545455,2,17,1.2404136145355,1.0240172760098,1.21132098412335,2.89534693612205,0.00599400599400599,171,479,244.758,1.95703511223331,3.96080635729576,0.000999000999000999,73,1734,409.742,4.23193131287493,17.4196518690342,0.000999000999000999,192,2000,1000,970105
3,1,"mRMR",200,"Psoriasis","MONDO_0005083",0.840711833010008,0.81548136099248,1.03093936075598,0.0414821584042388,0.454545454545455,2,17,1.18948230002591,1.0240172760098,1.16158421141181,2.21389443825322,0.01998001998002,184,614,244.758,2.50860033175627,6.24352618651053,0.000999000999000999,87,1308,426.548,3.06647786415597,11.1847949808279,0.000999000999000999,197,2000,1000,970105
3,1,"Boruta",200,"Psoriasis","MONDO_0005083",0.397448231350597,0.81548136099248,0.487378682532833,-0.687300518594236,0.81018981018981,1,17,1.14050393515981,1.0240172760098,1.11375458391085,1.5585720810569,0.0629370629370629,183,445,244.758,1.81812239027938,3.38589914104907,0.002997002997003,81,1204,410.744,2.93126619013303,10.084037997481,0.000999000999000999,193,2000,1000,970105
3,1,"RF_importance",200,"Psoriasis","MONDO_0005083",0.397448231350597,0.81548136099248,0.487378682532833,-0.687300518594236,0.81018981018981,1,17,1.10521107319102,1.0240172760098,1.07928947985878,1.08635947124788,0.136863136863137,182,512,244.758,2.09186216589448,4.51880453777048,0.000999000999000999,87,1248,410.744,3.03838887482227,10.6433753008095,0.000999000999000999,193,2000,1000,970105
3,1,"GS_full_ungrouped",500,"Psoriasis","MONDO_0005083",2.65946689940698,1.95449829897861,1.36069031157344,0.83289849996598,0.1998001998002,5,17,1.0878297267279,1.01968986752294,1.0668241014991,1.6583290702259,0.042957042957043,443,1782,1507.342,1.18221345918843,1.37723994302789,0.0929070929070929,193,4076,2546.732,1.60048250071071,5.67785803028632,0.000999000999000999,479,2000,1000,970106
3,1,"DGE",500,"Psoriasis","MONDO_0005083",2.54475668685837,1.95449829897861,1.30199994964857,0.697371947571364,0.241758241758242,5,17,1.06806262037458,1.01968986752294,1.04743869130439,1.17725430015105,0.117882117882118,450,2480,1507.342,1.64528023500971,4.87727810042169,0.000999000999000999,206,5318,2558.494,2.07856653171749,10.5561189555317,0.000999000999000999,480,2000,1000,970106
3,1,"LASSO",500,"Psoriasis","MONDO_0005083",2.17281396493487,1.95449829897861,1.1116990820971,0.257933176858594,0.391608391608392,4,17,1.25425972787832,1.01968986752294,1.23004039544415,5.70875876417777,0.000999000999000999,433,1829,1507.342,1.21339417331966,1.61291586480083,0.0589410589410589,187,5574,2478.932,2.24854897189596,11.9110543782202,0.000999000999000999,473,2000,1000,970106
3,1,"ElasticNet",500,"Psoriasis","MONDO_0005083",2.56823524473106,1.95449829897861,1.31401252488844,0.725111134283572,0.231768231768232,5,17,1.2527920953985,1.01968986752294,1.22860110245266,5.67304079184718,0.000999000999000999,436,2089,1507.342,1.38588323021584,2.91665500652345,0.001998001998002,190,5934,2507.344,2.36664773561187,13.0460844067443,0.000999000999000999,476,2000,1000,970106
3,1,"mRMR",500,"Psoriasis","MONDO_0005083",2.56823524473106,1.95449829897861,1.31401252488844,0.725111134283572,0.231768231768232,5,17,1.26962458490089,1.01968986752294,1.24510856225834,6.08269539037109,0.000999000999000999,441,2263,1507.342,1.50131821444636,3.78915735521474,0.001998001998002,197,5784,2587.22,2.23560423929932,12.0349607488432,0.000999000999000999,482,2000,1000,970106
3,1,"Boruta",500,"Psoriasis","MONDO_0005083",1.65928617101138,1.95449829897861,0.848957592789155,-0.348783957762467,0.63036963036963,3,17,1.19520585371055,1.01968986752294,1.17212683167479,4.27155655412758,0.000999000999000999,435,2190,1507.342,1.45288859462551,3.42310751926954,0.001998001998002,198,5618,2546.732,2.20596434960569,11.4029873619022,0.000999000999000999,479,2000,1000,970106
3,1,"RF_importance",500,"Psoriasis","MONDO_0005083",2.07242512830073,1.95449829897861,1.0603361125378,0.139326885181056,0.438561438561439,4,17,1.09309099522609,1.01968986752294,1.07198377667659,1.78637328103894,0.031968031968032,441,2343,1507.342,1.55439177041441,4.19030786036016,0.000999000999000999,198,4332,2504.396,1.72975839284203,7.05354541111736,0.000999000999000999,475,2000,1000,970106
3,2,"GS_full_ungrouped",10,"Psoriasis","MONDO_0005083",0,0.0389709586973295,0,-0.266655836803879,1,0,16,1.21659047108751,1.0207871599734,1.19181600121147,0.57310916368598,0.26973026973027,9,1,0.542,1.8450184501845,0.483006520437996,0.36963036963037,3,0,1.018,0,-0.643045138100132,1,10,2000,1000,970201
3,2,"DGE",10,"Psoriasis","MONDO_0005083",0,0.0389709586973295,0,-0.266655836803879,1,0,16,1.62620026163326,1.0207871599734,1.59308455807344,1.77202210934324,0.0539460539460539,8,0,0.542,0,-0.571592869164616,1,4,22,1.018,21.6110019646365,13.2538046047318,0.000999000999000999,10,2000,1000,970201
3,2,"LASSO",10,"Psoriasis","MONDO_0005083",0,0.0389709586973295,0,-0.266655836803879,1,0,16,1.11885369616716,1.0207871599734,1.09606952363734,0.287037181464383,0.370629370629371,9,1,0.542,1.8450184501845,0.483006520437996,0.36963036963037,4,0,0.796,0,-0.528014869682067,1,9,2000,1000,970201
3,2,"ElasticNet",10,"Psoriasis","MONDO_0005083",0,0.0389709586973295,0,-0.266655836803879,1,0,16,1.14962965936372,1.0207871599734,1.12621876963429,0.377117305384925,0.333666333666334,9,0,0.542,0,-0.571592869164616,1,4,2,0.796,2.51256281407035,0.798655657157297,0.287712287712288,9,2000,1000,970201
3,2,"mRMR",10,"Psoriasis","MONDO_0005083",0,0.0389709586973295,0,-0.266655836803879,1,0,16,1.50457277817268,1.0207871599734,1.47393387884295,1.41602289293212,0.0869130869130869,10,1,0.542,1.8450184501845,0.483006520437996,0.36963036963037,5,2,1.018,1.96463654223969,0.620304838520952,0.372627372627373,10,2000,1000,970201
3,2,"Boruta",10,"Psoriasis","MONDO_0005083",0,0.0389709586973295,0,-0.266655836803879,1,0,16,1.50675467266875,1.0207871599734,1.4760713415596,1.42240921869333,0.0869130869130869,10,1,0.542,1.8450184501845,0.483006520437996,0.36963036963037,4,8,1.018,7.85854616895874,4.4103547683842,0.00799200799200799,10,2000,1000,970201
3,2,"RF_importance",10,"Psoriasis","MONDO_0005083",0,0.0389709586973295,0,-0.266655836803879,1,0,16,1.69604176139695,1.0207871599734,1.66150381578188,1.97644563666968,0.035964035964036,9,0,0.542,0,-0.571592869164616,1,4,4,1.018,3.92927308447937,1.88365481514204,0.0979020979020979,10,2000,1000,970201
3,2,"GS_full_ungrouped",20,"Psoriasis","MONDO_0005083",0,0.079536456428376,0,-0.395283041979741,1,0,16,1.090247259017,1.01542374759092,1.07368698201474,0.311550258040827,0.372627372627373,18,1,2.266,0.441306266548985,-0.558170437375692,0.799200799200799,5,4,4.296,0.931098696461825,-0.0784877920730345,0.55944055944056,20,2000,1000,970202
3,2,"DGE",20,"Psoriasis","MONDO_0005083",0,0.079536456428376,0,-0.395283041979741,1,0,16,1.52783988399052,1.01542374759092,1.50463280735288,2.13359913851821,0.024975024975025,16,3,2.266,1.32391879964695,0.323615403660156,0.353646353646354,8,50,3.34,14.9700598802395,14.7860053552175,0.000999000999000999,18,2000,1000,970202
3,2,"LASSO",20,"Psoriasis","MONDO_0005083",0,0.079536456428376,0,-0.395283041979741,1,0,16,0.948305596615561,1.01542374759092,0.933901338101852,-0.27946666571854,0.588411588411588,18,2,2.266,0.88261253309797,-0.117277516857768,0.518481518481518,7,6,3.764,1.59404888416578,0.643433113021106,0.276723276723277,19,2000,1000,970202
3,2,"ElasticNet",20,"Psoriasis","MONDO_0005083",0,0.079536456428376,0,-0.395283041979741,1,0,16,0.966272457949865,1.01542374759092,0.951595292351918,-0.204656219400248,0.567432567432567,18,2,2.266,0.88261253309797,-0.117277516857768,0.518481518481518,9,4,3.764,1.06269925611052,0.0679115450236947,0.495504495504495,19,2000,1000,970202
3,2,"mRMR",20,"Psoriasis","MONDO_0005083",0,0.079536456428376,0,-0.395283041979741,1,0,16,1.3041745069503,1.01542374759092,1.28436478863571,1.20230087940716,0.111888111888112,19,8,2.266,3.53045013239188,2.52808000624978,0.025974025974026,10,24,4.296,5.58659217877095,5.22474140205092,0.002997002997003,20,2000,1000,970202
3,2,"Boruta",20,"Psoriasis","MONDO_0005083",0,0.079536456428376,0,-0.395283041979741,1,0,16,1.27986813974054,1.01542374759092,1.2604276222385,1.1010939882588,0.134865134865135,20,7,2.266,3.08914386584289,2.08718708573185,0.045954045954046,7,32,4.296,7.4487895716946,7.3460330797005,0.000999000999000999,20,2000,1000,970202
3,2,"RF_importance",20,"Psoriasis","MONDO_0005083",0,0.079536456428376,0,-0.395283041979741,1,0,16,1.40941141558741,1.01542374759092,1.38800320450572,1.64048649000504,0.0559440559440559,19,4,2.266,1.76522506619594,0.76450832417808,0.241758241758242,9,20,4.296,4.65549348230912,4.16409556322612,0.00599400599400599,20,2000,1000,970202
3,2,"GS_full_ungrouped",50,"Psoriasis","MONDO_0005083",0,0.176764775322001,0,-0.605740095689066,1,0,16,1.17493009660735,1.01599769152712,1.15642988798659,1.02196770997384,0.153846153846154,43,13,14.1,0.921985815602837,-0.148745532272942,0.534465534465534,15,80,25.274,3.16530822188811,4.64166630183305,0.002997002997003,48,2000,1000,970203
3,2,"DGE",50,"Psoriasis","MONDO_0005083",0.397448231350597,0.176764775322001,2.24845832902279,0.756241267686077,0.288711288711289,1,16,1.18029228824317,1.01599769152712,1.16170764765135,1.05644769348471,0.147852147852148,45,41,14.1,2.90780141843972,3.63750438012921,0.003996003996004,26,164,25.274,6.48888185487062,11.7662500345008,0.000999000999000999,48,2000,1000,970203
3,2,"LASSO",50,"Psoriasis","MONDO_0005083",0,0.176764775322001,0,-0.605740095689066,1,0,16,1.24057726103446,1.01599769152712,1.22104338561023,1.44409233749701,0.0819180819180819,43,11,14.1,0.780141843971631,-0.419191954587382,0.653346653346653,17,138,25.274,5.46015668275698,9.56102173629412,0.000999000999000999,48,2000,1000,970203
3,2,"ElasticNet",50,"Psoriasis","MONDO_0005083",0,0.176764775322001,0,-0.605740095689066,1,0,16,1.18258876918791,1.01599769152712,1.16396796867756,1.07121453333029,0.144855144855145,47,27,14.1,1.91489361702128,1.74437942392813,0.0579420579420579,19,36,25.274,1.42438869984965,0.909741489483266,0.177822177822178,48,2000,1000,970203
3,2,"mRMR",50,"Psoriasis","MONDO_0005083",0,0.176764775322001,0,-0.605740095689066,1,0,16,1.28571233767009,1.01599769152712,1.26546777457493,1.73432006598024,0.050949050949051,45,31,14.1,2.19858156028369,2.28527226855701,0.030969030969031,22,134,26.508,5.05507771238871,8.79607905114026,0.000999000999000999,49,2000,1000,970203
3,2,"Boruta",50,"Psoriasis","MONDO_0005083",0,0.176764775322001,0,-0.605740095689066,1,0,16,1.23737220740164,1.01599769152712,1.21788879809538,1.4234831903579,0.0839160839160839,49,23,14.1,1.63120567375886,1.20348657929926,0.136863136863137,18,142,27.164,5.22750699455161,9.36049519347352,0.000999000999000999,50,2000,1000,970203
3,2,"RF_importance",50,"Psoriasis","MONDO_0005083",0,0.176764775322001,0,-0.605740095689066,1,0,16,1.30376813351764,1.01599769152712,1.28323926755973,1.85042250792571,0.036963036963037,48,29,14.1,2.05673758865248,2.01482584624257,0.037962037962038,20,144,27.164,5.3011338536298,9.52351890021137,0.000999000999000999,50,2000,1000,970203
3,2,"GS_full_ungrouped",100,"Psoriasis","MONDO_0005083",0.818574338001373,0.387130191322829,2.11446783627052,1.02725502442014,0.187812187812188,1,16,1.24764942970604,1.0208580561019,1.22215759796239,2.22249521943868,0.016983016983017,86,81,57.673,1.40447002930314,1.08334713374173,0.145854145854146,36,412,101.846,4.04532333130413,10.5398622706404,0.000999000999000999,97,2000,1000,970204
3,2,"DGE",100,"Psoriasis","MONDO_0005083",0.397448231350597,0.387130191322829,1.02665263588074,0.0245669307192844,0.533466533466533,1,16,1.13133208043581,1.0208580561019,1.10821683158945,1.08261609360342,0.130869130869131,93,136,57.673,2.35812251833614,3.63764440110554,0.001998001998002,45,584,104.656,5.58018651582327,15.4330735621199,0.000999000999000999,98,2000,1000,970204
3,2,"LASSO",100,"Psoriasis","MONDO_0005083",0,0.387130191322829,0,-0.921744882165257,1,0,16,1.36985114241148,1.0208580561019,1.34186249912373,3.42003954389393,0.000999000999000999,80,73,57.673,1.26575693998925,0.711812985761545,0.225774225774226,31,816,101.846,8.01209669501011,24.2688625651352,0.000999000999000999,97,2000,1000,970204
3,2,"ElasticNet",100,"Psoriasis","MONDO_0005083",0,0.387130191322829,0,-0.921744882165257,1,0,16,1.12447123611668,1.0208580561019,1.10149616726386,1.01538164170048,0.14985014985015,90,116,57.673,2.01133979505141,2.70880903115506,0.014985014985015,36,344,98.194,3.50326903884148,8.82721044144842,0.000999000999000999,95,2000,1000,970204
3,2,"mRMR",100,"Psoriasis","MONDO_0005083",0.840711833010008,0.387130191322829,2.17165142852146,1.07996370792127,0.152847152847153,2,16,1.27518377783127,1.0208580561019,1.24912936740736,2.4923245172033,0.010989010989011,90,177,57.673,3.06902710106982,5.54175690950401,0.000999000999000999,44,474,101.846,4.6540855801897,12.6467880584094,0.000999000999000999,97,2000,1000,970204
3,2,"Boruta",100,"Psoriasis","MONDO_0005083",0.397448231350597,0.387130191322829,1.02665263588074,0.0245669307192844,0.533466533466533,1,16,1.18299875332649,1.0208580561019,1.15882785687534,1.58893576387564,0.0529470529470529,92,188,57.673,3.25975759887642,6.05261636297677,0.000999000999000999,43,362,101.846,3.55438603381576,8.8407285708267,0.000999000999000999,97,2000,1000,970204
3,2,"RF_importance",100,"Psoriasis","MONDO_0005083",0.397448231350597,0.387130191322829,1.02665263588074,0.0245669307192844,0.533466533466533,1,16,1.12580073010573,1.0208580561019,1.10279849718242,1.02841032964393,0.145854145854146,92,150,57.673,2.60087042463544,4.28782916007087,0.000999000999000999,42,458,104.656,4.3762421648066,11.3763475598604,0.000999000999000999,98,2000,1000,970204
3,2,"GS_full_ungrouped",200,"Psoriasis","MONDO_0005083",0.818574338001373,0.754855396875833,1.08441211573668,0.107342494564738,0.471528471528472,1,16,1.19156712894138,1.01750590725439,1.17106654658809,2.37773174776921,0.012987012987013,178,344,233.871,1.47089634884188,1.97292266296543,0.035964035964036,81,1088,421.136,2.58348846928308,8.4487086968854,0.000999000999000999,196,2000,1000,970205
3,2,"DGE",200,"Psoriasis","MONDO_0005083",1.65928617101138,0.754855396875833,2.19815103379902,1.52362631490613,0.0869130869130869,3,16,1.09051553497708,1.01750590725439,1.0717535173036,0.99733477707769,0.162837162837163,185,555,233.871,2.37310312095129,5.75291414464334,0.000999000999000999,89,1330,427.154,3.11363114942152,11.337794668301,0.000999000999000999,197,2000,1000,970205
3,2,"LASSO",200,"Psoriasis","MONDO_0005083",0.818574338001373,0.754855396875833,1.08441211573668,0.107342494564738,0.471528471528472,1,16,1.39241173854448,1.01750590725439,1.36845568032301,5.12133310821682,0.000999000999000999,170,373,233.871,1.59489633173844,2.4924475585515,0.012987012987013,76,1990,405.572,4.90665036047853,20.0519186021046,0.000999000999000999,192,2000,1000,970205
3,2,"ElasticNet",200,"Psoriasis","MONDO_0005083",0.443263601659411,0.754855396875833,0.587216576173362,-0.524915197798688,0.638361638361638,1,16,1.15761600242548,1.01750590725439,1.13769953979841,1.91394854202707,0.040959040959041,174,487,233.871,2.08234454036627,4.53471783775188,0.001998001998002,76,1306,373.47,3.49693415803144,13.5231354795858,0.000999000999000999,184,2000,1000,970205
3,2,"mRMR",200,"Psoriasis","MONDO_0005083",1.28600238622383,0.754855396875833,1.70364071257395,0.894783274957971,0.197802197802198,3,16,1.17791466199846,1.01750590725439,1.15764896655678,2.191234699369,0.021978021978022,183,649,233.871,2.7750340999953,7.43689139240506,0.000999000999000999,91,1522,421.136,3.6140344211846,13.9471905079417,0.000999000999000999,196,2000,1000,970205
3,2,"Boruta",200,"Psoriasis","MONDO_0005083",0.397448231350597,0.754855396875833,0.526522341888977,-0.602096896858408,0.75024975024975,1,16,1.18370754716129,1.01750590725439,1.16334218673519,2.27036735642694,0.016983016983017,187,591,233.871,2.52703413420219,6.39784160123294,0.000999000999000999,93,1304,419.322,3.109781981389,11.0841762075455,0.000999000999000999,195,2000,1000,970205
3,2,"RF_importance",200,"Psoriasis","MONDO_0005083",1.25385079029935,0.754855396875833,1.66104765957658,0.840619906110213,0.212787212787213,3,16,1.09229263499719,1.01750590725439,1.07350004281017,1.02161052957333,0.158841158841159,185,589,233.871,2.51848241124381,6.36201229808907,0.000999000999000999,96,1422,419.322,3.39118863307911,12.5626042824952,0.000999000999000999,195,2000,1000,970205
3,2,"GS_full_ungrouped",500,"Psoriasis","MONDO_0005083",3.89748882559737,1.90153263703656,2.04965655055566,2.39752425610034,0.010989010989011,8,16,1.06206427245696,1.01876640528351,1.04250028951573,1.0729222897577,0.143856143856144,445,1711,1475.099,1.15992214759823,1.15699209957219,0.133866133866134,195,3770,2569.272,1.46734172170171,4.52169064785693,0.000999000999000999,483,2000,1000,970206
3,2,"DGE",500,"Psoriasis","MONDO_0005083",2.51771568151455,1.90153263703656,1.32404547388588,0.740153418096297,0.223776223776224,5,16,1.05403852953991,1.01876640528351,1.03462238651909,0.874044168738973,0.188811188811189,453,2610,1475.099,1.76937276752272,5.56619722170137,0.000999000999000999,206,5354,2573.442,2.0804820936318,10.1403587336209,0.000999000999000999,482,2000,1000,970206
3,2,"LASSO",500,"Psoriasis","MONDO_0005083",2.17281396493487,1.90153263703656,1.1426645657374,0.325860641426349,0.358641358641359,4,16,1.25047467377632,1.01876640528351,1.22744003658849,5.74173700037446,0.000999000999000999,438,1872,1475.099,1.26906736429216,1.94662727717263,0.032967032967033,186,5700,2500.258,2.27976472828004,11.9177137363018,0.000999000999000999,476,2000,1000,970206
3,2,"ElasticNet",500,"Psoriasis","MONDO_0005083",2.10457672422521,1.90153263703656,1.10677917551028,0.243894694123291,0.393606393606394,4,16,1.12993196965022,1.01876640528351,1.10911781522258,2.75468561499178,0.00699300699300699,435,2312,1475.099,1.56735242854886,4.10463645819248,0.000999000999000999,194,6394,2421.69,2.6403049110332,15.4843797230365,0.000999000999000999,469,2000,1000,970206
3,2,"mRMR",500,"Psoriasis","MONDO_0005083",3.01352579794488,1.90153263703656,1.58478783863594,1.33571597972686,0.101898101898102,6,16,1.2552496257872,1.01876640528351,1.23212703057074,5.86006043705716,0.000999000999000999,442,2302,1475.099,1.56057322254303,4.05559079498748,0.000999000999000999,198,6170,2557.98,2.41205951571162,13.4504444541095,0.000999000999000999,481,2000,1000,970206
3,2,"Boruta",500,"Psoriasis","MONDO_0005083",1.21602256935197,1.90153263703656,0.639496028449491,-0.823428402133353,0.815184815184815,2,16,1.24508135036655,1.01876640528351,1.22214606205046,5.60809030412867,0.000999000999000999,442,2258,1475.099,1.53074471611736,3.8397898768855,0.000999000999000999,205,5760,2542.522,2.26546712280169,12.0554391443115,0.000999000999000999,480,2000,1000,970206
3,2,"RF_importance",500,"Psoriasis","MONDO_0005083",1.69914134351318,1.90153263703656,0.893564123180762,-0.2431105643635,0.583416583416583,4,16,1.06892808750041,1.01876640528351,1.04923766818061,1.24300780744357,0.10989010989011,448,2790,1475.099,1.89139847562774,6.44901915939131,0.000999000999000999,211,4312,2421.69,1.78057472261107,7.36857844283378,0.000999000999000999,469,2000,1000,970206
3,3,"GS_full_ungrouped",10,"Psoriasis","MONDO_0005083",0,0.0356608050161911,0,-0.274653868809829,1,0,16,1.91644900821114,1.02123591747644,1.87659773360385,2.64102777286088,0.011988011988012,8,1,0.554,1.80505415162455,0.443765916150784,0.348651348651349,3,26,0.766,33.9425587467363,18.0464005845581,0.000999000999000999,9,2000,1000,970301
3,3,"DGE",10,"Psoriasis","MONDO_0005083",0,0.0356608050161911,0,-0.274653868809829,1,0,16,1.87314836559675,1.02123591747644,1.83419749887514,2.51328366264743,0.016983016983017,9,0,0.554,0,-0.551224927236623,1,2,32,0.98,32.6530612244898,20.7175935313173,0.000999000999000999,10,2000,1000,970301
3,3,"LASSO",10,"Psoriasis","MONDO_0005083",0,0.0356608050161911,0,-0.274653868809829,1,0,16,1.57174067058489,1.02123591747644,1.53905737517418,1.624080743567,0.0679320679320679,10,1,0.554,1.80505415162455,0.443765916150784,0.348651348651349,5,12,0.98,12.2448979591837,7.36002194439449,0.000999000999000999,10,2000,1000,970301
3,3,"ElasticNet",10,"Psoriasis","MONDO_0005083",0,0.0356608050161911,0,-0.274653868809829,1,0,16,2.09849148816983,1.02123591747644,2.05485476201755,3.17808341959723,0.004995004995005,10,1,0.554,1.80505415162455,0.443765916150784,0.348651348651349,5,24,0.98,24.4897959183674,15.3745648965482,0.000999000999000999,10,2000,1000,970301
3,3,"mRMR",10,"Psoriasis","MONDO_0005083",0,0.0356608050161911,0,-0.274653868809829,1,0,16,1.89122193730088,1.02123591747644,1.8518952427508,2.56660371048791,0.013986013986014,10,2,0.554,3.6101083032491,1.43875675953819,0.113886113886114,5,24,0.98,24.4897959183674,15.3745648965482,0.000999000999000999,10,2000,1000,970301
3,3,"Boruta",10,"Psoriasis","MONDO_0005083",0,0.0356608050161911,0,-0.274653868809829,1,0,16,1.51784056577005,1.02123591747644,1.48627808696815,1.46506645384156,0.0859140859140859,9,0,0.554,0,-0.551224927236623,1,5,6,0.98,6.12244897959184,3.35275046831764,0.024975024975025,10,2000,1000,970301
3,3,"RF_importance",10,"Psoriasis","MONDO_0005083",0,0.0356608050161911,0,-0.274653868809829,1,0,16,0.935899340692725,1.02123591747644,0.91643794022189,-0.251757119795595,0.571428571428571,10,1,0.554,1.80505415162455,0.443765916150784,0.348651348651349,4,4,0.98,4.08163265306123,2.01699330962535,0.0929070929070929,10,2000,1000,970301
3,3,"GS_full_ungrouped",20,"Psoriasis","MONDO_0005083",0,0.0742897405763566,0,-0.394519483771361,1,0,16,1.71879523430286,1.01766372039333,1.68896188383186,2.88472971170721,0.002997002997003,17,2,2.105,0.950118764845606,-0.0483266060653978,0.500499500499501,6,66,3.644,18.1119648737651,20.493087986275,0.000999000999000999,19,2000,1000,970302
3,3,"DGE",20,"Psoriasis","MONDO_0005083",0,0.0742897405763566,0,-0.394519483771361,1,0,16,1.46025518559099,1.01766372039333,1.43490934807679,1.82099467000775,0.050949050949051,17,5,2.105,2.37529691211401,1.33243356723168,0.125874125874126,9,50,3.644,13.7211855104281,15.2347422331735,0.000999000999000999,19,2000,1000,970302
3,3,"LASSO",20,"Psoriasis","MONDO_0005083",0,0.0742897405763566,0,-0.394519483771361,1,0,16,1.25496390870813,1.01766372039333,1.23318133835319,0.976345935455632,0.165834165834166,18,3,2.105,1.42517814726841,0.411926785033629,0.322677322677323,9,30,3.644,8.23271130625686,8.66181004179654,0.000999000999000999,19,2000,1000,970302
3,3,"ElasticNet",20,"Psoriasis","MONDO_0005083",0,0.0742897405763566,0,-0.394519483771361,1,0,16,1.3206026375978,1.01766372039333,1.29768076736329,1.24640937963158,0.112887112887113,18,2,2.105,0.950118764845606,-0.0483266060653978,0.500499500499501,10,34,3.644,9.33040614709111,9.97639648007193,0.000999000999000999,19,2000,1000,970302
3,3,"mRMR",20,"Psoriasis","MONDO_0005083",0,0.0742897405763566,0,-0.394519483771361,1,0,16,1.47003474641279,1.01766372039333,1.44451916380061,1.86123161430481,0.048951048951049,19,8,2.105,3.80047505938242,2.71319374052876,0.026973026973027,10,48,4.092,11.7302052785924,12.3715766919217,0.000999000999000999,20,2000,1000,970302
3,3,"Boruta",20,"Psoriasis","MONDO_0005083",0,0.0742897405763566,0,-0.394519483771361,1,0,16,1.32255515057912,1.01766372039333,1.29959939032507,1.25444278292037,0.110889110889111,19,4,2.105,1.90023752969121,0.872180176132656,0.202797202797203,8,22,4.092,5.3763440860215,5.04578198503539,0.002997002997003,20,2000,1000,970302
3,3,"RF_importance",20,"Psoriasis","MONDO_0005083",0,0.0742897405763566,0,-0.394519483771361,1,0,16,1.17750415307047,1.01766372039333,1.15706606168034,0.657646156431893,0.240759240759241,20,10,2.105,4.75059382422803,3.63370052272682,0.00899100899100899,9,38,4.092,9.28641251221896,9.55396334311928,0.000999000999000999,20,2000,1000,970302
3,3,"GS_full_ungrouped",50,"Psoriasis","MONDO_0005083",0,0.166726824880088,0,-0.584810628100872,1,0,16,1.5450640131847,1.00906444665487,1.53118467141193,3.59103004428178,0.000999000999000999,43,22,13.711,1.6045510903654,1.08806595110792,0.158841158841159,17,182,25.674,7.0888836955675,13.6268186850772,0.000999000999000999,49,2000,1000,970303
3,3,"DGE",50,"Psoriasis","MONDO_0005083",0.397448231350597,0.166726824880088,2.38382894676035,0.809277875539088,0.266733266733267,1,16,1.43533982485377,1.00906444665487,1.422446137719,2.85591217948244,0.002997002997003,44,30,13.711,2.18802421413464,2.13819595579646,0.035964035964036,25,150,24.892,6.02603246022819,11.219808923776,0.000999000999000999,48,2000,1000,970303
3,3,"LASSO",50,"Psoriasis","MONDO_0005083",0,0.166726824880088,0,-0.584810628100872,1,0,16,1.29655883595249,1.00906444665487,1.28491182129218,1.9261228068041,0.033966033966034,40,7,13.711,0.510538983298082,-0.880927807683103,0.836163836163836,15,194,25.674,7.55628262054997,14.6728495706684,0.000999000999000999,49,2000,1000,970303
3,3,"ElasticNet",50,"Psoriasis","MONDO_0005083",0,0.166726824880088,0,-0.584810628100872,1,0,16,1.29042176581037,1.00906444665487,1.27882988057723,1.88500634955224,0.035964035964036,46,19,13.711,1.38574866895194,0.694267199349714,0.248751248751249,18,120,24.892,4.82082596818255,8.52937931325329,0.000999000999000999,48,2000,1000,970303
3,3,"mRMR",50,"Psoriasis","MONDO_0005083",0.397448231350597,0.166726824880088,2.38382894676035,0.809277875539088,0.266733266733267,1,16,1.36020104996873,1.00906444665487,1.34798233599242,2.35250580576158,0.013986013986014,44,28,13.711,2.04215593319233,1.87566345462433,0.056943056943057,22,128,25.674,4.98558853314637,8.91967969991692,0.000999000999000999,49,2000,1000,970303
3,3,"Boruta",50,"Psoriasis","MONDO_0005083",0,0.166726824880088,0,-0.584810628100872,1,0,16,1.18926800690666,1.00906444665487,1.17858478796789,1.20730769082575,0.126873126873127,48,45,13.711,3.28203632120195,4.10718971458749,0.002997002997003,21,184,25.674,7.16678351639791,13.8011571660091,0.000999000999000999,49,2000,1000,970303
3,3,"RF_importance",50,"Psoriasis","MONDO_0005083",0.397448231350597,0.166726824880088,2.38382894676035,0.809277875539088,0.266733266733267,1,16,1.19808962652693,1.00906444665487,1.18732716279787,1.26640979290523,0.118881118881119,47,41,13.711,2.99029975931734,3.58212471224321,0.004995004995005,23,128,25.674,4.98558853314637,8.91967969991692,0.000999000999000999,49,2000,1000,970303
3,3,"GS_full_ungrouped",100,"Psoriasis","MONDO_0005083",0,0.383412160790915,0,-0.894540138853677,1,0,16,1.30570453879132,0.999466529250153,1.30640146576086,2.95773194977518,0.001998001998002,91,78,56.879,1.37133212609223,1.07896008808431,0.151848151848152,43,378,104.942,3.60198967048465,9.23942230932604,0.000999000999000999,98,2000,1000,970304
3,3,"DGE",100,"Psoriasis","MONDO_0005083",1.21602256935197,0.383412160790915,3.17158059578371,1.94256600768431,0.0559440559440559,2,16,1.19975829572178,0.999466529250153,1.20039867330214,1.93447363982558,0.036963036963037,93,177,56.879,3.11186905536314,6.13634604141733,0.000999000999000999,50,482,104.942,4.59301328352804,12.7584546034537,0.000999000999000999,98,2000,1000,970304
3,3,"LASSO",100,"Psoriasis","MONDO_0005083",0,0.383412160790915,0,-0.894540138853677,1,0,16,1.40590752304832,0.999466529250153,1.40665793391111,3.92552026724701,0.000999000999000999,80,68,56.879,1.19552031505477,0.568113022091076,0.254745254745255,31,880,101.89,8.63676513887526,27.1438366418764,0.000999000999000999,97,2000,1000,970304
3,3,"ElasticNet",100,"Psoriasis","MONDO_0005083",0.840711833010008,0.383412160790915,2.19271040145352,1.06692732812845,0.14985014985015,2,16,1.19342404923456,0.999466529250153,1.19406104587606,1.87329572386053,0.040959040959041,91,153,56.879,2.68992070887322,4.91031308303357,0.000999000999000999,41,444,101.89,4.35764059279615,11.9342740146668,0.000999000999000999,97,2000,1000,970304
3,3,"mRMR",100,"Psoriasis","MONDO_0005083",0.397448231350597,0.383412160790915,1.03660830822561,0.0327476011233364,0.507492507492508,1,16,1.26865824418118,0.999466529250153,1.26933539748749,2.59992852310926,0.00599400599400599,89,158,56.879,2.77782661439195,5.16573661603019,0.000999000999000999,47,480,99.516,4.82334498975039,13.4095423850042,0.000999000999000999,96,2000,1000,970304
3,3,"Boruta",100,"Psoriasis","MONDO_0005083",0.397448231350597,0.383412160790915,1.03660830822561,0.0327476011233364,0.507492507492508,1,16,1.15869048600448,0.999466529250153,1.15930894341583,1.53782930070472,0.0719280719280719,93,198,56.879,3.48107385854182,7.20912488000312,0.000999000999000999,50,504,104.942,4.80265289397953,13.5028652810576,0.000999000999000999,98,2000,1000,970304
3,3,"RF_importance",100,"Psoriasis","MONDO_0005083",0.397448231350597,0.383412160790915,1.03660830822561,0.0327476011233364,0.507492507492508,1,16,1.14906933863962,0.999466529250153,1.14968266071072,1.44490558102284,0.0789210789210789,93,149,56.879,2.61959598445824,4.70597425663628,0.000999000999000999,47,374,104.942,3.56387337767529,9.10407491339805,0.000999000999000999,98,2000,1000,970304
3,3,"GS_full_ungrouped",200,"Psoriasis","MONDO_0005083",0.611679670814257,0.780940305854835,0.783260469754726,-0.287809209769802,0.542457542457542,1,16,1.13836141279812,1.00423744531353,1.13355802266735,1.9323876182847,0.027972027972028,182,318,226.642,1.40309386609719,1.68929187004863,0.0609390609390609,84,924,410.538,2.25070517223741,7.01174171159245,0.000999000999000999,194,2000,1000,970305
3,3,"DGE",200,"Psoriasis","MONDO_0005083",1.21602256935197,0.780940305854835,1.55712614681974,0.739809834767235,0.248751248751249,2,16,1.08613674646879,1.00423744531353,1.08155372171936,1.17996207886393,0.118881118881119,184,441,226.642,1.94579998411592,3.96367287681301,0.000999000999000999,87,1262,419.07,3.01143007134846,11.2871304805801,0.000999000999000999,197,2000,1000,970305
3,3,"LASSO",200,"Psoriasis","MONDO_0005083",0.818574338001373,0.780940305854835,1.04819066433681,0.0639925582811965,0.47052947052947,1,16,1.45239989046664,1.00423744531353,1.44627139452382,6.4568889232536,0.000999000999000999,171,385,226.642,1.69871427184723,2.92818233714793,0.004995004995005,77,2038,403.476,5.05110588981749,22.2592567533245,0.000999000999000999,193,2000,1000,970305
3,3,"ElasticNet",200,"Psoriasis","MONDO_0005083",1.65928617101138,0.780940305854835,2.12472855936804,1.49353114086258,0.0889110889110889,3,16,1.2565669289644,1.00423744531353,1.25126476295862,3.63543055786175,0.000999000999000999,170,473,226.642,2.08699181969803,4.55538175662163,0.000999000999000999,73,1992,403.476,4.93709663028284,21.6328200594289,0.000999000999000999,193,2000,1000,970305
3,3,"mRMR",200,"Psoriasis","MONDO_0005083",1.65928617101138,0.780940305854835,2.12472855936804,1.49353114086258,0.0889110889110889,3,16,1.1478601526286,1.00423744531353,1.1430166819464,2.06924046853941,0.021978021978022,184,580,226.642,2.5591020199257,6.53390832348171,0.000999000999000999,89,1358,420.948,3.22605167384095,11.6894524036636,0.000999000999000999,196,2000,1000,970305
3,3,"Boruta",200,"Psoriasis","MONDO_0005083",1.65928617101138,0.780940305854835,2.12472855936804,1.49353114086258,0.0889110889110889,3,16,1.13476463566195,1.00423744531353,1.12997642236659,1.88056714403233,0.02997002997003,185,622,226.642,2.74441630412721,7.31052622823053,0.000999000999000999,90,1320,410.538,3.21529310319629,12.4194441662836,0.000999000999000999,194,2000,1000,970305
3,3,"RF_importance",200,"Psoriasis","MONDO_0005083",0.397448231350597,0.780940305854835,0.508935482482929,-0.652086357170919,0.775224775224775,1,16,1.15389713719878,1.00423744531353,1.14902819306696,2.15621816875193,0.021978021978022,185,649,226.642,2.86354691539962,7.80978059556905,0.000999000999000999,97,1320,420.948,3.13577924114142,11.2154134054658,0.000999000999000999,196,2000,1000,970305
3,3,"GS_full_ungrouped",500,"Psoriasis","MONDO_0005083",2.6861317506694,1.96120770218439,1.36963145090527,0.82246748107335,0.192807192807193,5,16,1.01462703013327,1.00985007916996,1.00473035657653,0.117056403975215,0.454545454545455,450,1580,1426.729,1.1074282502143,0.803651060179045,0.204795204795205,187,2944,2516.262,1.16998945260867,1.71105795725105,0.047952047952048,481,2000,1000,970306
3,3,"DGE",500,"Psoriasis","MONDO_0005083",2.07242512830073,1.96120770218439,1.05670864232915,0.126182482841523,0.440559440559441,4,16,1.03533367347265,1.00985007916996,1.02523502728607,0.624460651229176,0.270729270729271,458,2615,1426.729,1.83286384450025,6.23050184920835,0.000999000999000999,212,5564,2580.174,2.15644371271085,11.092951158499,0.000999000999000999,485,2000,1000,970306
3,3,"LASSO",500,"Psoriasis","MONDO_0005083",2.17281396493487,1.96120770218439,1.10789589624536,0.240079316264175,0.388611388611389,4,16,1.2436704988761,1.00985007916996,1.23153973498553,5.72963334080986,0.000999000999000999,436,1838,1426.729,1.28826147081892,2.15643125686461,0.018981018981019,185,5590,2472.282,2.26106892336716,12.1757308003824,0.000999000999000999,475,2000,1000,970306
3,3,"ElasticNet",500,"Psoriasis","MONDO_0005083",3.01352579794488,1.96120770218439,1.53656636907372,1.1939146112159,0.132867132867133,6,16,1.26200467224273,1.00985007916996,1.24969507679796,6.17890159175937,0.000999000999000999,441,2164,1426.729,1.51675616042009,3.86575817205645,0.000999000999000999,191,5940,2502.658,2.37347651976419,13.0040278946969,0.000999000999000999,479,2000,1000,970306
3,3,"mRMR",500,"Psoriasis","MONDO_0005083",3.01352579794488,1.96120770218439,1.53656636907372,1.1939146112159,0.132867132867133,6,16,1.25459030342397,1.00985007916996,1.24235302774365,5.99721679776902,0.000999000999000999,440,2160,1426.729,1.51395254459677,3.84478483567373,0.000999000999000999,193,5934,2516.262,2.35825999041435,13.6717986260264,0.000999000999000999,481,2000,1000,970306
3,3,"Boruta",500,"Psoriasis","MONDO_0005083",2.56823524473106,1.96120770218439,1.30951721323069,0.688707203056499,0.230769230769231,5,16,1.23460437700909,1.00985007916996,1.22256204408467,5.50747329941441,0.000999000999000999,438,2208,1426.729,1.54759593447669,4.09646487226639,0.000999000999000999,192,5984,2499.532,2.39404816581664,13.7091792990188,0.000999000999000999,478,2000,1000,970306
3,3,"RF_importance",500,"Psoriasis","MONDO_0005083",2.10457672422521,1.96120770218439,1.07310241637392,0.162660293403552,0.424575424575425,4,16,1.13067116591855,1.00985007916996,1.11964259768925,2.96065043325822,0.002997002997003,436,2418,1426.729,1.69478576520138,5.19756503235929,0.000999000999000999,200,5258,2502.658,2.10096625268015,10.4239101687961,0.000999000999000999,479,2000,1000,970306
3,4,"GS_full_ungrouped",10,"Psoriasis","MONDO_0005083",0,0.039089850898504,0,-0.281173328161709,1,0,17,0.814582365072306,1.02285908361648,0.796377896153811,-0.608953963958332,0.721278721278721,9,1,0.524,1.90839694656489,0.517430959800866,0.355644355644356,4,0,1.06,0,-0.631757002987304,1,10,2000,1000,970401
3,4,"DGE",10,"Psoriasis","MONDO_0005083",0,0.039089850898504,0,-0.281173328161709,1,0,17,1.48907780647478,1.02285908361648,1.45579956254571,1.36311797756666,0.104895104895105,7,0,0.524,0,-0.569608871713558,1,4,16,0.744,21.505376344086,12.0909799913416,0.000999000999000999,9,2000,1000,970401
3,4,"LASSO",10,"Psoriasis","MONDO_0005083",0,0.039089850898504,0,-0.281173328161709,1,0,17,0.907402299522733,1.02285908361648,0.887123469945117,-0.33756949327419,0.597402597402597,8,1,0.524,1.90839694656489,0.517430959800866,0.355644355644356,5,0,0.744,0,-0.58964926019652,1,9,2000,1000,970401
3,4,"ElasticNet",10,"Psoriasis","MONDO_0005083",0,0.039089850898504,0,-0.281173328161709,1,0,17,1.51102412620709,1.02285908361648,1.47725542101521,1.42728404705683,0.0919080919080919,8,5,0.524,9.54198473282443,4.86559028585856,0.00999000999000999,7,0,0.744,0,-0.58964926019652,1,9,2000,1000,970401
3,4,"mRMR",10,"Psoriasis","MONDO_0005083",0,0.039089850898504,0,-0.281173328161709,1,0,17,1.31230240011292,1.02285908361648,1.28297477251027,0.846266717440966,0.18981018981019,9,4,0.524,7.63358778625955,3.77855045434414,0.017982017982018,5,2,1.06,1.88679245283019,0.560237342271761,0.382617382617383,10,2000,1000,970401
3,4,"Boruta",10,"Psoriasis","MONDO_0005083",0,0.039089850898504,0,-0.281173328161709,1,0,17,1.21127874813629,1.02285908361648,1.18420881970723,0.550896434316081,0.25974025974026,9,1,0.524,1.90839694656489,0.517430959800866,0.355644355644356,2,0,1.06,0,-0.631757002987304,1,10,2000,1000,970401
3,4,"RF_importance",10,"Psoriasis","MONDO_0005083",0,0.039089850898504,0,-0.281173328161709,1,0,17,1.10517375323313,1.02285908361648,1.08047508296609,0.240669455066098,0.368631368631369,9,0,0.524,0,-0.569608871713558,1,2,0,1.06,0,-0.631757002987304,1,10,2000,1000,970401
3,4,"GS_full_ungrouped",20,"Psoriasis","MONDO_0005083",0,0.0826205385169445,0,-0.416289532032487,1,0,17,0.992674678319021,1.02394447095109,0.969461437100175,-0.128531676951047,0.522477522477522,17,5,2.241,2.23114680946006,1.21363135668043,0.144855144855145,9,6,3.642,1.64744645799012,0.689499282663978,0.284715284715285,19,2000,1000,970402
3,4,"DGE",20,"Psoriasis","MONDO_0005083",0,0.0826205385169445,0,-0.416289532032487,1,0,17,1.36535257731992,1.02394447095109,1.33342443467829,1.403327388595,0.0859140859140859,17,3,2.241,1.33868808567604,0.333869590329992,0.342657342657343,8,52,3.642,14.277869302581,14.1402910564311,0.000999000999000999,19,2000,1000,970402
3,4,"LASSO",20,"Psoriasis","MONDO_0005083",0,0.0826205385169445,0,-0.416289532032487,1,0,17,1.19806230425162,1.02394447095109,1.17004616777587,0.715695731165434,0.224775224775225,18,7,2.241,3.12360553324409,2.09339312303087,0.044955044955045,11,14,3.642,3.84404173531027,3.02876741723218,0.015984015984016,19,2000,1000,970402
3,4,"ElasticNet",20,"Psoriasis","MONDO_0005083",0,0.0826205385169445,0,-0.416289532032487,1,0,17,1.2721660374282,1.02394447095109,1.24241701920276,1.02029247747553,0.156843156843157,17,13,2.241,5.80098170459616,4.73267842208219,0.00699300699300699,12,20,3.642,5.49148819330038,4.78321851815833,0.003996003996004,19,2000,1000,970402
3,4,"mRMR",20,"Psoriasis","MONDO_0005083",0,0.0826205385169445,0,-0.416289532032487,1,0,17,1.34390286617123,1.02394447095109,1.31247631516868,1.31516027548054,0.105894105894106,18,11,2.241,4.90852298081214,3.85291665573175,0.010989010989011,10,30,4.382,6.84618895481515,6.70806182849511,0.001998001998002,20,2000,1000,970402
3,4,"Boruta",20,"Psoriasis","MONDO_0005083",0,0.0826205385169445,0,-0.416289532032487,1,0,17,1.22151087594529,1.02394447095109,1.1929464053951,0.812078981203481,0.204795204795205,19,7,2.241,3.12360553324409,2.09339312303087,0.044955044955045,6,8,4.382,1.82565038795071,0.947371679892861,0.195804195804196,20,2000,1000,970402
3,4,"RF_importance",20,"Psoriasis","MONDO_0005083",0,0.0826205385169445,0,-0.416289532032487,1,0,17,1.01444761143701,1.02394447095109,0.990725220181854,-0.0390359889326967,0.49050949050949,18,6,2.241,2.67737617135207,1.65351223985565,0.0909090909090909,7,4,3.642,1.09829763866008,0.104682249021927,0.48051948051948,19,2000,1000,970402
3,4,"GS_full_ungrouped",50,"Psoriasis","MONDO_0005083",0,0.219993675135302,0,-0.672245264658812,1,0,17,1.29070359224513,1.01569122165942,1.27076375646568,1.84997041084134,0.040959040959041,44,15,14.506,1.03405487384531,0.0610279029019253,0.442557442557443,17,106,24.8,4.2741935483871,7.07560592439781,0.000999000999000999,48,2000,1000,970403
3,4,"DGE",50,"Psoriasis","MONDO_0005083",0.397448231350597,0.219993675135302,1.80663480941512,0.542256430938276,0.345654345654346,1,17,1.42087657658365,1.01569122165942,1.39892572297932,2.72562618154097,0.00799200799200799,44,38,14.506,2.61960568040811,2.90240799752598,0.014985014985015,25,162,24.8,6.53225806451613,11.9553341481204,0.000999000999000999,48,2000,1000,970403
3,4,"LASSO",50,"Psoriasis","MONDO_0005083",0,0.219993675135302,0,-0.672245264658812,1,0,17,1.36169298918323,1.01569122165942,1.34065645163155,2.32750632509584,0.014985014985015,40,16,14.506,1.10299186543499,0.18456616788558,0.388611388611389,17,158,24.8,6.37096774193548,11.6067821321402,0.000999000999000999,48,2000,1000,970403
3,4,"ElasticNet",50,"Psoriasis","MONDO_0005083",0,0.219993675135302,0,-0.672245264658812,1,0,17,1.15611941112938,1.01569122165942,1.13825874091984,0.944641125830663,0.166833166833167,42,28,14.506,1.93023576451124,1.66702534768943,0.0729270729270729,21,68,24.8,2.74193548387097,3.76436177258603,0.002997002997003,48,2000,1000,970403
3,4,"mRMR",50,"Psoriasis","MONDO_0005083",0,0.219993675135302,0,-0.672245264658812,1,0,17,1.40933403194234,1.01569122165942,1.38756149692798,2.64798107049834,0.00799200799200799,45,35,14.506,2.41279470563905,2.53179320257502,0.021978021978022,21,142,25.632,5.53995006242197,10.9229343684474,0.000999000999000999,49,2000,1000,970403
3,4,"Boruta",50,"Psoriasis","MONDO_0005083",0,0.219993675135302,0,-0.672245264658812,1,0,17,1.11792816486835,1.01569122165942,1.10065750400195,0.687733862402525,0.225774225774226,48,34,14.506,2.34385771404936,2.40825493759136,0.025974025974026,17,148,25.632,5.77403245942572,11.4861270520948,0.000999000999000999,49,2000,1000,970403
3,4,"RF_importance",50,"Psoriasis","MONDO_0005083",0.397448231350597,0.219993675135302,1.80663480941512,0.542256430938276,0.345654345654346,1,17,1.26321811645053,1.01569122165942,1.24370289859029,1.6650793936132,0.0549450549450549,46,48,14.506,3.30897559630498,4.13779064736253,0.003996003996004,19,102,25.632,3.97940074906367,7.16831647746452,0.000999000999000999,49,2000,1000,970403
3,4,"GS_full_ungrouped",100,"Psoriasis","MONDO_0005083",0.818574338001373,0.380555634620247,2.15099781354761,1.07266500713899,0.191808191808192,1,17,1.2387665036368,1.01953272812215,1.21503358300076,2.09350458861808,0.027972027972028,84,111,58.222,1.90649582631995,2.58196739921849,0.016983016983017,37,522,102.658,5.08484482456311,14.3442670806554,0.000999000999000999,97,2000,1000,970404
3,4,"DGE",100,"Psoriasis","MONDO_0005083",1.21602256935197,0.380555634620247,3.19538710960206,2.04597689228951,0.045954045954046,2,17,1.1352523899784,1.01953272812215,1.11350264553978,1.10502883290086,0.131868131868132,94,155,58.222,2.66222390161794,4.73450378872953,0.001998001998002,48,410,105.274,3.8945988563178,10.4224103991221,0.000999000999000999,98,2000,1000,970404
3,4,"LASSO",100,"Psoriasis","MONDO_0005083",0,0.380555634620247,0,-0.931943566280828,1,0,17,1.39485600303038,1.01953272812215,1.36813264013557,3.58403259895081,0.000999000999000999,80,118,58.222,2.02672529284463,2.92441637027706,0.011988011988012,35,890,102.658,8.66956301505971,26.9322985339351,0.000999000999000999,97,2000,1000,970404
3,4,"ElasticNet",100,"Psoriasis","MONDO_0005083",0,0.380555634620247,0,-0.931943566280828,1,0,17,1.15557652163013,1.01953272812215,1.13343739710892,1.2991077916411,0.103896103896104,89,190,58.222,3.26337123424135,6.4467486440224,0.000999000999000999,45,364,101.604,3.58253612062517,8.98523707536219,0.000999000999000999,96,2000,1000,970404
3,4,"mRMR",100,"Psoriasis","MONDO_0005083",0.397448231350597,0.380555634620247,1.04438929605446,0.0413683188696859,0.526473526473527,1,17,1.21970560944256,1.01953272812215,1.19633786714145,1.91148852213782,0.035964035964036,89,181,58.222,3.10879049156676,6.00645710980423,0.000999000999000999,48,424,105.274,4.02758515872865,10.9012462896852,0.000999000999000999,98,2000,1000,970404
3,4,"Boruta",100,"Psoriasis","MONDO_0005083",0.397448231350597,0.380555634620247,1.04438929605446,0.0413683188696859,0.526473526473527,1,17,1.20394956042032,1.01953272812215,1.18088368054436,1.76103104427373,0.044955044955045,94,179,58.222,3.07443921541685,5.90861454664464,0.000999000999000999,44,428,105.274,4.06558124513175,11.0380565441317,0.000999000999000999,98,2000,1000,970404
3,4,"RF_importance",100,"Psoriasis","MONDO_0005083",0.397448231350597,0.380555634620247,1.04438929605446,0.0413683188696859,0.526473526473527,1,17,1.20440026731512,1.01953272812215,1.18132575256654,1.76533492924839,0.044955044955045,96,174,58.222,2.98856102504208,5.66400813874566,0.000999000999000999,41,424,107.672,3.93788542982391,10.3103672185666,0.000999000999000999,99,2000,1000,970404
3,4,"GS_full_ungrouped",200,"Psoriasis","MONDO_0005083",0.818574338001373,0.802271698554228,1.0203205964719,0.0264195573712697,0.503496503496504,1,17,1.26098681597475,1.01681240199431,1.24013713198377,3.42688243773985,0.002997002997003,176,376,231.736,1.62253598922912,2.58840464518718,0.014985014985015,78,1254,416.032,3.0141912160603,11.1216615019773,0.000999000999000999,195,2000,1000,970405
3,4,"DGE",200,"Psoriasis","MONDO_0005083",1.21602256935197,0.802271698554228,1.51572412630704,0.670511968561513,0.258741258741259,2,17,1.14068761637976,1.01681240199431,1.1218270097242,1.73853513039554,0.043956043956044,184,573,231.736,2.47264128145821,6.12300589776491,0.000999000999000999,93,1188,423.374,2.80602965699358,10.4100015392854,0.000999000999000999,197,2000,1000,970405
3,4,"LASSO",200,"Psoriasis","MONDO_0005083",0.818574338001373,0.802271698554228,1.0203205964719,0.0264195573712697,0.503496503496504,1,17,1.40614818740193,1.01681240199431,1.38289834451665,5.4641595884157,0.000999000999000999,169,421,231.736,1.81672247730176,3.39580087039529,0.001998001998002,76,2030,398.99,5.08784681320334,22.3570856301784,0.000999000999000999,191,2000,1000,970405
3,4,"ElasticNet",200,"Psoriasis","MONDO_0005083",1.2638648912152,0.802271698554228,1.57535769178049,0.74804376771209,0.215784215784216,2,17,1.25379630597201,1.01681240199431,1.23306551288408,3.32596673553699,0.002997002997003,169,531,231.736,2.29140055925709,5.36943608757068,0.000999000999000999,78,1850,402.908,4.59161893037616,18.3750498325082,0.000999000999000999,193,2000,1000,970405
3,4,"mRMR",200,"Psoriasis","MONDO_0005083",1.28600238622383,0.802271698554228,1.60295120536015,0.783919113010195,0.198801198801199,3,17,1.23906746553094,1.01681240199431,1.21858020525784,3.11925382154679,0.002997002997003,180,585,231.736,2.52442434494425,6.33831155782041,0.000999000999000999,84,1398,420.694,3.32308043375945,12.7717419915415,0.000999000999000999,196,2000,1000,970405
3,4,"Boruta",200,"Psoriasis","MONDO_0005083",1.21602256935197,0.802271698554228,1.51572412630704,0.670511968561513,0.258741258741259,2,17,1.21236248058327,1.01681240199431,1.19231677171267,2.74446089207697,0.003996003996004,184,521,231.736,2.24824800635206,5.1900147041911,0.000999000999000999,85,1234,420.694,2.93324839431986,10.6285384436119,0.000999000999000999,196,2000,1000,970405
3,4,"RF_importance",200,"Psoriasis","MONDO_0005083",1.21602256935197,0.802271698554228,1.51572412630704,0.670511968561513,0.258741258741259,2,17,1.24332913008295,1.01681240199431,1.22277140566378,3.17906444285939,0.002997002997003,189,607,231.736,2.61935996133531,6.73303860125549,0.000999000999000999,85,1192,423.374,2.81547756829659,10.4644595437963,0.000999000999000999,197,2000,1000,970405
3,4,"GS_full_ungrouped",500,"Psoriasis","MONDO_0005083",2.6861317506694,2.01495095741489,1.33310031233495,0.741923811937882,0.225774225774226,5,17,1.09137075383902,1.01686500119857,1.07327005310698,1.78145049962784,0.031968031968032,452,1676,1462.042,1.1463418971548,1.06859670152092,0.145854145854146,189,3972,2558.858,1.55225495123215,5.36001687488594,0.000999000999000999,484,2000,1000,970406
3,4,"DGE",500,"Psoriasis","MONDO_0005083",2.89020045794889,2.01495095741489,1.43437756999153,0.967501532164192,0.160839160839161,6,17,1.064696471275,1.01686500119857,1.04703817126172,1.14366197569725,0.128871128871129,452,2800,1462.042,1.91512966111781,6.68232786609302,0.000999000999000999,215,5292,2538.58,2.08462998999441,10.5515518201732,0.000999000999000999,481,2000,1000,970406
3,4,"LASSO",500,"Psoriasis","MONDO_0005083",2.17281396493487,2.01495095741489,1.07834583116728,0.174501900948754,0.433566433566434,4,17,1.250881406549,1.01686500119857,1.23013517534244,5.59538864394109,0.000999000999000999,435,1988,1462.042,1.35974205939364,2.62685659773667,0.00899100899100899,190,5794,2505.39,2.31261400420693,12.5794496851206,0.000999000999000999,476,2000,1000,970406
3,4,"ElasticNet",500,"Psoriasis","MONDO_0005083",2.17281396493487,2.01495095741489,1.07834583116728,0.174501900948754,0.433566433566434,4,17,1.24093720148197,1.01686500119857,1.22035589780283,5.3576203044874,0.000999000999000999,435,2133,1462.042,1.45891841684439,3.35104789565744,0.002997002997003,192,5950,2505.39,2.37487975923908,13.1761741829719,0.000999000999000999,476,2000,1000,970406
3,4,"mRMR",500,"Psoriasis","MONDO_0005083",3.01352579794488,2.01495095741489,1.49558270232598,1.10382546645721,0.141858141858142,6,17,1.25477097810986,1.01686500119857,1.23396023722998,5.68838923724924,0.000999000999000999,437,2216,1462.042,1.51568833179895,3.76558498343279,0.000999000999000999,194,5918,2511.548,2.35631570648859,13.540843671986,0.000999000999000999,480,2000,1000,970406
3,4,"Boruta",500,"Psoriasis","MONDO_0005083",2.56823524473106,2.01495095741489,1.27458945602627,0.61160091536661,0.262737262737263,5,17,1.24943206597862,1.01686500119857,1.2287098725061,5.560734561649,0.000999000999000999,439,2464,1462.042,1.68531410178367,5.00420182401453,0.000999000999000999,205,6070,2511.548,2.41683615045382,14.1450524611138,0.000999000999000999,480,2000,1000,970406
3,4,"RF_importance",500,"Psoriasis","MONDO_0005083",2.49105083025213,2.01495095741489,1.23628360337269,0.526281198849209,0.288711288711289,5,17,1.0845435356896,1.01686500119857,1.06655606635222,1.61821006848892,0.047952047952048,441,2242,1462.042,1.53347167865219,3.8954399747841,0.000999000999000999,183,4222,2487.968,1.6969671635648,6.72069109061176,0.000999000999000999,475,2000,1000,970406
3,5,"GS_full_ungrouped",10,"Psoriasis","MONDO_0005083",0,0.0433028980737295,0,-0.292620785145104,1,0,16,1.32045799611178,1.02944999375152,1.28268299006906,0.869566343507826,0.185814185814186,10,1,0.542,1.8450184501845,0.497625324382166,0.357642357642358,4,2,1.09,1.8348623853211,0.537458841545072,0.385614385614386,10,2000,1000,970501
3,5,"DGE",10,"Psoriasis","MONDO_0005083",0,0.0433028980737295,0,-0.292620785145104,1,0,16,1.83700172896637,1.02944999375152,1.78444969655298,2.41306013542147,0.016983016983017,9,1,0.542,1.8450184501845,0.497625324382166,0.357642357642358,4,20,0.842,23.7529691211401,13.2546401880929,0.000999000999000999,9,2000,1000,970501
3,5,"LASSO",10,"Psoriasis","MONDO_0005083",0,0.0433028980737295,0,-0.292620785145104,1,0,16,1.37235993232101,1.02944999375152,1.33310014148415,1.0246554700074,0.145854145854146,10,1,0.542,1.8450184501845,0.497625324382166,0.357642357642358,4,2,1.09,1.8348623853211,0.537458841545072,0.385614385614386,10,2000,1000,970501
3,5,"ElasticNet",10,"Psoriasis","MONDO_0005083",0,0.0433028980737295,0,-0.292620785145104,1,0,16,1.343917259797,1.02944999375152,1.30547114279879,0.93966539913069,0.168831168831169,9,1,0.542,1.8450184501845,0.497625324382166,0.357642357642358,5,0,0.842,0,-0.582545518236466,1,9,2000,1000,970501
3,5,"mRMR",10,"Psoriasis","MONDO_0005083",0,0.0433028980737295,0,-0.292620785145104,1,0,16,1.50140820435427,1.02944999375152,1.45845666469222,1.41026697600663,0.0859140859140859,10,1,0.542,1.8450184501845,0.497625324382166,0.357642357642358,5,4,1.09,3.6697247706422,1.71868706472106,0.10989010989011,10,2000,1000,970501
3,5,"Boruta",10,"Psoriasis","MONDO_0005083",0,0.0433028980737295,0,-0.292620785145104,1,0,16,0.897274544964639,1.02944999375152,0.87160576075657,-0.39495588015077,0.622377622377622,9,1,0.542,1.8450184501845,0.497625324382166,0.357642357642358,3,0,1.09,0,-0.643769381630911,1,10,2000,1000,970501
3,5,"RF_importance",10,"Psoriasis","MONDO_0005083",0,0.0433028980737295,0,-0.292620785145104,1,0,16,0.746177424394752,1.02944999375152,0.724831151511823,-0.846451954426634,0.792207792207792,10,0,0.542,0,-0.588892851124746,1,2,0,1.09,0,-0.643769381630911,1,10,2000,1000,970501
3,5,"GS_full_ungrouped",20,"Psoriasis","MONDO_0005083",0,0.080511490326001,0,-0.407866026618351,1,0,16,1.21117652981521,1.01790452730291,1.18987242646852,0.828275588013576,0.207792207792208,20,2,2.242,0.892060660124888,-0.106549070793089,0.534465534465534,7,12,4.026,2.9806259314456,2.08962049720421,0.0559440559440559,20,2000,1000,970502
3,5,"DGE",20,"Psoriasis","MONDO_0005083",0,0.080511490326001,0,-0.407866026618351,1,0,16,1.50408896625016,1.01790452730291,1.47763265208719,2.08356459713542,0.026973026973027,17,3,2.242,1.33809099018733,0.333736345707277,0.350649350649351,8,38,3.856,9.85477178423237,9.90319898086983,0.000999000999000999,19,2000,1000,970502
3,5,"LASSO",20,"Psoriasis","MONDO_0005083",0,0.080511490326001,0,-0.407866026618351,1,0,16,1.5859945677212,1.01790452730291,1.55809756728711,2.43457462103021,0.015984015984016,20,2,2.242,0.892060660124888,-0.106549070793089,0.534465534465534,7,22,4.026,5.46448087431694,4.71016288145829,0.004995004995005,20,2000,1000,970502
3,5,"ElasticNet",20,"Psoriasis","MONDO_0005083",0,0.080511490326001,0,-0.407866026618351,1,0,16,1.22071874123744,1.01790452730291,1.19924679426656,0.869169150836764,0.196803196803197,19,2,2.242,0.892060660124888,-0.106549070793089,0.534465534465534,9,16,3.856,4.149377593361,3.52227180247432,0.010989010989011,19,2000,1000,970502
3,5,"mRMR",20,"Psoriasis","MONDO_0005083",0,0.080511490326001,0,-0.407866026618351,1,0,16,1.35811364459523,1.01790452730291,1.33422497706513,1.4579809957469,0.0789210789210789,20,2,2.242,0.892060660124888,-0.106549070793089,0.534465534465534,9,28,4.026,6.95479384003974,6.28248831201074,0.001998001998002,20,2000,1000,970502
3,5,"Boruta",20,"Psoriasis","MONDO_0005083",0,0.080511490326001,0,-0.407866026618351,1,0,16,1.22332071911649,1.01790452730291,1.20180300441128,0.880320040410796,0.194805194805195,19,5,2.242,2.23015165031222,1.21430717870801,0.135864135864136,7,8,4.026,1.98708395429707,1.04140354350257,0.170829170829171,20,2000,1000,970502
3,5,"RF_importance",20,"Psoriasis","MONDO_0005083",0,0.080511490326001,0,-0.407866026618351,1,0,16,1.13752667794293,1.01790452730291,1.11751804558427,0.512645938743793,0.291708291708292,20,2,2.242,0.892060660124888,-0.106549070793089,0.534465534465534,5,24,4.026,5.9612518628912,5.23427135830911,0.004995004995005,20,2000,1000,970502
3,5,"GS_full_ungrouped",50,"Psoriasis","MONDO_0005083",0,0.185211534561232,0,-0.63612952217814,1,0,16,1.29758076767737,1.01460160044931,1.27890668327622,1.9198367282786,0.035964035964036,47,23,15.082,1.52499668478982,0.940049796996577,0.182817182817183,15,120,26.09,4.59946339593714,7.60899595209397,0.000999000999000999,49,2000,1000,970503
3,5,"DGE",50,"Psoriasis","MONDO_0005083",0,0.185211534561232,0,-0.63612952217814,1,0,16,1.25875467539041,1.01460160044931,1.24063935522374,1.65642596656702,0.0559440559440559,45,30,15.082,1.98912611059541,1.7711117544323,0.0599400599400599,23,140,25.072,5.58391831525207,10.3547140674078,0.000999000999000999,48,2000,1000,970503
3,5,"LASSO",50,"Psoriasis","MONDO_0005083",0,0.185211534561232,0,-0.63612952217814,1,0,16,1.47054406381621,1.01460160044931,1.44938078469912,3.09328455422351,0.004995004995005,45,13,15.082,0.861954647924678,-0.247181570768739,0.53946053946054,16,140,26.09,5.36604062859333,9.22948279100228,0.000999000999000999,49,2000,1000,970503
3,5,"ElasticNet",50,"Psoriasis","MONDO_0005083",0,0.185211534561232,0,-0.63612952217814,1,0,16,1.24882311203044,1.01460160044931,1.23085072158116,1.5890465184809,0.0609390609390609,44,32,15.082,2.12173451796844,2.00855802798536,0.044955044955045,19,72,25.072,2.8717294192725,4.22809081995087,0.000999000999000999,48,2000,1000,970503
3,5,"mRMR",50,"Psoriasis","MONDO_0005083",0,0.185211534561232,0,-0.63612952217814,1,0,16,1.3951554023636,1.01460160044931,1.37507707630834,2.5818196200016,0.011988011988012,43,39,15.082,2.58586394377403,2.83961998542108,0.014985014985015,21,114,26.09,4.36949022614028,7.12284990042147,0.000999000999000999,49,2000,1000,970503
3,5,"Boruta",50,"Psoriasis","MONDO_0005083",0,0.185211534561232,0,-0.63612952217814,1,0,16,1.28830299658138,1.01460160044931,1.26976243287105,1.85689285194618,0.044955044955045,48,24,15.082,1.59130088847633,1.05877293377311,0.168831168831169,19,92,26.7,3.44569288389513,5.54408624971916,0.001998001998002,50,2000,1000,970503
3,5,"RF_importance",50,"Psoriasis","MONDO_0005083",0,0.185211534561232,0,-0.63612952217814,1,0,16,1.22789590742339,1.01460160044931,1.21022469004546,1.44706851911666,0.0739260739260739,49,26,15.082,1.72390929584936,1.29621920732617,0.127872127872128,19,104,26.7,3.89513108614232,6.56290761260782,0.000999000999000999,50,2000,1000,970503
3,5,"GS_full_ungrouped",100,"Psoriasis","MONDO_0005083",0.818574338001373,0.388674729553168,2.10606524108843,1.0156872460341,0.187812187812188,1,16,1.27501010622252,1.022808163483,1.24657795248788,2.30105966821244,0.013986013986014,87,132,59.453,2.22024119893025,3.50303216829456,0.00799200799200799,33,584,104.016,5.61452084294724,16.5186379871053,0.000999000999000999,98,2000,1000,970504
3,5,"DGE",100,"Psoriasis","MONDO_0005083",1.21602256935197,0.388674729553168,3.12863810505495,1.95470438307866,0.0559440559440559,2,16,1.2291046517581,1.022808163483,1.2016961690769,1.88222391829061,0.033966033966034,93,126,59.453,2.11932114443342,3.21331387519123,0.010989010989011,43,450,104.016,4.32625749884633,11.9070311621442,0.000999000999000999,98,2000,1000,970504
3,5,"LASSO",100,"Psoriasis","MONDO_0005083",0,0.388674729553168,0,-0.918288730450119,1,0,16,1.46312351448267,1.022808163483,1.43049651608202,4.0173833891779,0.000999000999000999,80,71,59.453,1.19422064487915,0.55756285507736,0.245754245754246,29,854,100.876,8.46583924818589,25.9106225514644,0.000999000999000999,97,2000,1000,970504
3,5,"ElasticNet",100,"Psoriasis","MONDO_0005083",0,0.388674729553168,0,-0.918288730450119,1,0,16,1.1420685419901,1.022808163483,1.11660092553522,1.08811710178562,0.142857142857143,92,104,59.453,1.74928094461171,2.15101346714568,0.02997002997003,36,314,97.7,3.21392016376663,7.78964689931447,0.000999000999000999,96,2000,1000,970504
3,5,"mRMR",100,"Psoriasis","MONDO_0005083",0,0.388674729553168,0,-0.918288730450119,1,0,16,1.26968505707535,1.022808163483,1.24137164954927,2.2524745713226,0.016983016983017,91,132,59.453,2.22024119893025,3.50303216829456,0.00799200799200799,42,386,105.878,3.64570543455675,9.41431284530873,0.000999000999000999,99,2000,1000,970504
3,5,"Boruta",100,"Psoriasis","MONDO_0005083",0,0.388674729553168,0,-0.918288730450119,1,0,16,1.19317505134737,1.022808163483,1.16656778264676,1.55440664019172,0.0589410589410589,94,137,59.453,2.30434124434427,3.744464079214,0.004995004995005,43,388,105.878,3.66459510002078,9.48152865017452,0.000999000999000999,99,2000,1000,970504
3,5,"RF_importance",100,"Psoriasis","MONDO_0005083",0.818574338001373,0.388674729553168,2.10606524108843,1.0156872460341,0.187812187812188,1,16,1.23024930093937,1.022808163483,1.20281529309461,1.8926675573707,0.032967032967033,91,133,59.453,2.23706120801305,3.55131855047845,0.00699300699300699,42,376,100.876,3.72734842777271,9.46541886707777,0.000999000999000999,97,2000,1000,970504
3,5,"GS_full_ungrouped",200,"Psoriasis","MONDO_0005083",0.818574338001373,0.767046710734571,1.0671766484957,0.0853681438000785,0.462537462537463,1,16,1.17886032739417,1.02014236027853,1.15558413540666,2.13383939066047,0.023976023976024,176,346,236.742,1.46150661901986,1.96811965271532,0.032967032967033,74,1234,413.25,2.98608590441621,11.1378177877248,0.000999000999000999,195,2000,1000,970505
3,5,"DGE",200,"Psoriasis","MONDO_0005083",1.21602256935197,0.767046710734571,1.58533053115818,0.743838552137396,0.238761238761239,2,16,1.09909563178522,1.02014236027853,1.0773943662972,1.06146521294421,0.142857142857143,185,492,236.742,2.07821172415541,4.59809154764692,0.000999000999000999,87,1240,413.25,3.00060496067756,11.219239544321,0.000999000999000999,195,2000,1000,970505
3,5,"LASSO",200,"Psoriasis","MONDO_0005083",0.818574338001373,0.767046710734571,1.0671766484957,0.0853681438000785,0.462537462537463,1,16,1.42828510925674,1.02014236027853,1.40008411067919,5.48716122446047,0.000999000999000999,170,352,236.742,1.48685066443639,2.07620068949333,0.028971028971029,74,1994,399.498,4.99126403636564,21.7520373817652,0.000999000999000999,192,2000,1000,970505
3,5,"ElasticNet",200,"Psoriasis","MONDO_0005083",0,0.767046710734571,0,-1.27080087666977,1,0,16,1.09600939190582,1.02014236027853,1.07436906316347,1.01997312264484,0.148851148851149,179,491,236.742,2.07398771658599,4.58007804151725,0.000999000999000999,80,1262,394.286,3.20072231831716,11.7459812498396,0.000999000999000999,190,2000,1000,970505
3,5,"mRMR",200,"Psoriasis","MONDO_0005083",1.65928617101138,0.767046710734571,2.16321398395979,1.47821335057064,0.0969030969030969,3,16,1.17235316707248,1.02014236027853,1.14920545672899,2.0463556906856,0.024975024975025,184,531,236.742,2.24294801936285,5.300618286704,0.000999000999000999,85,1410,418.058,3.37273775409154,12.9817112859516,0.000999000999000999,196,2000,1000,970505
3,5,"Boruta",200,"Psoriasis","MONDO_0005083",1.21602256935197,0.767046710734571,1.58533053115818,0.743838552137396,0.238761238761239,2,16,1.16726263532441,1.02014236027853,1.14421543578066,1.97791745800883,0.030969030969031,184,524,236.742,2.2133799663769,5.17452374379632,0.000999000999000999,89,1192,410.146,2.90628215318448,10.2665589951831,0.000999000999000999,194,2000,1000,970505
3,5,"RF_importance",200,"Psoriasis","MONDO_0005083",1.21602256935197,0.767046710734571,1.58533053115818,0.743838552137396,0.238761238761239,2,16,1.1853566289678,1.02014236027853,1.16195216973851,2.22117710322908,0.01998001998002,183,574,236.742,2.42458034484798,6.07519905027974,0.000999000999000999,94,1276,418.058,3.05220806682326,11.2280308164105,0.000999000999000999,196,2000,1000,970505
3,5,"GS_full_ungrouped",500,"Psoriasis","MONDO_0005083",2.49469867639737,1.91190842411213,1.30482121681946,0.674185339412684,0.247752247752248,5,16,1.06029124642065,1.01918965617115,1.0403277152595,0.948946058305763,0.168831168831169,439,1641,1495.814,1.09706153305157,0.687013693533946,0.23976023976024,182,3854,2519.348,1.52976087463899,5.07302798705449,0.000999000999000999,479,2000,1000,970506
3,5,"DGE",500,"Psoriasis","MONDO_0005083",2.51771568151455,1.91190842411213,1.31685997601258,0.700811947092454,0.241758241758242,5,16,1.06354810350155,1.01918965617115,1.04352325110622,1.02413978367317,0.156843156843157,453,2735,1495.814,1.82843588841928,5.8637730279473,0.000999000999000999,210,5930,2553.522,2.32228271383603,13.0098598839658,0.000999000999000999,482,2000,1000,970506
3,5,"LASSO",500,"Psoriasis","MONDO_0005083",2.17281396493487,1.91190842411213,1.13646340877644,0.301821607181138,0.375624375624376,4,16,1.23804634446833,1.01918965617115,1.21473597869838,5.05292351056876,0.000999000999000999,437,1886,1495.814,1.26085195084416,1.84634279493365,0.045954045954046,186,5612,2468.946,2.27303472817956,12.440584896119,0.000999000999000999,475,2000,1000,970506
3,5,"ElasticNet",500,"Psoriasis","MONDO_0005083",1.70712849287461,1.91190842411213,0.89289239554838,-0.236894194617902,0.582417582417582,3,16,1.16836530693994,1.01918965617115,1.14636691990106,3.44414035887483,0.001998001998002,435,2312,1495.814,1.545646718108,3.86215584471435,0.000999000999000999,197,6124,2439.2,2.51065923253526,14.6769021097881,0.000999000999000999,472,2000,1000,970506
3,5,"mRMR",500,"Psoriasis","MONDO_0005083",3.01352579794488,1.91190842411213,1.57618731103417,1.27437663922499,0.111888111888112,6,16,1.23292912380144,1.01918965617115,1.2097151068362,4.93477804826782,0.000999000999000999,442,2194,1495.814,1.46675990464055,3.30378509383612,0.001998001998002,197,5916,2553.522,2.31680009022832,12.9559166809076,0.000999000999000999,482,2000,1000,970506
3,5,"Boruta",500,"Psoriasis","MONDO_0005083",2.56823524473106,1.91190842411213,1.34328360728036,0.759254154628606,0.228771228771229,5,16,1.21032573889143,1.01918965617115,1.18753730629325,4.41291519856992,0.000999000999000999,442,2598,1495.814,1.73684696091894,5.21549512226665,0.000999000999000999,208,5898,2532.934,2.32852494380035,13.1329365741771,0.000999000999000999,481,2000,1000,970506
3,5,"RF_importance",500,"Psoriasis","MONDO_0005083",2.45689840217742,1.91190842411213,1.28505025198494,0.630457101672027,0.257742257742258,5,16,1.06372130941803,1.01918965617115,1.04369319584166,1.02813873044676,0.154845154845155,442,2530,1495.814,1.69138676332753,4.89372214718428,0.000999000999000999,212,4646,2439.2,1.90472285995408,8.78989024529973,0.000999000999000999,472,2000,1000,970506
