"repeat_idx","fold_idx","method","k","disease_label","ontology_ids","open_targets_sum","open_targets_expected","open_targets_enrichment","open_targets_z","open_targets_empirical_p","open_targets_overlap","open_targets_pool_targets","GO_semantic_mean_ratio","GO_semantic_expected","GO_semantic_enrichment","GO_semantic_z","GO_semantic_empirical_p","GO_annotated","hallmark_edges","hallmark_expected","hallmark_enrichment","hallmark_z","hallmark_empirical_p","hallmark_annotated","string_edges","string_expected","string_enrichment","string_z","string_empirical_p","string_mapped","pool_size","n_null","null_seed"
1,1,"GS_full_ungrouped",10,"Sepsis","HP_0100806",0,0.0225415054566941,0,-0.225575955824194,1,0,12,1.03603176691708,1.061106676349,0.976369096537779,-0.0520623088701066,0.464535464535465,10,1,0.771,1.2970168612192,0.207516024346969,0.460539460539461,3,2,0.912000000000001,2.19298245614035,0.715144300767938,0.338661338661339,10,2000,1000,950101
1,1,"DGE",10,"Sepsis","HP_0100806",0,0.0225415054566941,0,-0.225575955824194,1,0,12,1.52589410234835,1.061106676349,1.43802139441679,0.965024683220396,0.163836163836164,10,0,0.771,0,-0.69866748808521,1,2,2,0.912000000000001,2.19298245614035,0.715144300767938,0.338661338661339,10,2000,1000,950101
1,1,"LASSO",10,"Sepsis","HP_0100806",0,0.0225415054566941,0,-0.225575955824194,1,0,12,0.918860571604843,1.061106676349,0.86594551903717,-0.295341471157308,0.568431568431568,9,2,0.771,2.59403372243839,1.11369953677915,0.176823176823177,6,4,0.912000000000001,4.3859649122807,2.02974779482665,0.0819180819180819,10,2000,1000,950101
1,1,"ElasticNet",10,"Sepsis","HP_0100806",0,0.0225415054566941,0,-0.225575955824194,1,0,12,1.01261057160484,1.061106676349,0.954296673628498,-0.100691058966427,0.481518481518482,8,1,0.771,1.2970168612192,0.207516024346969,0.460539460539461,5,2,0.912000000000001,2.19298245614035,0.715144300767938,0.338661338661339,10,2000,1000,950101
1,1,"mRMR",10,"Sepsis","HP_0100806",0,0.0225415054566941,0,-0.225575955824194,1,0,12,0.998326157136757,1.061106676349,0.940834865512056,-0.130349375383688,0.492507492507492,10,2,0.771,2.59403372243839,1.11369953677915,0.176823176823177,5,8,0.912000000000001,8.7719298245614,4.65895478294407,0.00899100899100899,10,2000,1000,950101
1,1,"Boruta",10,"Sepsis","HP_0100806",0,0.0225415054566941,0,-0.225575955824194,1,0,12,0.759865524861815,1.061106676349,0.716106628860653,-0.625458285928921,0.712287712287712,10,1,0.771,1.2970168612192,0.207516024346969,0.460539460539461,6,0,0.912000000000001,0,-0.599459193290772,1,10,2000,1000,950101
1,1,"RF_importance",10,"Sepsis","HP_0100806",0,0.0225415054566941,0,-0.225575955824194,1,0,12,1.34223586729877,1.061106676349,1.2649396118372,0.583700404237448,0.251748251748252,10,4,0.771,5.18806744487679,2.92606656164351,0.035964035964036,6,4,0.912000000000001,4.3859649122807,2.02974779482665,0.0819180819180819,10,2000,1000,950101
1,1,"GS_full_ungrouped",20,"Sepsis","HP_0100806",0,0.0560885896541601,0,-0.36173208751122,1,0,12,1.12951974900416,1.0371045743019,1.08910882951651,0.269886626564634,0.353646353646354,19,8,3.055,2.61865793780687,1.77084686964926,0.0809190809190809,8,8,4.304,1.85873605947955,0.980754893504203,0.178821178821179,20,2000,1000,950102
1,1,"DGE",20,"Sepsis","HP_0100806",0,0.0560885896541601,0,-0.36173208751122,1,0,12,1.42992286565558,1.0371045743019,1.37876439954774,1.14717527557445,0.133866133866134,19,12,3.055,3.92798690671031,3.20328114236858,0.016983016983017,8,20,4.304,4.64684014869889,4.16502402825811,0.002997002997003,20,2000,1000,950102
1,1,"LASSO",20,"Sepsis","HP_0100806",0,0.0560885896541601,0,-0.36173208751122,1,0,12,0.650843074967893,1.0371045743019,0.627557809593108,-1.12802700815002,0.879120879120879,19,6,3.055,1.96399345335516,1.0546297332896,0.163836163836164,9,4,4.304,0.929368029739777,-0.0806681514137652,0.56943056943057,20,2000,1000,950102
1,1,"ElasticNet",20,"Sepsis","HP_0100806",0,0.0560885896541601,0,-0.36173208751122,1,0,12,0.703870305827834,1.0371045743019,0.678687880922352,-0.973167803490602,0.839160839160839,18,10,3.055,3.27332242225859,2.48706400600892,0.035964035964036,10,6,4.304,1.39405204460967,0.450043371045219,0.331668331668332,20,2000,1000,950102
1,1,"mRMR",20,"Sepsis","HP_0100806",0,0.0560885896541601,0,-0.36173208751122,1,0,12,1.19272080818136,1.0371045743019,1.1500487392838,0.454457187747917,0.294705294705295,20,4,3.055,1.30932896890344,0.33841259692994,0.340659340659341,6,28,4.304,6.50557620817844,6.28787011809404,0.001998001998002,20,2000,1000,950102
1,1,"Boruta",20,"Sepsis","HP_0100806",0,0.0560885896541601,0,-0.36173208751122,1,0,12,0.851811822577618,1.0371045743019,0.821336482052442,-0.54112363960636,0.685314685314685,20,13,3.055,4.25531914893617,3.56138971054842,0.011988011988012,13,10,4.304,2.32342007434944,1.51146641596319,0.0989010989010989,20,2000,1000,950102
1,1,"RF_importance",20,"Sepsis","HP_0100806",0,0.0560885896541601,0,-0.36173208751122,1,0,12,1.02313858141669,1.0371045743019,0.9865336695727,-0.0407858852029393,0.46953046953047,18,9,3.055,2.94599018003273,2.12895543782909,0.051948051948052,12,12,3.816,3.14465408805032,2.3854975645622,0.043956043956044,19,2000,1000,950102
1,1,"GS_full_ungrouped",50,"Sepsis","HP_0100806",0,0.116749052747015,0,-0.53012372996606,1,0,12,0.983205708616548,1.02976368221617,0.954787710613933,-0.227854818771432,0.566433566433566,46,21,20.784,1.01039260969977,0.022022990108492,0.455544455544456,17,40,26.092,1.5330369461904,1.18278904595115,0.138861138861139,49,2000,1000,950103
1,1,"DGE",50,"Sepsis","HP_0100806",0,0.116749052747015,0,-0.53012372996606,1,0,12,1.41711833351796,1.02976368221617,1.37615878088471,1.89571446196621,0.038961038961039,44,46,20.784,2.21324095458045,2.57098017859144,0.017982017982018,18,94,27.922,3.36652102284937,5.42684685366698,0.000999000999000999,50,2000,1000,950103
1,1,"LASSO",50,"Sepsis","HP_0100806",0,0.116749052747015,0,-0.53012372996606,1,0,12,0.895258634350795,1.02976368221617,0.869382606720114,-0.658267981522664,0.725274725274725,43,29,20.784,1.39530408006159,0.837689290423034,0.202797202797203,19,44,27.922,1.57581835112098,1.32045224905805,0.107892107892108,50,2000,1000,950103
1,1,"ElasticNet",50,"Sepsis","HP_0100806",0,0.116749052747015,0,-0.53012372996606,1,0,12,0.751854440807245,1.02976368221617,0.730123283420881,-1.36008840033909,0.916083916083916,44,17,20.784,0.81793687451886,-0.385810160048779,0.624375624375624,17,22,27.922,0.78790917556049,-0.486361376969882,0.681318681318681,50,2000,1000,950103
1,1,"mRMR",50,"Sepsis","HP_0100806",0,0.116749052747015,0,-0.53012372996606,1,0,12,1.20033471302553,1.02976368221617,1.16564094632108,0.834774976397212,0.204795204795205,48,14,20.784,0.673595073133179,-0.691685022666732,0.735264735264735,16,64,26.092,2.45285911390464,3.22384003119905,0.00699300699300699,49,2000,1000,950103
1,1,"Boruta",50,"Sepsis","HP_0100806",0,0.116749052747015,0,-0.53012372996606,1,0,12,0.812776498492914,1.02976368221617,0.789284485877116,-1.06193572444032,0.858141858141858,48,55,20.784,2.64626635873749,3.4886047664453,0.002997002997003,27,36,26.092,1.37973325157136,0.842613881743172,0.190809190809191,49,2000,1000,950103
1,1,"RF_importance",50,"Sepsis","HP_0100806",0,0.116749052747015,0,-0.53012372996606,1,0,12,1.26027994198998,1.02976368221617,1.22385355373741,1.12814705052065,0.12987012987013,47,33,20.784,1.58775981524249,1.24552244058031,0.130869130869131,22,50,26.092,1.916296182738,2.03322695647111,0.041958041958042,49,2000,1000,950103
1,1,"GS_full_ungrouped",100,"Sepsis","HP_0100806",0,0.261036341790691,0,-0.793104571839719,1,0,12,0.974350132075307,1.03627721219048,0.940240816466211,-0.41403336942051,0.64035964035964,91,127,83.058,1.52905198776758,1.53705386496925,0.0769230769230769,43,144,110.386,1.30451325349229,1.03519300973836,0.158841158841159,99,2000,1000,950104
1,1,"DGE",100,"Sepsis","HP_0100806",0,0.261036341790691,0,-0.793104571839719,1,0,12,1.35030865597271,1.03627721219048,1.30303806750553,2.09955800485552,0.01998001998002,88,135,83.058,1.62537022321751,1.8168870751043,0.0559440559440559,39,300,110.386,2.71773594477561,5.83944449778454,0.000999000999000999,99,2000,1000,950104
1,1,"LASSO",100,"Sepsis","HP_0100806",0,0.261036341790691,0,-0.793104571839719,1,0,12,1.6063144333074,1.03627721219048,1.55008178739353,3.81116679351255,0.000999000999000999,91,135,83.058,1.62537022321751,1.8168870751043,0.0559440559440559,38,476,99.964,4.76171421711816,12.6642005547852,0.000999000999000999,94,2000,1000,950104
1,1,"ElasticNet",100,"Sepsis","HP_0100806",0,0.261036341790691,0,-0.793104571839719,1,0,12,1.01196548979299,1.03627721219048,0.976539364070258,-0.16254382286275,0.55044955044955,91,123,83.058,1.48089287004262,1.39713725990173,0.0919080919080919,43,144,110.386,1.30451325349229,1.03519300973836,0.158841158841159,99,2000,1000,950104
1,1,"mRMR",100,"Sepsis","HP_0100806",0,0.261036341790691,0,-0.793104571839719,1,0,12,1.17825883622719,1.03627721219048,1.13701123827339,0.94926371607357,0.16983016983017,86,59,83.058,0.710346986443208,-0.841528421178606,0.815184815184815,33,186,103.186,1.80257011610102,2.7237058395016,0.00999000999000999,96,2000,1000,950104
1,1,"Boruta",100,"Sepsis","HP_0100806",0.355340098272014,0.261036341790691,1.36126677164722,0.286522328247184,0.387612387612388,1,12,1.15492661345099,1.03627721219048,1.11449581237988,0.793268652296404,0.228771228771229,94,150,83.058,1.80596691468612,2.3415743441075,0.025974025974026,51,148,104.618,1.41467051559005,1.49507082154461,0.0869130869130869,97,2000,1000,950104
1,1,"RF_importance",100,"Sepsis","HP_0100806",0,0.261036341790691,0,-0.793104571839719,1,0,12,1.43226883638551,1.03627721219048,1.38212904764931,2.64752909587923,0.00699300699300699,95,164,83.058,1.97452382672349,2.83128246184382,0.00999000999000999,46,264,101.082,2.61174096278269,5.52636548283732,0.001998001998002,95,2000,1000,950104
1,1,"GS_full_ungrouped",200,"Sepsis","HP_0100806",0,0.498745809682009,0,-1.08844223036037,1,0,12,1.11244142008323,1.02907831071044,1.08100754675826,0.812049032383991,0.201798201798202,184,422,335.813,1.25665176750156,1.14753003068416,0.135864135864136,85,580,441.666,1.31320952937287,1.67092052043328,0.0689310689310689,198,2000,1000,950105
1,1,"DGE",200,"Sepsis","HP_0100806",0,0.498745809682009,0,-1.08844223036037,1,0,12,1.19195069360229,1.02907831071044,1.15827015417263,1.58655743439159,0.0629370629370629,182,689,335.813,2.05173712750846,4.70248052429308,0.000999000999000999,87,1004,418.968,2.39636440014512,7.71203997251199,0.000999000999000999,193,2000,1000,950105
1,1,"LASSO",200,"Sepsis","HP_0100806",0,0.498745809682009,0,-1.08844223036037,1,0,12,1.55463020793101,1.02907831071044,1.51070155861875,5.11945766918364,0.000999000999000999,186,674,335.813,2.00706941065414,4.50276420442741,0.000999000999000999,91,1794,393.778,4.55586650346134,18.4696186402313,0.000999000999000999,187,2000,1000,950105
1,1,"ElasticNet",200,"Sepsis","HP_0100806",0,0.498745809682009,0,-1.08844223036037,1,0,12,1.41460665727774,1.02907831071044,1.37463460511683,3.75547317203067,0.000999000999000999,187,598,335.813,1.78075297859225,3.49086818377468,0.002997002997003,93,1232,404.22,3.04784523279402,10.9209369969272,0.000999000999000999,190,2000,1000,950105
1,1,"mRMR",200,"Sepsis","HP_0100806",0,0.498745809682009,0,-1.08844223036037,1,0,12,1.23125648225873,1.02907831071044,1.19646529272268,1.96943935765111,0.028971028971029,179,276,335.813,0.821885990119501,-0.796375482675019,0.767232767232767,69,600,418.968,1.43209027897119,2.38640966699905,0.021978021978022,193,2000,1000,950105
1,1,"Boruta",200,"Sepsis","HP_0100806",0.355340098272014,0.498745809682009,0.71246733581295,-0.312962694309212,0.593406593406593,1,12,1.13473427654451,1.02907831071044,1.10267048166735,1.02920614965873,0.150849150849151,191,733,335.813,2.18276243028114,5.28831506256571,0.000999000999000999,105,672,418.064,1.60740939186345,3.22995564681217,0.004995004995005,192,2000,1000,950105
1,1,"RF_importance",200,"Sepsis","HP_0100806",0.358067727928672,0.498745809682009,0.717936313403754,-0.307010028142487,0.562437562437562,1,12,1.29505437117317,1.02907831071044,1.2584604667055,2.59090146902026,0.010989010989011,192,482,335.813,1.43532263491884,1.94639531014684,0.035964035964036,92,866,429.088,2.01823402192557,5.48931582574096,0.000999000999000999,195,2000,1000,950105
1,1,"GS_full_ungrouped",500,"Sepsis","HP_0100806",1.8261328111667,1.31628839841666,1.38733488296586,0.774122554873282,0.212787212787213,4,12,1.04572711685564,1.02983343050636,1.01543325928104,0.277508305909827,0.396603396603397,468,2506,2098.413,1.19423583441391,1.53745494804032,0.0749250749250749,216,2914,2677.228,1.08843923640422,0.890155209756437,0.184815184815185,487,2000,1000,950106
1,1,"DGE",500,"Sepsis","HP_0100806",0.742735237333906,1.31628839841666,0.564264820860937,-0.870854769238607,0.782217782217782,2,12,1.16467932813835,1.02983343050636,1.13093952248733,2.35444791021856,0.015984015984016,466,3439,2098.413,1.63885755568613,5.05681514971902,0.000999000999000999,224,4658,2617.626,1.77947498993363,7.33580036215481,0.000999000999000999,482,2000,1000,950106
1,1,"LASSO",500,"Sepsis","HP_0100806",1.09185404920992,1.31628839841666,0.829494547337262,-0.340770022117365,0.605394605394605,3,12,1.37749214177916,1.02983343050636,1.33758732332263,6.07022045609009,0.000999000999000999,470,3604,2098.413,1.71748840671498,5.67921004069114,0.000999000999000999,226,5428,2566.266,2.11513537567813,10.3560730303479,0.000999000999000999,477,2000,1000,950106
1,1,"ElasticNet",500,"Sepsis","HP_0100806",1.09185404920992,1.31628839841666,0.829494547337262,-0.340770022117365,0.605394605394605,3,12,1.38305550923297,1.02983343050636,1.34298952458063,6.16735844178655,0.000999000999000999,472,3611,2098.413,1.72082426100105,5.70561467242935,0.000999000999000999,231,5472,2571.578,2.12787634674118,10.7264545689709,0.000999000999000999,478,2000,1000,950106
1,1,"mRMR",500,"Sepsis","HP_0100806",1.09185404920992,1.31628839841666,0.829494547337262,-0.340770022117365,0.605394605394605,3,12,1.3530288188202,1.02983343050636,1.31383268278146,5.64308384586172,0.000999000999000999,461,3283,2098.413,1.56451566016795,4.46836907098174,0.000999000999000999,221,5286,2531.45,2.08813130814355,10.8410986908131,0.000999000999000999,474,2000,1000,950106
1,1,"Boruta",500,"Sepsis","HP_0100806",0.355340098272014,1.31628839841666,0.269956111973216,-1.45905639957227,0.941058941058941,1,12,1.14783168306083,1.02983343050636,1.11457993988062,2.06028321228226,0.021978021978022,462,2913,2098.413,1.38819193361841,3.07269567910487,0.00599400599400599,217,3456,2566.266,1.346703732193,3.21977873610319,0.001998001998002,477,2000,1000,950106
1,1,"RF_importance",500,"Sepsis","HP_0100806",0.713407826200685,1.31628839841666,0.541984436738051,-0.91538406065873,0.825174825174825,2,12,1.15602373718507,1.02983343050636,1.12253467691049,2.20331881849597,0.01998001998002,473,2776,2098.413,1.32290449973385,2.5559193150856,0.010989010989011,213,3928,2622.362,1.49788625674106,4.80327234345835,0.000999000999000999,483,2000,1000,950106
1,2,"GS_full_ungrouped",10,"Sepsis","HP_0100806",0,0.0263370652667658,0,-0.240090689338943,1,0,12,0.823847259776179,1.03816738394375,0.793559181802243,-0.45713884873702,0.64035964035964,9,0,0.72,0,-0.631263078907869,1,2,12,1.078,11.1317254174397,6.73665802378715,0.001998001998002,10,2000,1000,950201
1,2,"DGE",10,"Sepsis","HP_0100806",0,0.0263370652667658,0,-0.240090689338943,1,0,12,1.09577377477059,1.03816738394375,1.05548853847441,0.122872825334337,0.390609390609391,10,0,0.72,0,-0.631263078907869,1,1,6,1.078,5.56586270871985,3.03587537017765,0.028971028971029,10,2000,1000,950201
1,2,"LASSO",10,"Sepsis","HP_0100806",0,0.0263370652667658,0,-0.240090689338943,1,0,12,1.09109420259557,1.03816738394375,1.05098100698441,0.11289142837043,0.393606393606394,9,1,0.72,1.38888888888889,0.24549119735306,0.436563436563437,2,14,1.078,12.987012987013,7.97025224165698,0.001998001998002,10,2000,1000,950201
1,2,"ElasticNet",10,"Sepsis","HP_0100806",0,0.0263370652667658,0,-0.240090689338943,1,0,12,0.695577437739671,1.03816738394375,0.670005095996503,-0.730734802459146,0.764235764235764,9,0,0.72,0,-0.631263078907869,1,2,10,1.078,9.27643784786642,5.50306380591732,0.002997002997003,10,2000,1000,950201
1,2,"mRMR",10,"Sepsis","HP_0100806",0,0.0263370652667658,0,-0.240090689338943,1,0,12,1.50957902431349,1.03816738394375,1.45408057280605,1.00550788404433,0.164835164835165,10,1,0.72,1.38888888888889,0.24549119735306,0.436563436563437,3,12,1.078,11.1317254174397,6.73665802378715,0.001998001998002,10,2000,1000,950201
1,2,"Boruta",10,"Sepsis","HP_0100806",0,0.0263370652667658,0,-0.240090689338943,1,0,12,0.820578868862801,1.03816738394375,0.790410950636512,-0.464110235419289,0.642357642357642,9,0,0.72,0,-0.631263078907869,1,3,6,0.786,7.63358778625954,3.99906848135019,0.013986013986014,9,2000,1000,950201
1,2,"RF_importance",10,"Sepsis","HP_0100806",0,0.0263370652667658,0,-0.240090689338943,1,0,12,0.875919272201241,1.03816738394375,0.843716808819241,-0.346070698212802,0.587412587412587,9,0,0.72,0,-0.631263078907869,1,3,6,0.786,7.63358778625954,3.99906848135019,0.013986013986014,9,2000,1000,950201
1,2,"GS_full_ungrouped",20,"Sepsis","HP_0100806",0,0.0534550137093424,0,-0.342003282780365,1,0,12,1.09821542704951,1.0343885075703,1.06170497739688,0.196373452585339,0.381618381618382,19,8,3.267,2.44872972145699,1.57989011095286,0.0929070929070929,6,28,4.304,6.50557620817844,6.60867918941899,0.000999000999000999,20,2000,1000,950202
1,2,"DGE",20,"Sepsis","HP_0100806",0,0.0534550137093424,0,-0.342003282780365,1,0,12,1.15912967896117,1.0343885075703,1.12059411959621,0.383785630035658,0.315684315684316,19,2,3.267,0.612182430364248,-0.422928538047174,0.668331668331668,6,44,4.304,10.2230483271375,11.0709878926053,0.000999000999000999,20,2000,1000,950202
1,2,"LASSO",20,"Sepsis","HP_0100806",0,0.0534550137093424,0,-0.342003282780365,1,0,12,1.15707778287632,1.0343885075703,1.11861043931569,0.377472652348228,0.317682317682318,19,5,3.267,1.53045607591062,0.578480786452842,0.252747252747253,6,32,4.304,7.43494423791822,7.72425636521558,0.000999000999000999,20,2000,1000,950202
1,2,"ElasticNet",20,"Sepsis","HP_0100806",0,0.0534550137093424,0,-0.342003282780365,1,0,12,1.11415062619025,1.0343885075703,1.07711040681156,0.245400573092387,0.358641358641359,19,4,3.267,1.2243648607285,0.24467767828617,0.362637362637363,5,32,4.304,7.43494423791822,7.72425636521558,0.000999000999000999,20,2000,1000,950202
1,2,"mRMR",20,"Sepsis","HP_0100806",0,0.0534550137093424,0,-0.342003282780365,1,0,12,0.981882137155756,1.0343885075703,0.949239217150742,-0.161544021318254,0.538461538461538,18,2,3.267,0.612182430364248,-0.422928538047174,0.668331668331668,6,14,3.77,3.71352785145889,2.81014769823258,0.028971028971029,19,2000,1000,950202
1,2,"Boruta",20,"Sepsis","HP_0100806",0,0.0534550137093424,0,-0.342003282780365,1,0,12,0.9603556840812,1.0343885075703,0.928428416453507,-0.227773504844299,0.56043956043956,19,3,3.267,0.918273645546373,-0.0891254298805017,0.501498501498502,8,16,3.77,4.24403183023873,3.35954118762311,0.015984015984016,19,2000,1000,950202
1,2,"RF_importance",20,"Sepsis","HP_0100806",0,0.0534550137093424,0,-0.342003282780365,1,0,12,1.35335322255986,1.0343885075703,1.30836065236144,0.981344593260464,0.152847152847153,19,2,3.267,0.612182430364248,-0.422928538047174,0.668331668331668,6,30,3.77,7.95755968169761,7.20529561335685,0.000999000999000999,19,2000,1000,950202
1,2,"GS_full_ungrouped",50,"Sepsis","HP_0100806",0,0.119100078999302,0,-0.520716384058863,1,0,12,1.14507473180927,1.0402711261406,1.10074643334329,0.503316835934977,0.281718281718282,49,40,20.435,1.95742598482995,1.87482429676571,0.0529470529470529,22,52,27.684,1.87834128016183,1.91367538797098,0.0529470529470529,50,2000,1000,950203
1,2,"DGE",50,"Sepsis","HP_0100806",0,0.119100078999302,0,-0.520716384058863,1,0,12,1.19678228106809,1.0402711261406,1.15045227248414,0.751641117536282,0.220779220779221,48,34,20.435,1.66381208710546,1.29987179072972,0.107892107892108,21,128,27.684,4.62360930501373,7.89489472856129,0.000999000999000999,50,2000,1000,950203
1,2,"LASSO",50,"Sepsis","HP_0100806",0,0.119100078999302,0,-0.520716384058863,1,0,12,2.18632506443398,1.0402711261406,2.10168773264451,5.50389691606826,0.000999000999000999,47,70,20.435,3.42549547345241,4.7495868269457,0.002997002997003,19,280,22.816,12.2720897615708,23.5367369907794,0.000999000999000999,45,2000,1000,950203
1,2,"ElasticNet",50,"Sepsis","HP_0100806",0,0.119100078999302,0,-0.520716384058863,1,0,12,2.10925973509475,1.0402711261406,2.02760576746958,5.13379249574962,0.000999000999000999,47,69,20.435,3.37655982383166,4.65376140927304,0.002997002997003,23,212,22.816,9.29172510518934,17.3135733593987,0.000999000999000999,45,2000,1000,950203
1,2,"mRMR",50,"Sepsis","HP_0100806",0,0.119100078999302,0,-0.520716384058863,1,0,12,1.16464658905318,1.0402711261406,1.1195606220217,0.597310217160014,0.25974025974026,47,16,20.435,0.78297039393198,-0.424985727378275,0.642357642357642,18,50,23.21,2.154243860405,2.39708338181806,0.024975024975025,46,2000,1000,950203
1,2,"Boruta",50,"Sepsis","HP_0100806",0,0.119100078999302,0,-0.520716384058863,1,0,12,1.15078696849316,1.0402711261406,1.10623753709534,0.530749717423225,0.277722277722278,47,47,20.435,2.29997553217519,2.54560222047438,0.020979020979021,25,58,25.932,2.23661884929816,2.65442726189825,0.026973026973027,48,2000,1000,950203
1,2,"RF_importance",50,"Sepsis","HP_0100806",0,0.119100078999302,0,-0.520716384058863,1,0,12,1.31575919834499,1.0402711261406,1.26482333814883,1.32302494704328,0.101898101898102,47,23,20.435,1.12551994127722,0.245792196330389,0.358641358641359,20,88,25.932,3.39349066790066,5.13767591653675,0.000999000999000999,48,2000,1000,950203
1,2,"GS_full_ungrouped",100,"Sepsis","HP_0100806",0,0.260569225254416,0,-0.780594584858105,1,0,12,1.10161031487364,1.03684342955488,1.0624654441284,0.459736196952709,0.312687312687313,91,115,83.602,1.37556517786656,1.17665704792189,0.120879120879121,43,180,104.206,1.72734775348828,2.52801138213512,0.021978021978022,96,2000,1000,950204
1,2,"DGE",100,"Sepsis","HP_0100806",0.378446223009232,0.260569225254416,1.45238265432045,0.35312745024628,0.290709290709291,1,12,1.17474830490259,1.03684342955488,1.13300453223387,0.978893189344513,0.15984015984016,94,93,83.602,1.11241357862252,0.352195137791258,0.328671328671329,37,284,113.298,2.5066638422567,5.43466709143801,0.000999000999000999,100,2000,1000,950204
1,2,"LASSO",100,"Sepsis","HP_0100806",0,0.260569225254416,0,-0.780594584858105,1,0,12,1.87691710659466,1.03684342955488,1.81022230849302,5.96311333394438,0.000999000999000999,95,249,83.602,2.97839764598933,6.19837959144483,0.000999000999000999,44,890,93.746,9.49373839950504,29.2476353523878,0.000999000999000999,91,2000,1000,950204
1,2,"ElasticNet",100,"Sepsis","HP_0100806",0,0.260569225254416,0,-0.780594584858105,1,0,12,1.86805269871356,1.03684342955488,1.80167289049178,5.90019091383047,0.000999000999000999,95,232,83.602,2.77505322839167,5.56129538816207,0.001998001998002,43,834,93.746,8.89637957886203,27.1906691334003,0.000999000999000999,91,2000,1000,950204
1,2,"mRMR",100,"Sepsis","HP_0100806",0,0.260569225254416,0,-0.780594584858105,1,0,12,1.38687277675897,1.03684342955488,1.337591325003,2.48462096198466,0.011988011988012,93,58,83.602,0.693763307097916,-0.959448810143839,0.838161838161838,33,174,99.412,1.75029171528588,2.48906673776506,0.017982017982018,94,2000,1000,950204
1,2,"Boruta",100,"Sepsis","HP_0100806",0,0.260569225254416,0,-0.780594584858105,1,0,12,1.14572106400135,1.03684342955488,1.10500875189344,0.772848491127438,0.212787212787213,93,128,83.602,1.53106385014713,1.66383908572636,0.0619380619380619,42,192,105.87,1.81354491357325,2.89613235967355,0.00699300699300699,97,2000,1000,950204
1,2,"RF_importance",100,"Sepsis","HP_0100806",0,0.260569225254416,0,-0.780594584858105,1,0,12,1.12429845865061,1.03684342955488,1.08434738225932,0.620783943568959,0.254745254745255,97,133,83.602,1.5908710317935,1.85121679257423,0.04995004995005,46,286,104.206,2.74456365276472,6.06350504266659,0.000999000999000999,96,2000,1000,950204
1,2,"GS_full_ungrouped",200,"Sepsis","HP_0100806",0,0.525800990351595,0,-1.15189658671239,1,0,12,1.14071023862134,1.03647117994415,1.10057111156994,1.06802033063832,0.143856143856144,184,419,337.483,1.24154401851352,1.11524900839569,0.137862137862138,79,694,417.058,1.66403713632157,3.47959394112782,0.002997002997003,192,2000,1000,950205
1,2,"DGE",200,"Sepsis","HP_0100806",0.924794675175314,0.525800990351595,1.75883022692087,0.87409394828434,0.177822177822178,2,12,1.17003424104684,1.03647117994415,1.12886326574935,1.36847038423199,0.0879120879120879,188,425,337.483,1.25932269180966,1.1973361074103,0.117882117882118,78,996,430.098,2.31575129389116,7.0902096769835,0.000999000999000999,195,2000,1000,950205
1,2,"LASSO",200,"Sepsis","HP_0100806",0.358067727928672,0.525800990351595,0.680994776539386,-0.367461028047705,0.611388611388611,1,12,1.68294942216685,1.03647117994415,1.62373007058192,6.62373504491613,0.000999000999000999,188,869,337.483,2.57494451572375,7.2717814344916,0.000999000999000999,96,2112,394.58,5.35252673729028,22.8937504754482,0.000999000999000999,186,2000,1000,950205
1,2,"ElasticNet",200,"Sepsis","HP_0100806",0.358067727928672,0.525800990351595,0.680994776539386,-0.367461028047705,0.611388611388611,1,12,1.66591431446882,1.03647117994415,1.60729439149343,6.44919546649906,0.000999000999000999,189,843,337.483,2.49790359810716,6.91607067209495,0.000999000999000999,97,1996,394.58,5.05854326118911,21.3474338754599,0.000999000999000999,186,2000,1000,950205
1,2,"mRMR",200,"Sepsis","HP_0100806",0,0.525800990351595,0,-1.15189658671239,1,0,12,1.20554364274863,1.03647117994415,1.16312316837752,1.73229526357753,0.047952047952048,179,322,337.483,0.95412213355932,-0.211825759007208,0.553446553446553,71,558,394.58,1.41416189365908,2.17844016181118,0.023976023976024,186,2000,1000,950205
1,2,"Boruta",200,"Sepsis","HP_0100806",0.352497052512609,0.525800990351595,0.670400130431287,-0.37966496473705,0.699300699300699,1,12,1.27677685683583,1.03647117994415,1.23184983966908,2.46214184726014,0.015984015984016,186,512,337.483,1.51711345460364,2.38759904312218,0.013986013986014,88,874,424.9,2.05695457754766,5.65983976205749,0.000999000999000999,194,2000,1000,950205
1,2,"RF_importance",200,"Sepsis","HP_0100806",0.364289014324674,0.525800990351595,0.692826793804781,-0.353831767745774,0.588411588411588,1,12,1.26200493752421,1.03647117994415,1.21759771226076,2.31079061339861,0.021978021978022,186,662,337.483,1.96158028700705,4.43977651848748,0.000999000999000999,94,1044,410.104,2.54569572596219,7.88762277014713,0.000999000999000999,190,2000,1000,950205
1,2,"GS_full_ungrouped",500,"Sepsis","HP_0100806",0,1.28740905032181,0,-2.01613670056335,1,0,12,1.12599691324183,1.03303070882674,1.08999365035399,1.61291593544093,0.0539460539460539,468,2524,2108.694,1.19694939142427,1.62977199311546,0.0579420579420579,210,3450,2628.504,1.31253366934195,2.84168554229502,0.002997002997003,480,2000,1000,950206
1,2,"DGE",500,"Sepsis","HP_0100806",0.924794675175314,1.28740905032181,0.718337870115288,-0.56786935721941,0.663336663336663,2,12,1.12934266791923,1.03303070882674,1.09323242597684,1.67096306201994,0.041958041958042,463,3114,2108.694,1.47674342507732,3.94509003797424,0.000999000999000999,215,4344,2672.556,1.62541028139354,6.01572150260159,0.000999000999000999,484,2000,1000,950206
1,2,"LASSO",500,"Sepsis","HP_0100806",1.09185404920992,1.28740905032181,0.848101890333139,-0.306247353645555,0.57042957042957,3,12,1.42550223186243,1.03303070882674,1.37992241632529,6.80917950446403,0.000999000999000999,473,4032,2108.694,1.91208397235445,7.5475679450596,0.000999000999000999,235,5990,2589.94,2.31279489100134,12.4684436646466,0.000999000999000999,477,2000,1000,950206
1,2,"ElasticNet",500,"Sepsis","HP_0100806",1.09185404920992,1.28740905032181,0.848101890333139,-0.306247353645555,0.57042957042957,3,12,1.43011587060821,1.03303070882674,1.3843885359734,6.8892237689391,0.000999000999000999,473,4089,2108.694,1.93911492136839,7.7712512138002,0.000999000999000999,237,6018,2589.94,2.32360595226144,12.5711231534233,0.000999000999000999,477,2000,1000,950206
1,2,"mRMR",500,"Sepsis","HP_0100806",0.358067727928672,1.28740905032181,0.278130503928932,-1.45538758404605,0.943056943056943,1,12,1.36119171133523,1.03303070882674,1.31766819679658,5.69342497810215,0.000999000999000999,462,3593,2108.694,1.70389824222955,5.82481434896977,0.000999000999000999,224,5654,2512.894,2.24999542360322,11.5663301066565,0.000999000999000999,469,2000,1000,950206
1,2,"Boruta",500,"Sepsis","HP_0100806",0.352497052512609,1.28740905032181,0.273803460077041,-1.4641114959608,0.971028971028971,1,12,1.13389153488076,1.03303070882674,1.09763584489039,1.74988356927969,0.036963036963037,470,2639,2108.694,1.25148551662783,2.08106279846929,0.026973026973027,208,3776,2683.498,1.40711861905617,3.9516368799577,0.001998001998002,485,2000,1000,950206
1,2,"RF_importance",500,"Sepsis","HP_0100806",1.61847461727538,1.28740905032181,1.25715647009846,0.51846259715283,0.28971028971029,4,12,1.28780759590314,1.03303070882674,1.24663050662429,4.4202482367975,0.000999000999000999,463,2492,2108.694,1.1817741218024,1.50419542119092,0.0679320679320679,202,3864,2589.94,1.49192645389468,4.67213676681579,0.000999000999000999,477,2000,1000,950206
1,3,"GS_full_ungrouped",10,"Sepsis","HP_0100806",0,0.0180431749022831,0,-0.197181658997478,1,0,11,1.18296222065506,1.04695619336316,1.12990612993558,0.292144066235787,0.346653346653347,10,2,0.732,2.73224043715847,1.12808555639137,0.156843156843157,4,14,1.078,12.987012987013,7.6292307803109,0.000999000999000999,10,2000,1000,950301
1,3,"DGE",10,"Sepsis","HP_0100806",0,0.0180431749022831,0,-0.197181658997478,1,0,11,0.995973410198978,1.04695619336316,0.951303804793965,-0.109512187644701,0.498501498501498,9,3,0.732,4.0983606557377,2.01774293524892,0.0819180819180819,5,16,1.078,14.8423005565863,8.81004346879735,0.000999000999000999,10,2000,1000,950301
1,3,"LASSO",10,"Sepsis","HP_0100806",0,0.0180431749022831,0,-0.197181658997478,1,0,11,0.878540245024394,1.04695619336316,0.83913754041823,-0.361761320040948,0.591408591408591,9,1,0.732,1.36612021857923,0.238428177533823,0.436563436563437,5,4,1.078,3.71057513914657,1.72516733787869,0.117882117882118,10,2000,1000,950301
1,3,"ElasticNet",10,"Sepsis","HP_0100806",0,0.0180431749022831,0,-0.197181658997478,1,0,11,0.618006821678427,1.04695619336316,0.590289092892408,-0.921393089324702,0.832167832167832,9,2,0.732,2.73224043715847,1.12808555639137,0.156843156843157,6,2,1.078,1.85528756957329,0.544354649392251,0.376623376623377,10,2000,1000,950301
1,3,"mRMR",10,"Sepsis","HP_0100806",0,0.0180431749022831,0,-0.197181658997478,1,0,11,1.55850378302929,1.04695619336316,1.48860457859548,1.09881595612992,0.137862137862138,10,1,0.732,1.36612021857923,0.238428177533823,0.436563436563437,3,6,1.078,5.56586270871986,2.90598002636514,0.02997002997003,10,2000,1000,950301
1,3,"Boruta",10,"Sepsis","HP_0100806",0,0.0180431749022831,0,-0.197181658997478,1,0,11,0.598379568582567,1.04695619336316,0.571542125998969,-0.963552879171053,0.842157842157842,8,5,0.732,6.83060109289617,3.79705769296402,0.016983016983017,5,2,0.77,2.5974025974026,0.8792317604411,0.28971028971029,9,2000,1000,950301
1,3,"RF_importance",10,"Sepsis","HP_0100806",0,0.0180431749022831,0,-0.197181658997478,1,0,11,0.229981366857746,1.04695619336316,0.219666656843561,-1.75488066654075,0.985014985014985,9,5,0.732,6.83060109289617,3.79705769296402,0.016983016983017,6,0,1.078,0,-0.636458039094192,1,10,2000,1000,950301
1,3,"GS_full_ungrouped",20,"Sepsis","HP_0100806",0,0.0478246918886,0,-0.336903264095129,1,0,11,0.943166109628398,1.05590412170889,0.893230824880161,-0.340863751085515,0.601398601398601,19,4,3.059,1.3076168682576,0.349943521484326,0.354645354645355,7,18,4.162,4.32484382508409,3.92621835576621,0.012987012987013,20,2000,1000,950302
1,3,"DGE",20,"Sepsis","HP_0100806",0,0.0478246918886,0,-0.336903264095129,1,0,11,1.14340658584536,1.05590412170889,1.08286970600593,0.264563988705814,0.368631368631369,19,7,3.059,2.2883295194508,1.46559768137059,0.102897102897103,8,48,4.162,11.5329168668909,12.4380373088654,0.000999000999000999,20,2000,1000,950302
1,3,"LASSO",20,"Sepsis","HP_0100806",0,0.0478246918886,0,-0.336903264095129,1,0,11,0.898016463537059,1.05590412170889,0.850471595928324,-0.477373854846158,0.657342657342657,18,6,3.059,1.9614253023864,1.0937129614085,0.156843156843157,10,16,4.162,3.84430562229697,3.35876375889294,0.017982017982018,20,2000,1000,950302
1,3,"ElasticNet",20,"Sepsis","HP_0100806",0,0.0478246918886,0,-0.336903264095129,1,0,11,1.04086991888959,1.05590412170889,0.985761772768747,-0.0454559617736631,0.483516483516484,18,6,3.059,1.9614253023864,1.0937129614085,0.156843156843157,10,24,4.162,5.76645843344546,5.62858214638605,0.001998001998002,20,2000,1000,950302
1,3,"mRMR",20,"Sepsis","HP_0100806",0,0.0478246918886,0,-0.336903264095129,1,0,11,1.2444451792275,1.05590412170889,1.17855888015047,0.570054508798101,0.270729270729271,19,3,3.059,0.9807126511932,-0.0219411984777635,0.498501498501498,7,8,3.93,2.03562340966921,1.17672021190797,0.168831168831169,19,2000,1000,950302
1,3,"Boruta",20,"Sepsis","HP_0100806",0,0.0478246918886,0,-0.336903264095129,1,0,11,0.637319222283245,1.05590412170889,0.603576791850946,-1.26559282297885,0.917082917082917,18,11,3.059,3.5959463877084,2.95313656121895,0.021978021978022,9,6,3.524,1.70261066969353,0.718079046735574,0.258741258741259,18,2000,1000,950302
1,3,"RF_importance",20,"Sepsis","HP_0100806",0,0.0478246918886,0,-0.336903264095129,1,0,11,0.697912308533874,1.05590412170889,0.660961818582884,-1.08238942699835,0.876123876123876,18,15,3.059,4.903563255966,4.44067544106731,0.003996003996004,11,6,3.93,1.52671755725191,0.598479321535503,0.304695304695305,19,2000,1000,950302
1,3,"GS_full_ungrouped",50,"Sepsis","HP_0100806",0,0.111814429530857,0,-0.543370190865114,1,0,11,0.944491286468165,1.04045575010384,0.907766895779952,-0.461299928851635,0.679320679320679,46,31,20.511,1.51138413534201,1.02989060866224,0.14985014985015,20,68,27.68,2.45664739884393,3.28153661795476,0.00599400599400599,50,2000,1000,950303
1,3,"DGE",50,"Sepsis","HP_0100806",0.378446223009232,0.111814429530857,3.38459199404844,1.29571620694152,0.122877122877123,1,11,1.13661308106641,1.04045575010384,1.09241847234058,0.462227039584138,0.291708291708292,48,53,20.511,2.58397932816537,3.19001963817595,0.010989010989011,21,116,27.68,4.19075144508671,7.18812782980565,0.001998001998002,50,2000,1000,950303
1,3,"LASSO",50,"Sepsis","HP_0100806",0,0.111814429530857,0,-0.543370190865114,1,0,11,2.20430398982942,1.04045575010384,2.11859465393836,5.59460335461013,0.000999000999000999,46,89,20.511,4.33913509823997,6.72477623192566,0.000999000999000999,25,200,22.562,8.86446237035724,16.5812042650221,0.000999000999000999,45,2000,1000,950303
1,3,"ElasticNet",50,"Sepsis","HP_0100806",0,0.111814429530857,0,-0.543370190865114,1,0,11,1.1937360872063,1.04045575010384,1.14732038059971,0.736816587316735,0.207792207792208,47,25,20.511,1.21885817366291,0.440764509703957,0.287712287712288,19,94,27.68,3.39595375722543,5.39760685770733,0.001998001998002,50,2000,1000,950303
1,3,"mRMR",50,"Sepsis","HP_0100806",0,0.111814429530857,0,-0.543370190865114,1,0,11,1.12762344919355,1.04045575010384,1.08377838181106,0.419013996065251,0.308691308691309,47,10,20.511,0.487543269465165,-1.03205073769175,0.888111888111888,12,28,23.214,1.20616869130697,0.456243742915024,0.2997002997003,46,2000,1000,950303
1,3,"Boruta",50,"Sepsis","HP_0100806",0,0.111814429530857,0,-0.543370190865114,1,0,11,0.92053077978793,1.04045575010384,0.884738038783541,-0.576477772900279,0.715284715284715,44,54,20.511,2.63273365511189,3.28820732133567,0.00899100899100899,25,46,24.998,1.84014721177694,1.76845524135551,0.0639360639360639,47,2000,1000,950303
1,3,"RF_importance",50,"Sepsis","HP_0100806",0,0.111814429530857,0,-0.543370190865114,1,0,11,0.960226063202484,1.04045575010384,0.922889861588685,-0.385663061692201,0.638361638361638,47,46,20.511,2.24269903953976,2.50270585605795,0.02997002997003,24,58,25.644,2.26173763843394,2.86131167407721,0.011988011988012,48,2000,1000,950303
1,3,"GS_full_ungrouped",100,"Sepsis","HP_0100806",0.378446223009232,0.223548522061455,1.69290416022162,0.510823049124399,0.261738261738262,1,11,0.915444606741981,1.0346942637536,0.884748895215664,-0.836079844349887,0.802197802197802,96,91,82.691,1.10048251925844,0.312397353023104,0.353646353646354,41,206,110.692,1.86101976655946,2.98327670814908,0.00999000999000999,99,2000,1000,950304
1,3,"DGE",100,"Sepsis","HP_0100806",0.378446223009232,0.223548522061455,1.69290416022162,0.510823049124399,0.261738261738262,1,11,1.02531531253546,1.0346942637536,0.990935533764229,-0.0657574392340941,0.514485514485514,92,249,82.691,3.01121040983904,6.25279713370073,0.000999000999000999,50,302,110.692,2.72829111408232,5.98821400598675,0.000999000999000999,99,2000,1000,950304
1,3,"LASSO",100,"Sepsis","HP_0100806",0,0.223548522061455,0,-0.737220352322631,1,0,11,1.84773410221264,1.0346942637536,1.78577785432921,5.70036206915775,0.000999000999000999,94,277,82.691,3.34982041576471,7.30552620875752,0.000999000999000999,46,822,92.224,8.91308119361554,27.2748052045133,0.000999000999000999,91,2000,1000,950304
1,3,"ElasticNet",100,"Sepsis","HP_0100806",0,0.223548522061455,0,-0.737220352322631,1,0,11,1.7378507488242,1.0346942637536,1.67957899227134,4.92995098957956,0.000999000999000999,95,174,82.691,2.10421932253812,3.43298711122717,0.002997002997003,40,562,99.822,5.63002143815992,15.8346986116988,0.000999000999000999,94,2000,1000,950304
1,3,"mRMR",100,"Sepsis","HP_0100806",0,0.223548522061455,0,-0.737220352322631,1,0,11,1.17632920144701,1.0346942637536,1.13688578612545,0.993026895244452,0.15984015984016,92,53,82.691,0.640940368359314,-1.11630639169683,0.879120879120879,32,148,99.822,1.48263909759372,1.65062835036377,0.0679320679320679,94,2000,1000,950304
1,3,"Boruta",100,"Sepsis","HP_0100806",0,0.223548522061455,0,-0.737220352322631,1,0,11,0.955117858225048,1.0346942637536,0.923091865572089,-0.557923858361726,0.707292707292707,90,208,82.691,2.51538861544787,4.71130098808185,0.000999000999000999,53,184,107.48,1.71194640863416,2.4886230275302,0.01998001998002,97,2000,1000,950304
1,3,"RF_importance",100,"Sepsis","HP_0100806",0,0.223548522061455,0,-0.737220352322631,1,0,11,1.10185562499474,1.0346942637536,1.06490937815534,0.470879848713949,0.306693306693307,92,163,82.691,1.97119396306732,3.01941497459772,0.00999000999000999,45,246,101.018,2.43520956661189,4.9174166140884,0.000999000999000999,95,2000,1000,950304
1,3,"GS_full_ungrouped",200,"Sepsis","HP_0100806",1.27931423983857,0.457871752183956,2.79404491265623,2.05876065196562,0.038961038961039,3,11,0.978562220498994,1.03696585678626,0.943678342054315,-0.580639215918222,0.722277722277722,187,428,334.127,1.28095005791211,1.30283795039218,0.0929070929070929,84,646,441.556,1.46300808957414,2.46788928579935,0.01998001998002,197,2000,1000,950305
1,3,"DGE",200,"Sepsis","HP_0100806",0.924794675175314,0.457871752183956,2.01976791702967,1.1702371813029,0.111888111888112,2,11,0.990287353021877,1.03696585678626,0.954985495945786,-0.464069902988161,0.685314685314685,187,775,334.127,2.31947732449039,6.11875699831956,0.000999000999000999,95,956,441.556,2.16507079509734,6.20996867476551,0.000999000999000999,197,2000,1000,950305
1,3,"LASSO",200,"Sepsis","HP_0100806",0.358067727928672,0.457871752183956,0.78202624691469,-0.250136316458704,0.56943056943057,1,11,1.6012536951333,1.03696585678626,1.54417205219838,5.61005562048247,0.000999000999000999,188,926,334.127,2.77140129352013,8.21444511427643,0.000999000999000999,101,2036,398.21,5.11288013862033,21.8566389070153,0.000999000999000999,187,2000,1000,950305
1,3,"ElasticNet",200,"Sepsis","HP_0100806",0,0.457871752183956,0,-1.14755245949638,1,0,11,1.59040016623898,1.03696585678626,1.53370543092702,5.50215164552886,0.000999000999000999,189,752,334.127,2.25064122324745,5.79954622569037,0.000999000999000999,93,1834,398.21,4.60561010522086,19.1609080384564,0.000999000999000999,187,2000,1000,950305
1,3,"mRMR",200,"Sepsis","HP_0100806",0.378446223009232,0.457871752183956,0.826533240375979,-0.199062206647412,0.483516483516484,1,11,1.20931937349706,1.03696585678626,1.16620944227127,1.7135099313246,0.04995004995005,180,269,334.127,0.805083097145696,-0.90387999952267,0.816183816183816,75,492,388.198,1.26739447395401,1.46364276753872,0.0799200799200799,185,2000,1000,950305
1,3,"Boruta",200,"Sepsis","HP_0100806",0.546348452166081,0.457871752183956,1.19323467665369,0.221746928453931,0.372627372627373,1,11,1.01021324455592,1.03696585678626,0.974201067416769,-0.265970011058634,0.599400599400599,185,506,334.127,1.51439422734469,2.38537883148249,0.016983016983017,93,658,428.988,1.53384243848313,2.79742988979913,0.00899100899100899,194,2000,1000,950305
1,3,"RF_importance",200,"Sepsis","HP_0100806",0,0.457871752183956,0,-1.14755245949638,1,0,11,1.09368414396341,1.03696585678626,1.05469638831979,0.563883756017777,0.276723276723277,185,595,334.127,1.7807600104152,3.62058573426501,0.002997002997003,93,862,419.574,2.05446476664426,5.37599966775466,0.000999000999000999,192,2000,1000,950305
1,3,"GS_full_ungrouped",500,"Sepsis","HP_0100806",1.80039224891598,1.13319999414962,1.5887683182235,1.13714025252558,0.140859140859141,4,11,0.985478998600632,1.04329249077858,0.94458553791104,-0.983774593793477,0.835164835164835,466,2298,2087.98,1.10058525464803,0.803199884071802,0.212787212787213,198,2792,2645.878,1.05522628027445,0.525997386464217,0.284715284715285,482,2000,1000,950306
1,3,"DGE",500,"Sepsis","HP_0100806",1.28908368949999,1.13319999414962,1.13756062138647,0.265682977326238,0.350649350649351,3,11,1.1536759873032,1.04329249077858,1.10580302024626,1.87832416559049,0.032967032967033,456,3170,2087.98,1.51821377599402,4.13807417657066,0.000999000999000999,217,4674,2535.984,1.84307156512028,7.8498555501448,0.000999000999000999,470,2000,1000,950306
1,3,"LASSO",500,"Sepsis","HP_0100806",1.09185404920992,1.13319999414962,0.963513991216763,-0.0704686511777803,0.514485514485514,3,11,1.39897297752466,1.04329249077858,1.34092116054688,6.0523835040425,0.000999000999000999,473,4304,2087.98,2.06132242646002,8.47494051566896,0.000999000999000999,237,5826,2595.712,2.24447088120716,11.6494606502451,0.000999000999000999,476,2000,1000,950306
1,3,"ElasticNet",500,"Sepsis","HP_0100806",1.09185404920992,1.13319999414962,0.963513991216763,-0.0704686511777803,0.514485514485514,3,11,1.4065106118022,1.04329249077858,1.34814601296762,6.18064652397431,0.000999000999000999,475,4166,2087.98,1.99522983936628,7.94717371249827,0.000999000999000999,237,5790,2595.712,2.23060185413482,11.5196330362958,0.000999000999000999,476,2000,1000,950306
1,3,"mRMR",500,"Sepsis","HP_0100806",1.09185404920992,1.13319999414962,0.963513991216763,-0.0704686511777803,0.514485514485514,3,11,1.39393843045117,1.04329249077858,1.3360955271622,5.9667138910235,0.000999000999000999,463,3314,2087.98,1.58717995383098,4.68878736248791,0.000999000999000999,225,5386,2509.134,2.14655733810948,10.8256006781244,0.000999000999000999,468,2000,1000,950306
1,3,"Boruta",500,"Sepsis","HP_0100806",1.80121278252473,1.13319999414962,1.58949240365678,1.1385387426735,0.138861138861139,4,11,0.976426300698137,1.04329249077858,0.935908490982676,-1.13781846601539,0.872127872127872,466,3078,2087.98,1.47415205126486,3.78622964112354,0.000999000999000999,223,3156,2668.68,1.18260713161563,1.75331596254365,0.050949050949051,485,2000,1000,950306
1,3,"RF_importance",500,"Sepsis","HP_0100806",1.44435110172253,1.13319999414962,1.27457739955814,0.530315582219951,0.287712287712288,4,11,1.08910553201683,1.04329249077858,1.0439119821557,0.779570725391895,0.21978021978022,468,3347,2087.98,1.60298470291861,4.81499246759394,0.000999000999000999,234,4448,2607.24,1.70601862505945,6.984553672436,0.000999000999000999,477,2000,1000,950306
1,4,"GS_full_ungrouped",10,"Sepsis","HP_0100806",0,0.025848386442549,0,-0.248940885428242,1,0,11,1.15910041788711,1.01573750446861,1.14114169535711,0.304345309578837,0.333666333666334,10,0,0.727,0,-0.634267263813786,1,3,0,0.983999999999999,0,-0.628629626938525,1,10,2000,1000,950401
1,4,"DGE",10,"Sepsis","HP_0100806",0,0.025848386442549,0,-0.248940885428242,1,0,11,0.612291765916777,1.01573750446861,0.60280511768353,-0.856475466841185,0.802197802197802,10,5,0.727,6.87757909215956,3.72795600863316,0.018981018981019,7,4,0.983999999999999,4.06504065040651,1.92677536061646,0.100899100899101,10,2000,1000,950401
1,4,"LASSO",10,"Sepsis","HP_0100806",0,0.025848386442549,0,-0.248940885428242,1,0,11,1.11882632272773,1.01573750446861,1.10149159384742,0.218847382206872,0.353646353646354,10,0,0.727,0,-0.634267263813786,1,3,4,0.983999999999999,4.06504065040651,1.92677536061646,0.100899100899101,10,2000,1000,950401
1,4,"ElasticNet",10,"Sepsis","HP_0100806",0,0.025848386442549,0,-0.248940885428242,1,0,11,1.0533746581734,1.01573750446861,1.03705401596299,0.0798999610346438,0.402597402597403,10,0,0.727,0,-0.634267263813786,1,5,0,0.983999999999999,0,-0.628629626938525,1,10,2000,1000,950401
1,4,"mRMR",10,"Sepsis","HP_0100806",0,0.025848386442549,0,-0.248940885428242,1,0,11,0.900646777581471,1.01573750446861,0.886692451168915,-0.244326249159504,0.543456543456543,10,0,0.727,0,-0.634267263813786,1,3,0,0.983999999999999,0,-0.628629626938525,1,10,2000,1000,950401
1,4,"Boruta",10,"Sepsis","HP_0100806",0,0.025848386442549,0,-0.248940885428242,1,0,11,0.913624853379683,1.01573750446861,0.899469448908112,-0.21677507569099,0.529470529470529,10,15,0.727,20.6327372764787,12.4524025535271,0.000999000999000999,8,2,0.983999999999999,2.03252032520325,0.649072866838966,0.355644355644356,10,2000,1000,950401
1,4,"RF_importance",10,"Sepsis","HP_0100806",0,0.025848386442549,0,-0.248940885428242,1,0,11,1.01678257986711,1.01573750446861,1.0010288833423,0.00221859188058929,0.431568431568432,9,0,0.727,0,-0.634267263813786,1,4,2,0.604,3.31125827814569,1.11315242938335,0.235764235764236,8,2000,1000,950401
1,4,"GS_full_ungrouped",20,"Sepsis","HP_0100806",0,0.0418829360110123,0,-0.316361463745022,1,0,11,1.01619272642944,1.03125725095213,0.985392078932023,-0.0459741479355568,0.478521478521479,19,1,3.016,0.3315649867374,-0.710997941128634,0.849150849150849,8,8,4.69,1.70575692963753,0.805813919112741,0.232767232767233,20,2000,1000,950402
1,4,"DGE",20,"Sepsis","HP_0100806",0.378446223009232,0.0418829360110123,9.03580930691504,2.54222039471152,0.044955044955045,1,11,0.688572548258298,1.03125725095213,0.667702018698592,-1.04581045310598,0.863136863136863,19,13,3.016,4.31034482758621,3.52113266082752,0.013986013986014,11,8,4.69,1.70575692963753,0.805813919112741,0.232767232767233,20,2000,1000,950402
1,4,"LASSO",20,"Sepsis","HP_0100806",0,0.0418829360110123,0,-0.316361463745022,1,0,11,1.13741426121446,1.03125725095213,1.1029394073732,0.323971598761474,0.365634365634366,20,6,3.016,1.9893899204244,1.05238980968643,0.171828171828172,8,14,4.69,2.98507462686567,2.26650380270079,0.046953046953047,20,2000,1000,950402
1,4,"ElasticNet",20,"Sepsis","HP_0100806",0,0.0418829360110123,0,-0.316361463745022,1,0,11,1.11270321065717,1.03125725095213,1.07897734501245,0.248558034114745,0.383616383616384,20,2,3.016,0.663129973474801,-0.358320390965621,0.621378621378621,10,6,4.69,1.27931769722814,0.318917291250058,0.363636363636364,20,2000,1000,950402
1,4,"mRMR",20,"Sepsis","HP_0100806",0,0.0418829360110123,0,-0.316361463745022,1,0,11,0.918131212875807,1.03125725095213,0.890302794989438,-0.345239785168892,0.597402597402597,20,1,3.016,0.3315649867374,-0.710997941128634,0.849150849150849,7,2,3.938,0.507872016251905,-0.560103252571919,0.814185814185814,19,2000,1000,950402
1,4,"Boruta",20,"Sepsis","HP_0100806",0,0.0418829360110123,0,-0.316361463745022,1,0,11,0.971548570424013,1.03125725095213,0.942101080527685,-0.18221987076342,0.519480519480519,18,16,3.016,5.30503978779841,4.57916531131656,0.002997002997003,9,4,3.734,1.07123727905731,0.0727019394331421,0.476523476523477,18,2000,1000,950402
1,4,"RF_importance",20,"Sepsis","HP_0100806",0,0.0418829360110123,0,-0.316361463745022,1,0,11,0.987529029494967,1.03125725095213,0.957597174306614,-0.133450459667856,0.502497502497502,19,10,3.016,3.315649867374,2.46310001033848,0.031968031968032,10,4,3.734,1.07123727905731,0.0727019394331421,0.476523476523477,18,2000,1000,950402
1,4,"GS_full_ungrouped",50,"Sepsis","HP_0100806",0,0.109824400123011,0,-0.487571041842999,1,0,11,1.12223043046394,1.05501964503636,1.06370571936152,0.308119746696108,0.34965034965035,49,21,20.181,1.04058272632674,0.0785574268201429,0.418581418581419,21,32,27.962,1.14441027108218,0.324242027697633,0.324675324675325,50,2000,1000,950403
1,4,"DGE",50,"Sepsis","HP_0100806",0.378446223009232,0.109824400123011,3.44592114853663,1.19256032265783,0.127872127872128,1,11,0.950979447301678,1.05501964503636,0.901385535118545,-0.476959749365915,0.669330669330669,44,101,20.181,5.00470739804767,7.75205455210883,0.000999000999000999,30,48,25.79,1.86118650639783,1.89929924260988,0.0559440559440559,48,2000,1000,950403
1,4,"LASSO",50,"Sepsis","HP_0100806",0.378446223009232,0.109824400123011,3.44592114853663,1.19256032265783,0.127872127872128,1,11,2.15840284953417,1.05501964503636,2.04584138284911,5.05832734011034,0.000999000999000999,47,47,20.181,2.32892324463604,2.57244399253897,0.018981018981019,21,162,22.26,7.27762803234501,12.944609078777,0.000999000999000999,44,2000,1000,950403
1,4,"ElasticNet",50,"Sepsis","HP_0100806",0,0.109824400123011,0,-0.487571041842999,1,0,11,1.21716863236125,1.05501964503636,1.15369286068536,0.743352492962769,0.211788211788212,46,13,20.181,0.64417025915465,-0.688792285708726,0.751248751248751,18,44,27.404,1.60560502116479,1.34439339406851,0.103896103896104,49,2000,1000,950403
1,4,"mRMR",50,"Sepsis","HP_0100806",0,0.109824400123011,0,-0.487571041842999,1,0,11,1.35675756918991,1.05501964503636,1.28600218543149,1.38328115297778,0.0989010989010989,48,19,20.181,0.94147960953372,-0.113280001312074,0.506493506493506,18,26,21.954,1.18429443381616,0.395311316431263,0.321678321678322,45,2000,1000,950403
1,4,"Boruta",50,"Sepsis","HP_0100806",0,0.109824400123011,0,-0.487571041842999,1,0,11,0.957380652949864,1.05501964503636,0.907452915643924,-0.447614193435845,0.661338661338661,48,58,20.181,2.87399038699767,3.62754984726616,0.001998001998002,28,32,25.79,1.24079100426522,0.531051251535674,0.278721278721279,48,2000,1000,950403
1,4,"RF_importance",50,"Sepsis","HP_0100806",0,0.109824400123011,0,-0.487571041842999,1,0,11,0.980473148923054,1.05501964503636,0.929341129841485,-0.341749428360197,0.629370629370629,47,71,20.181,3.51816064615232,4.87449313012557,0.001998001998002,27,38,23.842,1.59382602130694,1.25738004289691,0.123876123876124,46,2000,1000,950403
1,4,"GS_full_ungrouped",100,"Sepsis","HP_0100806",0.378446223009232,0.233322073583964,1.62199065521781,0.483919094198024,0.268731268731269,1,11,1.11763929659242,1.03555070321402,1.07927047234252,0.570951709515269,0.283716283716284,95,79,77.406,1.02059271891068,0.0587650847052264,0.436563436563437,40,160,105.572,1.51555336642292,1.85421393064101,0.051948051948052,97,2000,1000,950404
1,4,"DGE",100,"Sepsis","HP_0100806",0.378446223009232,0.233322073583964,1.62199065521781,0.483919094198024,0.268731268731269,1,11,1.05176977976048,1.03555070321402,1.01566227177107,0.112808724085113,0.440559440559441,90,169,77.406,2.18329328475829,3.37674351850096,0.002997002997003,47,146,105.572,1.38294244686091,1.37727200683389,0.0959040959040959,97,2000,1000,950404
1,4,"LASSO",100,"Sepsis","HP_0100806",0.378446223009232,0.233322073583964,1.62199065521781,0.483919094198024,0.268731268731269,1,11,1.8879604201624,1.03555070321402,1.82314628757701,5.92877481595563,0.000999000999000999,95,188,77.406,2.42875229310389,4.07720563230228,0.001998001998002,41,764,94.172,8.11281484942446,24.6096818428742,0.000999000999000999,91,2000,1000,950404
1,4,"ElasticNet",100,"Sepsis","HP_0100806",0.378446223009232,0.233322073583964,1.62199065521781,0.483919094198024,0.268731268731269,1,11,1.42741765657716,1.03555070321402,1.3784140671692,2.7255565933974,0.004995004995005,94,75,77.406,0.96891713820634,-0.0887006234634728,0.502497502497502,41,164,104.404,1.57082104133941,2.08140520513782,0.036963036963037,96,2000,1000,950404
1,4,"mRMR",100,"Sepsis","HP_0100806",0,0.233322073583964,0,-0.77801666333486,1,0,11,1.49541571325105,1.03555070321402,1.44407773430094,3.19850423574161,0.000999000999000999,89,66,77.406,0.85264708162158,-0.420498466843046,0.621378621378621,36,100,98.934,1.01077486000768,0.0348551623348329,0.450549450549451,92,2000,1000,950404
1,4,"Boruta",100,"Sepsis","HP_0100806",0,0.233322073583964,0,-0.77801666333486,1,0,11,1.20385711002922,1.03555070321402,1.16252840763164,1.17062342937879,0.12987012987013,96,185,77.406,2.38999560757564,3.96660635117575,0.001998001998002,55,160,104.404,1.53250833301406,1.94170420472585,0.045954045954046,96,2000,1000,950404
1,4,"RF_importance",100,"Sepsis","HP_0100806",0,0.233322073583964,0,-0.77801666333486,1,0,11,1.12044775122499,1.03555070321402,1.08198251205613,0.590485385359483,0.280719280719281,91,156,77.406,2.01534764746919,2.89747996695268,0.00899100899100899,50,144,98.302,1.46487355292873,1.59634545372725,0.0739260739260739,93,2000,1000,950404
1,4,"GS_full_ungrouped",200,"Sepsis","HP_0100806",0.378446223009232,0.464244510789154,0.815187286470925,-0.206618496866665,0.49050949050949,1,11,1.05268468467439,1.03246439165519,1.01958449432507,0.210425817513035,0.40959040959041,186,320,322.854,0.991160090938938,-0.0385151281429923,0.47952047952048,82,454,419.092,1.08329436018822,0.450764452048484,0.303696303696304,192,2000,1000,950405
1,4,"DGE",200,"Sepsis","HP_0100806",0.378446223009232,0.464244510789154,0.815187286470925,-0.206618496866665,0.49050949050949,1,11,1.2038720339839,1.03246439165519,1.16601796993107,1.78378192792492,0.038961038961039,184,668,322.854,2.06904668983503,4.65779341907534,0.000999000999000999,96,914,417.608,2.18865538974349,6.21632579653279,0.000999000999000999,191,2000,1000,950405
1,4,"LASSO",200,"Sepsis","HP_0100806",0.378446223009232,0.464244510789154,0.815187286470925,-0.206618496866665,0.49050949050949,1,11,1.65792946482308,1.03246439165519,1.60579820304038,6.50900554320392,0.000999000999000999,188,854,322.854,2.64515849269329,7.16788936672652,0.000999000999000999,99,2086,390.642,5.33992760635057,22.6190897810149,0.000999000999000999,185,2000,1000,950405
1,4,"ElasticNet",200,"Sepsis","HP_0100806",0.378446223009232,0.464244510789154,0.815187286470925,-0.206618496866665,0.49050949050949,1,11,1.61273122369593,1.03246439165519,1.56202115707883,6.03864258504602,0.000999000999000999,187,555,322.854,1.71904328272222,3.13284265517973,0.00699300699300699,89,1520,408.502,3.72091201511865,13.6672495965442,0.000999000999000999,188,2000,1000,950405
1,4,"mRMR",200,"Sepsis","HP_0100806",0.378446223009232,0.464244510789154,0.815187286470925,-0.206618496866665,0.49050949050949,1,11,1.3169464981149,1.03246439165519,1.27553696646491,2.96051000659403,0.003996003996004,183,313,322.854,0.969478463949649,-0.132981104667499,0.514485514485514,72,492,390.642,1.25946518807501,1.35229591745467,0.103896103896104,185,2000,1000,950405
1,4,"Boruta",200,"Sepsis","HP_0100806",0.358067727928672,0.464244510789154,0.771291247622949,-0.255693765510143,0.561438561438561,1,11,1.20778830428484,1.03246439165519,1.16981109861676,1.82453724135656,0.036963036963037,189,493,322.854,1.5270060151028,2.29614400596267,0.021978021978022,98,642,417.608,1.53732687113274,2.8100649852044,0.00799200799200799,191,2000,1000,950405
1,4,"RF_importance",200,"Sepsis","HP_0100806",0.736513950937904,0.464244510789154,1.58647853409387,0.655676283547332,0.231768231768232,2,11,1.15161100069024,1.03246439165519,1.11540021137586,1.23991885707573,0.0959040959040959,187,550,322.854,1.7035564063013,3.06536695766223,0.00699300699300699,89,682,410.094,1.66303335332875,3.54567046527145,0.00599400599400599,189,2000,1000,950405
1,4,"GS_full_ungrouped",500,"Sepsis","HP_0100806",0.89952423208664,1.12459027383349,0.79986840809173,-0.376980879833907,0.635364635364635,2,11,1.05713010799683,1.03280573973408,1.02355173613676,0.423853166915205,0.333666333666334,464,2336,2014.578,1.1595480542327,1.22806668280999,0.111888111888112,209,2670,2605.268,1.02484658008312,0.227660833022402,0.390609390609391,478,2000,1000,950406
1,4,"DGE",500,"Sepsis","HP_0100806",1.28908368949999,1.12459027383349,1.14626964103626,0.275523006862965,0.340659340659341,3,11,1.12225099840167,1.03280573973408,1.08660414560692,1.55858749309707,0.0549450549450549,464,2662,2014.578,1.32136854467784,2.47362466762763,0.00999000999000999,213,4470,2605.268,1.71575438688074,6.55821603663613,0.000999000999000999,478,2000,1000,950406
1,4,"LASSO",500,"Sepsis","HP_0100806",1.09185404920992,1.12459027383349,0.970890531969491,-0.0548324867903307,0.503496503496504,3,11,1.42880775198449,1.03280573973408,1.38342352004393,6.9003521564906,0.000999000999000999,475,4094,2014.578,2.03218738614241,7.94491004878978,0.000999000999000999,237,5924,2598.338,2.27991893279473,12.2472058814792,0.000999000999000999,476,2000,1000,950406
1,4,"ElasticNet",500,"Sepsis","HP_0100806",1.09185404920992,1.12459027383349,0.970890531969491,-0.0548324867903307,0.503496503496504,3,11,1.40058888555373,1.03280573973408,1.356100989441,6.4086371908956,0.000999000999000999,472,3688,2014.578,1.83065634589477,6.3936936627899,0.000999000999000999,229,5864,2623.352,2.23530810962463,11.4240946033253,0.000999000999000999,477,2000,1000,950406
1,4,"mRMR",500,"Sepsis","HP_0100806",1.09185404920992,1.12459027383349,0.970890531969491,-0.0548324867903307,0.503496503496504,3,11,1.41302915322215,1.03280573973408,1.36814610808221,6.62540939198954,0.000999000999000999,467,3523,2014.578,1.74875333692714,5.76327321035152,0.000999000999000999,226,5134,2517.902,2.03899913499413,9.8499520592223,0.000999000999000999,469,2000,1000,950406
1,4,"Boruta",500,"Sepsis","HP_0100806",1.28286240310399,1.12459027383349,1.14073759390696,0.265102483175515,0.343656343656344,3,11,1.10501637497041,1.03280573973408,1.06991695771842,1.25827343589225,0.106893106893107,466,2584,2014.578,1.28265075862042,2.17560772647494,0.014985014985015,214,3328,2623.352,1.26860596671739,2.48406041447389,0.011988011988012,477,2000,1000,950406
1,4,"RF_importance",500,"Sepsis","HP_0100806",0.736513950937904,1.12459027383349,0.654917589165413,-0.650019667615767,0.71028971028971,2,11,1.186852801114,1.03280573973408,1.14915395553435,2.68427669383108,0.004995004995005,465,2777,2014.578,1.37845246001892,2.9130086193271,0.002997002997003,217,4292,2623.352,1.6360747623651,5.88240148626127,0.000999000999000999,477,2000,1000,950406
1,5,"GS_full_ungrouped",10,"Sepsis","HP_0100806",0,0.0247572415413519,0,-0.234598100949883,1,0,12,1.0419088703686,1.0486107657402,0.993608786414782,-0.0144232416452361,0.445554445554446,9,0,0.817,0,-0.660280540753699,1,3,2,1.026,1.94931773879142,0.614313879190928,0.374625374625375,10,2000,1000,950501
1,5,"DGE",10,"Sepsis","HP_0100806",0,0.0247572415413519,0,-0.234598100949883,1,0,12,0.433759393593045,1.0486107657402,0.413651478474818,-1.32323013485965,0.937062937062937,10,10,0.817,12.2399020807834,7.42148862391826,0.000999000999000999,6,0,1.026,0,-0.647110924075864,1,10,2000,1000,950501
1,5,"LASSO",10,"Sepsis","HP_0100806",0,0.0247572415413519,0,-0.234598100949883,1,0,12,1.45887771914933,1.0486107657402,1.39124808443058,0.882941180064722,0.188811188811189,9,0,0.817,0,-0.660280540753699,1,3,4,1.026,3.89863547758285,1.87573868245772,0.104895104895105,10,2000,1000,950501
1,5,"ElasticNet",10,"Sepsis","HP_0100806",0,0.0247572415413519,0,-0.234598100949883,1,0,12,0.91590747344078,1.0486107657402,0.873448474271816,-0.28559258923416,0.556443556443556,9,0,0.817,0,-0.660280540753699,1,4,2,1.026,1.94931773879142,0.614313879190928,0.374625374625375,10,2000,1000,950501
1,5,"mRMR",10,"Sepsis","HP_0100806",0,0.0247572415413519,0,-0.234598100949883,1,0,12,1.34081552304566,1.0486107657402,1.27865893318308,0.628857896284221,0.246753246753247,10,0,0.817,0,-0.660280540753699,1,2,2,1.026,1.94931773879142,0.614313879190928,0.374625374625375,10,2000,1000,950501
1,5,"Boruta",10,"Sepsis","HP_0100806",0,0.0247572415413519,0,-0.234598100949883,1,0,12,0.425829143796299,1.0486107657402,0.406088853661265,-1.34029693503832,0.939060939060939,10,4,0.817,4.89596083231334,2.57242712511508,0.043956043956044,6,6,1.026,5.84795321637427,3.13716348572451,0.024975024975025,10,2000,1000,950501
1,5,"RF_importance",10,"Sepsis","HP_0100806",0,0.0247572415413519,0,-0.234598100949883,1,0,12,0.578349664414181,1.0486107657402,0.551538934473871,-1.01205541487829,0.859140859140859,10,3,0.817,3.67197062423501,1.76425020864789,0.0959040959040959,6,2,1.026,1.94931773879142,0.614313879190928,0.374625374625375,10,2000,1000,950501
1,5,"GS_full_ungrouped",20,"Sepsis","HP_0100806",0,0.0422127619103535,0,-0.319556163664028,1,0,12,1.10499992691864,1.02883861570424,1.07402648972528,0.232491842844322,0.377622377622378,18,7,3.082,2.27125243348475,1.36943949097127,0.105894105894106,7,12,4.404,2.72479564032697,1.83081339819026,0.0649350649350649,20,2000,1000,950502
1,5,"DGE",20,"Sepsis","HP_0100806",0,0.0422127619103535,0,-0.319556163664028,1,0,12,0.845509776635784,1.02883861570424,0.821809916278299,-0.559634005270098,0.694305694305694,18,16,3.082,5.19143413367943,4.51516573363116,0.004995004995005,10,6,4.404,1.36239782016349,0.384673273237447,0.341658341658342,20,2000,1000,950502
1,5,"LASSO",20,"Sepsis","HP_0100806",0,0.0422127619103535,0,-0.319556163664028,1,0,12,2.11400187678158,1.02883861570424,2.0547458508199,3.31259536281632,0.001998001998002,18,12,3.082,3.89357560025957,3.11706518133788,0.018981018981019,10,42,3.556,11.8110236220472,11.1243684601983,0.000999000999000999,18,2000,1000,950502
1,5,"ElasticNet",20,"Sepsis","HP_0100806",0,0.0422127619103535,0,-0.319556163664028,1,0,12,0.747287522436272,1.02883861570424,0.726340857574395,-0.859469611078982,0.799200799200799,19,5,3.082,1.62232316677482,0.67038921482463,0.235764235764236,9,6,4.404,1.36239782016349,0.384673273237447,0.341658341658342,20,2000,1000,950502
1,5,"mRMR",20,"Sepsis","HP_0100806",0,0.0422127619103535,0,-0.319556163664028,1,0,12,1.64771103564642,1.02883861570424,1.6015252640168,1.88918477247384,0.046953046953047,20,1,3.082,0.324464633354964,-0.727711337468654,0.871128871128871,6,12,3.976,3.01810865191147,2.17221621291052,0.0529470529470529,19,2000,1000,950502
1,5,"Boruta",20,"Sepsis","HP_0100806",0,0.0422127619103535,0,-0.319556163664028,1,0,12,0.689291423769455,1.02883861570424,0.669970404734112,-1.03650989100368,0.848151848151848,19,21,3.082,6.81375730045425,6.26279142399776,0.001998001998002,13,12,3.976,3.01810865191147,2.17221621291052,0.0529470529470529,19,2000,1000,950502
1,5,"RF_importance",20,"Sepsis","HP_0100806",0,0.0422127619103535,0,-0.319556163664028,1,0,12,0.623833365482305,1.02883861570424,0.606347152954878,-1.23632872759579,0.912087912087912,20,9,3.082,2.92018170019468,2.06848976711791,0.04995004995005,12,4,4.404,0.908265213442325,-0.097373435080156,0.564435564435564,20,2000,1000,950502
1,5,"GS_full_ungrouped",50,"Sepsis","HP_0100806",0,0.13403886344261,0,-0.537287933110616,1,0,12,1.13115951157546,1.01835572928673,1.11077050881595,0.545471146110823,0.273726273726274,44,19,20.991,0.905149826115954,-0.188328077795543,0.532467532467532,18,28,25.568,1.09511889862328,0.200282458052537,0.392607392607393,48,2000,1000,950503
1,5,"DGE",50,"Sepsis","HP_0100806",0,0.13403886344261,0,-0.537287933110616,1,0,12,1.00694410407747,1.01835572928673,0.988794067847734,-0.0551817692242696,0.508491508491508,43,122,20.991,5.81201467295508,9.5544102511552,0.000999000999000999,26,64,28.142,2.274180939521,2.98179107847852,0.010989010989011,50,2000,1000,950503
1,5,"LASSO",50,"Sepsis","HP_0100806",0,0.13403886344261,0,-0.537287933110616,1,0,12,2.41246977404816,1.01835572928673,2.36898532081504,6.7413429796068,0.000999000999000999,47,68,20.991,3.23948358820447,4.44656685539462,0.001998001998002,22,310,21.374,14.5036025077197,27.9015988380516,0.000999000999000999,44,2000,1000,950503
1,5,"ElasticNet",50,"Sepsis","HP_0100806",0,0.13403886344261,0,-0.537287933110616,1,0,12,1.37573685048193,1.01835572928673,1.35093937306712,1.72814320425667,0.048951048951049,48,44,20.991,2.09613643942642,2.17641423505658,0.035964035964036,22,76,26.38,2.88097043214556,4.25375918460895,0.002997002997003,49,2000,1000,950503
1,5,"mRMR",50,"Sepsis","HP_0100806",0,0.13403886344261,0,-0.537287933110616,1,0,12,1.4063577685835,1.01835572928673,1.38100835311109,1.87621294937463,0.03996003996004,44,11,20.991,0.524034109856605,-0.945045617908223,0.854145854145854,15,26,25.428,1.02249488752556,0.0473788960964004,0.453546453546454,47,2000,1000,950503
1,5,"Boruta",50,"Sepsis","HP_0100806",0,0.13403886344261,0,-0.537287933110616,1,0,12,0.713782206103065,1.01835572928673,0.700916374873256,-1.47278810510776,0.936063936063936,49,76,20.991,3.62059930446382,5.2032843955073,0.001998001998002,27,52,25.568,2.03379224030038,2.17675408357099,0.035964035964036,48,2000,1000,950503
1,5,"RF_importance",50,"Sepsis","HP_0100806",0,0.13403886344261,0,-0.537287933110616,1,0,12,0.991937080205289,1.01835572928673,0.974057543624816,-0.127749358228679,0.534465534465534,48,81,20.991,3.85879662712591,5.67623285807772,0.001998001998002,30,52,25.568,2.03379224030038,2.17675408357099,0.035964035964036,48,2000,1000,950503
1,5,"GS_full_ungrouped",100,"Sepsis","HP_0100806",0.378446223009232,0.258240254060234,1.46548114424082,0.361865877162737,0.301698301698302,1,12,1.02975792134939,1.03354697050259,0.996333936181573,-0.025820945337925,0.491508491508492,92,105,84.455,1.24326564442603,0.729934246029512,0.222777222777223,43,116,109.858,1.05590853647436,0.195749650147637,0.381618381618382,98,2000,1000,950504
1,5,"DGE",100,"Sepsis","HP_0100806",0,0.258240254060234,0,-0.777401795196073,1,0,12,0.9884363655723,1.03354697050259,0.956353599577237,-0.307411811504387,0.604395604395604,89,247,84.455,2.92463442069741,5.77498963352967,0.000999000999000999,45,184,109.858,1.67488940268346,2.36295515487563,0.024975024975025,98,2000,1000,950504
1,5,"LASSO",100,"Sepsis","HP_0100806",0,0.258240254060234,0,-0.777401795196073,1,0,12,1.85716380202071,1.03354697050259,1.79688379437425,5.61263903584859,0.000999000999000999,94,272,84.455,3.22065005032266,6.66320361020223,0.000999000999000999,48,888,91.35,9.72085385878489,29.848556492721,0.000999000999000999,90,2000,1000,950504
1,5,"ElasticNet",100,"Sepsis","HP_0100806",0,0.258240254060234,0,-0.777401795196073,1,0,12,1.8506742678434,1.03354697050259,1.79060489814358,5.56841530042431,0.000999000999000999,96,187,84.455,2.21419690959683,3.64327608951552,0.003996003996004,41,564,99.24,5.68319226118501,15.6096467694666,0.000999000999000999,93,2000,1000,950504
1,5,"mRMR",100,"Sepsis","HP_0100806",0,0.258240254060234,0,-0.777401795196073,1,0,12,1.5168429477896,1.03354697050259,1.46760910832335,3.29348037119372,0.002997002997003,88,46,84.455,0.544668758510449,-1.36625073891774,0.941058941058941,33,88,101.746,0.864898865803078,-0.473446809691384,0.671328671328671,94,2000,1000,950504
1,5,"Boruta",100,"Sepsis","HP_0100806",0,0.258240254060234,0,-0.777401795196073,1,0,12,0.960209174303172,1.03354697050259,0.929042609293552,-0.499769506887389,0.663336663336663,91,185,84.455,2.19051565922681,3.57221897138171,0.003996003996004,46,170,105.762,1.60738261379323,2.14503068436833,0.042957042957043,96,2000,1000,950504
1,5,"RF_importance",100,"Sepsis","HP_0100806",0,0.258240254060234,0,-0.777401795196073,1,0,12,1.05980668326817,1.03354697050259,1.02540737239335,0.178950069131804,0.405594405594406,95,187,84.455,2.21419690959683,3.64327608951552,0.003996003996004,51,206,107.46,1.91699236925368,3.39800100459869,0.003996003996004,97,2000,1000,950504
1,5,"GS_full_ungrouped",200,"Sepsis","HP_0100806",1.13360440966703,0.538351068877312,2.10569733246945,1.25726130160708,0.107892107892108,3,12,1.14741447985988,1.02689037734787,1.11736803184706,1.18926804363722,0.111888111888112,187,343,334.474,1.02549077058306,0.119549433017762,0.426573426573427,76,542,428.328,1.26538540557703,1.44510970092238,0.0829170829170829,192,2000,1000,950505
1,5,"DGE",200,"Sepsis","HP_0100806",0.378446223009232,0.538351068877312,0.702972920251559,-0.33774220297976,0.561438561438561,1,12,1.03575852114761,1.02689037734787,1.00863592063512,0.0875061486258341,0.450549450549451,180,964,334.474,2.88213732607019,8.82705563804125,0.000999000999000999,100,768,436.64,1.75888603884207,3.9317164681537,0.001998001998002,195,2000,1000,950505
1,5,"LASSO",200,"Sepsis","HP_0100806",0,0.538351068877312,0,-1.13707545879588,1,0,12,1.67736324827664,1.02689037734787,1.63343944521978,6.41852195971726,0.000999000999000999,188,948,334.474,2.83430102190305,8.60270765208252,0.000999000999000999,101,2148,396.858,5.41251530774232,23.6126864961812,0.000999000999000999,186,2000,1000,950505
1,5,"ElasticNet",200,"Sepsis","HP_0100806",0,0.538351068877312,0,-1.13707545879588,1,0,12,1.62448452162678,1.02689037734787,1.58194541253985,5.89674267671751,0.000999000999000999,189,804,334.474,2.40377428439879,6.58357577845388,0.000999000999000999,98,1908,400.562,4.76330755288819,19.9335622102578,0.000999000999000999,187,2000,1000,950505
1,5,"mRMR",200,"Sepsis","HP_0100806",0,0.538351068877312,0,-1.13707545879588,1,0,12,1.25600107735219,1.02689037734787,1.22311115680725,2.26074310690962,0.014985014985015,180,259,334.474,0.774350173705579,-1.05827749326561,0.855144855144855,71,474,400.562,1.18333741093763,0.971105240545159,0.163836163836164,187,2000,1000,950505
1,5,"Boruta",200,"Sepsis","HP_0100806",1.07769684052536,0.538351068877312,2.00184768421248,1.13917641516949,0.124875124875125,3,12,1.00897576766748,1.02689037734787,0.982554506230102,-0.17677188515052,0.562437562437562,187,623,334.474,1.86262609350802,4.04563918729566,0.000999000999000999,88,608,428.328,1.41947292728937,2.28416628707268,0.020979020979021,192,2000,1000,950505
1,5,"RF_importance",200,"Sepsis","HP_0100806",0.358067727928672,0.538351068877312,0.665119377723895,-0.380784537216452,0.622377622377622,1,12,0.950989421772508,1.02689037734787,0.926086603546338,-0.748950451120886,0.778221778221778,190,640,334.474,1.9134521666856,4.28400892237682,0.000999000999000999,97,634,426.512,1.48647634767603,2.69747012025577,0.00799200799200799,194,2000,1000,950505
1,5,"GS_full_ungrouped",500,"Sepsis","HP_0100806",1.65468241874444,1.28911511754151,1.2835800280584,0.576083176242461,0.268731268731269,4,12,1.01919469494973,1.02793245235465,0.991499677449719,-0.15473495826834,0.566433566433566,469,2492,2096.152,1.18884508375347,1.50910184665054,0.0629370629370629,211,2996,2710.176,1.10546326142656,0.971930789494273,0.168831168831169,485,2000,1000,950506
1,5,"DGE",500,"Sepsis","HP_0100806",1.28908368949999,1.28911511754151,0.999975620453835,-4.95262183520203e-05,0.464535464535465,3,12,1.08711929023478,1.02793245235465,1.05757852837952,1.04812624853418,0.137862137862138,461,3930,2096.152,1.8748640365775,6.99122744911281,0.000999000999000999,230,4322,2671.69,1.61770265262811,5.83285464952681,0.000999000999000999,482,2000,1000,950506
1,5,"LASSO",500,"Sepsis","HP_0100806",1.09185404920992,1.28911511754151,0.846979477901253,-0.31085598306934,0.587412587412587,3,12,1.42807175069629,1.02793245235465,1.38926614042105,7.08597581292193,0.000999000999000999,473,4189,2096.152,1.99842377842828,7.97862002980664,0.000999000999000999,235,5802,2616.668,2.21732371091785,11.4236293548489,0.000999000999000999,476,2000,1000,950506
1,5,"ElasticNet",500,"Sepsis","HP_0100806",1.09185404920992,1.28911511754151,0.846979477901253,-0.31085598306934,0.587412587412587,3,12,1.42489755416448,1.02793245235465,1.38617819770211,7.02976468858827,0.000999000999000999,474,4058,2096.152,1.93592831054237,7.47920524961015,0.000999000999000999,232,5758,2623.262,2.19497709340508,11.2695774012095,0.000999000999000999,477,2000,1000,950506
1,5,"mRMR",500,"Sepsis","HP_0100806",1.09185404920992,1.28911511754151,0.846979477901253,-0.31085598306934,0.587412587412587,3,12,1.40796586459163,1.02793245235465,1.36970660024056,6.72992524946698,0.000999000999000999,463,3444,2096.152,1.64301062136715,5.13843673784949,0.000999000999000999,221,5538,2531.84,2.18734201213347,11.2960986338955,0.000999000999000999,469,2000,1000,950506
1,5,"Boruta",500,"Sepsis","HP_0100806",1.43019389303797,1.28911511754151,1.1094384617609,0.222320510671938,0.396603396603397,4,12,1.00075574348684,1.02793245235465,0.973561775576249,-0.481266155336981,0.69030969030969,462,3159,2096.152,1.50704719886726,4.05192366642963,0.000999000999000999,227,3562,2710.176,1.31430578678285,2.89658661564519,0.00599400599400599,485,2000,1000,950506
1,5,"RF_importance",500,"Sepsis","HP_0100806",1.09103351560116,1.28911511754151,0.84634296871942,-0.312149029810635,0.587412587412587,3,12,1.03483214416606,1.02793245235465,1.00671220350676,0.122185072785568,0.447552447552448,468,2978,2096.152,1.42069849896382,3.36189255791387,0.002997002997003,228,4050,2639.082,1.53462453989683,4.98511260775142,0.000999000999000999,479,2000,1000,950506
2,1,"GS_full_ungrouped",10,"Sepsis","HP_0100806",0,0.0271238084485872,0,-0.250648679902453,1,0,12,0.816877666382119,1.02364893416377,0.798005682533569,-0.428254477717579,0.626373626373626,10,4,0.703,5.68990042674253,3.04552384103227,0.027972027972028,8,4,1,4,1.83436506987591,0.0889110889110889,10,2000,1000,960101
2,1,"DGE",10,"Sepsis","HP_0100806",0,0.0271238084485872,0,-0.250648679902453,1,0,12,1.23108401089214,1.02364893416377,1.20264279071206,0.429629326151941,0.302697302697303,10,0,0.703,0,-0.649379211478825,1,4,4,1,4,1.83436506987591,0.0889110889110889,10,2000,1000,960101
2,1,"LASSO",10,"Sepsis","HP_0100806",0,0.0271238084485872,0,-0.250648679902453,1,0,12,1.10336277786608,1.02364893416377,1.07787224803534,0.165099391553965,0.377622377622378,8,2,0.703,2.84495021337127,1.19807231477672,0.155844155844156,5,6,1,6,3.05727511645984,0.024975024975025,10,2000,1000,960101
2,1,"ElasticNet",10,"Sepsis","HP_0100806",0,0.0271238084485872,0,-0.250648679902453,1,0,12,0.490097631930276,1.02364893416377,0.478775110854428,-1.10506520913162,0.878121878121878,9,1,0.703,1.42247510668563,0.274346551648949,0.425574425574426,5,2,1,2,0.611455023291969,0.372627372627373,10,2000,1000,960101
2,1,"mRMR",10,"Sepsis","HP_0100806",0,0.0271238084485872,0,-0.250648679902453,1,0,12,1.03947301596521,1.02364893416377,1.01545850464287,0.0327740597615001,0.422577422577423,9,3,0.703,4.2674253200569,2.1217980779045,0.0789210789210789,6,4,1,4,1.83436506987591,0.0889110889110889,10,2000,1000,960101
2,1,"Boruta",10,"Sepsis","HP_0100806",0,0.0271238084485872,0,-0.250648679902453,1,0,12,1.55880964258408,1.02364893416377,1.52279711389285,1.10839853205102,0.127872127872128,9,4,0.703,5.68990042674253,3.04552384103227,0.027972027972028,6,0,1,0,-0.611455023291969,1,10,2000,1000,960101
2,1,"RF_importance",10,"Sepsis","HP_0100806",0,0.0271238084485872,0,-0.250648679902453,1,0,12,0.934269251873959,1.02364893416377,0.912685219212556,-0.185118800925506,0.506493506493506,8,3,0.703,4.2674253200569,2.1217980779045,0.0789210789210789,6,0,0.894,0,-0.560580645436222,1,9,2000,1000,960101
2,1,"GS_full_ungrouped",20,"Sepsis","HP_0100806",0,0.0428901521835569,0,-0.29886605679405,1,0,12,0.5170544192302,1.0308336392542,0.501588616766797,-1.47825407971636,0.958041958041958,19,7,3.41,2.05278592375367,1.2275780501622,0.147852147852148,11,4,4.444,0.9000900090009,-0.120678908662418,0.59040959040959,20,2000,1000,960102
2,1,"DGE",20,"Sepsis","HP_0100806",0.378446223009232,0.0428901521835569,8.82361576591281,2.33821319383012,0.051948051948052,1,12,1.2076845218702,1.0308336392542,1.17156103165584,0.508838288003001,0.276723276723277,19,6,3.41,1.75953079178886,0.885634303598917,0.200799200799201,10,12,4.444,2.7002700270027,2.05371584201178,0.0589410589410589,20,2000,1000,960102
2,1,"LASSO",20,"Sepsis","HP_0100806",0.378446223009232,0.0428901521835569,8.82361576591281,2.33821319383012,0.051948051948052,1,12,1.21083595971468,1.0308336392542,1.17461820569875,0.517905657154999,0.274725274725275,18,6,3.41,1.75953079178886,0.885634303598917,0.200799200799201,12,18,3.928,4.58248472505092,3.8338502263378,0.011988011988012,19,2000,1000,960102
2,1,"ElasticNet",20,"Sepsis","HP_0100806",0,0.0428901521835569,0,-0.29886605679405,1,0,12,1.02282456886792,1.0308336392542,0.992230491825937,-0.0230438299406253,0.472527472527473,19,4,3.41,1.17302052785924,0.20174681047234,0.385614385614386,10,10,4.444,2.25022502250225,1.51011715434323,0.111888111888112,20,2000,1000,960102
2,1,"mRMR",20,"Sepsis","HP_0100806",0,0.0428901521835569,0,-0.29886605679405,1,0,12,1.35330702079921,1.0308336392542,1.31282776314742,0.927825753339279,0.171828171828172,18,3,3.41,0.879765395894428,-0.140196936090948,0.53946053946054,8,14,3.928,3.56415478615071,2.74406903636116,0.022977022977023,19,2000,1000,960102
2,1,"Boruta",20,"Sepsis","HP_0100806",0,0.0428901521835569,0,-0.29886605679405,1,0,12,1.00412853338056,1.0308336392542,0.974093680244115,-0.0768363728395322,0.487512487512487,19,13,3.41,3.81231671554252,3.27924052954193,0.010989010989011,11,6,3.928,1.5274949083503,0.564506656407896,0.300699300699301,19,2000,1000,960102
2,1,"RF_importance",20,"Sepsis","HP_0100806",0,0.0428901521835569,0,-0.29886605679405,1,0,12,1.07357182808881,1.0308336392542,1.04145983135118,0.122967024632653,0.417582417582418,17,20,3.41,5.86510263929619,5.67284675548495,0.001998001998002,12,8,3.538,2.26116449971735,1.35564940944308,0.134865134865135,18,2000,1000,960102
2,1,"GS_full_ungrouped",50,"Sepsis","HP_0100806",0.378446223009232,0.133957674897922,2.82511788367194,1.02274937263124,0.157842157842158,1,12,1.13853319987367,1.02569322546529,1.11001337593625,0.550701573364774,0.284715284715285,48,41,20.715,1.97924209510017,1.98914834607102,0.04995004995005,26,44,26.9,1.63568773234201,1.39760886216237,0.0919080919080919,49,2000,1000,960103
2,1,"DGE",50,"Sepsis","HP_0100806",0.378446223009232,0.133957674897922,2.82511788367194,1.02274937263124,0.157842157842158,1,12,1.20404157488771,1.02569322546529,1.17388079105379,0.870407115464983,0.193806193806194,47,54,20.715,2.60680666183925,3.26392914463761,0.00899100899100899,21,98,28.148,3.48159727156459,5.45495606448967,0.000999000999000999,50,2000,1000,960103
2,1,"LASSO",50,"Sepsis","HP_0100806",0.378446223009232,0.133957674897922,2.82511788367194,1.02274937263124,0.157842157842158,1,12,2.13427473068977,1.02569322546529,2.08081195985435,5.41029526398846,0.000999000999000999,46,56,20.715,2.70335505672218,3.46004926749401,0.00799200799200799,24,178,21.008,8.47296268088347,15.4246530326436,0.000999000999000999,43,2000,1000,960103
2,1,"ElasticNet",50,"Sepsis","HP_0100806",0.378446223009232,0.133957674897922,2.82511788367194,1.02274937263124,0.157842157842158,1,12,1.12865657769954,1.02569322546529,1.1003841593938,0.502499937381282,0.308691308691309,45,21,20.715,1.01375814627082,0.0279471175070371,0.43956043956044,22,46,24.848,1.85125563425628,1.86260514078975,0.0619380619380619,47,2000,1000,960103
2,1,"mRMR",50,"Sepsis","HP_0100806",0,0.133957674897922,0,-0.560374418431305,1,0,12,1.51806204785378,1.02569322546529,1.48003517052102,2.4029452912121,0.011988011988012,46,18,20.715,0.868935553946416,-0.266233066777561,0.562437562437562,21,106,24.848,4.26593689632969,7.14609173531437,0.000999000999000999,47,2000,1000,960103
2,1,"Boruta",50,"Sepsis","HP_0100806",0,0.133957674897922,0,-0.560374418431305,1,0,12,1.05436010185439,1.02569322546529,1.02794878203089,0.139905153414811,0.426573426573427,45,66,20.715,3.18609703113686,4.440649881776,0.000999000999000999,27,40,24.848,1.60978750804894,1.33425648133729,0.118881118881119,47,2000,1000,960103
2,1,"RF_importance",50,"Sepsis","HP_0100806",0,0.133957674897922,0,-0.560374418431305,1,0,12,1.20021173300234,1.02569322546529,1.17014688525205,0.851716044653686,0.202797202797203,46,68,20.715,3.28264542601979,4.6367700046324,0.000999000999000999,26,58,24.848,2.33419188667096,2.91930245969467,0.012987012987013,47,2000,1000,960103
2,1,"GS_full_ungrouped",100,"Sepsis","HP_0100806",0.378446223009232,0.264160817036257,1.432635722645,0.344832273006266,0.292707292707293,1,12,0.989929064705126,1.03751772910581,0.954132191609195,-0.321566225152602,0.607392607392607,94,132,82.392,1.60209729099913,1.88738870640724,0.043956043956044,47,134,106.614,1.2568705798488,0.876039086275591,0.185814185814186,97,2000,1000,960104
2,1,"DGE",100,"Sepsis","HP_0100806",0.378446223009232,0.264160817036257,1.432635722645,0.344832273006266,0.292707292707293,1,12,1.34908243267192,1.03751772910581,1.30029819715431,2.10530568315536,0.023976023976024,94,113,82.392,1.37149237790077,1.16451365758976,0.123876123876124,39,330,110.896,2.97576107343818,7.05841432389965,0.000999000999000999,98,2000,1000,960104
2,1,"LASSO",100,"Sepsis","HP_0100806",0.378446223009232,0.264160817036257,1.432635722645,0.344832273006266,0.292707292707293,1,12,1.85575006345117,1.03751772910581,1.7886441950737,5.52896128451609,0.000999000999000999,94,230,82.392,2.79153315855908,5.61590211609741,0.000999000999000999,47,762,89.988,8.46779570609415,24.7572285604806,0.000999000999000999,89,2000,1000,960104
2,1,"ElasticNet",100,"Sepsis","HP_0100806",0.378446223009232,0.264160817036257,1.432635722645,0.344832273006266,0.292707292707293,1,12,1.33514282397379,1.03751772910581,1.28686265932485,2.01111292936379,0.027972027972028,89,98,82.392,1.18943586755996,0.59382282957596,0.263736263736264,43,306,98.06,3.12053844584948,7.11001877558616,0.000999000999000999,93,2000,1000,960104
2,1,"mRMR",100,"Sepsis","HP_0100806",0,0.264160817036257,0,-0.797049931286459,1,0,12,1.34677333314142,1.03751772910581,1.29807259708433,2.08970263085547,0.025974025974026,91,63,82.392,0.764637343431401,-0.737789102456241,0.769230769230769,36,176,102.832,1.71152948498522,2.45923619276935,0.022977022977023,94,2000,1000,960104
2,1,"Boruta",100,"Sepsis","HP_0100806",0,0.264160817036257,0,-0.797049931286459,1,0,12,1.1502219159086,1.03751772910581,1.10862868521767,0.761564972782481,0.218781218781219,94,212,82.392,2.57306534615011,4.93107312248085,0.000999000999000999,51,156,105.186,1.48308710284639,1.66348072669694,0.0609390609390609,96,2000,1000,960104
2,1,"RF_importance",100,"Sepsis","HP_0100806",0.736513950937904,0.264160817036257,2.78812716890111,1.42522663710408,0.0969030969030969,2,12,1.15414949724081,1.03751772910581,1.11241424109014,0.788104433784024,0.203796203796204,93,224,82.392,2.71871055442276,5.38762578489189,0.000999000999000999,52,350,103.768,3.37290879654614,8.6140016740297,0.000999000999000999,95,2000,1000,960104
2,1,"GS_full_ungrouped",200,"Sepsis","HP_0100806",0.732965787672492,0.511905081084449,1.43183925058867,0.48915360480249,0.275724275724276,2,12,1.06930954499101,1.02954139666517,1.03862705128192,0.397870118188241,0.328671328671329,187,391,329.862,1.18534417423044,0.848159511473958,0.190809190809191,82,452,418.514,1.08001166030288,0.425836910811833,0.313686313686314,191,2000,1000,960105
2,1,"DGE",200,"Sepsis","HP_0100806",0.924794675175314,0.511905081084449,1.80657451810436,0.913624300094892,0.15984015984016,2,12,1.23816122231324,1.02954139666517,1.20263374190083,2.08718781691601,0.026973026973027,182,576,329.862,1.74618476817578,3.41464041733745,0.001998001998002,91,1122,432.912,2.59175074842,8.81213567183937,0.000999000999000999,194,2000,1000,960105
2,1,"LASSO",200,"Sepsis","HP_0100806",0.378446223009232,0.511905081084449,0.739289835153638,-0.295312009664259,0.524475524475524,1,12,1.64396358118113,1.02954139666517,1.59679211200847,6.147136275188,0.000999000999000999,189,865,329.862,2.62230872304176,7.42389977838907,0.000999000999000999,101,2040,404.606,5.04194203743889,20.2498050323871,0.000999000999000999,186,2000,1000,960105
2,1,"ElasticNet",200,"Sepsis","HP_0100806",0.378446223009232,0.511905081084449,0.739289835153638,-0.295312009664259,0.524475524475524,1,12,1.56456504130122,1.02954139666517,1.51967181345895,5.35277425996024,0.000999000999000999,185,558,329.862,1.69161649417029,3.16492876163181,0.003996003996004,88,1704,387.728,4.39483349151983,16.8324847355976,0.000999000999000999,183,2000,1000,960105
2,1,"mRMR",200,"Sepsis","HP_0100806",0.924794675175314,0.511905081084449,1.80657451810436,0.913624300094892,0.15984015984016,2,12,1.32540021410401,1.02954139666517,1.28736952044587,2.95999154139471,0.004995004995005,182,306,329.862,0.927660658093385,-0.331034418247106,0.614385614385614,78,496,397.618,1.2474284363384,1.27143108913195,0.116883116883117,185,2000,1000,960105
2,1,"Boruta",200,"Sepsis","HP_0100806",0,0.511905081084449,0,-1.13272150258617,1,0,12,1.18121481484759,1.02954139666517,1.14732134003908,1.51745362453902,0.0749250749250749,189,599,329.862,1.81591089607169,3.73371642185021,0.000999000999000999,93,710,429.988,1.65120887094524,3.34480396097672,0.001998001998002,193,2000,1000,960105
2,1,"RF_importance",200,"Sepsis","HP_0100806",0.736513950937904,0.511905081084449,1.43877054194819,0.497004827566101,0.266733266733267,2,12,1.24492221855579,1.02954139666517,1.20920073985201,2.1548298492293,0.023976023976024,191,660,329.862,2.00083671353475,4.57996147729709,0.000999000999000999,96,894,427.004,2.09365720227445,5.88195008037238,0.000999000999000999,192,2000,1000,960105
2,1,"GS_full_ungrouped",500,"Sepsis","HP_0100806",2.08708157776762,1.30124508537206,1.60391120875655,1.19543007540862,0.132867132867133,5,12,1.12000380730604,1.03345400241492,1.08374809588901,1.48944919491583,0.0699300699300699,460,2125,2094.824,1.01440502877569,0.117332518366056,0.43956043956044,201,2686,2660.726,1.00949891119942,0.0895959318956926,0.428571428571429,478,2000,1000,960106
2,1,"DGE",500,"Sepsis","HP_0100806",1.28908368949999,1.30124508537206,0.990654031274521,-0.0185001568711891,0.46953046953047,3,12,1.17445588853578,1.03345400241492,1.13643750548296,2.42652361872494,0.004995004995005,467,2762,2094.824,1.31848785387221,2.59416225720413,0.00599400599400599,213,5252,2698.004,1.94662424518274,9.26030727401094,0.000999000999000999,483,2000,1000,960106
2,1,"LASSO",500,"Sepsis","HP_0100806",1.09185404920992,1.30124508537206,0.83908409067899,-0.318529801773571,0.596403596403596,3,12,1.43541367375201,1.03345400241492,1.38894781035035,6.91738715777367,0.000999000999000999,474,4046,2094.824,1.93142717478891,7.58670446233456,0.000999000999000999,235,5864,2628.266,2.23112881268487,12.1798802775704,0.000999000999000999,476,2000,1000,960106
2,1,"ElasticNet",500,"Sepsis","HP_0100806",1.09185404920992,1.30124508537206,0.83908409067899,-0.318529801773571,0.596403596403596,3,12,1.41821930460523,1.03345400241492,1.37231004117379,6.62148655678477,0.000999000999000999,469,3524,2094.824,1.68224156301436,5.55702608922079,0.000999000999000999,227,5850,2630.208,2.22415869771516,11.3829810072297,0.000999000999000999,475,2000,1000,960106
2,1,"mRMR",500,"Sepsis","HP_0100806",1.638202501376,1.30124508537206,1.25895000088135,0.512586311683178,0.292707292707293,4,12,1.42407124716227,1.03345400241492,1.37797255014212,6.72219355596564,0.000999000999000999,465,3569,2094.824,1.70372308127079,5.73199836276508,0.000999000999000999,230,5496,2554.25,2.15170793775081,11.024756883025,0.000999000999000999,469,2000,1000,960106
2,1,"Boruta",500,"Sepsis","HP_0100806",1.13715257293244,1.30124508537206,0.873895767765613,-0.249620788062024,0.564435564435564,3,12,1.18714083988206,1.03345400241492,1.14871183149711,2.64482094006515,0.003996003996004,467,2661,2094.824,1.27027377956334,2.20144670991583,0.013986013986014,211,3908,2653.15,1.47296609690368,4.43979014383986,0.000999000999000999,479,2000,1000,960106
2,1,"RF_importance",500,"Sepsis","HP_0100806",1.10080296526258,1.30124508537206,0.845961285569683,-0.304916532989061,0.584415584415584,3,12,1.10424060497738,1.03345400241492,1.06849516514238,1.21817776862837,0.116883116883117,471,3137,2094.824,1.4975005060091,4.05226453673989,0.000999000999000999,224,4292,2648.73,1.62039921018752,6.23956102063846,0.000999000999000999,480,2000,1000,960106
2,2,"GS_full_ungrouped",10,"Sepsis","HP_0100806",0,0.0203210406553207,0,-0.214152156715268,1,0,11,1.06679405561126,1.01325857203168,1.05283496735905,0.11839724679565,0.408591408591409,10,4,0.762,5.249343832021,2.97259119710641,0.028971028971029,6,6,1.022,5.87084148727984,3.10998799084842,0.028971028971029,10,2000,1000,960201
2,2,"DGE",10,"Sepsis","HP_0100806",0,0.0203210406553207,0,-0.214152156715268,1,0,11,1.7112112370156,1.01325857203168,1.68881989676579,1.5435682728999,0.0769230769230769,10,1,0.762,1.31233595800525,0.218491879219063,0.465534465534466,2,6,1.022,5.87084148727984,3.10998799084842,0.028971028971029,10,2000,1000,960201
2,2,"LASSO",10,"Sepsis","HP_0100806",0,0.0203210406553207,0,-0.214152156715268,1,0,11,1.07092584347208,1.01325857203168,1.05691269043475,0.1275349676932,0.406593406593407,10,2,0.762,2.6246719160105,1.13652498518151,0.176823176823177,4,8,1.022,7.82778864970646,4.35948095623549,0.00799200799200799,10,2000,1000,960201
2,2,"ElasticNet",10,"Sepsis","HP_0100806",0,0.0203210406553207,0,-0.214152156715268,1,0,11,0.909162281589535,1.01325857203168,0.897265818108574,-0.230215800174324,0.555444555444555,10,2,0.762,2.6246719160105,1.13652498518151,0.176823176823177,4,4,1.022,3.91389432485323,1.86049502546135,0.101898101898102,10,2000,1000,960201
2,2,"mRMR",10,"Sepsis","HP_0100806",0,0.0203210406553207,0,-0.214152156715268,1,0,11,0.678113008218712,1.01325857203168,0.669239843546577,-0.74119648087707,0.752247752247752,9,0,0.762,0,-0.699541226743385,1,3,2,1.022,1.95694716242661,0.611002060074277,0.371628371628372,10,2000,1000,960201
2,2,"Boruta",10,"Sepsis","HP_0100806",0,0.0203210406553207,0,-0.214152156715268,1,0,11,0.8745550032668,1.01325857203168,0.863111378878571,-0.306752074782033,0.592407592407592,10,2,0.762,2.6246719160105,1.13652498518151,0.176823176823177,6,2,1.022,1.95694716242661,0.611002060074277,0.371628371628372,10,2000,1000,960201
2,2,"RF_importance",10,"Sepsis","HP_0100806",0,0.0203210406553207,0,-0.214152156715268,1,0,11,1.07744720711962,1.01325857203168,1.0633487215008,0.141957392776432,0.402597402597403,10,2,0.762,2.6246719160105,1.13652498518151,0.176823176823177,7,8,1.022,7.82778864970646,4.35948095623549,0.00799200799200799,10,2000,1000,960201
2,2,"GS_full_ungrouped",20,"Sepsis","HP_0100806",0,0.0462899505842791,0,-0.33542456975357,1,0,11,1.43169644502887,1.02921727807133,1.39105364390283,1.25715384378599,0.107892107892108,20,9,3.105,2.89855072463768,2.10323474730157,0.04995004995005,10,16,4.43,3.6117381489842,2.92086135683132,0.021978021978022,20,2000,1000,960202
2,2,"DGE",20,"Sepsis","HP_0100806",0,0.0462899505842791,0,-0.33542456975357,1,0,11,1.49926633060752,1.02921727807133,1.45670536489344,1.46821008806695,0.0709290709290709,19,5,3.105,1.61030595813204,0.676103451422641,0.234765234765235,7,20,4.43,4.51467268623025,3.93066649316022,0.00799200799200799,20,2000,1000,960202
2,2,"LASSO",20,"Sepsis","HP_0100806",0,0.0462899505842791,0,-0.33542456975357,1,0,11,1.09890472920597,1.02921727807133,1.0677091733878,0.217670513780435,0.38961038961039,20,5,3.105,1.61030595813204,0.676103451422641,0.234765234765235,7,20,4.43,4.51467268623025,3.93066649316022,0.00799200799200799,20,2000,1000,960202
2,2,"ElasticNet",20,"Sepsis","HP_0100806",0,0.0462899505842791,0,-0.33542456975357,1,0,11,0.752979407548654,1.02921727807133,0.731603932028501,-0.862835965776756,0.807192807192807,20,4,3.105,1.28824476650564,0.319320627452909,0.356643356643357,8,16,4.43,3.6117381489842,2.92086135683132,0.021978021978022,20,2000,1000,960202
2,2,"mRMR",20,"Sepsis","HP_0100806",0,0.0462899505842791,0,-0.33542456975357,1,0,11,1.0141723922787,1.02921727807133,0.985382206349257,-0.0469930807760697,0.483516483516484,19,3,3.105,0.966183574879227,-0.0374621965168221,0.498501498501498,7,6,3.418,1.75541252194266,0.800810872018566,0.234765234765235,18,2000,1000,960202
2,2,"Boruta",20,"Sepsis","HP_0100806",0,0.0462899505842791,0,-0.33542456975357,1,0,11,0.853088824611417,1.02921727807133,0.828871456773481,-0.550141673023701,0.686313686313686,19,5,3.105,1.61030595813204,0.676103451422641,0.234765234765235,9,10,4.43,2.25733634311513,1.40615365233798,0.10989010989011,20,2000,1000,960202
2,2,"RF_importance",20,"Sepsis","HP_0100806",0,0.0462899505842791,0,-0.33542456975357,1,0,11,1.08829432979704,1.02921727807133,1.05739998053318,0.184528663229806,0.401598401598402,20,7,3.105,2.25442834138486,1.3896690993621,0.111888111888112,13,22,4.43,4.96613995485328,4.43556906132466,0.004995004995005,20,2000,1000,960202
2,2,"GS_full_ungrouped",50,"Sepsis","HP_0100806",0,0.102898331836662,0,-0.494834633933638,1,0,11,0.912865649063722,1.03162189233091,0.884883944253197,-0.550655083773,0.697302697302697,47,32,19.412,1.64846486709252,1.30644546261388,0.113886113886114,19,38,25.224,1.50650174437044,1.15422585596238,0.138861138861139,48,2000,1000,960203
2,2,"DGE",50,"Sepsis","HP_0100806",0,0.102898331836662,0,-0.494834633933638,1,0,11,1.21081376874121,1.03162189233091,1.17369917965333,0.830886149658264,0.211788211788212,48,38,19.412,1.95755202967237,1.92915540666244,0.04995004995005,22,162,27.842,5.81854751813806,10.8907259343307,0.000999000999000999,50,2000,1000,960203
2,2,"LASSO",50,"Sepsis","HP_0100806",0,0.102898331836662,0,-0.494834633933638,1,0,11,2.29108826853175,1.03162189233091,2.22086045823933,5.83995875766959,0.000999000999000999,48,70,19.412,3.60601689676489,5.25027510825476,0.000999000999000999,20,258,21.772,11.8500826749954,21.9286766210198,0.000999000999000999,44,2000,1000,960203
2,2,"ElasticNet",50,"Sepsis","HP_0100806",0,0.102898331836662,0,-0.494834633933638,1,0,11,2.16396012347719,1.03162189233091,2.0976291212547,5.25048440719336,0.000999000999000999,48,62,19.412,3.19390067999176,4.41999518285668,0.000999000999000999,22,224,24.042,9.31702853339988,17.5974541995862,0.000999000999000999,46,2000,1000,960203
2,2,"mRMR",50,"Sepsis","HP_0100806",0,0.102898331836662,0,-0.494834633933638,1,0,11,1.31082102051031,1.03162189233091,1.27064094922275,1.29460494107309,0.0969030969030969,46,10,19.412,0.515145270966413,-0.97682433223084,0.878121878121878,15,36,24.042,1.49737958572498,1.05237278487809,0.156843156843157,46,2000,1000,960203
2,2,"Boruta",50,"Sepsis","HP_0100806",0,0.102898331836662,0,-0.494834633933638,1,0,11,1.17786942322232,1.03162189233091,1.1417646639516,0.678128106439123,0.246753246753247,49,33,19.412,1.69997939418916,1.41023045328864,0.0989010989010989,22,54,26.718,2.02110936447339,2.31127205596477,0.02997002997003,49,2000,1000,960203
2,2,"RF_importance",50,"Sepsis","HP_0100806",0,0.102898331836662,0,-0.494834633933638,1,0,11,1.16569976805643,1.03162189233091,1.1299680403472,0.621699220677041,0.263736263736264,48,40,19.412,2.06058108386565,2.13672538801196,0.041958041958042,25,92,25.224,3.64732001268633,6.0327634437808,0.000999000999000999,48,2000,1000,960203
2,2,"GS_full_ungrouped",100,"Sepsis","HP_0100806",0,0.21616416933408,0,-0.723235252113959,1,0,11,0.855689413322424,1.03275083366255,0.828553592436045,-1.19683835433786,0.897102897102897,95,108,81.758,1.32097164803444,0.958762874069163,0.153846153846154,38,132,105.458,1.25168313451801,0.856315204149612,0.185814185814186,97,2000,1000,960204
2,2,"DGE",100,"Sepsis","HP_0100806",0.378446223009232,0.21616416933408,1.75073521284809,0.542958170935017,0.244755244755245,1,11,1.40873779663029,1.03275083366255,1.36406357730484,2.54146621633552,0.00899100899100899,91,128,81.758,1.56559602730008,1.68947156553259,0.0649350649350649,42,390,102.686,3.79798609352784,9.59455720906348,0.000999000999000999,96,2000,1000,960204
2,2,"LASSO",100,"Sepsis","HP_0100806",0,0.21616416933408,0,-0.723235252113959,1,0,11,1.80296200750405,1.03275083366255,1.74578605868565,5.20620625330094,0.000999000999000999,96,291,81.758,3.55928471831503,7.64474740095952,0.000999000999000999,47,896,91.894,9.75036455046031,28.4754978698584,0.000999000999000999,91,2000,1000,960204
2,2,"ElasticNet",100,"Sepsis","HP_0100806",0,0.21616416933408,0,-0.723235252113959,1,0,11,1.81123516452129,1.03275083366255,1.75379685543117,5.26212826957457,0.000999000999000999,96,248,81.758,3.03334230289391,6.07372371431315,0.000999000999000999,46,862,91.894,9.38037303850088,27.271468889133,0.000999000999000999,91,2000,1000,960204
2,2,"mRMR",100,"Sepsis","HP_0100806",0,0.21616416933408,0,-0.723235252113959,1,0,11,1.38003493417778,1.03275083366255,1.33627094667513,2.34745056574112,0.017982017982018,93,65,81.758,0.795029232613322,-0.612260812577205,0.722277722277722,32,174,99.204,1.75396153380912,2.55181422271852,0.015984015984016,94,2000,1000,960204
2,2,"Boruta",100,"Sepsis","HP_0100806",0,0.21616416933408,0,-0.723235252113959,1,0,11,1.18095754970754,1.03275083366255,1.14350675033531,1.0017963359402,0.163836163836164,96,118,81.758,1.44328383766726,1.32411721980088,0.0999000999000999,42,196,102.686,1.90873147264476,3.11612560267356,0.00999000999000999,96,2000,1000,960204
2,2,"RF_importance",100,"Sepsis","HP_0100806",0,0.21616416933408,0,-0.723235252113959,1,0,11,1.2253451457327,1.03275083366255,1.18648671663342,1.30183220641792,0.117882117882118,91,124,81.758,1.51667115144695,1.5433298272399,0.0789210789210789,46,304,102.69,2.9603661505502,6.45958989979295,0.000999000999000999,95,2000,1000,960204
2,2,"GS_full_ungrouped",200,"Sepsis","HP_0100806",0,0.461385972679123,0,-1.09660739596072,1,0,11,1.11828986562886,1.02718135117064,1.08869759400751,0.899979260363715,0.190809190809191,189,365,323.112,1.12963925821387,0.562698912072607,0.274725274725275,81,512,420.008,1.21902439953525,1.17651127078397,0.142857142857143,192,2000,1000,960205
2,2,"DGE",200,"Sepsis","HP_0100806",0.378446223009232,0.461385972679123,0.820237816966378,-0.197128539428716,0.474525474525474,1,11,1.31177690074387,1.02718135117064,1.27706456045847,2.81126405946584,0.002997002997003,183,537,323.112,1.66196241550917,2.87324639289023,0.004995004995005,87,1202,420.008,2.86185025047142,10.0011131583496,0.000999000999000999,192,2000,1000,960205
2,2,"LASSO",200,"Sepsis","HP_0100806",0.358067727928672,0.461385972679123,0.776069818181696,-0.245563493560781,0.55944055944056,1,11,1.66276276498689,1.02718135117064,1.61876261002198,6.2783384638498,0.000999000999000999,190,955,323.112,2.95563148381985,8.48841410790049,0.000999000999000999,100,2132,393.822,5.41361325675051,23.4562583845063,0.000999000999000999,186,2000,1000,960205
2,2,"ElasticNet",200,"Sepsis","HP_0100806",0.358067727928672,0.461385972679123,0.776069818181696,-0.245563493560781,0.55944055944056,1,11,1.66311834522246,1.02718135117064,1.61910878086627,6.28185092192592,0.000999000999000999,190,931,323.112,2.88135383396469,8.16601213383291,0.000999000999000999,101,2156,393.822,5.47455449416234,23.7801321196636,0.000999000999000999,186,2000,1000,960205
2,2,"mRMR",200,"Sepsis","HP_0100806",0,0.461385972679123,0,-1.09660739596072,1,0,11,1.1965202737225,1.02718135117064,1.16485786308218,1.67274726380146,0.0539460539460539,183,297,323.112,0.919185916957588,-0.350773347785521,0.627372627372627,68,530,399.836,1.32554347282386,1.64821799366916,0.0629370629370629,187,2000,1000,960205
2,2,"Boruta",200,"Sepsis","HP_0100806",0,0.461385972679123,0,-1.09660739596072,1,0,11,1.1439786138254,1.02718135117064,1.11370656459217,1.15373535263533,0.120879120879121,190,425,323.112,1.31533338285177,1.36870384724154,0.0899100899100899,81,698,430.644,1.62082834081051,3.23069404151091,0.00899100899100899,194,2000,1000,960205
2,2,"RF_importance",200,"Sepsis","HP_0100806",0.358067727928672,0.461385972679123,0.776069818181696,-0.245563493560781,0.55944055944056,1,11,1.17560242966167,1.02718135117064,1.14449354860452,1.46611865243389,0.0759240759240759,179,506,323.112,1.56602045111293,2.45681050971961,0.016983016983017,91,758,393.822,1.92472741492349,4.91448704675398,0.000999000999000999,186,2000,1000,960205
2,2,"GS_full_ungrouped",500,"Sepsis","HP_0100806",1.44587268425272,1.12726846904705,1.28263383919095,0.520514831211008,0.2997002997003,3,11,1.05016252389999,1.02983792434836,1.01973572643917,0.354215471916429,0.366633366633367,468,2445,2044.024,1.19616990798542,1.5545628313591,0.0769230769230769,201,2556,2575.86,0.992289953646549,-0.0739463063075488,0.497502497502497,477,2000,1000,960206
2,2,"DGE",500,"Sepsis","HP_0100806",0.924794675175314,1.12726846904705,0.820385472111272,-0.330788506905864,0.574425574425574,2,11,1.10466407521571,1.02983792434836,1.07265818154317,1.30406408617512,0.0969030969030969,464,2880,2044.024,1.40898541308713,3.24103491856933,0.001998001998002,215,4186,2614.326,1.60117751190938,5.76109422589582,0.000999000999000999,481,2000,1000,960206
2,2,"LASSO",500,"Sepsis","HP_0100806",1.09185404920992,1.12726846904705,0.968583863729401,-0.0578577742672373,0.491508491508492,3,11,1.43468469771551,1.02983792434836,1.39311697869674,7.05563671834383,0.000999000999000999,475,4098,2044.024,2.00486882737189,7.96315676275796,0.000999000999000999,236,5860,2575.86,2.27496836008168,12.2280978044749,0.000999000999000999,477,2000,1000,960206
2,2,"ElasticNet",500,"Sepsis","HP_0100806",1.09185404920992,1.12726846904705,0.968583863729401,-0.0578577742672373,0.491508491508492,3,11,1.42991322033033,1.02983792434836,1.3884837473189,6.97247979761653,0.000999000999000999,475,4067,2044.024,1.98970266493935,7.84297139562344,0.000999000999000999,235,5870,2575.86,2.27885055864837,12.2653315941565,0.000999000999000999,477,2000,1000,960206
2,2,"mRMR",500,"Sepsis","HP_0100806",1.09185404920992,1.12726846904705,0.968583863729401,-0.0578577742672373,0.491508491508492,3,11,1.37961343180256,1.02983792434836,1.33964131557451,6.09585916430936,0.000999000999000999,468,3549,2044.024,1.73628098300216,5.83471268027885,0.000999000999000999,223,5234,2504.236,2.0900586047002,10.4112510970132,0.000999000999000999,470,2000,1000,960206
2,2,"Boruta",500,"Sepsis","HP_0100806",0.364289014324674,1.12726846904705,0.323160830208114,-1.24650617643559,0.885114885114885,1,11,1.08811285463901,1.02983792434836,1.05658650639373,1.01561075687448,0.162837162837163,471,2663,2044.024,1.30282227605938,2.39973734862767,0.00999000999000999,200,3372,2633.188,1.28057700399668,2.73366794116843,0.00599400599400599,482,2000,1000,960206
2,2,"RF_importance",500,"Sepsis","HP_0100806",1.07769684052536,1.12726846904705,0.956025002133169,-0.0809869004280603,0.514485514485514,3,11,1.11839359307822,1.02983792434836,1.08598990834979,1.54334100951625,0.0659340659340659,471,2590,2044.024,1.26710840968599,2.11672019376251,0.021978021978022,205,3512,2561.236,1.37121296124215,3.45748634924424,0.001998001998002,474,2000,1000,960206
2,3,"GS_full_ungrouped",10,"Sepsis","HP_0100806",0,0.0339280300408753,0,-0.28426983389406,1,0,13,0.602835141110044,1.0201122686184,0.590949799992602,-0.86803817813404,0.823176823176823,9,0,0.805,0,-0.669806289169881,1,5,2,0.978,2.04498977505113,0.635518302047087,0.34965034965035,10,2000,1000,960301
2,3,"DGE",10,"Sepsis","HP_0100806",0.378446223009232,0.0339280300408753,11.1543824546634,2.88658461368393,0.034965034965035,1,13,0.552927219457172,1.0201122686184,0.542025849964567,-0.971858825205445,0.847152847152847,9,5,0.805,6.2111801242236,3.49048122120205,0.020979020979021,6,4,0.978,4.08997955010225,1.87919403990832,0.102897102897103,10,2000,1000,960301
2,3,"LASSO",10,"Sepsis","HP_0100806",0,0.0339280300408753,0,-0.28426983389406,1,0,13,0.445533784599307,1.0201122686184,0.436749756183915,-1.19526335757036,0.907092907092907,9,2,0.805,2.48447204968944,0.994308714978891,0.165834165834166,5,0,0.978,0,-0.60815743581414,1,10,2000,1000,960301
2,3,"ElasticNet",10,"Sepsis","HP_0100806",0,0.0339280300408753,0,-0.28426983389406,1,0,13,0.351783784599307,1.0201122686184,0.344848106841955,-1.39028621848294,0.957042957042957,10,3,0.805,3.72670807453416,1.82636621705328,0.0969030969030969,6,2,0.978,2.04498977505113,0.635518302047087,0.34965034965035,10,2000,1000,960301
2,3,"mRMR",10,"Sepsis","HP_0100806",0,0.0339280300408753,0,-0.28426983389406,1,0,13,1.44095907300571,1.0201122686184,1.41254949806386,0.875463976507018,0.176823176823177,10,0,0.805,0,-0.669806289169881,1,3,8,0.978,8.1799591002045,4.36654551563077,0.00799200799200799,10,2000,1000,960301
2,3,"Boruta",10,"Sepsis","HP_0100806",0,0.0339280300408753,0,-0.28426983389406,1,0,13,1.00866071088966,1.0201122686184,0.98877421821007,-0.02382203253509,0.451548451548452,10,4,0.805,4.96894409937888,2.65842371912766,0.040959040959041,7,4,0.978,4.08997955010225,1.87919403990832,0.102897102897103,10,2000,1000,960301
2,3,"RF_importance",10,"Sepsis","HP_0100806",0,0.0339280300408753,0,-0.28426983389406,1,0,13,0.948029736935242,1.0201122686184,0.929338628795451,-0.149949243207167,0.506493506493506,10,0,0.805,0,-0.669806289169881,1,5,4,0.978,4.08997955010225,1.87919403990832,0.102897102897103,10,2000,1000,960301
2,3,"GS_full_ungrouped",20,"Sepsis","HP_0100806",0.378446223009232,0.0524297083128207,7.21816380803114,2.14886417163515,0.0529470529470529,1,13,0.917069341327526,1.03261609546433,0.888102892600323,-0.349512893027418,0.587412587412587,18,9,3.37,2.6706231454006,1.89637400130308,0.0669330669330669,10,24,4.334,5.53760959852331,5.1224688558304,0.001998001998002,20,2000,1000,960302
2,3,"DGE",20,"Sepsis","HP_0100806",0.378446223009232,0.0524297083128207,7.21816380803114,2.14886417163515,0.0529470529470529,1,13,0.790470362911588,1.03261609546433,0.765502655230393,-0.732457230417287,0.748251748251748,18,20,3.37,5.93471810089021,5.60154522942633,0.001998001998002,12,22,4.334,5.0761421319797,4.60152216043424,0.002997002997003,20,2000,1000,960302
2,3,"LASSO",20,"Sepsis","HP_0100806",0,0.0524297083128207,0,-0.345578572384948,1,0,13,0.860130494141657,1.03261609546433,0.832962509416324,-0.52174500248171,0.658341658341658,18,7,3.37,2.07715133531157,1.22270650528067,0.136863136863137,8,16,4.334,3.69173973234887,3.03868207424578,0.016983016983017,20,2000,1000,960302
2,3,"ElasticNet",20,"Sepsis","HP_0100806",0,0.0524297083128207,0,-0.345578572384948,1,0,13,0.540858826625371,1.03261609546433,0.52377532076155,-1.48749748085235,0.958041958041958,18,5,3.37,1.48367952522255,0.549039009258264,0.266733266733267,7,8,4.334,1.84586986617444,0.954895292661153,0.20979020979021,20,2000,1000,960302
2,3,"mRMR",20,"Sepsis","HP_0100806",0,0.0524297083128207,0,-0.345578572384948,1,0,13,1.16220292307092,1.03261609546433,1.12549371269321,0.39198216646914,0.328671328671329,19,2,3.37,0.593471810089021,-0.461462234775349,0.691308691308691,7,8,4.334,1.84586986617444,0.954895292661153,0.20979020979021,20,2000,1000,960302
2,3,"Boruta",20,"Sepsis","HP_0100806",0,0.0524297083128207,0,-0.345578572384948,1,0,13,0.776073294577724,1.03261609546433,0.751560331072265,-0.776006363770911,0.769230769230769,20,14,3.37,4.15430267062315,3.5805427413591,0.010989010989011,13,10,3.862,2.58933195235629,1.76098128084012,0.0769230769230769,19,2000,1000,960302
2,3,"RF_importance",20,"Sepsis","HP_0100806",0,0.0524297083128207,0,-0.345578572384948,1,0,13,0.860759308168971,1.03261609546433,0.83357146179473,-0.519842927330363,0.657342657342657,19,8,3.37,2.37388724035609,1.55954025329188,0.0919080919080919,10,10,3.862,2.58933195235629,1.76098128084012,0.0769230769230769,19,2000,1000,960302
2,3,"GS_full_ungrouped",50,"Sepsis","HP_0100806",0.378446223009232,0.140068350608248,2.70186820481449,1.00073874314177,0.160839160839161,1,13,0.915850486084553,1.03646282095106,0.883630813929405,-0.580003093909522,0.715284715284715,47,37,20.01,1.84907546226886,1.76107119994628,0.056943056943057,23,82,27.77,2.95282679150162,4.39644698275559,0.001998001998002,50,2000,1000,960303
2,3,"DGE",50,"Sepsis","HP_0100806",0.378446223009232,0.140068350608248,2.70186820481449,1.00073874314177,0.160839160839161,1,13,1.00806225269278,1.03646282095106,0.972598565347262,-0.136573240844929,0.53946053946054,42,77,20.01,3.84807596201899,5.90720704443427,0.000999000999000999,24,66,27.77,2.37666546633057,3.09932082151477,0.010989010989011,50,2000,1000,960303
2,3,"LASSO",50,"Sepsis","HP_0100806",0,0.140068350608248,0,-0.588023643846647,1,0,13,2.13055272289161,1.03646282095106,2.0555997570049,5.26128218016031,0.000999000999000999,46,64,20.01,3.1984007996002,4.55971289497567,0.001998001998002,21,190,21.848,8.69644818747712,16.8363728755955,0.000999000999000999,45,2000,1000,960303
2,3,"ElasticNet",50,"Sepsis","HP_0100806",0,0.140068350608248,0,-0.588023643846647,1,0,13,1.50552063616082,1.03646282095106,1.45255633461059,2.25561493644252,0.017982017982018,46,67,20.01,3.34832583708146,4.87067308331227,0.000999000999000999,23,134,24.082,5.5643219001744,10.0759853310065,0.000999000999000999,47,2000,1000,960303
2,3,"mRMR",50,"Sepsis","HP_0100806",0,0.140068350608248,0,-0.588023643846647,1,0,13,1.32934463983956,1.03646282095106,1.28257821985332,1.40841615654975,0.0859140859140859,44,12,20.01,0.599700149925037,-0.830263702858722,0.81018981018981,19,22,24.082,0.913545386595798,-0.190853194737491,0.56043956043956,47,2000,1000,960303
2,3,"Boruta",50,"Sepsis","HP_0100806",0,0.140068350608248,0,-0.588023643846647,1,0,13,0.93533823667769,1.03646282095106,0.902432984349039,-0.486289995246217,0.677322677322677,45,50,20.01,2.49875062468766,3.10856534940487,0.00999000999000999,25,50,23.514,2.12639278727567,2.38914619397696,0.035964035964036,46,2000,1000,960303
2,3,"RF_importance",50,"Sepsis","HP_0100806",0,0.140068350608248,0,-0.588023643846647,1,0,13,0.966477693875657,1.03646282095106,0.932476953672892,-0.336545928542976,0.615384615384615,48,46,20.01,2.29885057471264,2.69395176495607,0.015984015984016,25,54,25.748,2.09725027186578,2.43596074566377,0.026973026973027,48,2000,1000,960303
2,3,"GS_full_ungrouped",100,"Sepsis","HP_0100806",0.378446223009232,0.287983515500761,1.31412460310851,0.258659868395786,0.31968031968032,1,13,1.01915660946098,1.04513582897435,0.975142733802486,-0.183367770430708,0.555444555444555,93,118,82.899,1.4234188590936,1.25906473369863,0.113886113886114,41,224,111.604,2.007096519838,3.5177380321486,0.004995004995005,100,2000,1000,960304
2,3,"DGE",100,"Sepsis","HP_0100806",0.378446223009232,0.287983515500761,1.31412460310851,0.258659868395786,0.31968031968032,1,13,1.04654846856076,1.04513582897435,1.00135163253163,0.00997076033207897,0.46953046953047,91,209,82.899,2.52114018263188,4.52321364018492,0.000999000999000999,44,320,111.604,2.86728074262571,6.52231872084095,0.000999000999000999,100,2000,1000,960304
2,3,"LASSO",100,"Sepsis","HP_0100806",0,0.287983515500761,0,-0.823430784587202,1,0,13,1.71757947987558,1.04513582897435,1.64340311781401,4.74627395725127,0.000999000999000999,94,220,82.899,2.65383177119145,4.91778109041953,0.000999000999000999,43,776,92.49,8.3900962266191,25.4738363185187,0.000999000999000999,91,2000,1000,960304
2,3,"ElasticNet",100,"Sepsis","HP_0100806",0,0.287983515500761,0,-0.823430784587202,1,0,13,1.78405549333612,1.04513582897435,1.70700826043531,5.21547813673428,0.000999000999000999,95,234,82.899,2.82271197481272,5.41995784526357,0.000999000999000999,43,730,94.35,7.7371489136195,23.4766254212218,0.000999000999000999,92,2000,1000,960304
2,3,"mRMR",100,"Sepsis","HP_0100806",0,0.287983515500761,0,-0.823430784587202,1,0,13,1.4408926501116,1.04513582897435,1.37866544248668,2.79334973428755,0.002997002997003,87,77,82.899,0.928841119917007,-0.211595762630359,0.538461538461538,36,162,92.49,1.75154070710347,2.59057857602703,0.017982017982018,91,2000,1000,960304
2,3,"Boruta",100,"Sepsis","HP_0100806",0,0.287983515500761,0,-0.823430784587202,1,0,13,1.04605523870473,1.04513582897435,1.00087970358004,0.00648942175823561,0.46953046953047,91,154,82.899,1.85768223983401,2.55037638901189,0.018981018981019,49,168,103.618,1.62133992163524,2.24427948558104,0.028971028971029,96,2000,1000,960304
2,3,"RF_importance",100,"Sepsis","HP_0100806",0.378446223009232,0.287983515500761,1.31412460310851,0.258659868395786,0.31968031968032,1,13,1.03027106316723,1.04513582897435,0.985777192404064,-0.104919201387987,0.517482517482518,88,133,82.899,1.6043619344021,1.79711125674582,0.056943056943057,46,170,99.064,1.71606234353549,2.54162612753594,0.01998001998002,94,2000,1000,960304
2,3,"GS_full_ungrouped",200,"Sepsis","HP_0100806",0.378446223009232,0.53002156070628,0.71402043061217,-0.338763912181172,0.54045954045954,1,13,1.14015125342436,1.04299871657022,1.09314732157449,0.927907857892586,0.176823176823177,187,497,331.179,1.50069901775173,2.26079551229684,0.021978021978022,84,646,438.55,1.47303614183103,2.6103263341835,0.013986013986014,197,2000,1000,960305
2,3,"DGE",200,"Sepsis","HP_0100806",0.378446223009232,0.53002156070628,0.71402043061217,-0.338763912181172,0.54045954045954,1,13,1.08409824625967,1.04299871657022,1.03940515844987,0.392543291090701,0.336663336663337,179,838,331.179,2.53035367580674,6.90997305731961,0.000999000999000999,94,946,422.262,2.24031525451023,6.6846691189014,0.000999000999000999,193,2000,1000,960305
2,3,"LASSO",200,"Sepsis","HP_0100806",0.358067727928672,0.53002156070628,0.675572003998345,-0.384308911933396,0.606393606393606,1,13,1.5921206636165,1.04299871657022,1.5264838185535,5.24468620279573,0.000999000999000999,189,734,331.179,2.21632410267559,5.49204207584639,0.000999000999000999,92,1882,391.756,4.80401065969634,20.2051272352108,0.000999000999000999,186,2000,1000,960305
2,3,"ElasticNet",200,"Sepsis","HP_0100806",0.358067727928672,0.53002156070628,0.675572003998345,-0.384308911933396,0.606393606393606,1,13,1.59065157278964,1.04299871657022,1.52507529253758,5.23065485614909,0.000999000999000999,190,790,331.179,2.38541694974621,6.25554337356274,0.000999000999000999,94,1914,391.998,4.8826779728468,20.5530824487892,0.000999000999000999,187,2000,1000,960305
2,3,"mRMR",200,"Sepsis","HP_0100806",0.378446223009232,0.53002156070628,0.71402043061217,-0.338763912181172,0.54045954045954,1,13,1.2230538933432,1.04299871657022,1.17263221316808,1.71971436662249,0.04995004995005,177,290,331.179,0.875659386615697,-0.56143249890467,0.684315684315684,74,508,391.998,1.29592497920908,1.56648852644376,0.0619380619380619,187,2000,1000,960305
2,3,"Boruta",200,"Sepsis","HP_0100806",0.352497052512609,0.53002156070628,0.665061723230446,-0.396759115417084,0.695304695304695,1,13,0.98881142858703,1.04299871657022,0.948046639825812,-0.517545006498148,0.676323676323676,183,504,331.179,1.52183562363556,2.35623317451138,0.016983016983017,92,638,422.262,1.51091028792551,2.75354690011714,0.010989010989011,193,2000,1000,960305
2,3,"RF_importance",200,"Sepsis","HP_0100806",0.736513950937904,0.53002156070628,1.38959243461052,0.461501000184603,0.281718281718282,2,13,1.06819064897955,1.04299871657022,1.02415336856039,0.240609178051739,0.392607392607393,185,480,331.179,1.44936726060529,2.02901833263295,0.034965034965035,94,876,412.876,2.12170239975198,5.94379789583278,0.000999000999000999,192,2000,1000,960305
2,3,"GS_full_ungrouped",500,"Sepsis","HP_0100806",1.89045258770628,1.36857658878984,1.38132758019623,0.766335999415528,0.213786213786214,4,13,0.963991307515698,1.03670583861813,0.929860015836932,-1.26147601751114,0.906093906093906,471,2544,2086.479,1.21927898627305,1.70414732511292,0.0529470529470529,199,3226,2677.712,1.20475988455816,2.00798316723862,0.028971028971029,488,2000,1000,960306
2,3,"DGE",500,"Sepsis","HP_0100806",1.28908368949999,1.36857658878984,0.941915637063365,-0.116729396542874,0.505494505494505,3,13,1.06778497976603,1.03670583861813,1.02997874613046,0.539171340425564,0.288711288711289,464,3507,2086.479,1.68082209310518,5.29107311449469,0.000999000999000999,223,4012,2574.19,1.55854851428993,5.3568627640306,0.000999000999000999,478,2000,1000,960306
2,3,"LASSO",500,"Sepsis","HP_0100806",1.09185404920992,1.36857658878984,0.797802664573846,-0.4063464201651,0.624375624375624,3,13,1.38660243729329,1.03670583861813,1.33750808150318,6.07012327722539,0.000999000999000999,474,3965,2086.479,1.90033065274081,6.99700459064926,0.000999000999000999,233,5682,2568.694,2.21201902601088,11.5729607319289,0.000999000999000999,477,2000,1000,960306
2,3,"ElasticNet",500,"Sepsis","HP_0100806",1.09185404920992,1.36857658878984,0.797802664573846,-0.4063464201651,0.624375624375624,3,13,1.39818817123534,1.03670583861813,1.34868360835995,6.27111646650377,0.000999000999000999,474,4081,2086.479,1.95592670714635,7.42907457150937,0.000999000999000999,234,5764,2568.694,2.24394186306349,11.8777758641447,0.000999000999000999,477,2000,1000,960306
2,3,"mRMR",500,"Sepsis","HP_0100806",0.736513950937904,1.36857658878984,0.538160565488823,-0.928136864460463,0.802197802197802,2,13,1.38248846196797,1.03670583861813,1.33353976650768,5.9987526566516,0.000999000999000999,459,3242,2086.479,1.5538138653684,4.3040166927022,0.000999000999000999,223,5028,2480.33,2.02714961315631,9.88888510355069,0.000999000999000999,469,2000,1000,960306
2,3,"Boruta",500,"Sepsis","HP_0100806",2.36524719918572,1.36857658878984,1.72825344124671,1.46353649121945,0.0839160839160839,6,13,1.01911064308076,1.03670583861813,0.983027783888215,-0.305247339937483,0.619380619380619,464,2822,2086.479,1.35251780631389,2.73962538269145,0.00699300699300699,216,3772,2574.19,1.46531530306621,4.46269241929288,0.000999000999000999,478,2000,1000,960306
2,3,"RF_importance",500,"Sepsis","HP_0100806",1.09185404920992,1.36857658878984,0.797802664573846,-0.4063464201651,0.624375624375624,3,13,1.0862644281698,1.03670583861813,1.04780390705402,0.859758994980438,0.188811188811189,463,2507,2086.479,1.20154576202301,1.5663319001834,0.0679320679320679,214,3686,2602.898,1.41611388536931,3.93199178304595,0.001998001998002,479,2000,1000,960306
2,4,"GS_full_ungrouped",10,"Sepsis","HP_0100806",0,0.0200568346443209,0,-0.217635966872291,1,0,12,1.36209657382503,1.0454488559489,1.30288207411995,0.6663350904333,0.221778221778222,10,2,0.742,2.69541778975741,1.12849910147647,0.163836163836164,4,20,1.054,18.9753320683112,11.6083631319644,0.000999000999000999,10,2000,1000,960401
2,4,"DGE",10,"Sepsis","HP_0100806",0,0.0200568346443209,0,-0.217635966872291,1,0,12,0.256438052894502,1.0454488559489,0.245289907234866,-1.66034856758945,0.989010989010989,10,7,0.742,9.43396226415095,5.61378964788534,0.002997002997003,7,4,1.054,3.79506641366224,1.8050373581108,0.0969030969030969,10,2000,1000,960401
2,4,"LASSO",10,"Sepsis","HP_0100806",0,0.0200568346443209,0,-0.217635966872291,1,0,12,1.71922549493271,1.0454488559489,1.64448550988395,1.41785647684583,0.0959040959040959,10,1,0.742,1.34770889487871,0.231440992194698,0.440559440559441,5,14,1.054,13.2827324478178,7.93211596676932,0.000999000999000999,10,2000,1000,960401
2,4,"ElasticNet",10,"Sepsis","HP_0100806",0,0.0200568346443209,0,-0.217635966872291,1,0,12,1.33233061411807,1.0454488559489,1.27441013162599,0.60369733139242,0.238761238761239,8,0,0.742,0,-0.665617117087076,1,2,10,1.054,9.4876660341556,5.48128452330591,0.003996003996004,10,2000,1000,960401
2,4,"mRMR",10,"Sepsis","HP_0100806",0,0.0200568346443209,0,-0.217635966872291,1,0,12,1.279873557397,1.0454488559489,1.22423354343367,0.493309743985975,0.266733266733267,10,0,0.742,0,-0.665617117087076,1,2,6,1.054,5.69259962049336,3.0304530798425,0.031968031968032,10,2000,1000,960401
2,4,"Boruta",10,"Sepsis","HP_0100806",0,0.0200568346443209,0,-0.217635966872291,1,0,12,0.815133853815782,1.0454488559489,0.779697494695643,-0.484661531129525,0.659340659340659,10,3,0.742,4.04312668463612,2.02555721075825,0.0839160839160839,6,4,1.054,3.79506641366224,1.8050373581108,0.0969030969030969,10,2000,1000,960401
2,4,"RF_importance",10,"Sepsis","HP_0100806",0,0.0200568346443209,0,-0.217635966872291,1,0,12,0.900277911435202,1.0454488559489,0.861140079988005,-0.30548931503325,0.581418581418581,10,0,0.742,0,-0.665617117087076,1,5,4,1.054,3.79506641366224,1.8050373581108,0.0969030969030969,10,2000,1000,960401
2,4,"GS_full_ungrouped",20,"Sepsis","HP_0100806",0,0.0477069574031804,0,-0.33611347131685,1,0,12,1.06909823932997,1.03746540554944,1.03049049501923,0.0947375160709703,0.432567432567433,18,7,3.091,2.26463927531543,1.39282449620815,0.107892107892108,8,22,4.24,5.18867924528302,4.60696727030701,0.003996003996004,20,2000,1000,960402
2,4,"DGE",20,"Sepsis","HP_0100806",0,0.0477069574031804,0,-0.33611347131685,1,0,12,0.753422511785708,1.03746540554944,0.726214587740107,-0.850683135108518,0.79020979020979,20,32,3.091,10.3526366871563,10.3006301767412,0.000999000999000999,12,6,4.24,1.41509433962264,0.45654630606646,0.337662337662338,20,2000,1000,960402
2,4,"LASSO",20,"Sepsis","HP_0100806",0,0.0477069574031804,0,-0.33611347131685,1,0,12,2.42865212040869,1.03746540554944,2.3409475703168,4.16648014120785,0.000999000999000999,18,16,3.091,5.17631834357813,4.59963454120004,0.00599400599400599,9,72,3.596,20.0222469410456,20.1115593209917,0.000999000999000999,18,2000,1000,960402
2,4,"ElasticNet",20,"Sepsis","HP_0100806",0,0.0477069574031804,0,-0.33611347131685,1,0,12,1.19090371816332,1.03746540554944,1.1478972810015,0.459534062234676,0.304695304695305,17,4,3.091,1.29407958589453,0.323887814544181,0.343656343656344,7,18,4.24,4.24528301886792,3.56936202924687,0.011988011988012,20,2000,1000,960402
2,4,"mRMR",20,"Sepsis","HP_0100806",0,0.0477069574031804,0,-0.33611347131685,1,0,12,1.83144950614872,1.03746540554944,1.76531139867627,2.37791157164433,0.017982017982018,20,0,3.091,0,-1.10136109434111,1,2,8,3.952,2.02429149797571,1.12816891122533,0.176823176823177,19,2000,1000,960402
2,4,"Boruta",20,"Sepsis","HP_0100806",0,0.0477069574031804,0,-0.33611347131685,1,0,12,0.927714313787407,1.03746540554944,0.894212287778495,-0.328694731927945,0.591408591408591,20,12,3.091,3.8822387576836,3.17438563231476,0.015984015984016,12,10,3.952,2.53036437246963,1.68556461835246,0.0919080919080919,19,2000,1000,960402
2,4,"RF_importance",20,"Sepsis","HP_0100806",0,0.0477069574031804,0,-0.33611347131685,1,0,12,0.900321334810658,1.03746540554944,0.867808536067621,-0.41073426098332,0.622377622377622,20,12,3.091,3.8822387576836,3.17438563231476,0.015984015984016,11,12,3.952,3.03643724696356,2.2429603254796,0.042957042957043,19,2000,1000,960402
2,4,"GS_full_ungrouped",50,"Sepsis","HP_0100806",0,0.126683237983944,0,-0.555672043317782,1,0,12,1.25780701749619,1.03088230013758,1.22012669858463,1.10072238209167,0.134865134865135,47,28,19.803,1.41392718275009,0.857548960770023,0.194805194805195,20,100,26.802,3.73106484590702,6.11121204863775,0.000999000999000999,49,2000,1000,960403
2,4,"DGE",50,"Sepsis","HP_0100806",0,0.126683237983944,0,-0.555672043317782,1,0,12,0.965876134778508,1.03088230013758,0.9369412343675,-0.315319291867188,0.594405594405594,45,88,19.803,4.44377114578599,7.1345939340775,0.000999000999000999,23,86,26.934,3.19299027251801,4.95472436621385,0.000999000999000999,50,2000,1000,960403
2,4,"LASSO",50,"Sepsis","HP_0100806",0,0.126683237983944,0,-0.555672043317782,1,0,12,2.40122743808831,1.03088230013758,2.3292934971993,6.6470042668344,0.000999000999000999,48,67,19.803,3.38332575872343,4.93762819341988,0.000999000999000999,20,318,21.88,14.5338208409506,28.295851637398,0.000999000999000999,44,2000,1000,960403
2,4,"ElasticNet",50,"Sepsis","HP_0100806",0,0.126683237983944,0,-0.555672043317782,1,0,12,2.32469828163934,1.03088230013758,2.25505693649905,6.27579148593287,0.000999000999000999,45,72,19.803,3.63581275564308,5.46071527452884,0.000999000999000999,22,230,21.88,10.5118829981718,19.8869804227181,0.000999000999000999,44,2000,1000,960403
2,4,"mRMR",50,"Sepsis","HP_0100806",0,0.126683237983944,0,-0.555672043317782,1,0,12,1.56965770123041,1.03088230013758,1.52263522326548,2.61338716119721,0.010989010989011,44,13,19.803,0.656466191991112,-0.711712282556846,0.77022977022977,16,26,21.836,1.19069426634915,0.402308076769704,0.328671328671329,45,2000,1000,960403
2,4,"Boruta",50,"Sepsis","HP_0100806",0,0.126683237983944,0,-0.555672043317782,1,0,12,0.936144645820331,1.03088230013758,0.90810041621182,-0.459535028831,0.668331668331668,46,81,19.803,4.09028935009847,6.40227202052496,0.000999000999000999,29,76,24.938,3.04755794370038,4.48954151394175,0.000999000999000999,47,2000,1000,960403
2,4,"RF_importance",50,"Sepsis","HP_0100806",0,0.126683237983944,0,-0.555672043317782,1,0,12,1.04456050698286,1.03088230013758,1.01326844669218,0.0663475913806768,0.458541458541459,44,50,19.803,2.52486996919659,3.15913211764943,0.00999000999000999,24,56,24.938,2.24556901114765,2.73107474258859,0.01998001998002,47,2000,1000,960403
2,4,"GS_full_ungrouped",100,"Sepsis","HP_0100806",0,0.231681591308487,0,-0.728173122729663,1,0,12,1.37285768552135,1.03032162354621,1.33245547229824,2.27690588239622,0.015984015984016,95,110,82.423,1.33457894034432,1.04268838555465,0.151848151848152,40,270,112.358,2.40303316185763,4.99128740579479,0.000999000999000999,99,2000,1000,960404
2,4,"DGE",100,"Sepsis","HP_0100806",0.378446223009232,0.231681591308487,1.63347558548718,0.461279895257204,0.251748251748252,1,12,0.929725727262045,1.03032162354621,0.902364568514125,-0.668681092068332,0.73026973026973,88,285,82.423,3.45777270907392,7.65945117599824,0.000999000999000999,41,252,108.134,2.33044185917473,4.58999406097564,0.001998001998002,98,2000,1000,960404
2,4,"LASSO",100,"Sepsis","HP_0100806",0,0.231681591308487,0,-0.728173122729663,1,0,12,1.88676057713256,1.03032162354621,1.83123457182101,5.69292144041622,0.000999000999000999,96,269,82.423,3.26365213593293,7.05449000658626,0.000999000999000999,46,924,91.382,10.111400494627,30.3492454230004,0.000999000999000999,90,2000,1000,960404
2,4,"ElasticNet",100,"Sepsis","HP_0100806",0,0.231681591308487,0,-0.728173122729663,1,0,12,1.95957050779965,1.03032162354621,1.90190175865194,6.17690364794446,0.000999000999000999,93,228,82.423,2.76621816725914,5.50427700996804,0.000999000999000999,43,878,91.382,9.60801908472128,28.6725277812271,0.000999000999000999,90,2000,1000,960404
2,4,"mRMR",100,"Sepsis","HP_0100806",0,0.231681591308487,0,-0.728173122729663,1,0,12,1.33885774818931,1.03032162354621,1.29945612864182,2.05090148196598,0.028971028971029,92,54,82.423,0.655156934350849,-1.0746757073873,0.882117882117882,31,126,99.41,1.26747812091339,0.911136160115463,0.172827172827173,94,2000,1000,960404
2,4,"Boruta",100,"Sepsis","HP_0100806",0,0.231681591308487,0,-0.728173122729663,1,0,12,1.0371250650987,1.03032162354621,1.0066032211661,0.0452238400887904,0.471528471528472,94,179,82.423,2.17172391201485,3.65158342864384,0.002997002997003,49,190,103.856,1.82945617008165,2.84101839505119,0.011988011988012,96,2000,1000,960404
2,4,"RF_importance",100,"Sepsis","HP_0100806",0.358067727928672,0.231681591308487,1.54551652509975,0.397230471582518,0.305694305694306,1,12,1.04229655347372,1.03032162354621,1.01162251636173,0.0795997602004901,0.460539460539461,94,156,82.423,1.89267558812467,2.78195174761411,0.00999000999000999,47,258,106.47,2.42321780783319,5.05844574409131,0.000999000999000999,97,2000,1000,960404
2,4,"GS_full_ungrouped",200,"Sepsis","HP_0100806",0,0.511385597180399,0,-1.17925548394483,1,0,12,1.22794776265216,1.02804797675341,1.19444596985642,1.99950825778438,0.024975024975025,191,558,329.999,1.69091421489156,3.01058058850992,0.004995004995005,92,806,441.716,1.82470184462415,4.42061045826508,0.000999000999000999,197,2000,1000,960405
2,4,"DGE",200,"Sepsis","HP_0100806",0.378446223009232,0.511385597180399,0.740040832389203,-0.306558274006766,0.511488511488511,1,12,1.01616270162393,1.02804797675341,0.988438987869996,-0.118883097651017,0.528471528471528,178,814,329.999,2.46667414143679,6.39086677435357,0.000999000999000999,89,632,411.944,1.53418911308333,2.93580094344369,0.00799200799200799,191,2000,1000,960405
2,4,"LASSO",200,"Sepsis","HP_0100806",0.358067727928672,0.511385597180399,0.700191264484044,-0.353551095491757,0.572427572427572,1,12,1.72942821801211,1.02804797675341,1.68224465892504,7.01559322806831,0.000999000999000999,189,873,329.999,2.64546256200776,7.16991710624722,0.000999000999000999,97,2060,389.012,5.29546646375947,21.511795630615,0.000999000999000999,185,2000,1000,960405
2,4,"ElasticNet",200,"Sepsis","HP_0100806",0.358067727928672,0.511385597180399,0.700191264484044,-0.353551095491757,0.572427572427572,1,12,1.70364786396497,1.02804797675341,1.65716766385273,6.75772386330582,0.000999000999000999,186,857,329.999,2.59697756659869,6.958649219632,0.000999000999000999,97,2052,389.012,5.27490154545361,21.4088060429908,0.000999000999000999,185,2000,1000,960405
2,4,"mRMR",200,"Sepsis","HP_0100806",0,0.511385597180399,0,-1.17925548394483,1,0,12,1.17465919831796,1.02804797675341,1.14261126414309,1.46648655417096,0.0809190809190809,182,300,329.999,0.909093663920194,-0.39611408316064,0.642357642357642,73,466,396.51,1.17525409195228,0.933292133702077,0.16983016983017,187,2000,1000,960405
2,4,"Boruta",200,"Sepsis","HP_0100806",0,0.511385597180399,0,-1.17925548394483,1,0,12,1.09445724680073,1.02804797675341,1.06459744248225,0.664262261492913,0.251748251748252,187,523,329.999,1.5848532874342,2.5484320865391,0.012987012987013,92,556,411.944,1.34969801720622,1.92187325366599,0.044955044955045,191,2000,1000,960405
2,4,"RF_importance",200,"Sepsis","HP_0100806",0.358067727928672,0.511385597180399,0.700191264484044,-0.353551095491757,0.572427572427572,1,12,1.1112723709477,1.02804797675341,1.08095380378756,0.832456436571062,0.1998001998002,185,477,329.999,1.44545892563311,1.94103691252032,0.02997002997003,90,856,411.944,2.07795234303692,5.92421939752532,0.000999000999000999,191,2000,1000,960405
2,4,"GS_full_ungrouped",500,"Sepsis","HP_0100806",1.22936612873128,1.19932533638614,1.02504807614226,0.0484830996171745,0.487512487512487,3,12,1.05120144383725,1.02947851983075,1.02110090068715,0.377978475943704,0.343656343656344,473,2477,2098.984,1.18009475060315,1.39966067892882,0.0769230769230769,209,3872,2700.412,1.43385527837974,4.33816314286481,0.000999000999000999,486,2000,1000,960406
2,4,"DGE",500,"Sepsis","HP_0100806",1.28908368949999,1.19932533638614,1.07484070451168,0.144861797435135,0.395604395604396,3,12,1.07321923085695,1.02947851983075,1.04248822115627,0.761087562863279,0.215784215784216,456,3297,2098.984,1.57075994862276,4.43583310740176,0.000999000999000999,213,3738,2558.808,1.46083645197295,4.30437143095568,0.000999000999000999,472,2000,1000,960406
2,4,"LASSO",500,"Sepsis","HP_0100806",1.09185404920992,1.19932533638614,0.910390213634559,-0.173448857882549,0.548451548451548,3,12,1.41488172583863,1.02947851983075,1.37436740892005,6.7060086564334,0.000999000999000999,473,3966,2098.984,1.88948557968998,6.91290549111933,0.000999000999000999,232,5622,2580.122,2.17896673103055,10.7672839640867,0.000999000999000999,476,2000,1000,960406
2,4,"ElasticNet",500,"Sepsis","HP_0100806",1.09185404920992,1.19932533638614,0.910390213634559,-0.173448857882549,0.548451548451548,3,12,1.41596745517844,1.02947851983075,1.37542204903045,6.72490032686527,0.000999000999000999,472,4000,2098.984,1.9056838927786,7.03879556742186,0.000999000999000999,233,5606,2580.122,2.17276547388069,10.7106490354586,0.000999000999000999,476,2000,1000,960406
2,4,"mRMR",500,"Sepsis","HP_0100806",1.09185404920992,1.19932533638614,0.910390213634559,-0.173448857882549,0.548451548451548,3,12,1.37152628447713,1.02947851983075,1.33225342545527,5.95162477861022,0.000999000999000999,466,3419,2098.984,1.62888330735251,4.88755632236969,0.000999000999000999,225,5268,2536.426,2.07693817994296,10.1430650538159,0.000999000999000999,470,2000,1000,960406
2,4,"Boruta",500,"Sepsis","HP_0100806",0.355340098272014,1.19932533638614,0.296283324875584,-1.36211521669588,0.919080919080919,1,12,1.00629708853126,1.02947851983075,0.977482355529579,-0.403356475866147,0.67032967032967,456,2868,2098.984,1.36637535112226,2.84739655640799,0.004995004995005,218,3038,2606.236,1.16566573403176,1.57051270422174,0.0699300699300699,478,2000,1000,960406
2,4,"RF_importance",500,"Sepsis","HP_0100806",1.95329441426603,1.19932533638614,1.62866101049093,1.21683734207622,0.133866133866134,5,12,1.12059196117342,1.02947851983075,1.08850446083873,1.58537219420258,0.0589410589410589,462,2340,2098.984,1.11482507727548,0.892397724415654,0.190809190809191,209,3620,2568.968,1.40912615493848,3.74026424523547,0.001998001998002,473,2000,1000,960406
2,5,"GS_full_ungrouped",10,"Sepsis","HP_0100806",0,0.0220243402501681,0,-0.237170571214945,1,0,11,1.39342310195942,1.03436711439147,1.34712625969281,0.75489561083328,0.203796203796204,9,0,0.697,0,-0.659691509068985,1,3,0,1.052,0,-0.621608708400381,1,10,2000,1000,960501
2,5,"DGE",10,"Sepsis","HP_0100806",0,0.0220243402501681,0,-0.237170571214945,1,0,11,0.488777763257753,1.03436711439147,0.472537995898399,-1.1470718237508,0.887112887112887,10,1,0.697,1.43472022955524,0.28678124425811,0.448551448551449,5,6,1.052,5.70342205323194,2.92368810757137,0.035964035964036,10,2000,1000,960501
2,5,"LASSO",10,"Sepsis","HP_0100806",0,0.0220243402501681,0,-0.237170571214945,1,0,11,0.865013348288267,1.03436711439147,0.836273056493262,-0.356057047190156,0.603396603396603,10,0,0.697,0,-0.659691509068985,1,3,2,1.052,1.90114068441065,0.560156896923537,0.360639360639361,10,2000,1000,960501
2,5,"ElasticNet",10,"Sepsis","HP_0100806",0,0.0220243402501681,0,-0.237170571214945,1,0,11,0.831000021416629,1.03436711439147,0.803389831187276,-0.427568209945457,0.638361638361638,10,1,0.697,1.43472022955524,0.28678124425811,0.448551448551449,4,2,1.052,1.90114068441065,0.560156896923537,0.360639360639361,10,2000,1000,960501
2,5,"mRMR",10,"Sepsis","HP_0100806",0,0.0220243402501681,0,-0.237170571214945,1,0,11,1.29416825040796,1.03436711439147,1.2511691762062,0.546217704366319,0.264735264735265,10,0,0.697,0,-0.659691509068985,1,2,0,1.052,0,-0.621608708400381,1,10,2000,1000,960501
2,5,"Boruta",10,"Sepsis","HP_0100806",0,0.0220243402501681,0,-0.237170571214945,1,0,11,0.26042537259039,1.03436711439147,0.251772672358791,-1.62717025799695,0.979020979020979,10,6,0.697,8.60832137733142,5.01914501089358,0.00799200799200799,6,0,1.052,0,-0.621608708400381,1,10,2000,1000,960501
2,5,"RF_importance",10,"Sepsis","HP_0100806",0,0.0220243402501681,0,-0.237170571214945,1,0,11,0.630090615275465,1.03436711439147,0.609155691928738,-0.849969267503041,0.803196803196803,9,1,0.697,1.43472022955524,0.28678124425811,0.448551448551449,5,0,1.052,0,-0.621608708400381,1,10,2000,1000,960501
2,5,"GS_full_ungrouped",20,"Sepsis","HP_0100806",0,0.0479120830220514,0,-0.332937482984073,1,0,11,1.3247546991606,1.04535250332787,1.26728036231152,0.847673422723297,0.193806193806194,19,2,3.063,0.652954619653934,-0.3988768761682,0.659340659340659,8,12,4.434,2.7063599458728,1.94687633886431,0.0719280719280719,20,2000,1000,960502
2,5,"DGE",20,"Sepsis","HP_0100806",0,0.0479120830220514,0,-0.332937482984073,1,0,11,0.608929099885105,1.04535250332787,0.582510777892229,-1.32405731118289,0.924075924075924,19,15,3.063,4.89715964740451,4.47920345326416,0.004995004995005,10,12,4.434,2.7063599458728,1.94687633886431,0.0719280719280719,20,2000,1000,960502
2,5,"LASSO",20,"Sepsis","HP_0100806",0,0.0479120830220514,0,-0.332937482984073,1,0,11,1.06480916719942,1.04535250332787,1.01861253865047,0.0590292313545386,0.436563436563437,19,5,3.063,1.63238654913484,0.726833969085422,0.233766233766234,8,6,4.434,1.3531799729364,0.402961716450106,0.342657342657343,20,2000,1000,960502
2,5,"ElasticNet",20,"Sepsis","HP_0100806",0,0.0479120830220514,0,-0.332937482984073,1,0,11,0.709448390337932,1.04535250332787,0.678669049989751,-1.01909359844644,0.854145854145854,19,5,3.063,1.63238654913484,0.726833969085422,0.233766233766234,9,8,4.434,1.8042399639152,0.917599923921506,0.200799200799201,20,2000,1000,960502
2,5,"mRMR",20,"Sepsis","HP_0100806",0,0.0479120830220514,0,-0.332937482984073,1,0,11,1.11218281558301,1.04535250332787,1.06393088651186,0.202755312506188,0.396603396603397,20,2,3.063,0.652954619653934,-0.3988768761682,0.659340659340659,6,8,4.434,1.8042399639152,0.917599923921506,0.200799200799201,20,2000,1000,960502
2,5,"Boruta",20,"Sepsis","HP_0100806",0,0.0479120830220514,0,-0.332937482984073,1,0,11,0.880146828285223,1.04535250332787,0.841961754990097,-0.501214600691795,0.666333666333666,17,11,3.063,3.59125040809664,2.97825565959266,0.018981018981019,9,6,3.636,1.65016501650165,0.696287728346211,0.261738261738262,19,2000,1000,960502
2,5,"RF_importance",20,"Sepsis","HP_0100806",0,0.0479120830220514,0,-0.332937482984073,1,0,11,1.340744247213,1.04535250332787,1.28257620558114,0.896183832188702,0.186813186813187,18,4,3.063,1.30590923930787,0.351597020667548,0.345654345654346,12,10,4.434,2.255299954894,1.43223813139291,0.116883116883117,20,2000,1000,960502
2,5,"GS_full_ungrouped",50,"Sepsis","HP_0100806",0,0.106726604284804,0,-0.497851394877882,1,0,11,0.980878015384223,1.02932196524936,0.952936057423588,-0.236921801821181,0.59040959040959,45,13,20.382,0.637817682268669,-0.719603547705676,0.738261738261738,18,44,26.546,1.65750018835229,1.46116874848678,0.0999000999000999,49,2000,1000,960503
2,5,"DGE",50,"Sepsis","HP_0100806",0,0.106726604284804,0,-0.497851394877882,1,0,11,1.12262273059309,1.02932196524936,1.090642936315,0.456300229400595,0.310689310689311,44,62,20.382,3.04189971543519,4.05695752484623,0.002997002997003,21,38,26.546,1.43147743539516,0.958876294555265,0.17982017982018,49,2000,1000,960503
2,5,"LASSO",50,"Sepsis","HP_0100806",0,0.106726604284804,0,-0.497851394877882,1,0,11,2.02678295984528,1.02932196524936,1.96904664261613,4.87822022654869,0.000999000999000999,47,59,20.382,2.89471101952703,3.76451501020019,0.00599400599400599,23,192,22.27,8.62146385271666,16.2667415516354,0.000999000999000999,45,2000,1000,960503
2,5,"ElasticNet",50,"Sepsis","HP_0100806",0,0.106726604284804,0,-0.497851394877882,1,0,11,1.06872059415685,1.02932196524936,1.03827629278071,0.192684415206327,0.402597402597403,45,28,20.382,1.37376116180944,0.742609025524498,0.222777222777223,19,38,27.804,1.36670982592433,0.809103448390635,0.191808191808192,50,2000,1000,960503
2,5,"mRMR",50,"Sepsis","HP_0100806",0.546348452166081,0.106726604284804,5.11914021651182,2.05071970248799,0.0589410589410589,1,11,1.32890521224748,1.02932196524936,1.29104911496331,1.46515308664617,0.0829170829170829,46,14,20.382,0.68688058090472,-0.622122709490331,0.704295704295704,18,30,23.472,1.27811860940695,0.619118607822053,0.25974025974026,46,2000,1000,960503
2,5,"Boruta",50,"Sepsis","HP_0100806",0,0.106726604284804,0,-0.497851394877882,1,0,11,0.927622277439052,1.02932196524936,0.901197398633509,-0.49737631526223,0.667332667332667,45,59,20.382,2.89471101952703,3.76451501020019,0.00599400599400599,27,28,22.27,1.25729681185451,0.549157067641967,0.280719280719281,45,2000,1000,960503
2,5,"RF_importance",50,"Sepsis","HP_0100806",0,0.106726604284804,0,-0.497851394877882,1,0,11,1.332073262502,1.02932196524936,1.29412691798459,1.48064687228192,0.0819180819180819,47,39,20.382,1.91345304680601,1.81489824589329,0.0559440559440559,25,32,25.608,1.24960949703218,0.551401940029242,0.271728271728272,48,2000,1000,960503
2,5,"GS_full_ungrouped",100,"Sepsis","HP_0100806",0,0.232330808945889,0,-0.783006826624731,1,0,11,0.933428034171246,1.02692602047113,0.908953532741348,-0.658553815325105,0.739260739260739,93,150,81.13,1.84888450634784,2.62289202885586,0.012987012987013,43,152,110.802,1.3718163932059,1.35727112471084,0.105894105894106,98,2000,1000,960504
2,5,"DGE",100,"Sepsis","HP_0100806",0,0.232330808945889,0,-0.783006826624731,1,0,11,1.19016025401657,1.02692602047113,1.15895422872872,1.14974163131421,0.11988011988012,89,212,81.13,2.61309010230494,4.98414229441508,0.000999000999000999,47,232,104.29,2.22456611372135,4.08920641709039,0.001998001998002,96,2000,1000,960504
2,5,"LASSO",100,"Sepsis","HP_0100806",0,0.232330808945889,0,-0.783006826624731,1,0,11,1.84082950873222,1.02692602047113,1.79256292277772,5.73273573808967,0.000999000999000999,95,207,81.13,2.55146061876001,4.79371888590224,0.000999000999000999,42,800,92.436,8.65463672162361,25.8349308625704,0.000999000999000999,91,2000,1000,960504
2,5,"ElasticNet",100,"Sepsis","HP_0100806",0,0.232330808945889,0,-0.783006826624731,1,0,11,1.05976225490364,1.02692602047113,1.03197526771933,0.231282280209591,0.388611388611389,90,108,81.13,1.33119684457044,1.023335397348,0.153846153846154,41,162,110.802,1.46206747170629,1.6867218564723,0.0639360639360639,98,2000,1000,960504
2,5,"mRMR",100,"Sepsis","HP_0100806",0.546348452166081,0.232330808945889,2.3515970810971,1.05830974134509,0.178821178821179,1,11,1.36841420579895,1.02692602047113,1.33253435838655,2.40527476832266,0.016983016983017,90,64,81.13,0.788857389375077,-0.65239059756499,0.731268731268731,36,128,100.45,1.27426580388253,0.925589893623538,0.184815184815185,94,2000,1000,960504
2,5,"Boruta",100,"Sepsis","HP_0100806",0,0.232330808945889,0,-0.783006826624731,1,0,11,1.23548546348667,1.02692602047113,1.20309101031432,1.46899010722478,0.0749250749250749,93,190,81.13,2.34192037470726,4.14627929695858,0.001998001998002,51,146,100.45,1.45345943255351,1.53033102194382,0.0749250749250749,94,2000,1000,960504
2,5,"RF_importance",100,"Sepsis","HP_0100806",0,0.232330808945889,0,-0.783006826624731,1,0,11,1.26599777235666,1.02692602047113,1.23280328584512,1.68390379912247,0.0609390609390609,93,153,81.13,1.88586219647479,2.73714607396356,0.012987012987013,46,176,101.912,1.72698013972839,2.51369580999696,0.018981018981019,95,2000,1000,960504
2,5,"GS_full_ungrouped",200,"Sepsis","HP_0100806",0,0.440560636462165,0,-1.04334566776704,1,0,11,1.02318681392974,1.03139566612597,0.99204102512175,-0.0835557553023274,0.52047952047952,185,410,325.928,1.2579465403402,1.17164402521668,0.132867132867133,83,570,429.924,1.3258157255701,1.76583825039062,0.048951048951049,195,2000,1000,960505
2,5,"DGE",200,"Sepsis","HP_0100806",0,0.440560636462165,0,-1.04334566776704,1,0,11,1.23672389342358,1.03139566612597,1.1990780396323,2.08998221756427,0.025974025974026,183,819,325.928,2.51282491838688,6.87154894378199,0.000999000999000999,95,956,430.116,2.22265621367259,6.43978469630295,0.000999000999000999,194,2000,1000,960505
2,5,"LASSO",200,"Sepsis","HP_0100806",0,0.440560636462165,0,-1.04334566776704,1,0,11,1.59831932595914,1.03139566612597,1.54966651349485,5.7705673660272,0.000999000999000999,188,832,325.928,2.55271102820255,7.05271951576573,0.000999000999000999,100,2074,396.08,5.23631589577863,22.3665784031301,0.000999000999000999,187,2000,1000,960505
2,5,"ElasticNet",200,"Sepsis","HP_0100806",0,0.440560636462165,0,-1.04334566776704,1,0,11,1.04413888957711,1.03139566612597,1.01235531995108,0.129709932033526,0.436563436563437,184,388,325.928,1.19044696988292,0.865047672628816,0.191808191808192,77,578,429.924,1.3444236655781,1.86668854596677,0.042957042957043,195,2000,1000,960505
2,5,"mRMR",200,"Sepsis","HP_0100806",0.546348452166081,0.440560636462165,1.24012089812069,0.250529098794547,0.365634365634366,1,11,1.31231599492733,1.03139566612597,1.27236911888192,2.85941440918486,0.003996003996004,177,298,325.928,0.914312363466778,-0.389210133412451,0.622377622377622,71,586,384.572,1.52377188146823,2.66075071920892,0.00899100899100899,184,2000,1000,960505
2,5,"Boruta",200,"Sepsis","HP_0100806",0,0.440560636462165,0,-1.04334566776704,1,0,11,1.14482414312564,1.03139566612597,1.10997571613396,1.15455874243289,0.126873126873127,186,606,325.928,1.85930634986868,3.90313880281766,0.003996003996004,94,710,417.144,1.7020501313695,3.76618210280143,0.000999000999000999,192,2000,1000,960505
2,5,"RF_importance",200,"Sepsis","HP_0100806",0,0.440560636462165,0,-1.04334566776704,1,0,11,1.25608281034558,1.03139566612597,1.21784767146013,2.28703155973608,0.014985014985015,190,483,325.928,1.48192238776662,2.1889864678946,0.021978021978022,90,818,400.896,2.04042943805875,5.39093528034498,0.000999000999000999,188,2000,1000,960505
2,5,"GS_full_ungrouped",500,"Sepsis","HP_0100806",0.546348452166081,1.12123239735926,0.487274942690605,-0.971607418724813,0.83016983016983,1,11,1.01730766341923,1.02661745312671,0.990931588315466,-0.162431460870578,0.578421578421578,469,2409,2038.134,1.1819635019091,1.46213428993594,0.0749250749250749,205,3492,2666.534,1.30956515086626,2.90735685878691,0.002997002997003,485,2000,1000,960506
2,5,"DGE",500,"Sepsis","HP_0100806",1.28908368949999,1.12123239735926,1.14970249926425,0.283684319331061,0.351648351648352,3,11,1.16361725556732,1.02661745312671,1.13344776286762,2.39028793867687,0.00999000999000999,459,3978,2038.134,1.95178530950369,7.64789599607639,0.000999000999000999,229,4998,2650.612,1.88560226845725,8.58446069957233,0.000999000999000999,484,2000,1000,960506
2,5,"LASSO",500,"Sepsis","HP_0100806",1.09185404920992,1.12123239735926,0.973798163325881,-0.0496521450119564,0.509490509490509,3,11,1.41360381353272,1.02661745312671,1.37695283596377,6.75189900446711,0.000999000999000999,474,4056,2038.134,1.99005560969004,7.95540996234724,0.000999000999000999,236,5768,2596.498,2.22145366566814,11.4352783968069,0.000999000999000999,477,2000,1000,960506
2,5,"ElasticNet",500,"Sepsis","HP_0100806",0.904416180094753,1.12123239735926,0.806626870776164,-0.36643960395042,0.604395604395604,2,11,1.33984059134795,1.02661745312671,1.30510209744367,5.46492386169167,0.000999000999000999,467,3485,2038.134,1.70989738653101,5.70425002977477,0.000999000999000999,229,5360,2596.498,2.06431894035736,9.9641793447183,0.000999000999000999,477,2000,1000,960506
2,5,"mRMR",500,"Sepsis","HP_0100806",1.638202501376,1.12123239735926,1.46107310601649,0.87372763237078,0.191808191808192,4,11,1.38570474887669,1.02661745312671,1.34977711966257,6.26513335546851,0.000999000999000999,460,3584,2038.134,1.75847122907522,6.09455621773392,0.000999000999000999,224,5628,2493.14,2.25739428993157,11.5103248653124,0.000999000999000999,469,2000,1000,960506
2,5,"Boruta",500,"Sepsis","HP_0100806",1.28013477344733,1.12123239735926,1.14172117793093,0.268559817596387,0.356643356643357,3,11,1.05391666176177,1.02661745312671,1.02659141294736,0.476299731629822,0.301698301698302,470,2929,2038.134,1.43709883648475,3.51222739840824,0.001998001998002,218,3912,2699.982,1.44889854821254,4.23253898918063,0.000999000999000999,486,2000,1000,960506
2,5,"RF_importance",500,"Sepsis","HP_0100806",0.546348452166081,1.12123239735926,0.487274942690605,-0.971607418724813,0.83016983016983,1,11,1.14517475808657,1.02661745312671,1.11548343017039,2.06851463315382,0.023976023976024,462,2823,2038.134,1.38509047982125,3.09432380321965,0.002997002997003,225,3710,2553.204,1.45307621325989,4.31790341190899,0.000999000999000999,473,2000,1000,960506
3,1,"GS_full_ungrouped",10,"Sepsis","HP_0100806",0,0.0300371077296468,0,-0.253786252660278,1,0,12,0.635784341034911,1.01798710597977,0.624550485266705,-0.839415690223266,0.792207792207792,10,1,0.742,1.34770889487871,0.236445966922811,0.446553446553447,4,8,1.1,7.27272727272727,3.93095006595767,0.015984015984016,10,2000,1000,970101
3,1,"DGE",10,"Sepsis","HP_0100806",0,0.0300371077296468,0,-0.253786252660278,1,0,12,0.933673090372567,1.01798710597977,0.917175752903029,-0.185175289395469,0.528471528471528,9,0,0.742,0,-0.680011269212113,1,2,8,1.1,7.27272727272727,3.93095006595767,0.015984015984016,10,2000,1000,970101
3,1,"LASSO",10,"Sepsis","HP_0100806",0,0.0300371077296468,0,-0.253786252660278,1,0,12,1.04828267361223,1.01798710597977,1.02976026656379,0.0665368677240655,0.427572427572428,10,1,0.742,1.34770889487871,0.236445966922811,0.446553446553447,2,6,1.1,5.45454545454545,2.79154424973806,0.030969030969031,10,2000,1000,970101
3,1,"ElasticNet",10,"Sepsis","HP_0100806",0,0.0300371077296468,0,-0.253786252660278,1,0,12,0.806254463375787,1.01798710597977,0.79200852215098,-0.465019404974368,0.64035964035964,10,1,0.742,1.34770889487871,0.236445966922811,0.446553446553447,3,4,1.1,3.63636363636364,1.65213843351844,0.10989010989011,10,2000,1000,970101
3,1,"mRMR",10,"Sepsis","HP_0100806",0,0.0300371077296468,0,-0.253786252660278,1,0,12,1.05629813631597,1.01798710597977,1.03763410175941,0.0841408878281452,0.423576423576424,10,0,0.742,0,-0.680011269212113,1,3,6,1.1,5.45454545454545,2.79154424973806,0.030969030969031,10,2000,1000,970101
3,1,"Boruta",10,"Sepsis","HP_0100806",0,0.0300371077296468,0,-0.253786252660278,1,0,12,0.860888449068048,1.01798710597977,0.845677164289309,-0.345029103972401,0.591408591408591,10,2,0.742,2.69541778975741,1.15290320305773,0.174825174825175,6,2,1.1,1.81818181818182,0.512732617298826,0.386613386613387,10,2000,1000,970101
3,1,"RF_importance",10,"Sepsis","HP_0100806",0,0.0300371077296468,0,-0.253786252660278,1,0,12,1.1465621253157,1.01798710597977,1.12630319046349,0.282383850930319,0.345654345654346,10,2,0.742,2.69541778975741,1.15290320305773,0.174825174825175,6,2,0.788,2.53807106598985,0.852532966454483,0.2997002997003,9,2000,1000,970101
3,1,"GS_full_ungrouped",20,"Sepsis","HP_0100806",0,0.044016973092958,0,-0.314150079883162,1,0,12,0.766418354578672,1.03216863354654,0.742532111197037,-0.788752615808519,0.772227772227772,18,8,3.158,2.53324889170361,1.71782276630967,0.0799200799200799,8,22,4.586,4.79720889664195,4.46134019079791,0.003996003996004,20,2000,1000,970102
3,1,"DGE",20,"Sepsis","HP_0100806",0,0.044016973092958,0,-0.314150079883162,1,0,12,1.55354804723845,1.03216863354654,1.50513006958994,1.54746545507083,0.0779220779220779,19,5,3.158,1.58328055731476,0.653496393131437,0.24975024975025,8,44,4.586,9.5944177932839,10.0975802388945,0.000999000999000999,20,2000,1000,970102
3,1,"LASSO",20,"Sepsis","HP_0100806",0,0.044016973092958,0,-0.314150079883162,1,0,12,0.953373233383408,1.03216863354654,0.923660342310163,-0.233866463785962,0.562437562437562,19,4,3.158,1.26662444585181,0.298720935405358,0.345654345654346,5,20,3.932,5.08646998982706,4.51518641682288,0.00699300699300699,19,2000,1000,970102
3,1,"ElasticNet",20,"Sepsis","HP_0100806",0,0.044016973092958,0,-0.314150079883162,1,0,12,1.04627359957438,1.03216863354654,1.01366536975588,0.0418638463656788,0.444555444555445,19,2,3.158,0.633312222925903,-0.410829980046799,0.671328671328671,4,16,3.932,4.06917599186165,3.39116689558243,0.014985014985015,19,2000,1000,970102
3,1,"mRMR",20,"Sepsis","HP_0100806",0,0.044016973092958,0,-0.314150079883162,1,0,12,1.11465182231465,1.03216863354654,1.07991251243966,0.244811900682686,0.376623376623377,19,1,3.158,0.316656111462951,-0.765605437772877,0.875124875124875,4,14,3.634,3.85250412768299,3.05390453363428,0.020979020979021,18,2000,1000,970102
3,1,"Boruta",20,"Sepsis","HP_0100806",0,0.044016973092958,0,-0.314150079883162,1,0,12,0.818969465962933,1.03216863354654,0.793445411288026,-0.632779772698192,0.713286713286713,20,6,3.158,1.89993666877771,1.00827185085752,0.161838161838162,10,6,3.932,1.52594099694812,0.581118092481312,0.286713286713287,19,2000,1000,970102
3,1,"RF_importance",20,"Sepsis","HP_0100806",0,0.044016973092958,0,-0.314150079883162,1,0,12,0.928266074142553,1.03216863354654,0.89933567439753,-0.308385059226984,0.58041958041958,20,5,3.158,1.58328055731476,0.653496393131437,0.24975024975025,10,8,3.932,2.03458799593082,1.14312785310154,0.160839160839161,19,2000,1000,970102
3,1,"GS_full_ungrouped",50,"Sepsis","HP_0100806",0,0.133131915668534,0,-0.54129325491048,1,0,12,0.95389902021483,1.03030448799715,0.925841856778817,-0.367268674095732,0.632367632367632,47,27,21.678,1.24550235261555,0.49183539857179,0.275724275724276,18,64,27.274,2.34655716066584,2.93245719574877,0.016983016983017,49,2000,1000,970103
3,1,"DGE",50,"Sepsis","HP_0100806",0.378446223009232,0.133131915668534,2.84264085819564,0.997409067763759,0.14985014985015,1,12,1.20601167423607,1.03030448799715,1.17053908653789,0.844595906446264,0.202797202797203,48,44,21.678,2.02970753759572,2.06289924218705,0.034965034965035,22,150,27.92,5.37249283667622,10.3059481859199,0.000999000999000999,50,2000,1000,970103
3,1,"LASSO",50,"Sepsis","HP_0100806",0,0.133131915668534,0,-0.54129325491048,1,0,12,2.24750057145479,1.03030448799715,2.18139452718855,5.85086388005138,0.000999000999000999,47,59,21.678,2.7216532890488,3.44913204537699,0.00899100899100899,19,230,21.732,10.5834713786122,19.7658583039243,0.000999000999000999,44,2000,1000,970103
3,1,"ElasticNet",50,"Sepsis","HP_0100806",0,0.133131915668534,0,-0.54129325491048,1,0,12,2.27630534283993,1.03030448799715,2.20935205986041,5.9893237377201,0.000999000999000999,47,58,21.678,2.67552357228527,3.35671652516433,0.00999000999000999,17,256,20.526,12.4719867485141,23.515018646751,0.000999000999000999,43,2000,1000,970103
3,1,"mRMR",50,"Sepsis","HP_0100806",0,0.133131915668534,0,-0.54129325491048,1,0,12,1.14035445556716,1.03030448799715,1.10681305269662,0.528992320142146,0.278721278721279,47,9,21.678,0.415167450871852,-1.17164396525614,0.93006993006993,14,46,23.198,1.98292956289335,2.09953246236334,0.03996003996004,46,2000,1000,970103
3,1,"Boruta",50,"Sepsis","HP_0100806",0,0.133131915668534,0,-0.54129325491048,1,0,12,1.12050720841023,1.03030448799715,1.0875495753575,0.433589826585766,0.306693306693307,48,48,21.678,2.21422640464987,2.4325613230377,0.028971028971029,24,62,26.258,2.36118516261711,2.94822717549459,0.010989010989011,48,2000,1000,970103
3,1,"RF_importance",50,"Sepsis","HP_0100806",0,0.133131915668534,0,-0.54129325491048,1,0,12,1.07507176188508,1.03030448799715,1.0434505278871,0.215189014620552,0.384615384615385,48,29,21.678,1.33776178614263,0.676666438997115,0.214785214785215,22,42,23.198,1.81050090525045,1.73122574148564,0.0739260739260739,46,2000,1000,970103
3,1,"GS_full_ungrouped",100,"Sepsis","HP_0100806",0,0.261010355174689,0,-0.787199819080299,1,0,12,0.925179867882869,1.02315132535689,0.904245388686909,-0.660578070909371,0.735264735264735,94,105,83.975,1.25037213456386,0.791162720335898,0.208791208791209,43,198,105.816,1.87117260149694,2.95351677609919,0.011988011988012,97,2000,1000,970104
3,1,"DGE",100,"Sepsis","HP_0100806",0.378446223009232,0.261010355174689,1.44992800287922,0.354183242465682,0.294705294705295,1,12,1.1839506227157,1.02315132535689,1.1571608161703,1.08419832052646,0.150849150849151,92,128,83.975,1.52426317356356,1.65664393639895,0.0599400599400599,42,334,110.79,3.01471251918043,7.26929296225871,0.000999000999000999,99,2000,1000,970104
3,1,"LASSO",100,"Sepsis","HP_0100806",0,0.261010355174689,0,-0.787199819080299,1,0,12,1.80389196948308,1.02315132535689,1.76307445905311,5.26418777340498,0.000999000999000999,95,219,83.975,2.6079190235189,5.08093918256146,0.000999000999000999,42,844,91.414,9.23272146498348,27.1922754970867,0.000999000999000999,90,2000,1000,970104
3,1,"ElasticNet",100,"Sepsis","HP_0100806",0,0.261010355174689,0,-0.787199819080299,1,0,12,1.81365278135064,1.02315132535689,1.77261440844834,5.33000059726434,0.000999000999000999,95,243,83.975,2.89371836856207,5.9840500167142,0.000999000999000999,43,846,91.414,9.25459995186733,27.2645390669567,0.000999000999000999,90,2000,1000,970104
3,1,"mRMR",100,"Sepsis","HP_0100806",0.546348452166081,0.261010355174689,2.09320604081176,0.860571597544506,0.213786213786214,1,12,1.54536931929349,1.02315132535689,1.51040152223274,3.52108424150237,0.000999000999000999,93,71,83.975,0.845489729086038,-0.488244294713829,0.672327672327672,32,186,95.932,1.93887336863612,3.20152098962382,0.00699300699300699,92,2000,1000,970104
3,1,"Boruta",100,"Sepsis","HP_0100806",0.901688550438095,0.261010355174689,3.45460834239551,1.93226724304674,0.0629370629370629,2,12,0.907941176332729,1.02315132535689,0.887396765103173,-0.776810919769583,0.769230769230769,94,182,83.975,2.16731169991069,3.68864331324263,0.000999000999000999,52,254,102.378,2.48100177772568,5.27911396929866,0.000999000999000999,96,2000,1000,970104
3,1,"RF_importance",100,"Sepsis","HP_0100806",0,0.261010355174689,0,-0.787199819080299,1,0,12,1.07535570565664,1.02315132535689,1.05102312727938,0.351990974928297,0.35964035964036,96,139,83.975,1.65525454004168,2.07056973538563,0.035964035964036,49,232,102.53,2.26275236516142,4.43228158880214,0.000999000999000999,95,2000,1000,970104
3,1,"GS_full_ungrouped",200,"Sepsis","HP_0100806",0,0.523667739309475,0,-1.14219983689551,1,0,12,1.09097391598702,1.03109323100012,1.05807494723714,0.580978407936913,0.281718281718282,188,343,335.71,1.02171517083197,0.10078882007071,0.427572427572428,77,514,423.488,1.2137297869125,1.18099706149557,0.12987012987013,193,2000,1000,970105
3,1,"DGE",200,"Sepsis","HP_0100806",0.924794675175314,0.523667739309475,1.7659951258307,0.874919507786575,0.177822177822178,2,12,1.05276542134707,1.03109323100012,1.02101865252857,0.210269382306381,0.414585414585415,182,506,335.71,1.50725328408448,2.35436600409343,0.016983016983017,86,1000,429.24,2.32969900288883,7.28625068402147,0.000999000999000999,194,2000,1000,970105
3,1,"LASSO",200,"Sepsis","HP_0100806",0.358067727928672,0.523667739309475,0.683768926458657,-0.361199080620212,0.608391608391608,1,12,1.63992452134773,1.03109323100012,1.59047161987192,5.90704387977014,0.000999000999000999,189,817,335.71,2.43364808912454,6.6541359687012,0.000999000999000999,94,2002,393.814,5.08361815476342,22.6649802746501,0.000999000999000999,186,2000,1000,970105
3,1,"ElasticNet",200,"Sepsis","HP_0100806",0.358067727928672,0.523667739309475,0.683768926458657,-0.361199080620212,0.608391608391608,1,12,1.63403797671958,1.03109323100012,1.58476258750591,5.84993105069909,0.000999000999000999,189,833,335.71,2.48130827202049,6.87534599903472,0.000999000999000999,93,2034,393.814,5.16487478860579,23.1159724912151,0.000999000999000999,186,2000,1000,970105
3,1,"mRMR",200,"Sepsis","HP_0100806",0.546348452166081,0.523667739309475,1.04331126619813,0.049470121187243,0.451548451548452,1,12,1.29922332315296,1.03109323100012,1.26004446939562,2.60146980771853,0.004995004995005,182,298,335.71,0.887670906437104,-0.521364390242312,0.684315684315684,73,494,401.95,1.22900858315711,1.23838719215755,0.118881118881119,188,2000,1000,970105
3,1,"Boruta",200,"Sepsis","HP_0100806",0.901688550438095,0.523667739309475,1.72187148978681,0.824521497894006,0.205794205794206,2,12,1.00395088242778,1.03109323100012,0.973676145128011,-0.263342319224876,0.597402597402597,186,513,335.71,1.52810461410146,2.45114539236435,0.013986013986014,93,742,429.24,1.72863666014351,3.99265499322755,0.000999000999000999,194,2000,1000,970105
3,1,"RF_importance",200,"Sepsis","HP_0100806",0.713407826200685,0.523667739309475,1.36232915004733,0.413852296086551,0.311688311688312,2,12,1.10617483476377,1.03109323100012,1.07281747324713,0.728461784121159,0.231768231768232,186,507,335.71,1.51023204551547,2.36819163098928,0.016983016983017,93,798,417.808,1.90996821506529,4.78304941297405,0.000999000999000999,191,2000,1000,970105
3,1,"GS_full_ungrouped",500,"Sepsis","HP_0100806",1.43171547556816,1.28467082275627,1.1144609577856,0.214995059622938,0.403596403596404,3,12,1.06193932793187,1.0335893815993,1.02742863543035,0.500774024544378,0.295704295704296,474,2162,2099.801,1.02962137840681,0.231857583221921,0.3996003996004,195,2862,2613.536,1.095068137573,0.925366237748459,0.175824175824176,478,2000,1000,970106
3,1,"DGE",500,"Sepsis","HP_0100806",0.924794675175314,1.28467082275627,0.719868980281783,-0.526177540811479,0.662337662337662,2,12,1.10669223710856,1.0335893815993,1.07072717348948,1.2912903160244,0.0939060939060939,461,2747,2099.801,1.30821920743918,2.41254676126053,0.010989010989011,220,4534,2613.536,1.73481444296157,7.15247499199625,0.000999000999000999,478,2000,1000,970106
3,1,"LASSO",500,"Sepsis","HP_0100806",1.09185404920992,1.28467082275627,0.849909587630658,-0.281918811273814,0.583416583416583,3,12,1.40569132713255,1.0335893815993,1.36000945071386,6.57281628048115,0.000999000999000999,474,4117,2099.801,1.96066198654063,7.51945987906037,0.000999000999000999,235,5902,2584.944,2.28322160944299,12.4515289211994,0.000999000999000999,476,2000,1000,970106
3,1,"ElasticNet",500,"Sepsis","HP_0100806",1.09185404920992,1.28467082275627,0.849909587630658,-0.281918811273814,0.583416583416583,3,12,1.40617491888767,1.0335893815993,1.36047732680056,6.58135845500972,0.000999000999000999,474,4132,2099.801,1.96780552061838,7.57537498618956,0.000999000999000999,235,5826,2584.944,2.25382058566839,12.1662409435435,0.000999000999000999,476,2000,1000,970106
3,1,"mRMR",500,"Sepsis","HP_0100806",1.638202501376,1.28467082275627,1.27519242467205,0.51690124645796,0.297702297702298,4,12,1.40670346481356,1.0335893815993,1.36098869614637,6.59069470091874,0.000999000999000999,465,3500,2099.801,1.66682461814239,5.21948513914614,0.000999000999000999,226,5434,2508.156,2.16653190630886,11.1388326019773,0.000999000999000999,470,2000,1000,970106
3,1,"Boruta",500,"Sepsis","HP_0100806",1.26597756476277,1.28467082275627,0.985448989996213,-0.0273315488867218,0.488511488511489,3,12,0.985000811137425,1.0335893815993,0.9529904512112,-0.858269489882606,0.812187812187812,462,2445,2099.801,1.16439605467375,1.2867892710594,0.102897102897103,215,2928,2606.476,1.12335582602717,1.22586085055543,0.112887112887113,479,2000,1000,970106
3,1,"RF_importance",500,"Sepsis","HP_0100806",1.99069955388861,1.28467082275627,1.54957948653146,1.03228975853671,0.150849150849151,5,12,1.07235908774648,1.0335893815993,1.03750977596847,0.684828872336209,0.242757242757243,464,2768,2099.801,1.31822015514804,2.49082791124141,0.00799200799200799,226,4104,2584.944,1.5876552838282,5.70221597613108,0.000999000999000999,476,2000,1000,970106
3,2,"GS_full_ungrouped",10,"Sepsis","HP_0100806",0,0.021422074865973,0,-0.212670057205898,1,0,12,0.522799982711238,1.04353722146849,0.500988342299417,-1.15527193793782,0.89010989010989,10,0,0.749,0,-0.675562532749797,1,3,0,0.98,0,-0.633380294207056,1,10,2000,1000,970201
3,2,"DGE",10,"Sepsis","HP_0100806",0,0.021422074865973,0,-0.212670057205898,1,0,12,1.43424638451099,1.04353722146849,1.37440845904153,0.866800563438452,0.194805194805195,10,7,0.749,9.34579439252336,5.63810599762213,0.001998001998002,6,2,0.98,2.04081632653061,0.659232551113466,0.363636363636364,10,2000,1000,970201
3,2,"LASSO",10,"Sepsis","HP_0100806",0,0.021422074865973,0,-0.212670057205898,1,0,12,1.39874988281435,1.04353722146849,1.3403929002609,0.788050458293386,0.20979020979021,10,1,0.749,1.33511348464619,0.226390114446193,0.463536463536464,5,10,0.98,10.2040816326531,5.82968393239555,0.003996003996004,10,2000,1000,970201
3,2,"ElasticNet",10,"Sepsis","HP_0100806",0,0.021422074865973,0,-0.212670057205898,1,0,12,0.74221419540839,1.04353722146849,0.711248415618496,-0.668494607937987,0.708291708291708,10,1,0.749,1.33511348464619,0.226390114446193,0.463536463536464,3,4,0.98,4.08163265306122,1.95184539643399,0.0929070929070929,10,2000,1000,970201
3,2,"mRMR",10,"Sepsis","HP_0100806",0,0.021422074865973,0,-0.212670057205898,1,0,12,1.03188810876504,1.04353722146849,0.98883689775142,-0.025843922820442,0.46953046953047,10,0,0.749,0,-0.675562532749797,1,3,0,0.98,0,-0.633380294207056,1,10,2000,1000,970201
3,2,"Boruta",10,"Sepsis","HP_0100806",0,0.021422074865973,0,-0.212670057205898,1,0,12,0.804827605744499,1.04353722146849,0.771249543559096,-0.529584788328154,0.651348651348651,9,7,0.749,9.34579439252336,5.63810599762213,0.001998001998002,7,2,0.816,2.45098039215686,0.876684037026011,0.321678321678322,9,2000,1000,970201
3,2,"RF_importance",10,"Sepsis","HP_0100806",0,0.021422074865973,0,-0.212670057205898,1,0,12,0.52717547897473,1.04353722146849,0.505181289300708,-1.14556476189674,0.888111888111888,9,3,0.749,4.00534045393858,2.03029540883817,0.0779220779220779,5,2,0.816,2.45098039215686,0.876684037026011,0.321678321678322,9,2000,1000,970201
3,2,"GS_full_ungrouped",20,"Sepsis","HP_0100806",0,0.0474630365453515,0,-0.332608806810683,1,0,12,0.630902919740415,1.03542892155924,0.609315527704542,-1.23963271446109,0.9000999000999,19,2,3.067,0.6521030322791,-0.388783676956193,0.658341658341658,5,8,4.498,1.77856825255669,0.869107533562262,0.220779220779221,20,2000,1000,970202
3,2,"DGE",20,"Sepsis","HP_0100806",0,0.0474630365453515,0,-0.332608806810683,1,0,12,1.30446452595479,1.03542892155924,1.25983010402144,0.824434857250286,0.1998001998002,19,22,3.067,7.1731333550701,6.89863294827704,0.000999000999000999,9,6,4.104,1.46198830409357,0.519608116704244,0.31968031968032,19,2000,1000,970202
3,2,"LASSO",20,"Sepsis","HP_0100806",0,0.0474630365453515,0,-0.332608806810683,1,0,12,2.23031060015057,1.03542892155924,2.15399681592046,3.66160496984658,0.001998001998002,19,15,3.067,4.89077274209325,4.34803712944541,0.00599400599400599,10,56,3.144,17.8117048346056,17.5212426121984,0.000999000999000999,17,2000,1000,970202
3,2,"ElasticNet",20,"Sepsis","HP_0100806",0,0.0474630365453515,0,-0.332608806810683,1,0,12,0.722666459719888,1.03542892155924,0.697939225641516,-0.958431788829965,0.817182817182817,19,3,3.067,0.97815454841865,-0.0244128456945314,0.477522477522478,6,12,4.498,2.66785237883504,1.86180602992121,0.0649350649350649,20,2000,1000,970202
3,2,"mRMR",20,"Sepsis","HP_0100806",0,0.0474630365453515,0,-0.332608806810683,1,0,12,1.55022295750584,1.03542892155924,1.49717950235673,1.5775389599175,0.0699300699300699,20,0,3.067,0,-1.11752533947952,1,4,10,3.658,2.73373428102788,1.82025255113732,0.0719280719280719,18,2000,1000,970202
3,2,"Boruta",20,"Sepsis","HP_0100806",0,0.0474630365453515,0,-0.332608806810683,1,0,12,0.750269653422019,1.03542892155924,0.724597930191282,-0.873844341341008,0.794205794205794,18,11,3.067,3.58656667753505,2.89055380439876,0.020979020979021,10,8,3.658,2.18698742482231,1.24622147225453,0.143856143856144,18,2000,1000,970202
3,2,"RF_importance",20,"Sepsis","HP_0100806",0,0.0474630365453515,0,-0.332608806810683,1,0,12,0.77985244233475,1.03542892155924,0.753168494811191,-0.783190606460344,0.766233766233766,18,3,3.067,0.97815454841865,-0.0244128456945314,0.477522477522478,7,4,3.144,1.27226463104326,0.283755556153357,0.424575424575425,17,2000,1000,970202
3,2,"GS_full_ungrouped",50,"Sepsis","HP_0100806",0,0.132555693569106,0,-0.538719001155529,1,0,12,0.915246610526859,1.02998335916234,0.888603298669995,-0.538095191300503,0.693306693306693,47,34,19.982,1.70153137824042,1.37141580156047,0.101898101898102,20,36,28.538,1.2614759268344,0.574770670079964,0.244755244755245,50,2000,1000,970203
3,2,"DGE",50,"Sepsis","HP_0100806",0,0.132555693569106,0,-0.538719001155529,1,0,12,1.08000037782664,1.02998335916234,1.04856099685434,0.234571029304247,0.381618381618382,44,115,19.982,5.75517966169553,9.29584724159455,0.000999000999000999,27,94,27.672,3.39693553050014,5.51896822487237,0.000999000999000999,49,2000,1000,970203
3,2,"LASSO",50,"Sepsis","HP_0100806",0,0.132555693569106,0,-0.538719001155529,1,0,12,2.28489917309613,1.02998335916234,2.2183845523042,5.88533467259068,0.000999000999000999,48,67,19.982,3.35301771594435,4.5998878697225,0.002997002997003,20,276,22.242,12.4089560291341,24.2275899824234,0.000999000999000999,44,2000,1000,970203
3,2,"ElasticNet",50,"Sepsis","HP_0100806",0,0.132555693569106,0,-0.538719001155529,1,0,12,2.12091792452995,1.02998335916234,2.05917688442543,5.11629142911128,0.000999000999000999,47,39,19.982,1.95175658092283,1.86057823613047,0.0529470529470529,20,168,24.068,6.98022270234336,12.3292161506177,0.000999000999000999,46,2000,1000,970203
3,2,"mRMR",50,"Sepsis","HP_0100806",0,0.132555693569106,0,-0.538719001155529,1,0,12,1.17943319087222,1.02998335916234,1.14509926823616,0.700893451663339,0.22977022977023,48,22,19.982,1.10099089180262,0.197425958592454,0.37962037962038,18,34,25.072,1.35609444798979,0.755724967886764,0.207792207792208,47,2000,1000,970203
3,2,"Boruta",50,"Sepsis","HP_0100806",0,0.132555693569106,0,-0.538719001155529,1,0,12,1.16514609826893,1.02998335916234,1.13122808043861,0.633889497664973,0.254745254745255,47,49,19.982,2.45220698628766,2.83890310527048,0.014985014985015,25,42,25.072,1.67517549457562,1.43289787817956,0.0959040959040959,47,2000,1000,970203
3,2,"RF_importance",50,"Sepsis","HP_0100806",0,0.132555693569106,0,-0.538719001155529,1,0,12,1.11803231921741,1.02998335916234,1.08548580835974,0.412934152031486,0.322677322677323,45,36,19.982,1.80162145931338,1.56708077538847,0.0769230769230769,23,56,25.072,2.23356732610083,2.61795047119196,0.022977022977023,47,2000,1000,970203
3,2,"GS_full_ungrouped",100,"Sepsis","HP_0100806",0,0.250546409518378,0,-0.751093784687536,1,0,12,1.01883047563266,1.03213478969453,0.987109906385573,-0.0912676207514167,0.528471528471528,94,114,81.23,1.40342238089376,1.2151444185986,0.125874125874126,42,104,110.53,0.940921016918484,-0.20530868970311,0.555444555444555,98,2000,1000,970204
3,2,"DGE",100,"Sepsis","HP_0100806",0.378446223009232,0.250546409518378,1.5104835217424,0.383421000366118,0.261738261738262,1,12,1.05449258168792,1.03213478969453,1.02166169788735,0.153374497249704,0.433566433566434,92,274,81.23,3.37313800320079,7.14810465588198,0.000999000999000999,44,294,110.53,2.65991133628879,5.76845104132152,0.000999000999000999,98,2000,1000,970204
3,2,"LASSO",100,"Sepsis","HP_0100806",0,0.250546409518378,0,-0.751093784687536,1,0,12,1.91824853632386,1.03213478969453,1.85852521926092,6.07874205268241,0.000999000999000999,95,280,81.23,3.4470023390373,7.3705906647801,0.000999000999000999,48,888,91.926,9.65994386789374,27.4777979163968,0.000999000999000999,90,2000,1000,970204
3,2,"ElasticNet",100,"Sepsis","HP_0100806",0,0.250546409518378,0,-0.751093784687536,1,0,12,1.75972891092828,1.03213478969453,1.70494099074897,4.99129710926175,0.000999000999000999,95,186,81.23,2.28979441093192,3.88497652537612,0.002997002997003,42,720,95.734,7.52083899137193,22.3910591345264,0.000999000999000999,91,2000,1000,970204
3,2,"mRMR",100,"Sepsis","HP_0100806",0,0.250546409518378,0,-0.751093784687536,1,0,12,1.39996704609829,1.03213478969453,1.35638005818273,2.52333000570178,0.00899100899100899,92,62,81.23,0.763264803643974,-0.713067658518495,0.746253746253746,36,92,98.522,0.933801587462699,-0.222626565738213,0.563436563436563,93,2000,1000,970204
3,2,"Boruta",100,"Sepsis","HP_0100806",0,0.250546409518378,0,-0.751093784687536,1,0,12,1.21660506835255,1.03213478969453,1.17872692646336,1.26546647607487,0.0979020979020979,95,174,81.23,2.14206573925889,3.44000450757987,0.004995004995005,48,130,106.636,1.21910049139127,0.777287053403207,0.211788211788212,96,2000,1000,970204
3,2,"RF_importance",100,"Sepsis","HP_0100806",0,0.250546409518378,0,-0.751093784687536,1,0,12,1.10400016846328,1.03213478969453,1.06962790081905,0.49299664034694,0.304695304695305,94,147,81.23,1.80967622799458,2.4388174675383,0.015984015984016,48,216,107.968,2.00059276822762,3.3751307792569,0.00599400599400599,97,2000,1000,970204
3,2,"GS_full_ungrouped",200,"Sepsis","HP_0100806",0,0.531137976050543,0,-1.12190572529735,1,0,12,1.06542209610013,1.02977615550103,1.03461523206639,0.352335492792197,0.362637362637363,186,393,329.444,1.1929189786428,0.887887410670493,0.190809190809191,80,446,441.188,1.01090691496596,0.0603948650324835,0.464535464535465,196,2000,1000,970205
3,2,"DGE",200,"Sepsis","HP_0100806",0.378446223009232,0.531137976050543,0.712519608978627,-0.322525896597599,0.536463536463537,1,12,1.06611694828892,1.02977615550103,1.03528999248405,0.359203626561129,0.358641358641359,186,893,329.444,2.71062760287029,7.87296679476085,0.000999000999000999,99,890,441.188,2.01728061506659,5.632988396708,0.000999000999000999,196,2000,1000,970205
3,2,"LASSO",200,"Sepsis","HP_0100806",0.358067727928672,0.531137976050543,0.674151998302223,-0.365570738681437,0.611388611388611,1,12,1.644570005169,1.02977615550103,1.59701697925686,6.07681240409829,0.000999000999000999,188,941,329.444,2.85632763079613,8.54353441563353,0.000999000999000999,100,2040,399.518,5.10615291426169,21.3122941816003,0.000999000999000999,186,2000,1000,970205
3,2,"ElasticNet",200,"Sepsis","HP_0100806",0,0.531137976050543,0,-1.12190572529735,1,0,12,1.61029211723816,1.02977615550103,1.5637302423794,5.73799916665793,0.000999000999000999,189,799,329.444,2.42529838151552,6.55977187055186,0.000999000999000999,95,1986,407.43,4.87445696193211,20.4490637115371,0.000999000999000999,187,2000,1000,970205
3,2,"mRMR",200,"Sepsis","HP_0100806",0.378446223009232,0.531137976050543,0.712519608978627,-0.322525896597599,0.536463536463537,1,12,1.24463269648221,1.02977615550103,1.20864392696745,2.12370844965549,0.017982017982018,178,262,329.444,0.795279319095203,-0.94220338796118,0.82017982017982,73,462,407.43,1.13393711803255,0.706909042195519,0.21978021978022,187,2000,1000,970205
3,2,"Boruta",200,"Sepsis","HP_0100806",0,0.531137976050543,0,-1.12190572529735,1,0,12,1.15414994049712,1.02977615550103,1.1207774955088,1.22934892698924,0.114885114885115,189,552,329.444,1.67555032114714,3.10914265481123,0.002997002997003,95,622,435.73,1.42748950037867,2.26450098229858,0.026973026973027,194,2000,1000,970205
3,2,"RF_importance",200,"Sepsis","HP_0100806",0.736513950937904,0.531137976050543,1.38667160728085,0.433809090018314,0.27972027972028,2,12,1.2006933121373,1.02977615550103,1.16597505751443,1.68939799589967,0.0549450549450549,186,488,329.444,1.48128361724603,2.21505249364766,0.023976023976024,90,704,418.908,1.68055993201371,3.69496270637096,0.002997002997003,191,2000,1000,970205
3,2,"GS_full_ungrouped",500,"Sepsis","HP_0100806",0.879145737006079,1.30529345256589,0.673523440478377,-0.627075533859998,0.726273726273726,2,12,0.948905296053126,1.03691105635556,0.91512699207611,-1.53999478504014,0.941058941058941,469,2239,2068.636,1.08235571652045,0.633195335332402,0.263736263736264,198,2624,2667.374,0.983739063213483,-0.155943402988,0.548451548451548,479,2000,1000,970206
3,2,"DGE",500,"Sepsis","HP_0100806",1.28908368949999,1.30529345256589,0.987581518137519,-0.0238526347957613,0.48051948051948,3,12,1.08377331172834,1.03691105635556,1.04519409363566,0.820033014217463,0.204795204795205,462,3898,2068.636,1.88433344483998,6.79923429495095,0.000999000999000999,224,4266,2730.118,1.56256982298934,5.56544143619694,0.000999000999000999,485,2000,1000,970206
3,2,"LASSO",500,"Sepsis","HP_0100806",1.09185404920992,1.30529345256589,0.836481671660573,-0.314075666533571,0.596403596403596,3,12,1.39713877355919,1.03691105635556,1.3474046447819,6.3035510859072,0.000999000999000999,475,4130,2068.636,1.99648464012035,7.66151340202239,0.000999000999000999,236,5726,2635.578,2.17257846286469,11.3732369982808,0.000999000999000999,477,2000,1000,970206
3,2,"ElasticNet",500,"Sepsis","HP_0100806",1.09185404920992,1.30529345256589,0.836481671660573,-0.314075666533571,0.596403596403596,3,12,1.3858522078298,1.03691105635556,1.33651984838571,6.10604978253192,0.000999000999000999,475,3908,2068.636,1.88916754808482,6.83640149784196,0.000999000999000999,233,5578,2635.578,2.11642379774,10.828573817736,0.000999000999000999,477,2000,1000,970206
3,2,"mRMR",500,"Sepsis","HP_0100806",1.09185404920992,1.30529345256589,0.836481671660573,-0.314075666533571,0.596403596403596,3,12,1.37296098805442,1.03691105635556,1.32408751902017,5.88046896647312,0.000999000999000999,461,3402,2068.636,1.64456192389575,4.95574103155686,0.000999000999000999,225,5032,2549.038,1.97407806395982,9.51124141183199,0.000999000999000999,470,2000,1000,970206
3,2,"Boruta",500,"Sepsis","HP_0100806",0.378446223009232,1.30529345256589,0.289931909384283,-1.36385389398932,0.906093906093906,1,12,1.07915708830251,1.03691105635556,1.04074219450937,0.739254665414777,0.231768231768232,463,2666,2068.636,1.28877192507527,2.22023489877853,0.018981018981019,215,3136,2677.15,1.1713949535887,1.67059785824559,0.0589410589410589,483,2000,1000,970206
3,2,"RF_importance",500,"Sepsis","HP_0100806",1.638202501376,1.30529345256589,1.25504536788696,0.489875017246504,0.285714285714286,4,12,1.19126139498398,1.03691105635556,1.14885590975461,2.70094498064768,0.003996003996004,469,2575,2068.636,1.24478158554719,1.88201335247034,0.033966033966034,216,3804,2635.578,1.44332666306973,4.29997596444926,0.000999000999000999,477,2000,1000,970206
3,3,"GS_full_ungrouped",10,"Sepsis","HP_0100806",0,0.0188699474061819,0,-0.221378962855791,1,0,11,1.53573277255433,1.01588405517301,1.51172052040209,1.14110046311296,0.133866133866134,9,4,0.667,5.99700149925038,3.2951032437822,0.021978021978022,6,0,0.946,0,-0.634441215810546,1,10,2000,1000,970301
3,3,"DGE",10,"Sepsis","HP_0100806",0,0.0188699474061819,0,-0.221378962855791,1,0,11,1.11170748315862,1.01588405517301,1.09432516190963,0.210338420381721,0.371628371628372,10,10,0.667,14.9925037481259,9.22688226049183,0.000999000999000999,7,0,0.772,0,-0.543981749517388,1,9,2000,1000,970301
3,3,"LASSO",10,"Sepsis","HP_0100806",0,0.0188699474061819,0,-0.221378962855791,1,0,11,1.36533879693526,1.01588405517301,1.34399077333952,0.767075024577625,0.193806193806194,10,3,0.667,4.49775112443778,2.30647340766393,0.0539460539460539,4,6,0.946,6.34249471458774,3.38949884218446,0.023976023976024,10,2000,1000,970301
3,3,"ElasticNet",10,"Sepsis","HP_0100806",0,0.0188699474061819,0,-0.221378962855791,1,0,11,0.616688517087558,1.01588405517301,0.607046162352193,-0.876259184934762,0.791208791208791,9,0,0.667,0,-0.659416100690887,1,4,0,0.946,0,-0.634441215810546,1,10,2000,1000,970301
3,3,"mRMR",10,"Sepsis","HP_0100806",0,0.0188699474061819,0,-0.221378962855791,1,0,11,1.14568209777531,1.01588405517301,1.12776855974986,0.284914825356772,0.353646353646354,10,0,0.667,0,-0.659416100690887,1,4,0,0.772,0,-0.543981749517388,1,9,2000,1000,970301
3,3,"Boruta",10,"Sepsis","HP_0100806",0,0.0188699474061819,0,-0.221378962855791,1,0,11,0.672119184923608,1.01588405517301,0.661610133066951,-0.754585400574954,0.754245754245754,10,3,0.667,4.49775112443778,2.30647340766393,0.0539460539460539,5,2,0.946,2.11416490486258,0.706872136854456,0.353646353646354,10,2000,1000,970301
3,3,"RF_importance",10,"Sepsis","HP_0100806",0,0.0188699474061819,0,-0.221378962855791,1,0,11,0.81906110055862,1.01588405517301,0.806254509447075,-0.432038701168895,0.632367632367632,9,5,0.667,7.49625187406297,4.28373307990047,0.012987012987013,5,2,0.946,2.11416490486258,0.706872136854456,0.353646353646354,10,2000,1000,970301
3,3,"GS_full_ungrouped",20,"Sepsis","HP_0100806",0,0.0488341943168679,0,-0.348406350303522,1,0,11,1.20577548453796,1.0252827787148,1.17604187797772,0.57920238372342,0.25974025974026,19,10,3.078,3.24886289798571,2.50010955523899,0.036963036963037,9,8,4.126,1.93892389723703,1.00418625658256,0.175824175824176,20,2000,1000,970302
3,3,"DGE",20,"Sepsis","HP_0100806",0,0.0488341943168679,0,-0.348406350303522,1,0,11,1.01684433321027,1.0252827787148,0.991769640844734,-0.0270790319689365,0.47952047952048,19,12,3.078,3.89863547758285,3.22247579483419,0.016983016983017,10,2,3.856,0.518672199170125,-0.55601751763478,0.807192807192807,19,2000,1000,970302
3,3,"LASSO",20,"Sepsis","HP_0100806",0,0.0488341943168679,0,-0.348406350303522,1,0,11,2.19443808358788,1.0252827787148,2.14032472713394,3.75182773418462,0.000999000999000999,19,25,3.078,8.12215724496427,7.91785635220298,0.000999000999000999,11,56,3.47,16.1383285302594,16.4306172999573,0.000999000999000999,18,2000,1000,970302
3,3,"ElasticNet",20,"Sepsis","HP_0100806",0,0.0488341943168679,0,-0.348406350303522,1,0,11,0.685979487281266,1.0252827787148,0.669063697862112,-1.08882668863112,0.86013986013986,18,4,3.078,1.29954515919428,0.333010836453388,0.344655344655345,9,0,3.856,0,-1.15517432543088,1,19,2000,1000,970302
3,3,"mRMR",20,"Sepsis","HP_0100806",0,0.0488341943168679,0,-0.348406350303522,1,0,11,1.1801357740227,1.0252827787148,1.15103442535337,0.496924369325605,0.285714285714286,18,1,3.078,0.324886289798571,-0.750538522939411,0.87012987012987,8,2,3.856,0.518672199170125,-0.55601751763478,0.807192807192807,19,2000,1000,970302
3,3,"Boruta",20,"Sepsis","HP_0100806",0,0.0488341943168679,0,-0.348406350303522,1,0,11,0.752878885689586,1.0252827787148,0.734313402428669,-0.874146040728787,0.805194805194805,20,18,3.078,5.84795321637427,5.38957451361978,0.001998001998002,12,2,4.126,0.484730974309258,-0.551084145971739,0.808191808191808,20,2000,1000,970302
3,3,"RF_importance",20,"Sepsis","HP_0100806",0,0.0488341943168679,0,-0.348406350303522,1,0,11,1.05534153564813,1.0252827787148,1.02931752835155,0.0964587659547987,0.441558441558442,19,9,3.078,2.92397660818714,2.13892643544139,0.043956043956044,10,6,4.126,1.45419292292778,0.485762789064459,0.316683316683317,20,2000,1000,970302
3,3,"GS_full_ungrouped",50,"Sepsis","HP_0100806",0,0.115068066976292,0,-0.519438954995703,1,0,11,1.08043684486677,1.03145660883243,1.04748647263968,0.226810201261848,0.37962037962038,48,19,20.478,0.927824982908487,-0.148043593558669,0.519480519480519,16,40,27.746,1.44164924673827,1.00066351898756,0.15984015984016,50,2000,1000,970303
3,3,"DGE",50,"Sepsis","HP_0100806",0,0.115068066976292,0,-0.519438954995703,1,0,11,1.4582660796902,1.03145660883243,1.41379294795629,1.97640415448058,0.035964035964036,47,93,20.478,4.54145912686786,7.26415256567105,0.000999000999000999,24,66,26.172,2.5217790004585,3.38415011439074,0.00899100899100899,48,2000,1000,970303
3,3,"LASSO",50,"Sepsis","HP_0100806",0,0.115068066976292,0,-0.519438954995703,1,0,11,2.42885879964727,1.03145660883243,2.35478524142343,6.47087678222371,0.000999000999000999,48,72,20.478,3.51596835628479,5.16069149345721,0.000999000999000999,20,296,20.936,14.1383263278563,26.7877681252722,0.000999000999000999,44,2000,1000,970303
3,3,"ElasticNet",50,"Sepsis","HP_0100806",0,0.115068066976292,0,-0.519438954995703,1,0,11,1.21352234546396,1.03145660883243,1.17651322903211,0.843082224824923,0.1998001998002,47,31,20.478,1.51381970895595,1.0539341619921,0.145854145854146,23,32,26.172,1.22268072749503,0.495200031803486,0.297702297702298,48,2000,1000,970303
3,3,"mRMR",50,"Sepsis","HP_0100806",0,0.115068066976292,0,-0.519438954995703,1,0,11,1.50994163099177,1.03145660883243,1.46389253611062,2.21569541030075,0.021978021978022,45,11,20.478,0.537161832210177,-0.949362097259179,0.853146853146853,17,48,22.772,2.10785174776041,2.34568281573415,0.037962037962038,46,2000,1000,970303
3,3,"Boruta",50,"Sepsis","HP_0100806",0,0.115068066976292,0,-0.519438954995703,1,0,11,1.02090157080771,1.03145660883243,0.989766861800736,-0.0488766590882948,0.484515484515485,46,54,20.478,2.6369762672136,3.35772486013106,0.00599400599400599,22,20,24.098,0.829944393725621,-0.365893096566301,0.636363636363636,47,2000,1000,970303
3,3,"RF_importance",50,"Sepsis","HP_0100806",0,0.115068066976292,0,-0.519438954995703,1,0,11,1.22047205194654,1.03145660883243,1.18325098845221,0.875263864883158,0.190809190809191,44,38,20.478,1.85564996581697,1.75508785273004,0.0669330669330669,25,66,26.172,2.5217790004585,3.38415011439074,0.00899100899100899,48,2000,1000,970303
3,3,"GS_full_ungrouped",100,"Sepsis","HP_0100806",0,0.2194435259376,0,-0.72245979333459,1,0,11,1.07945255560689,1.02734793312482,1.05071760092375,0.380785517311955,0.343656343656344,97,104,82.841,1.25541700365761,0.755538843869817,0.226773226773227,39,148,107.454,1.37733355668472,1.33419658837987,0.111888111888112,98,2000,1000,970304
3,3,"DGE",100,"Sepsis","HP_0100806",0,0.2194435259376,0,-0.72245979333459,1,0,11,1.30835555435282,1.02734793312482,1.27352721718461,2.05363031763141,0.026973026973027,93,306,82.841,3.69382310691566,7.96849061199227,0.000999000999000999,51,278,105.13,2.64434509654713,5.49724638041221,0.000999000999000999,97,2000,1000,970304
3,3,"LASSO",100,"Sepsis","HP_0100806",0,0.2194435259376,0,-0.72245979333459,1,0,11,1.84690030400057,1.02734793312482,1.79773594169111,5.98936636793765,0.000999000999000999,95,277,82.841,3.34375490397267,6.93296783340043,0.000999000999000999,46,880,90.436,9.73063824140829,28.1742293863387,0.000999000999000999,90,2000,1000,970304
3,3,"ElasticNet",100,"Sepsis","HP_0100806",0,0.2194435259376,0,-0.72245979333459,1,0,11,1.42263552431615,1.02734793312482,1.38476506200679,2.88879916461536,0.002997002997003,91,88,82.841,1.06227592617182,0.184215931543286,0.37962037962038,42,202,102.024,1.9799262918529,3.47199889359053,0.00699300699300699,96,2000,1000,970304
3,3,"mRMR",100,"Sepsis","HP_0100806",0,0.2194435259376,0,-0.72245979333459,1,0,11,1.56905105595908,1.02734793312482,1.52728302201046,3.95881774076668,0.000999000999000999,92,50,82.841,0.603565867143081,-1.17267598523223,0.902097902097902,33,176,95.544,1.84208322866951,2.75951069015585,0.017982017982018,93,2000,1000,970304
3,3,"Boruta",100,"Sepsis","HP_0100806",0.378446223009232,0.2194435259376,1.72457228524867,0.523474343456723,0.253746253746254,1,11,1.02042372569567,1.02734793312482,0.993260114508531,-0.0506027638679307,0.49050949050949,93,177,82.841,2.13662316968651,3.36219963135961,0.003996003996004,50,168,102.024,1.64667137144201,2.29123588664808,0.027972027972028,96,2000,1000,970304
3,3,"RF_importance",100,"Sepsis","HP_0100806",0,0.2194435259376,0,-0.72245979333459,1,0,11,1.25733120042834,1.02734793312482,1.22386112814184,1.68073950527918,0.0549450549450549,90,156,82.841,1.88312550548641,2.61233830893104,0.017982017982018,47,230,101.07,2.27565053923024,4.38449210559714,0.001998001998002,95,2000,1000,970304
3,3,"GS_full_ungrouped",200,"Sepsis","HP_0100806",0.378446223009232,0.443492380981916,0.853331960678405,-0.16032296842237,0.466533466533467,1,11,1.03801805817231,1.03172388518323,1.00610063707884,0.0608739883158355,0.451548451548452,189,401,328.716,1.21989802747661,0.991463444229024,0.157842157842158,84,410,406.02,1.00980247278459,0.0514730667066892,0.451548451548452,191,2000,1000,970305
3,3,"DGE",200,"Sepsis","HP_0100806",0.378446223009232,0.443492380981916,0.853331960678405,-0.16032296842237,0.466533466533467,1,11,1.14267461657352,1.03172388518323,1.10753917107442,1.07305813456572,0.143856143856144,187,1118,328.716,3.40111220628141,10.8259951457426,0.000999000999000999,106,954,424.86,2.24544555853693,6.73944778081512,0.000999000999000999,196,2000,1000,970305
3,3,"LASSO",200,"Sepsis","HP_0100806",0,0.443492380981916,0,-1.09310091799096,1,0,11,1.65815050682276,1.03172388518323,1.6071649892338,6.05847454663695,0.000999000999000999,189,916,328.716,2.78659998296402,8.05531815312654,0.000999000999000999,99,2072,388.128,5.33844504905598,22.1408988733844,0.000999000999000999,186,2000,1000,970305
3,3,"ElasticNet",200,"Sepsis","HP_0100806",0,0.443492380981916,0,-1.09310091799096,1,0,11,1.5311767879168,1.03172388518323,1.48409551228414,4.83045035751446,0.000999000999000999,184,562,328.716,1.70968252229888,3.19977530468048,0.004995004995005,90,1388,389.518,3.56337832911444,13.5123793622679,0.000999000999000999,187,2000,1000,970305
3,3,"mRMR",200,"Sepsis","HP_0100806",0,0.443492380981916,0,-1.09310091799096,1,0,11,1.32538425060833,1.03172388518323,1.28463077151009,2.8401312904416,0.002997002997003,178,251,328.716,0.763577069567651,-1.06596996612947,0.88011988011988,68,516,388.128,1.32945832302745,1.68136356013843,0.0659340659340659,186,2000,1000,970305
3,3,"Boruta",200,"Sepsis","HP_0100806",0.732965787672492,0.443492380981916,1.65271337029436,0.713481584253741,0.230769230769231,2,11,1.11920194771496,1.03172388518323,1.08478824982925,0.846042612062756,0.198801198801199,187,434,328.716,1.32028863821658,1.44409879450789,0.0789210789210789,83,720,413.634,1.74066928734098,4.16198205506466,0.000999000999000999,192,2000,1000,970305
3,3,"RF_importance",200,"Sepsis","HP_0100806",0,0.443492380981916,0,-1.09310091799096,1,0,11,1.24655167066724,1.03172388518323,1.20822216929276,2.07770331800198,0.025974025974026,185,540,328.716,1.64275544847224,2.89801840449457,0.00899100899100899,85,904,413.634,2.1855069941059,6.6616220220711,0.000999000999000999,192,2000,1000,970305
3,3,"GS_full_ungrouped",500,"Sepsis","HP_0100806",2.19900835875987,1.11946611151217,1.96433669241622,1.73155280173377,0.045954045954046,5,11,1.07662676831373,1.03597265279513,1.03924246012568,0.689334870100986,0.23976023976024,466,2178,2084.008,1.04510155431265,0.35014318715062,0.342657342657343,210,3080,2583.158,1.19233898971724,1.85540814399263,0.037962037962038,480,2000,1000,970306
3,3,"DGE",500,"Sepsis","HP_0100806",0.378446223009232,1.11946611151217,0.338059561711992,-1.18857327478292,0.86013986013986,1,11,1.20845923070671,1.03597265279513,1.16649723083539,2.92469805976791,0.004995004995005,463,4713,2084.008,2.26150763336801,9.79363815934848,0.000999000999000999,235,5262,2618.066,2.00988057596715,9.09971050980221,0.000999000999000999,482,2000,1000,970306
3,3,"LASSO",500,"Sepsis","HP_0100806",1.09185404920992,1.11946611151217,0.975334615297147,-0.0442889048233287,0.497502497502497,3,11,1.43261945968039,1.03597265279513,1.38287381989774,6.72557923379492,0.000999000999000999,473,4024,2084.008,1.93089469906066,7.22694465408444,0.000999000999000999,232,5914,2544.844,2.32391455036144,12.3281746868027,0.000999000999000999,476,2000,1000,970306
3,3,"ElasticNet",500,"Sepsis","HP_0100806",1.09185404920992,1.11946611151217,0.975334615297147,-0.0442889048233287,0.497502497502497,3,11,1.41084055402067,1.03597265279513,1.36185115525408,6.3562941340609,0.000999000999000999,467,3585,2084.008,1.72024291653391,5.5915622900628,0.000999000999000999,230,5598,2529.154,2.21338835041283,11.8015301776798,0.000999000999000999,474,2000,1000,970306
3,3,"mRMR",500,"Sepsis","HP_0100806",1.09185404920992,1.11946611151217,0.975334615297147,-0.0442889048233287,0.497502497502497,3,11,1.42065839784427,1.03597265279513,1.3713280886433,6.52276638442167,0.000999000999000999,460,3449,2084.008,1.65498404996526,5.08492902922694,0.000999000999000999,220,5334,2466.822,2.1622962662081,11.0256525825964,0.000999000999000999,469,2000,1000,970306
3,3,"Boruta",500,"Sepsis","HP_0100806",1.2540437967499,1.11946611151217,1.12021595281338,0.21585849791274,0.42957042957043,3,11,1.11574164863025,1.03597265279513,1.07699913276659,1.35257032850534,0.0859140859140859,473,2721,2084.008,1.30565717598013,2.3729509859291,0.017982017982018,211,3574,2627.492,1.36023249547477,3.62517131625575,0.000999000999000999,484,2000,1000,970306
3,3,"RF_importance",500,"Sepsis","HP_0100806",1.23366530166934,1.11946611151217,1.10201219043863,0.183172014042539,0.444555444555445,3,11,1.18208962243004,1.03597265279513,1.14104326908695,2.47757259007972,0.00799200799200799,473,3003,2084.008,1.44097335518866,3.42346995325051,0.001998001998002,223,3844,2627.492,1.46299208522804,4.65928434582238,0.000999000999000999,484,2000,1000,970306
3,4,"GS_full_ungrouped",10,"Sepsis","HP_0100806",0,0.0194889268938113,0,-0.219481095637095,1,0,11,0.746200398526904,1.06416012421242,0.701210636960453,-0.666647531388691,0.733266733266733,9,2,0.811,2.46609124537608,0.985125288090859,0.182817182817183,3,10,1.012,9.88142292490119,5.73250389858454,0.001998001998002,10,2000,1000,970401
3,4,"DGE",10,"Sepsis","HP_0100806",0,0.0194889268938113,0,-0.219481095637095,1,0,11,0.900791462835996,1.06416012421242,0.846481128488694,-0.342525502492685,0.593406593406593,10,0,0.811,0,-0.671939956805456,1,3,10,0.844,11.8483412322275,5.98802141231212,0.002997002997003,9,2000,1000,970401
3,4,"LASSO",10,"Sepsis","HP_0100806",0,0.0194889268938113,0,-0.219481095637095,1,0,11,0.999477929999906,1.06416012421242,0.939217611390596,-0.135615367649498,0.502497502497502,9,2,0.811,2.46609124537608,0.985125288090859,0.182817182817183,4,10,1.012,9.88142292490119,5.73250389858454,0.001998001998002,10,2000,1000,970401
3,4,"ElasticNet",10,"Sepsis","HP_0100806",0,0.0194889268938113,0,-0.219481095637095,1,0,11,0.804691976421434,1.06416012421242,0.756175652622752,-0.544011666338963,0.682317682317682,9,2,0.811,2.46609124537608,0.985125288090859,0.182817182817183,4,10,1.012,9.88142292490119,5.73250389858454,0.001998001998002,10,2000,1000,970401
3,4,"mRMR",10,"Sepsis","HP_0100806",0,0.0194889268938113,0,-0.219481095637095,1,0,11,0.881628568659035,1.06416012421242,0.82847359960187,-0.382703220188822,0.612387612387612,10,2,0.811,2.46609124537608,0.985125288090859,0.182817182817183,4,14,1.012,13.8339920948617,8.28368498384691,0.000999000999000999,10,2000,1000,970401
3,4,"Boruta",10,"Sepsis","HP_0100806",0,0.0194889268938113,0,-0.219481095637095,1,0,11,0.50088785036236,1.06416012421242,0.470688422696787,-1.18097998119812,0.914085914085914,9,0,0.811,0,-0.671939956805456,1,4,2,0.616,3.24675324675325,1.18768669632211,0.257742257742258,8,2000,1000,970401
3,4,"RF_importance",10,"Sepsis","HP_0100806",0,0.0194889268938113,0,-0.219481095637095,1,0,11,0.546999509839604,1.06416012421242,0.51401992744695,-1.08430036590261,0.889110889110889,9,1,0.811,1.23304562268804,0.156592665642702,0.476523476523477,3,2,0.616,3.24675324675325,1.18768669632211,0.257742257742258,8,2000,1000,970401
3,4,"GS_full_ungrouped",20,"Sepsis","HP_0100806",0,0.0421544509482759,0,-0.326346404977998,1,0,11,0.709545597423176,1.0264435520628,0.69126606718629,-1.01464920939105,0.848151848151848,19,6,3.151,1.90415741034592,1.05118813650238,0.150849150849151,10,16,4.32,3.7037037037037,3.0848199224182,0.01998001998002,20,2000,1000,970402
3,4,"DGE",20,"Sepsis","HP_0100806",0,0.0421544509482759,0,-0.326346404977998,1,0,11,0.696770674166211,1.0264435520628,0.678820255401227,-1.05555217387201,0.854145854145854,18,3,3.151,0.95207870517296,-0.0557140781368416,0.501498501498502,8,24,3.39,7.07964601769912,6.40747007348275,0.000999000999000999,18,2000,1000,970402
3,4,"LASSO",20,"Sepsis","HP_0100806",0,0.0421544509482759,0,-0.326346404977998,1,0,11,0.91522825991851,1.0264435520628,0.891649870155273,-0.356090995837204,0.617382617382617,17,4,3.151,1.26943827356395,0.3132533267429,0.348651348651349,7,20,3.976,5.03018108651911,4.43803875530307,0.00799200799200799,19,2000,1000,970402
3,4,"ElasticNet",20,"Sepsis","HP_0100806",0,0.0421544509482759,0,-0.326346404977998,1,0,11,0.854141824311884,1.0264435520628,0.832137161946561,-0.551678574378904,0.682317682317682,18,4,3.151,1.26943827356395,0.3132533267429,0.348651348651349,7,22,4.32,5.09259259259259,4.66948769078371,0.002997002997003,20,2000,1000,970402
3,4,"mRMR",20,"Sepsis","HP_0100806",0,0.0421544509482759,0,-0.326346404977998,1,0,11,1.0425373665546,1.0264435520628,1.01567920073097,0.0515294463442218,0.451548451548452,19,3,3.151,0.95207870517296,-0.0557140781368416,0.501498501498502,8,22,3.976,5.53319919517102,4.99196271377824,0.003996003996004,19,2000,1000,970402
3,4,"Boruta",20,"Sepsis","HP_0100806",0,0.0421544509482759,0,-0.326346404977998,1,0,11,1.02854786928343,1.0264435520628,1.00205010515815,0.00673763832476878,0.46953046953047,18,7,3.151,2.22151697873691,1.42015554138213,0.110889110889111,11,14,3.168,4.41919191919192,3.52155669879656,0.010989010989011,17,2000,1000,970402
3,4,"RF_importance",20,"Sepsis","HP_0100806",0,0.0421544509482759,0,-0.326346404977998,1,0,11,0.65148052350406,1.0264435520628,0.634696883423165,-1.20056294118608,0.891108891108891,17,8,3.151,2.53887654712789,1.78912294626187,0.0749250749250749,8,10,3.168,3.15656565656566,2.2211295574389,0.050949050949051,17,2000,1000,970402
3,4,"GS_full_ungrouped",50,"Sepsis","HP_0100806",0,0.116300658255672,0,-0.542838351569358,1,0,11,0.900526357914407,1.03496005241492,0.870107359035906,-0.629865957425608,0.719280719280719,45,32,20.019,1.5984814426295,1.25091274915384,0.117882117882118,21,40,24.112,1.65892501658925,1.39723256088427,0.105894105894106,47,2000,1000,970403
3,4,"DGE",50,"Sepsis","HP_0100806",0.364289014324674,0.116300658255672,3.13230397650744,1.15749637565208,0.152847152847153,1,11,0.681348926872206,1.03496005241492,0.658333551408467,-1.6567841192928,0.967032967032967,45,19,20.019,0.949098356561267,-0.106391794623801,0.523476523476524,17,136,24.112,5.64034505640345,9.83972537589494,0.000999000999000999,47,2000,1000,970403
3,4,"LASSO",50,"Sepsis","HP_0100806",0,0.116300658255672,0,-0.542838351569358,1,0,11,2.21136370948213,1.03496005241492,2.13666576243426,5.51183703260351,0.000999000999000999,45,80,20.019,3.99620360657376,6.26249875694822,0.000999000999000999,21,236,21.97,10.7419208010924,19.84351672839,0.000999000999000999,44,2000,1000,970403
3,4,"ElasticNet",50,"Sepsis","HP_0100806",0,0.116300658255672,0,-0.542838351569358,1,0,11,2.18692913523948,1.03496005241492,2.1130565669048,5.39735303692952,0.000999000999000999,46,81,20.019,4.04615615165593,6.36690679877727,0.000999000999000999,22,228,22.444,10.1586170023169,18.9267479949342,0.000999000999000999,45,2000,1000,970403
3,4,"mRMR",50,"Sepsis","HP_0100806",0,0.116300658255672,0,-0.542838351569358,1,0,11,1.28764216452866,1.03496005241492,1.2441467296483,1.18389858332905,0.113886113886114,46,16,20.019,0.799240721314751,-0.41961592011095,0.636363636363636,16,46,24.112,1.90776376907764,1.92488836182243,0.0549450549450549,47,2000,1000,970403
3,4,"Boruta",50,"Sepsis","HP_0100806",0,0.116300658255672,0,-0.542838351569358,1,0,11,1.09292912302232,1.03496005241492,1.05601092570881,0.271604111564918,0.360639360639361,44,49,20.019,2.44767470902643,3.02584946024768,0.010989010989011,24,38,24.112,1.57597876575979,1.22134729390488,0.121878121878122,47,2000,1000,970403
3,4,"RF_importance",50,"Sepsis","HP_0100806",0,0.116300658255672,0,-0.542838351569358,1,0,11,0.93991879845565,1.03496005241492,0.908169157121085,-0.445299451468671,0.66033966033966,42,44,20.019,2.19791198361557,2.50380925110244,0.021978021978022,21,66,24.112,2.73722627737226,3.68374103161633,0.00599400599400599,47,2000,1000,970403
3,4,"GS_full_ungrouped",100,"Sepsis","HP_0100806",0,0.241284982199644,0,-0.793188571364789,1,0,11,1.01938444595416,1.03235309659759,0.987437776196761,-0.0889790799616884,0.536463536463537,88,88,81.099,1.08509352766372,0.25540885395505,0.35964035964036,34,126,101.552,1.2407436584213,0.834336684086455,0.200799200799201,96,2000,1000,970404
3,4,"DGE",100,"Sepsis","HP_0100806",0.364289014324674,0.241284982199644,1.5097873518844,0.404357501341025,0.307692307692308,1,11,0.939371274848502,1.03235309659759,0.909932152036417,-0.637956652536534,0.747252747252747,92,79,81.099,0.974118053243566,-0.0776848550140053,0.503496503496504,36,366,105.082,3.48299423307512,8.23286874911771,0.000999000999000999,97,2000,1000,970404
3,4,"LASSO",100,"Sepsis","HP_0100806",0,0.241284982199644,0,-0.793188571364789,1,0,11,1.8484322231046,1.03235309659759,1.79050387817563,5.59919237930473,0.000999000999000999,93,250,81.099,3.08265206722648,6.25109561539804,0.000999000999000999,43,854,91.164,9.36773287701285,27.5607444827308,0.000999000999000999,90,2000,1000,970404
3,4,"ElasticNet",100,"Sepsis","HP_0100806",0,0.241284982199644,0,-0.793188571364789,1,0,11,1.81295739631447,1.03235309659759,1.7561408032674,5.35579639799763,0.000999000999000999,94,234,81.099,2.88536233492398,5.65892902167528,0.000999000999000999,43,820,92.238,8.89004531754808,26.3129731302058,0.000999000999000999,91,2000,1000,970404
3,4,"mRMR",100,"Sepsis","HP_0100806",0,0.241284982199644,0,-0.793188571364789,1,0,11,1.35564990244033,1.03235309659759,1.31316494996552,2.21816849951335,0.018981018981019,88,67,81.099,0.826150754016696,-0.521809800306079,0.677322677322677,35,170,97.456,1.74437694959777,2.52820976411542,0.017982017982018,93,2000,1000,970404
3,4,"Boruta",100,"Sepsis","HP_0100806",0,0.241284982199644,0,-0.793188571364789,1,0,11,1.17478268541334,1.03235309659759,1.13796596269743,0.977222235419879,0.153846153846154,90,205,81.099,2.52777469512571,4.58562707055276,0.000999000999000999,49,212,105.082,2.01747206943149,3.37363409545592,0.00799200799200799,97,2000,1000,970404
3,4,"RF_importance",100,"Sepsis","HP_0100806",0.358067727928672,0.241284982199644,1.48400337503144,0.383905945576924,0.336663336663337,1,11,1.19052236921592,1.03235309659759,1.1532123777607,1.08521362343307,0.134865134865135,91,168,81.099,2.07154218917619,3.21624182256887,0.004995004995005,44,208,101.552,2.04821175358437,3.63274997331622,0.003996003996004,96,2000,1000,970404
3,4,"GS_full_ungrouped",200,"Sepsis","HP_0100806",0,0.457490437601552,0,-1.08968046496445,1,0,11,1.151089515672,1.04235875620993,1.10431222342048,1.1026223696995,0.128871128871129,184,519,326.486,1.58965468657155,2.63711794554124,0.010989010989011,83,752,418.93,1.79504929224453,4.15742976838191,0.000999000999000999,193,2000,1000,970405
3,4,"DGE",200,"Sepsis","HP_0100806",1.28908368949999,0.457490437601552,2.81772816117898,1.98074286785249,0.041958041958042,3,11,1.09548619285728,1.04235875620993,1.05096847542253,0.538757389187504,0.288711288711289,180,345,326.486,1.05670687257647,0.25361065503678,0.37962037962038,75,844,418.93,2.01465638650849,5.30578758713213,0.000999000999000999,193,2000,1000,970405
3,4,"LASSO",200,"Sepsis","HP_0100806",0.358067727928672,0.457490437601552,0.782678059471329,-0.236811473202259,0.548451548451548,1,11,1.65120638205988,1.04235875620993,1.5841056375482,6.17423271318907,0.000999000999000999,186,873,326.486,2.67392782538914,7.48632243311929,0.000999000999000999,96,2050,383.438,5.34636629650687,23.5107531917231,0.000999000999000999,184,2000,1000,970405
3,4,"ElasticNet",200,"Sepsis","HP_0100806",0.358067727928672,0.457490437601552,0.782678059471329,-0.236811473202259,0.548451548451548,1,11,1.64487462823063,1.04235875620993,1.57803118977143,6.11002334459728,0.000999000999000999,187,877,326.486,2.68617949927409,7.54111570416537,0.000999000999000999,97,2052,381.748,5.37527374079236,22.314320048554,0.000999000999000999,185,2000,1000,970405
3,4,"mRMR",200,"Sepsis","HP_0100806",0.546348452166081,0.457490437601552,1.19422922811322,0.211647795600102,0.361638361638362,1,11,1.27503324176927,1.04235875620993,1.2232191979711,2.35951715876269,0.012987012987013,176,315,326.486,0.964819318439382,-0.157338877808817,0.542457542457542,71,546,381.748,1.43026289594183,2.19438246241591,0.033966033966034,185,2000,1000,970405
3,4,"Boruta",200,"Sepsis","HP_0100806",0.722356742253346,0.457490437601552,1.57895484338511,0.630875782933312,0.246753246753247,2,11,1.03055910529726,1.04235875620993,0.988679856294799,-0.119658495124328,0.546453546453546,183,590,326.486,1.80712189802932,3.60969850660916,0.00599400599400599,90,706,405.508,1.7410260710023,3.90640811578071,0.000999000999000999,190,2000,1000,970405
3,4,"RF_importance",200,"Sepsis","HP_0100806",0.722356742253346,0.457490437601552,1.57895484338511,0.630875782933312,0.246753246753247,2,11,1.13732137165825,1.04235875620993,1.09110358106801,0.963001680449182,0.167832167832168,185,448,326.486,1.37218747511379,1.66453738447333,0.0609390609390609,84,668,414.032,1.61340186265796,3.21902956674651,0.00699300699300699,192,2000,1000,970405
3,4,"GS_full_ungrouped",500,"Sepsis","HP_0100806",0.871298400802606,1.09235830501728,0.797630591355118,-0.364951404479712,0.657342657342657,2,11,1.02615319910328,1.03689510518628,0.989640315563959,-0.189512379633739,0.562437562437562,469,2559,2042.83,1.25267398657744,1.97556013559008,0.026973026973027,205,3210,2717.4,1.1812762199161,1.75564324515168,0.045954045954046,490,2000,1000,970406
3,4,"DGE",500,"Sepsis","HP_0100806",1.64715141742866,1.09235830501728,1.50788565424292,0.915917005797591,0.171828171828172,4,11,1.01838151419733,1.03689510518628,0.982145165025514,-0.326623101782009,0.621378621378621,462,2489,2042.83,1.21840779702667,1.70764605788059,0.044955044955045,203,3548,2616.742,1.35588453122241,3.40111994840518,0.003996003996004,482,2000,1000,970406
3,4,"LASSO",500,"Sepsis","HP_0100806",1.09185404920992,1.09235830501728,0.999538378748947,-0.000832484143910145,0.475524475524476,3,11,1.41083264421278,1.03689510518628,1.36063198404173,6.5971339078647,0.000999000999000999,472,4394,2042.83,2.15093766980121,8.99873631554591,0.000999000999000999,240,6110,2546.81,2.3990796329526,12.6829831707768,0.000999000999000999,476,2000,1000,970406
3,4,"ElasticNet",500,"Sepsis","HP_0100806",1.09185404920992,1.09235830501728,0.999538378748947,-0.000832484143910145,0.475524475524476,3,11,1.40847843089595,1.03689510518628,1.35836153903235,6.55560007165444,0.000999000999000999,473,4384,2042.83,2.14604249986538,8.96046287587312,0.000999000999000999,239,6110,2563.292,2.38365352055092,13.0183661448217,0.000999000999000999,477,2000,1000,970406
3,4,"mRMR",500,"Sepsis","HP_0100806",1.28286240310399,1.09235830501728,1.17439707943054,0.314506325345953,0.327672327672328,3,11,1.39875719330249,1.03689510518628,1.34898620536085,6.38409467446648,0.000999000999000999,459,3551,2042.83,1.73827484421122,5.77228535113023,0.000999000999000999,225,5640,2460.982,2.29176808282222,11.8570576282306,0.000999000999000999,468,2000,1000,970406
3,4,"Boruta",500,"Sepsis","HP_0100806",1.45532252992584,1.09235830501728,1.33227579562625,0.599223563978534,0.261738261738262,4,11,1.04360759477599,1.03689510518628,1.00647364382003,0.118424036254092,0.443556443556444,455,2746,2042.83,1.34421366437736,2.69127345747114,0.00899100899100899,206,3608,2546.81,1.41667419242111,3.77724873245509,0.000999000999000999,476,2000,1000,970406
3,4,"RF_importance",500,"Sepsis","HP_0100806",1.81066262819785,1.09235830501728,1.65757208040746,1.18586033283552,0.117882117882118,5,11,1.08836908376458,1.03689510518628,1.04964241640339,0.908121528359118,0.165834165834166,466,2558,2042.83,1.25218446958386,1.9717327916228,0.026973026973027,204,3560,2563.292,1.38883903979726,3.65846573314549,0.002997002997003,477,2000,1000,970406
3,5,"GS_full_ungrouped",10,"Sepsis","HP_0100806",0.378446223009232,0.0280133494796613,13.5094956525637,3.13691650158559,0.034965034965035,1,13,1.27935545119364,1.02904387162864,1.24324675212228,0.5425118502553,0.258741258741259,10,0,0.73,0,-0.647675817839897,1,4,2,0.849999999999999,2.35294117647059,0.758320548585465,0.317682317682318,9,2000,1000,970501
3,5,"DGE",10,"Sepsis","HP_0100806",0,0.0280133494796613,0,-0.250762827591911,1,0,13,0.836502969077036,1.02904387162864,0.81289339758967,-0.417302793081425,0.636363636363636,10,7,0.73,9.58904109589042,5.56291421624131,0.002997002997003,5,2,1.042,1.91938579654511,0.586847119549528,0.370629370629371,10,2000,1000,970501
3,5,"LASSO",10,"Sepsis","HP_0100806",0,0.0280133494796613,0,-0.250762827591911,1,0,13,1.25994030993509,1.02904387162864,1.22437958640288,0.500432517667293,0.276723276723277,9,1,0.73,1.36986301369863,0.23955132988599,0.428571428571429,5,0,1.042,0,-0.63830344318435,1,10,2000,1000,970501
3,5,"ElasticNet",10,"Sepsis","HP_0100806",0,0.0280133494796613,0,-0.250762827591911,1,0,13,0.983411561338718,1.02904387162864,0.955655622128429,-0.098901014207306,0.49050949050949,9,1,0.73,1.36986301369863,0.23955132988599,0.428571428571429,4,0,1.042,0,-0.63830344318435,1,10,2000,1000,970501
3,5,"mRMR",10,"Sepsis","HP_0100806",0,0.0280133494796613,0,-0.250762827591911,1,0,13,0.985195891094303,1.02904387162864,0.957389590722752,-0.095033753895776,0.48951048951049,9,0,0.73,0,-0.647675817839897,1,1,0,1.042,0,-0.63830344318435,1,10,2000,1000,970501
3,5,"Boruta",10,"Sepsis","HP_0100806",0,0.0280133494796613,0,-0.250762827591911,1,0,13,0.846563062377622,1.02904387162864,0.822669553473738,-0.395499088116091,0.625374625374625,10,5,0.73,6.84931506849315,3.78845992078953,0.015984015984016,8,6,1.042,5.75815738963532,3.03714824501728,0.026973026973027,10,2000,1000,970501
3,5,"RF_importance",10,"Sepsis","HP_0100806",0,0.0280133494796613,0,-0.250762827591911,1,0,13,0.849180950710692,1.02904387162864,0.82521355417696,-0.389825217790941,0.624375624375624,9,3,0.73,4.10958904109589,2.01400562533776,0.0779220779220779,7,2,1.042,1.91938579654511,0.586847119549528,0.370629370629371,10,2000,1000,970501
3,5,"GS_full_ungrouped",20,"Sepsis","HP_0100806",0.378446223009232,0.0541039947832179,6.99479261236769,2.05724826448219,0.050949050949051,1,13,1.10401233242912,1.04409601530217,1.05738583066004,0.184686752154003,0.392607392607393,19,6,3.153,1.90294957183635,0.987381397603155,0.165834165834166,11,14,3.93,3.56234096692112,2.85101285048943,0.023976023976024,19,2000,1000,970502
3,5,"DGE",20,"Sepsis","HP_0100806",0,0.0541039947832179,0,-0.343172549495363,1,0,13,0.79161329316534,1.04409601530217,0.758180551944969,-0.778255676623956,0.771228771228771,20,20,3.153,6.34316523945449,5.84278693551821,0.001998001998002,10,12,4.284,2.80112044817927,2.02843337424667,0.0609390609390609,20,2000,1000,970502
3,5,"LASSO",20,"Sepsis","HP_0100806",0,0.0541039947832179,0,-0.343172549495363,1,0,13,0.872387345771567,1.04409601530217,0.835543219192435,-0.529276798256782,0.678321678321678,19,7,3.153,2.22010783380907,1.3341960788828,0.115884115884116,11,4,4.284,0.933706816059757,-0.0746598079686434,0.567432567432567,20,2000,1000,970502
3,5,"ElasticNet",20,"Sepsis","HP_0100806",0,0.0541039947832179,0,-0.343172549495363,1,0,13,1.06072815172115,1.04409601530217,1.01592970011879,0.0512670905672654,0.43956043956044,19,5,3.153,1.58579130986362,0.640566716323508,0.248751248751249,10,2,4.284,0.466853408029879,-0.600433103522472,0.812187812187812,20,2000,1000,970502
3,5,"mRMR",20,"Sepsis","HP_0100806",0,0.0541039947832179,0,-0.343172549495363,1,0,13,1.21283719748391,1.04409601530217,1.16161462136498,0.520129780769746,0.275724275724276,19,1,3.153,0.317158261972724,-0.74669200879508,0.858141858141858,6,8,4.284,1.86741363211951,0.976886783139014,0.182817182817183,20,2000,1000,970502
3,5,"Boruta",20,"Sepsis","HP_0100806",0,0.0541039947832179,0,-0.343172549495363,1,0,13,1.05964890756335,1.04409601530217,1.01489603641163,0.0479404158341759,0.441558441558442,18,13,3.153,4.12305740564542,3.41508416656068,0.00999000999000999,11,10,4.284,2.33426704014939,1.50266007869284,0.0969030969030969,20,2000,1000,970502
3,5,"RF_importance",20,"Sepsis","HP_0100806",0,0.0541039947832179,0,-0.343172549495363,1,0,13,0.91726910680499,1.04409601530217,0.8785294583655,-0.3909327365106,0.628371628371628,19,22,3.153,6.97748176339994,6.53641629807751,0.001998001998002,13,8,4.284,1.86741363211951,0.976886783139014,0.182817182817183,20,2000,1000,970502
3,5,"GS_full_ungrouped",50,"Sepsis","HP_0100806",0.378446223009232,0.137502936732244,2.75227738405451,0.948734012272334,0.153846153846154,1,13,1.01384255305448,1.02489899273471,0.989212166507522,-0.0552620310964306,0.501498501498502,47,22,20.088,1.09518120270808,0.195006235972906,0.380619380619381,20,72,26.698,2.69683122331261,3.77888817804138,0.00599400599400599,49,2000,1000,970503
3,5,"DGE",50,"Sepsis","HP_0100806",0.378446223009232,0.137502936732244,2.75227738405451,0.948734012272334,0.153846153846154,1,13,0.985910458696149,1.02489899273471,0.961958657082365,-0.194871553841655,0.564435564435564,48,68,20.088,3.38510553564317,4.88657885875203,0.000999000999000999,23,62,27.242,2.27589751119595,2.94397801880967,0.012987012987013,50,2000,1000,970503
3,5,"LASSO",50,"Sepsis","HP_0100806",0.378446223009232,0.137502936732244,2.75227738405451,0.948734012272334,0.153846153846154,1,13,1.34143529966411,1.02489899273471,1.30884634405269,1.58210416215256,0.0659340659340659,47,26,20.088,1.29430505774592,0.602969072736308,0.252747252747253,23,92,23.468,3.92023180501108,6.15990286343491,0.000999000999000999,46,2000,1000,970503
3,5,"ElasticNet",50,"Sepsis","HP_0100806",0.378446223009232,0.137502936732244,2.75227738405451,0.948734012272334,0.153846153846154,1,13,1.53405119840768,1.02489899273471,1.49678281399654,2.54483231822129,0.017982017982018,47,28,20.088,1.39386698526483,0.806950491118009,0.201798201798202,22,112,23.468,4.77245611044827,7.95757486000145,0.000999000999000999,46,2000,1000,970503
3,5,"mRMR",50,"Sepsis","HP_0100806",0,0.137502936732244,0,-0.541429125836861,1,0,13,1.11168807665549,1.02489899273471,1.08468062173542,0.433787113498786,0.2997002997003,46,12,20.088,0.5973715651135,-0.8249008559356,0.813186813186813,18,22,23.468,0.93744673598091,-0.131949124547984,0.519480519480519,46,2000,1000,970503
3,5,"Boruta",50,"Sepsis","HP_0100806",0,0.137502936732244,0,-0.541429125836861,1,0,13,1.10946575398734,1.02489899273471,1.08251228838365,0.422679553746726,0.302697302697303,46,66,20.088,3.28554360812425,4.68259744037033,0.000999000999000999,25,56,25.814,2.16936546060277,2.5415568651842,0.021978021978022,48,2000,1000,970503
3,5,"RF_importance",50,"Sepsis","HP_0100806",0,0.137502936732244,0,-0.541429125836861,1,0,13,1.20030563306672,1.02489899273471,1.17114529487825,0.876713254256676,0.185814185814186,47,99,20.088,4.92831541218638,8.0482908436684,0.000999000999000999,29,42,25.814,1.62702409545208,1.3628052547496,0.0979020979020979,48,2000,1000,970503
3,5,"GS_full_ungrouped",100,"Sepsis","HP_0100806",0.378446223009232,0.279462877795249,1.35419139026581,0.297183062065434,0.307692307692308,1,13,1.01069892045843,1.0277048182287,0.983452546423222,-0.113244529912005,0.528471528471528,96,120,81.068,1.48023881186165,1.38148356003086,0.0969030969030969,44,174,110.17,1.5793773259508,1.98801440312993,0.046953046953047,99,2000,1000,970504
3,5,"DGE",100,"Sepsis","HP_0100806",0.378446223009232,0.279462877795249,1.35419139026581,0.297183062065434,0.307692307692308,1,13,1.07715157959606,1.0277048182287,1.04811377789645,0.329272545464042,0.361638361638362,94,187,81.068,2.30670548181773,3.75894679135901,0.003996003996004,43,222,110.17,2.01506762276482,3.4829962510108,0.003996003996004,99,2000,1000,970504
3,5,"LASSO",100,"Sepsis","HP_0100806",0.378446223009232,0.279462877795249,1.35419139026581,0.297183062065434,0.307692307692308,1,13,1.80878808332633,1.0277048182287,1.76002685911687,5.20133711098446,0.000999000999000999,96,171,81.068,2.10934030690285,3.19119437790751,0.00699300699300699,44,680,94.042,7.23081176495608,21.1984632541304,0.000999000999000999,92,2000,1000,970504
3,5,"ElasticNet",100,"Sepsis","HP_0100806",0.378446223009232,0.279462877795249,1.35419139026581,0.297183062065434,0.307692307692308,1,13,1.87546475995057,1.0277048182287,1.82490606902382,5.64534594853068,0.000999000999000999,95,165,81.068,2.03532836630976,2.9782872228632,0.00999000999000999,42,690,92.856,7.43086068751615,21.3827318786842,0.000999000999000999,90,2000,1000,970504
3,5,"mRMR",100,"Sepsis","HP_0100806",0,0.279462877795249,0,-0.839046544418847,1,0,13,1.46834962393654,1.0277048182287,1.42876592372829,2.93431223418191,0.000999000999000999,92,54,81.068,0.666107465337741,-0.960495145456573,0.838161838161838,33,120,94.042,1.27602560558049,0.939094114511137,0.167832167832168,92,2000,1000,970504
3,5,"Boruta",100,"Sepsis","HP_0100806",0,0.279462877795249,0,-0.839046544418847,1,0,13,0.956464048319808,1.0277048182287,0.93067973542084,-0.474401740377713,0.663336663336663,93,295,81.068,3.63892041249321,7.59127558215662,0.000999000999000999,60,216,106.22,2.03351534550932,3.64627457711925,0.002997002997003,97,2000,1000,970504
3,5,"RF_importance",100,"Sepsis","HP_0100806",0.378446223009232,0.279462877795249,1.35419139026581,0.297183062065434,0.307692307692308,1,13,1.05627400348742,1.0277048182287,1.02779901850412,0.190245995730277,0.422577422577423,95,247,81.068,3.04682488774856,5.88801834180212,0.001998001998002,56,270,106.22,2.54189418188665,5.43985106795947,0.000999000999000999,97,2000,1000,970504
3,5,"GS_full_ungrouped",200,"Sepsis","HP_0100806",0.378446223009232,0.542792714002856,0.69722052865883,-0.368606805212041,0.54045954045954,1,13,1.07882742138081,1.02848940815731,1.04894363794538,0.500820425948328,0.301698301698302,186,497,331.557,1.49898810762554,2.29590357921394,0.018981018981019,84,578,406.264,1.42272020164228,2.25128300823413,0.023976023976024,190,2000,1000,970505
3,5,"DGE",200,"Sepsis","HP_0100806",0.378446223009232,0.542792714002856,0.69722052865883,-0.368606805212041,0.54045954045954,1,13,1.23739204947565,1.02848940815731,1.20311598705973,2.07840363786803,0.025974025974026,183,744,331.557,2.24395805246157,5.72359882208213,0.000999000999000999,86,988,420.156,2.35150753529641,7.175433684705,0.000999000999000999,193,2000,1000,970505
3,5,"LASSO",200,"Sepsis","HP_0100806",0.378446223009232,0.542792714002856,0.69722052865883,-0.368606805212041,0.54045954045954,1,13,1.62512771967567,1.02848940815731,1.58011128436153,5.93604383996981,0.000999000999000999,191,729,331.557,2.1987169626942,5.51543919194843,0.000999000999000999,98,1980,390.728,5.06746381114228,21.3213724536879,0.000999000999000999,186,2000,1000,970505
3,5,"ElasticNet",200,"Sepsis","HP_0100806",0.736513950937904,0.542792714002856,1.35689726840001,0.434490361288722,0.287712287712288,2,13,1.63381949529599,1.02848940815731,1.58856229567131,6.02251961622046,0.000999000999000999,190,759,331.557,2.28919914222894,5.93175845221583,0.000999000999000999,98,2066,390.728,5.28756577465654,22.4751321820523,0.000999000999000999,186,2000,1000,970505
3,5,"mRMR",200,"Sepsis","HP_0100806",0.378446223009232,0.542792714002856,0.69722052865883,-0.368606805212041,0.54045954045954,1,13,1.26438624616193,1.02848940815731,1.22936243789546,2.34697294000807,0.015984015984016,182,284,331.557,0.856564632928878,-0.659963168684545,0.736263736263736,71,462,392.162,1.17808456709217,0.916365739130054,0.178821178821179,187,2000,1000,970505
3,5,"Boruta",200,"Sepsis","HP_0100806",0,0.542792714002856,0,-1.21741016185572,1,0,13,1.11108889280901,1.02848940815731,1.08031145872439,0.821794632670548,0.194805194805195,185,780,331.557,2.35253666790326,6.223181934403,0.000999000999000999,103,832,416.682,1.99672652046405,5.29391853448841,0.000999000999000999,192,2000,1000,970505
3,5,"RF_importance",200,"Sepsis","HP_0100806",0.736513950937904,0.542792714002856,1.35689726840001,0.434490361288722,0.287712287712288,2,13,1.15370655659596,1.02848940815731,1.12174860280088,1.24580414683106,0.107892107892108,190,623,331.557,1.87901326167145,4.04444447233698,0.000999000999000999,98,816,413.026,1.97566254908892,4.9900816192624,0.000999000999000999,191,2000,1000,970505
3,5,"GS_full_ungrouped",500,"Sepsis","HP_0100806",0.72866661473443,1.37613894209012,0.529500759296668,-0.996560489596393,0.814185814185814,2,13,1.06517652026741,1.02549326896721,1.03869674477743,0.736294945217674,0.222777222777223,472,2631,2071.174,1.27029404579239,2.05344276761384,0.036963036963037,205,3376,2623.33,1.28691396050059,2.75467401437212,0.00899100899100899,481,2000,1000,970506
3,5,"DGE",500,"Sepsis","HP_0100806",0.378446223009232,1.37613894209012,0.27500582349224,-1.53560407539674,0.929070929070929,1,13,1.14075323275903,1.02549326896721,1.11239465658111,2.1385679334562,0.016983016983017,466,3550,2071.174,1.71400374859862,5.42433640856141,0.000999000999000999,231,4920,2623.33,1.87547887608498,8.40551259992827,0.000999000999000999,481,2000,1000,970506
3,5,"LASSO",500,"Sepsis","HP_0100806",1.09185404920992,1.37613894209012,0.793418466562381,-0.437558610714054,0.635364635364635,3,13,1.42717838112151,1.02549326896721,1.39169941364787,7.4529860320931,0.000999000999000999,475,4080,2071.174,1.96989726599503,7.36837735491855,0.000999000999000999,236,5834,2594.404,2.24868601806041,11.5637381512727,0.000999000999000999,477,2000,1000,970506
3,5,"ElasticNet",500,"Sepsis","HP_0100806",1.09185404920992,1.37613894209012,0.793418466562381,-0.437558610714054,0.635364635364635,3,13,1.42878407568122,1.02549326896721,1.39326519141385,7.48277857048509,0.000999000999000999,475,4134,2071.174,1.99596943569203,7.56644945133984,0.000999000999000999,237,5882,2594.404,2.26718737713941,11.7350741546697,0.000999000999000999,477,2000,1000,970506
3,5,"mRMR",500,"Sepsis","HP_0100806",1.09185404920992,1.37613894209012,0.793418466562381,-0.437558610714054,0.635364635364635,3,13,1.39449808625251,1.02549326896721,1.35983153517617,6.84662604061358,0.000999000999000999,466,3203,2071.174,1.54646591739757,4.15153978896532,0.000999000999000999,220,5172,2510.422,2.06021139075422,9.7391716370709,0.000999000999000999,470,2000,1000,970506
3,5,"Boruta",500,"Sepsis","HP_0100806",0.378446223009232,1.37613894209012,0.27500582349224,-1.53560407539674,0.929070929070929,1,13,1.12706141853783,1.02549326896721,1.09904321426986,1.88452590636358,0.033966033966034,466,3185,2071.174,1.53777519416524,4.08551575682488,0.000999000999000999,225,3308,2593.654,1.27542069990831,2.58310402340903,0.00799200799200799,479,2000,1000,970506
3,5,"RF_importance",500,"Sepsis","HP_0100806",1.09185404920992,1.37613894209012,0.793418466562381,-0.437558610714054,0.635364635364635,3,13,1.10793166279752,1.02549326896721,1.08038901504768,1.52958668154332,0.0649350649350649,467,2966,2071.174,1.43203806150521,3.28222336578297,0.001998001998002,224,3660,2540.524,1.44064767740828,4.28059168972025,0.000999000999000999,473,2000,1000,970506
