"repeat_idx","fold_idx","method","k","disease_label","ontology_ids","open_targets_sum","open_targets_expected","open_targets_enrichment","open_targets_z","open_targets_empirical_p","open_targets_overlap","open_targets_pool_targets","GO_semantic_mean_ratio","GO_semantic_expected","GO_semantic_enrichment","GO_semantic_z","GO_semantic_empirical_p","GO_annotated","hallmark_edges","hallmark_expected","hallmark_enrichment","hallmark_z","hallmark_empirical_p","hallmark_annotated","string_edges","string_expected","string_enrichment","string_z","string_empirical_p","string_mapped","pool_size","n_null","null_seed"
1,1,"GS_full_ungrouped",10,"Urinary bladder cancer treated with anti-PD-L1","MONDO_0004986",0,0.0140008807083209,0,-0.157534372538613,1,0,7,1.29646633138903,0.990681279403588,1.30866138115533,0.86900931903206,0.174825174825175,9,1,0.188,5.31914893617021,1.61463352374352,0.150849150849151,3,2,0.964,2.0746887966805,0.728075358736815,0.374625374625375,10,2000,1000,950101
1,1,"DGE",10,"Urinary bladder cancer treated with anti-PD-L1","MONDO_0004986",0,0.0140008807083209,0,-0.157534372538613,1,0,7,1.24496576596761,0.990681279403588,1.25667638205207,0.722650067668908,0.213786213786214,8,4,0.188,21.2765957446808,7.5800283158994,0.002997002997003,4,6,0.616,9.74025974025974,4.41663244300176,0.011988011988012,8,2000,1000,950101
1,1,"LASSO",10,"Urinary bladder cancer treated with anti-PD-L1","MONDO_0004986",0,0.0140008807083209,0,-0.157534372538613,1,0,7,1.17195431623686,0.990681279403588,1.18297815917386,0.51515912002413,0.270729270729271,9,0,0.188,0,-0.373831406975102,1,2,0,0.712,0,-0.560322439593221,1,9,2000,1000,950101
1,1,"ElasticNet",10,"Urinary bladder cancer treated with anti-PD-L1","MONDO_0004986",0,0.0140008807083209,0,-0.157534372538613,1,0,7,0.86503844378091,0.990681279403588,0.873175320625502,-0.357063873190629,0.616383616383616,9,0,0.188,0,-0.373831406975102,1,2,0,0.712,0,-0.560322439593221,1,9,2000,1000,950101
1,1,"mRMR",10,"Urinary bladder cancer treated with anti-PD-L1","MONDO_0004986",0,0.0140008807083209,0,-0.157534372538613,1,0,7,1.03606501295754,0.990681279403588,1.04581063001542,0.128975851287637,0.405594405594406,9,1,0.188,5.31914893617021,1.61463352374352,0.150849150849151,2,0,0.712,0,-0.560322439593221,1,9,2000,1000,950101
1,1,"Boruta",10,"Urinary bladder cancer treated with anti-PD-L1","MONDO_0004986",0,0.0140008807083209,0,-0.157534372538613,1,0,7,1.31819408162669,0.990681279403588,1.33059351078106,0.930757325730006,0.155844155844156,10,1,0.188,5.31914893617021,1.61463352374352,0.150849150849151,4,2,0.964,2.0746887966805,0.728075358736815,0.374625374625375,10,2000,1000,950101
1,1,"RF_importance",10,"Urinary bladder cancer treated with anti-PD-L1","MONDO_0004986",0,0.0140008807083209,0,-0.157534372538613,1,0,7,1.38723283333259,0.990681279403588,1.40028166694311,1.12695827871061,0.12987012987013,10,0,0.188,0,-0.373831406975102,1,3,0,0.964,0,-0.677475526855492,1,10,2000,1000,950101
1,1,"GS_full_ungrouped",20,"Urinary bladder cancer treated with anti-PD-L1","MONDO_0004986",0,0.0449227679018707,0,-0.290401464826374,1,0,7,1.21292046111153,0.999053555151361,1.21406951094605,0.853910806561911,0.186813186813187,18,4,0.793,5.04413619167717,2.78556275910949,0.038961038961039,5,10,3.7,2.7027027027027,1.91129791018892,0.0769230769230769,19,2000,1000,950102
1,1,"DGE",20,"Urinary bladder cancer treated with anti-PD-L1","MONDO_0004986",0,0.0449227679018707,0,-0.290401464826374,1,0,7,1.30355930402515,0.999053555151361,1.304794219793,1.21580638414425,0.117882117882118,17,6,0.793,7.56620428751576,4.52273940962991,0.00799200799200799,5,12,3.52,3.40909090909091,2.65991997680622,0.033966033966034,18,2000,1000,950102
1,1,"LASSO",20,"Urinary bladder cancer treated with anti-PD-L1","MONDO_0004986",0,0.0449227679018707,0,-0.290401464826374,1,0,7,0.98575149414399,0.999053555151361,0.986685337398798,-0.0531114133472148,0.478521478521479,18,0,0.793,0,-0.688790541931347,1,4,4,3.52,1.13636363636364,0.150561508121107,0.476523476523477,18,2000,1000,950102
1,1,"ElasticNet",20,"Urinary bladder cancer treated with anti-PD-L1","MONDO_0004986",0,0.0449227679018707,0,-0.290401464826374,1,0,7,1.19658193763898,0.999053555151361,1.1977155093129,0.788675646901079,0.206793206793207,18,0,0.793,0,-0.688790541931347,1,2,4,3.7,1.08108108108108,0.0910141861994725,0.496503496503497,19,2000,1000,950102
1,1,"mRMR",20,"Urinary bladder cancer treated with anti-PD-L1","MONDO_0004986",0,0.0449227679018707,0,-0.290401464826374,1,0,7,0.980248678445423,0.999053555151361,0.9811773086548,-0.0750826190857967,0.484515484515485,16,1,0.793,1.26103404791929,0.179797783328863,0.46953046953047,2,2,2.99,0.668896321070234,-0.338841729023789,0.723276723276723,17,2000,1000,950102
1,1,"Boruta",20,"Urinary bladder cancer treated with anti-PD-L1","MONDO_0004986",0,0.0449227679018707,0,-0.290401464826374,1,0,7,1.36462874869175,0.999053555151361,1.36592151807618,1.45963961545895,0.0799200799200799,20,3,0.793,3.78310214375788,1.91697443384928,0.0919080919080919,6,22,4.2,5.23809523809524,4.90725889846161,0.003996003996004,20,2000,1000,950102
1,1,"RF_importance",20,"Urinary bladder cancer treated with anti-PD-L1","MONDO_0004986",0,0.0449227679018707,0,-0.290401464826374,1,0,7,1.41730592678182,0.999053555151361,1.41864859944078,1.66996487091794,0.0619380619380619,20,1,0.793,1.26103404791929,0.179797783328863,0.46953046953047,7,14,4.2,3.33333333333333,2.70174928117549,0.028971028971029,20,2000,1000,950102
1,1,"GS_full_ungrouped",50,"Urinary bladder cancer treated with anti-PD-L1","MONDO_0004986",0,0.090977222523716,0,-0.405710038185553,1,0,7,1.04797909804878,0.979336126738874,1.07009132966276,0.420656753135704,0.324675324675325,38,11,5.329,2.06417714392944,1.3296335282231,0.114885114885115,9,34,18.666,1.82149362477231,1.66977232510199,0.0789210789210789,41,2000,1000,950103
1,1,"DGE",50,"Urinary bladder cancer treated with anti-PD-L1","MONDO_0004986",0,0.090977222523716,0,-0.405710038185553,1,0,7,1.24740284406526,0.979336126738874,1.27372289248537,1.64276214712747,0.0629370629370629,44,29,5.329,5.44192156126853,5.54994802443466,0.000999000999000999,21,94,25.08,3.74800637958533,6.2496897985735,0.000999000999000999,48,2000,1000,950103
1,1,"LASSO",50,"Urinary bladder cancer treated with anti-PD-L1","MONDO_0004986",0,0.090977222523716,0,-0.405710038185553,1,0,7,0.789239486500789,0.979336126738874,0.805892343754238,-1.16494717432234,0.887112887112887,44,8,5.329,1.50121974103959,0.626247778854505,0.220779220779221,8,134,23.46,5.71184995737425,10.8933438367919,0.000999000999000999,47,2000,1000,950103
1,1,"ElasticNet",50,"Urinary bladder cancer treated with anti-PD-L1","MONDO_0004986",0,0.090977222523716,0,-0.405710038185553,1,0,7,1.09308327008011,0.979336126738874,1.11614719424271,0.697063414990694,0.245754245754246,43,9,5.329,1.68887220866954,0.860709695310702,0.173826173826174,8,24,21.044,1.1404675917126,0.299729761755913,0.360639360639361,44,2000,1000,950103
1,1,"mRMR",50,"Urinary bladder cancer treated with anti-PD-L1","MONDO_0004986",0,0.090977222523716,0,-0.405710038185553,1,0,7,0.95479096401066,0.979336126738874,0.974936937321052,-0.150417271592508,0.528471528471528,41,5,5.329,0.938262338149747,-0.077137970514089,0.46953046953047,10,26,22.198,1.17127669159384,0.370800800595552,0.327672327672328,45,2000,1000,950103
1,1,"Boruta",50,"Urinary bladder cancer treated with anti-PD-L1","MONDO_0004986",0,0.090977222523716,0,-0.405710038185553,1,0,7,1.38949519970353,0.979336126738874,1.41881337955995,2.51353023638088,0.013986013986014,47,5,5.329,0.938262338149747,-0.077137970514089,0.46953046953047,12,46,23.46,1.96078431372549,2.22124090900389,0.030969030969031,47,2000,1000,950103
1,1,"RF_importance",50,"Urinary bladder cancer treated with anti-PD-L1","MONDO_0004986",0,0.090977222523716,0,-0.405710038185553,1,0,7,1.24870759650471,0.979336126738874,1.27505517504274,1.65075791004907,0.0629370629370629,44,10,5.329,1.87652467629949,1.0951716117669,0.143856143856144,12,50,23.46,2.13128729752771,2.61542740572153,0.018981018981019,47,2000,1000,950103
1,1,"GS_full_ungrouped",100,"Urinary bladder cancer treated with anti-PD-L1","MONDO_0004986",0,0.185990701838269,0,-0.616703579783672,1,0,7,0.971762573714335,0.988601876001065,0.982966548318879,-0.151857815897198,0.55044955044955,82,20,21.724,0.920640765973117,-0.159655346815424,0.519480519480519,15,86,85.906,1.00109421926292,0.00394834639999656,0.486513486513487,89,2000,1000,950104
1,1,"DGE",100,"Urinary bladder cancer treated with anti-PD-L1","MONDO_0004986",0,0.185990701838269,0,-0.616703579783672,1,0,7,1.23026418601305,0.988601876001065,1.24444856506799,2.17932488877591,0.011988011988012,88,63,21.724,2.90001841281532,3.82246757259481,0.001998001998002,36,222,98.13,2.26230510547233,4.71815238400389,0.000999000999000999,94,2000,1000,950104
1,1,"LASSO",100,"Urinary bladder cancer treated with anti-PD-L1","MONDO_0004986",0,0.185990701838269,0,-0.616703579783672,1,0,7,0.92007130278453,0.988601876001065,0.930679300858963,-0.618012729603838,0.746253746253746,92,26,21.724,1.19683299576505,0.395989711706934,0.318681318681319,21,552,99.2,5.56451612903226,17.0487754015272,0.000999000999000999,95,2000,1000,950104
1,1,"ElasticNet",100,"Urinary bladder cancer treated with anti-PD-L1","MONDO_0004986",0,0.185990701838269,0,-0.616703579783672,1,0,7,0.923327839728759,0.988601876001065,0.933973384173272,-0.588645088396463,0.735264735264735,87,26,21.724,1.19683299576505,0.395989711706934,0.318681318681319,17,320,90.51,3.53552093691305,8.94339164117096,0.000999000999000999,91,2000,1000,950104
1,1,"mRMR",100,"Urinary bladder cancer treated with anti-PD-L1","MONDO_0004986",0.501393256943963,0.185990701838269,2.69579743497047,1.04580434873426,0.168831168831169,1,7,0.959912439106186,0.988601876001065,0.970979787120243,-0.258723024980082,0.595404595404595,80,17,21.724,0.78254465107715,-0.437477876076604,0.637362637362637,20,86,87.996,0.977317150779581,-0.081671331303969,0.518481518481518,90,2000,1000,950104
1,1,"Boruta",100,"Urinary bladder cancer treated with anti-PD-L1","MONDO_0004986",0.501393256943963,0.185990701838269,2.69579743497047,1.04580434873426,0.168831168831169,1,7,1.1563526105194,0.988601876001065,1.1696848231736,1.51278596496125,0.0739260739260739,93,15,21.724,0.690480574479838,-0.622692895584057,0.725274725274725,19,128,99.2,1.29032258064516,1.08437440716427,0.143856143856144,95,2000,1000,950104
1,1,"RF_importance",100,"Urinary bladder cancer treated with anti-PD-L1","MONDO_0004986",0,0.185990701838269,0,-0.616703579783672,1,0,7,1.0747154921275,0.988601876001065,1.08710646643193,0.776577642072214,0.214785214785215,87,19,21.724,0.874608727674461,-0.252262856569151,0.555444555444555,18,110,92.338,1.19127553120059,0.708300377711289,0.230769230769231,92,2000,1000,950104
1,1,"GS_full_ungrouped",200,"Urinary bladder cancer treated with anti-PD-L1","MONDO_0004986",0,0.371127655707303,0,-0.878001442949855,1,0,7,0.964920043700386,0.985316337237574,0.97929975098721,-0.277459402835164,0.607392607392607,171,89,87.196,1.02068902243222,0.0618755388046762,0.43956043956044,44,330,364.568,0.905180926466393,-0.526498481048755,0.7002997002997,182,2000,1000,950105
1,1,"DGE",200,"Urinary bladder cancer treated with anti-PD-L1","MONDO_0004986",0,0.371127655707303,0,-0.878001442949855,1,0,7,1.16922394804815,0.985316337237574,1.18664829137633,2.50177297062855,0.00699300699300699,176,160,87.196,1.83494655718152,2.49711015916608,0.01998001998002,58,692,389.496,1.77665495922936,4.28154698129456,0.000999000999000999,188,2000,1000,950105
1,1,"LASSO",200,"Urinary bladder cancer treated with anti-PD-L1","MONDO_0004986",0,0.371127655707303,0,-0.878001442949855,1,0,7,0.931953983861075,0.985316337237574,0.945842414907982,-0.725910650125082,0.765234765234765,176,90,87.196,1.03215743841461,0.0961746179646959,0.428571428571429,43,1458,389.496,3.74329903259597,15.1232713474901,0.000999000999000999,188,2000,1000,950105
1,1,"ElasticNet",200,"Urinary bladder cancer treated with anti-PD-L1","MONDO_0004986",0,0.371127655707303,0,-0.878001442949855,1,0,7,0.89359854216248,0.985316337237574,0.906915381782633,-1.2476759370272,0.893106893106893,176,63,87.196,0.722510206890224,-0.829900519355837,0.783216783216783,39,1292,378.534,3.41316764148003,13.4218009556395,0.000999000999000999,186,2000,1000,950105
1,1,"mRMR",200,"Urinary bladder cancer treated with anti-PD-L1","MONDO_0004986",1.14779047101098,0.371127655707303,3.09271069768029,1.8374030122399,0.0589410589410589,2,7,0.894817594146489,0.985316337237574,0.90815260067157,-1.2310926575754,0.891108891108891,164,69,87.196,0.791320702784532,-0.624106044395718,0.717282717282717,42,322,356.426,0.903413331238462,-0.5294532060919,0.684315684315684,180,2000,1000,950105
1,1,"Boruta",200,"Urinary bladder cancer treated with anti-PD-L1","MONDO_0004986",0.501393256943963,0.371127655707303,1.35099944515964,0.308178019324759,0.314685314685315,1,7,1.03082698529567,0.985316337237574,1.0461888698463,0.6191005836339,0.264735264735265,179,77,87.196,0.883068030643608,-0.349713411115561,0.607392607392607,43,356,388.892,0.915421248058587,-0.48944952126831,0.672327672327672,187,2000,1000,950105
1,1,"RF_importance",200,"Urinary bladder cancer treated with anti-PD-L1","MONDO_0004986",0,0.371127655707303,0,-0.878001442949855,1,0,7,0.990296553424899,0.985316337237574,1.00505443378853,0.0677479860154886,0.468531468531469,172,48,87.196,0.550483967154457,-1.34438670675613,0.942057942057942,33,312,366.656,0.850933845348228,-0.848259574438013,0.79020979020979,183,2000,1000,950105
1,1,"GS_full_ungrouped",500,"Urinary bladder cancer treated with anti-PD-L1","MONDO_0004986",1.14779047101098,0.91841369155242,1.24975322294122,0.375706305242163,0.352647352647353,2,7,0.966446714137943,0.987003155506719,0.97917287168325,-0.472871417244654,0.679320679320679,428,585,557.027,1.05021839156809,0.263977653145501,0.371628371628372,120,2628,2359.976,1.11357064648115,1.15605735543987,0.142857142857143,462,2000,1000,950106
1,1,"DGE",500,"Urinary bladder cancer treated with anti-PD-L1","MONDO_0004986",1.55829717321013,0.91841369155242,1.69672685364272,1.04809326927767,0.165834165834166,3,7,1.07282812851769,0.987003155506719,1.08695511512009,1.97428027033557,0.025974025974026,428,635,557.027,1.13998064725767,0.735821311575955,0.212787212787213,129,3294,2359.976,1.39577690620583,4.02868890605831,0.001998001998002,462,2000,1000,950106
1,1,"LASSO",500,"Urinary bladder cancer treated with anti-PD-L1","MONDO_0004986",0.646397214067022,0.91841369155242,0.703819226577947,-0.445547740108054,0.652347652347652,1,7,0.938477816901918,0.987003155506719,0.95083568037846,-1.11625573836836,0.863136863136863,431,638,557.027,1.14536638259905,0.764131931081782,0.205794205794206,115,5132,2427.882,2.11377653444443,11.5481059483682,0.000999000999000999,468,2000,1000,950106
1,1,"ElasticNet",500,"Urinary bladder cancer treated with anti-PD-L1","MONDO_0004986",0.646397214067022,0.91841369155242,0.703819226577947,-0.445547740108054,0.652347652347652,1,7,0.963121433380701,0.987003155506719,0.975803803672991,-0.54936472638336,0.709290709290709,431,594,557.027,1.06637559759222,0.348909511662983,0.341658341658342,111,5088,2387.25,2.13132265158655,11.5752360526457,0.000999000999000999,465,2000,1000,950106
1,1,"mRMR",500,"Urinary bladder cancer treated with anti-PD-L1","MONDO_0004986",1.14779047101098,0.91841369155242,1.24975322294122,0.375706305242163,0.352647352647353,2,7,0.948888210241755,0.987003155506719,0.961383157640062,-0.876779587590625,0.799200799200799,425,518,557.027,0.929936968944055,-0.368292849151307,0.629370629370629,107,4446,2359.976,1.88391746356743,8.99756510172263,0.000999000999000999,462,2000,1000,950106
1,1,"Boruta",500,"Urinary bladder cancer treated with anti-PD-L1","MONDO_0004986",1.55829717321013,0.91841369155242,1.69672685364272,1.04809326927767,0.165834165834166,3,7,0.915591882780409,0.987003155506719,0.927648384579229,-1.64271379153334,0.951048951048951,430,429,557.027,0.770160153816601,-1.20817456115751,0.896103896103896,101,2284,2373.292,0.962376311048114,-0.396968875853109,0.63036963036963,464,2000,1000,950106
1,1,"RF_importance",500,"Urinary bladder cancer treated with anti-PD-L1","MONDO_0004986",0.501393256943963,0.91841369155242,0.545933996363277,-0.683056092543697,0.7002997002997,1,7,0.958045128903962,0.987003155506719,0.970660654486063,-0.666137821940999,0.741258741258741,431,493,557.027,0.885055841099264,-0.604214678366534,0.723276723276723,107,2192,2327.766,0.941675408954336,-0.581255506380113,0.719280719280719,460,2000,1000,950106
1,2,"GS_full_ungrouped",10,"Urinary bladder cancer treated with anti-PD-L1","MONDO_0004986",0,0.0181278892532268,0,-0.183883790001965,1,0,8,1.61667514644424,0.983862249968434,1.64319257751388,1.7372479132578,0.0629370629370629,9,3,0.211,14.218009478673,5.32079708599083,0.013986013986014,3,6,0.792,7.57575757575758,3.93633085409312,0.015984015984016,9,2000,1000,950201
1,2,"DGE",10,"Urinary bladder cancer treated with anti-PD-L1","MONDO_0004986",0,0.0181278892532268,0,-0.183883790001965,1,0,8,1.43890134343664,0.983862249968434,1.46250284883154,1.24920923701275,0.117882117882118,10,6,0.211,28.436018957346,11.0441356510581,0.000999000999000999,5,16,1.056,15.1515151515151,9.29751832730495,0.000999000999000999,10,2000,1000,950201
1,2,"LASSO",10,"Urinary bladder cancer treated with anti-PD-L1","MONDO_0004986",0,0.0181278892532268,0,-0.183883790001965,1,0,8,1.11573976066798,0.983862249968434,1.13404062479659,0.362040551866622,0.31968031968032,9,0,0.211,0,-0.402541479076395,1,1,0,0.792,0,-0.598612526198492,1,9,2000,1000,950201
1,2,"ElasticNet",10,"Urinary bladder cancer treated with anti-PD-L1","MONDO_0004986",0,0.0181278892532268,0,-0.183883790001965,1,0,8,1.37603395219083,0.983862249968434,1.39860427842919,1.07662071224976,0.142857142857143,9,1,0.211,4.739336492891,1.50523804261268,0.170829170829171,3,2,0.792,2.52525252525253,0.913035267232045,0.312687312687313,9,2000,1000,950201
1,2,"mRMR",10,"Urinary bladder cancer treated with anti-PD-L1","MONDO_0004986",0,0.0181278892532268,0,-0.183883790001965,1,0,8,1.46137070174225,0.983862249968434,1.4853407596329,1.31089389300831,0.107892107892108,8,0,0.211,0,-0.402541479076395,1,1,0,0.616,0,-0.50806581510984,1,8,2000,1000,950201
1,2,"Boruta",10,"Urinary bladder cancer treated with anti-PD-L1","MONDO_0004986",0,0.0181278892532268,0,-0.183883790001965,1,0,8,1.08537372263267,0.983862249968434,1.10317650938177,0.278677307368073,0.354645354645355,10,1,0.211,4.739336492891,1.50523804261268,0.170829170829171,2,2,1.056,1.89393939393939,0.587316468213053,0.390609390609391,10,2000,1000,950201
1,2,"RF_importance",10,"Urinary bladder cancer treated with anti-PD-L1","MONDO_0004986",0,0.0181278892532268,0,-0.183883790001965,1,0,8,1.38554859279338,0.983862249968434,1.40827498243564,1.10274105465151,0.13986013986014,10,3,0.211,14.218009478673,5.32079708599083,0.013986013986014,3,6,1.056,5.68181818181818,3.07594557081074,0.024975024975025,10,2000,1000,950201
1,2,"GS_full_ungrouped",20,"Urinary bladder cancer treated with anti-PD-L1","MONDO_0004986",0,0.0371390607677322,0,-0.256478472448582,1,0,8,1.20803835151891,0.998274036955134,1.2101269859763,0.813819278839788,0.183816183816184,17,3,0.842,3.56294536817102,1.725240696181,0.105894105894106,3,10,3.352,2.98329355608592,2.11608536317745,0.0589410589410589,18,2000,1000,950202
1,2,"DGE",20,"Urinary bladder cancer treated with anti-PD-L1","MONDO_0004986",0,0.0371390607677322,0,-0.256478472448582,1,0,8,2.05452146083995,0.998274036955134,2.05807361985143,4.09790635061033,0.001998001998002,19,22,0.842,26.1282660332542,16.9150336653372,0.000999000999000999,10,80,3.76,21.2765957446809,22.2603235581909,0.000999000999000999,19,2000,1000,950202
1,2,"LASSO",20,"Urinary bladder cancer treated with anti-PD-L1","MONDO_0004986",0,0.0371390607677322,0,-0.256478472448582,1,0,8,1.11940663703793,0.998274036955134,1.12134203194573,0.469956224195612,0.2997002997003,18,0,0.842,0,-0.673147667369974,1,4,12,3.352,3.5799522673031,2.75269347484334,0.025974025974026,18,2000,1000,950202
1,2,"ElasticNet",20,"Urinary bladder cancer treated with anti-PD-L1","MONDO_0004986",0,0.0371390607677322,0,-0.256478472448582,1,0,8,1.1395198367777,0.998274036955134,1.14149000634474,0.547989085702196,0.266733266733267,17,3,0.842,3.56294536817102,1.725240696181,0.105894105894106,4,12,3.352,3.5799522673031,2.75269347484334,0.025974025974026,18,2000,1000,950202
1,2,"mRMR",20,"Urinary bladder cancer treated with anti-PD-L1","MONDO_0004986",0,0.0371390607677322,0,-0.256478472448582,1,0,8,1.18502205321801,0.998274036955134,1.18707089371219,0.724523311965003,0.205794205794206,16,0,0.842,0,-0.673147667369974,1,3,2,3.046,0.656598818122127,-0.341617445893565,0.722277722277722,17,2000,1000,950202
1,2,"Boruta",20,"Urinary bladder cancer treated with anti-PD-L1","MONDO_0004986",0,0.0371390607677322,0,-0.256478472448582,1,0,8,0.984551551083766,0.998274036955134,0.98625378867588,-0.0532389104359814,0.488511488511489,18,3,0.842,3.56294536817102,1.725240696181,0.105894105894106,3,10,3.76,2.65957446808511,1.82193624085928,0.0739260739260739,19,2000,1000,950202
1,2,"RF_importance",20,"Urinary bladder cancer treated with anti-PD-L1","MONDO_0004986",0,0.0371390607677322,0,-0.256478472448582,1,0,8,1.14503760040814,0.998274036955134,1.14701730989684,0.569396265602498,0.25974025974026,20,3,0.842,3.56294536817102,1.725240696181,0.105894105894106,4,14,4.298,3.25732899022801,2.70925059002208,0.026973026973027,20,2000,1000,950202
1,2,"GS_full_ungrouped",50,"Urinary bladder cancer treated with anti-PD-L1","MONDO_0004986",0,0.101015491942308,0,-0.429110623419896,1,0,8,1.0230777931524,0.994582235717587,1.02865078061067,0.173758774415873,0.3996003996004,40,5,5.425,0.921658986175115,-0.0990173131068638,0.4995004995005,7,34,20.944,1.62337662337662,1.39103977242263,0.102897102897103,44,2000,1000,950203
1,2,"DGE",50,"Urinary bladder cancer treated with anti-PD-L1","MONDO_0004986",0,0.101015491942308,0,-0.429110623419896,1,0,8,1.53077534583479,0.994582235717587,1.53911390216048,3.26957133150778,0.002997002997003,43,28,5.425,5.16129032258064,5.2595666903234,0.001998001998002,19,100,24.66,4.0551500405515,6.91982478791968,0.000999000999000999,48,2000,1000,950203
1,2,"LASSO",50,"Urinary bladder cancer treated with anti-PD-L1","MONDO_0004986",0,0.101015491942308,0,-0.429110623419896,1,0,8,0.829033337829924,0.994582235717587,0.833549311517494,-1.009475728582,0.86013986013986,46,9,5.425,1.65898617511521,0.832910339663618,0.16983016983017,12,150,24.66,6.08272506082725,11.512222443826,0.000999000999000999,48,2000,1000,950203
1,2,"ElasticNet",50,"Urinary bladder cancer treated with anti-PD-L1","MONDO_0004986",0,0.101015491942308,0,-0.429110623419896,1,0,8,1.1572793567094,0.994582235717587,1.16358337716984,0.992086307109443,0.166833166833167,38,7,5.425,1.29032258064516,0.366946513278377,0.310689310689311,9,48,20.944,2.29182582123759,2.88265717544936,0.013986013986014,44,2000,1000,950203
1,2,"mRMR",50,"Urinary bladder cancer treated with anti-PD-L1","MONDO_0004986",0,0.101015491942308,0,-0.429110623419896,1,0,8,1.00386205954598,0.994582235717587,1.00933037359319,0.056586042189388,0.447552447552448,41,4,5.425,0.737327188940092,-0.331999226299484,0.617382617382617,11,12,20.944,0.572956455309397,-0.952930432333643,0.884115884115884,44,2000,1000,950203
1,2,"Boruta",50,"Urinary bladder cancer treated with anti-PD-L1","MONDO_0004986",0,0.101015491942308,0,-0.429110623419896,1,0,8,0.993137077510224,0.994582235717587,0.998546969616525,-0.00881221290451319,0.474525474525474,44,9,5.425,1.65898617511521,0.832910339663618,0.16983016983017,11,42,23.152,1.81409813407049,1.85845043000608,0.0619380619380619,46,2000,1000,950203
1,2,"RF_importance",50,"Urinary bladder cancer treated with anti-PD-L1","MONDO_0004986",0,0.101015491942308,0,-0.429110623419896,1,0,8,1.0360142259335,0.994582235717587,1.04165768171601,0.25264190244381,0.368631368631369,45,15,5.425,2.76497695852535,2.23080181881934,0.050949050949051,10,54,24.53,2.2013860578883,2.73566492142811,0.017982017982018,47,2000,1000,950203
1,2,"GS_full_ungrouped",100,"Urinary bladder cancer treated with anti-PD-L1","MONDO_0004986",0,0.204294712691709,0,-0.630558735321299,1,0,8,0.898456219800417,0.997230617726215,0.900951298355627,-0.887845230455813,0.805194805194805,82,26,22.4,1.16071428571429,0.340070779272438,0.344655344655345,23,118,91.27,1.29286731675249,1.01998098624479,0.165834165834166,91,2000,1000,950204
1,2,"DGE",100,"Urinary bladder cancer treated with anti-PD-L1","MONDO_0004986",1.462696370397,0.204294712691709,7.15973678968521,3.88407584001599,0.004995004995005,2,8,1.24904143104025,0.997230617726215,1.25251011033755,2.26343095248236,0.018981018981019,86,59,22.4,2.63392857142857,3.45738625593645,0.003996003996004,34,212,100.11,2.11767056238138,4.01088864756114,0.001998001998002,95,2000,1000,950204
1,2,"LASSO",100,"Urinary bladder cancer treated with anti-PD-L1","MONDO_0004986",0,0.204294712691709,0,-0.630558735321299,1,0,8,0.751840424083265,0.997230617726215,0.753928339863387,-2.20571846148017,0.997002997002997,92,22,22.4,0.982142857142857,-0.0377856421413819,0.483516483516484,21,648,100.11,6.4728798321846,19.6400552427587,0.000999000999000999,95,2000,1000,950204
1,2,"ElasticNet",100,"Urinary bladder cancer treated with anti-PD-L1","MONDO_0004986",0,0.204294712691709,0,-0.630558735321299,1,0,8,0.962464621694497,0.997230617726215,0.965137456257622,-0.312498222282208,0.595404595404595,83,28,22.4,1.25,0.528998989979348,0.273726273726274,21,124,91.27,1.35860633285855,1.24893294724249,0.114885114885115,91,2000,1000,950204
1,2,"mRMR",100,"Urinary bladder cancer treated with anti-PD-L1","MONDO_0004986",1.14779047101098,0.204294712691709,5.61830727720819,2.91211399604155,0.022977022977023,2,8,0.889877321268353,0.997230617726215,0.892348575595644,-0.964957663476969,0.831168831168831,77,20,22.4,0.892857142857143,-0.226713852848292,0.54045954045954,23,78,82.336,0.94733773804897,-0.181123162232163,0.544455544455544,87,2000,1000,950204
1,2,"Boruta",100,"Urinary bladder cancer treated with anti-PD-L1","MONDO_0004986",0,0.204294712691709,0,-0.630558735321299,1,0,8,0.888362990213031,0.997230617726215,0.890830039132359,-0.978569405315258,0.84015984015984,92,25,22.4,1.11607142857143,0.245606673918983,0.380619380619381,22,134,100.836,1.32889047562379,1.26186655174099,0.114885114885115,96,2000,1000,950204
1,2,"RF_importance",100,"Urinary bladder cancer treated with anti-PD-L1","MONDO_0004986",0.410506702199149,0.204294712691709,2.00938485774042,0.636476439349267,0.304695304695305,1,8,0.895792909682505,0.997230617726215,0.89828059203096,-0.911784705006595,0.814185814185814,82,25,22.4,1.11607142857143,0.245606673918983,0.380619380619381,19,126,86.74,1.45261701637076,1.5565246083474,0.0829170829170829,89,2000,1000,950204
1,2,"GS_full_ungrouped",200,"Urinary bladder cancer treated with anti-PD-L1","MONDO_0004986",1.462696370397,0.405581861772891,3.60641465573244,2.32594865940774,0.041958041958042,2,8,0.936446954721382,0.997861934238889,0.93845342986818,-0.78948464004783,0.773226773226773,167,69,88.452,0.780084113417447,-0.67884029334389,0.738261738261738,42,380,359.722,1.05637130895525,0.311946774203497,0.354645354645355,180,2000,1000,950205
1,2,"DGE",200,"Urinary bladder cancer treated with anti-PD-L1","MONDO_0004986",2.30626278966711,0.405581861772891,5.68630653152464,4.18203157759272,0.000999000999000999,4,8,1.03190071076692,0.997861934238889,1.03411170960639,0.437565744481626,0.318681318681319,173,114,88.452,1.28883462216796,0.891579879413413,0.174825174825175,52,538,394.264,1.36456790373963,2.14306586630772,0.034965034965035,189,2000,1000,950205
1,2,"LASSO",200,"Urinary bladder cancer treated with anti-PD-L1","MONDO_0004986",0,0.405581861772891,0,-0.892393945948758,1,0,8,0.93794280279023,0.997861934238889,0.939952483011228,-0.770255632996479,0.768231768231768,174,61,88.452,0.689639578528467,-0.958026101834077,0.84015984015984,41,1540,394.264,3.90601221516547,17.08262170507,0.000999000999000999,189,2000,1000,950205
1,2,"ElasticNet",200,"Urinary bladder cancer treated with anti-PD-L1","MONDO_0004986",0.501393256943963,0.405581861772891,1.23623195266243,0.210811964395603,0.317682317682318,1,8,0.894011784133684,0.997861934238889,0.895927335694576,-1.33498535729951,0.914085914085914,169,103,88.452,1.16447338669561,0.507699392739406,0.290709290709291,47,984,374.716,2.62598874881243,9.09900262009196,0.000999000999000999,184,2000,1000,950205
1,2,"mRMR",200,"Urinary bladder cancer treated with anti-PD-L1","MONDO_0004986",1.55829717321013,0.405581861772891,3.84212737324707,2.53629726150093,0.026973026973027,3,8,0.90493172170757,0.997861934238889,0.906870670838646,-1.19461043488491,0.882117882117882,157,85,88.452,0.960973183195405,-0.120468676363516,0.515484515484515,44,322,340.032,0.946969696969697,-0.292202596935716,0.587412587412587,175,2000,1000,950205
1,2,"Boruta",200,"Urinary bladder cancer treated with anti-PD-L1","MONDO_0004986",2.36859792463241,0.405581861772891,5.83999963479315,4.3191863724836,0.000999000999000999,4,8,0.93573036160524,0.997861934238889,0.937735301346034,-0.798696387129768,0.776223776223776,174,118,88.452,1.33405688961245,1.03117278365851,0.13986013986014,46,486,363.896,1.33554641985622,1.87983512841084,0.043956043956044,183,2000,1000,950205
1,2,"RF_importance",200,"Urinary bladder cancer treated with anti-PD-L1","MONDO_0004986",0.911899959143112,0.405581861772891,2.24837460718039,1.11404194172394,0.127872127872128,2,8,0.907348343284433,0.997861934238889,0.909292470382193,-1.16354495817661,0.876123876123876,168,55,88.452,0.621806177361733,-1.16741545820172,0.892107892107892,41,428,365.728,1.17026861492694,0.912353637702142,0.171828171828172,181,2000,1000,950205
1,2,"GS_full_ungrouped",500,"Urinary bladder cancer treated with anti-PD-L1","MONDO_0004986",2.39714934441193,1.02901167414944,2.32956477038355,2.05295021219884,0.027972027972028,4,8,0.995969664991649,0.992773751867325,1.00321917568662,0.0721593866068329,0.457542457542458,422,521,557.383,0.934725314550318,-0.361421095461381,0.614385614385614,106,2234,2341.764,0.953981699266023,-0.458146286343739,0.672327672327672,460,2000,1000,950206
1,2,"DGE",500,"Urinary bladder cancer treated with anti-PD-L1","MONDO_0004986",2.80765604661108,1.02901167414944,2.72849775871769,2.66893341309053,0.010989010989011,5,8,1.04095893507808,0.992773751867325,1.04853591578154,1.08795612670536,0.147852147852148,423,571,557.383,1.02443023917127,0.135268423629102,0.426573426573427,115,2694,2399.018,1.12295947758625,1.17540354543225,0.116883116883117,466,2000,1000,950206
1,2,"LASSO",500,"Urinary bladder cancer treated with anti-PD-L1","MONDO_0004986",0.646397214067022,1.02901167414944,0.628172867524872,-0.57412967575539,0.709290709290709,1,8,0.976572803985037,0.992773751867325,0.983681127898662,-0.365795444418572,0.635364635364635,434,605,557.383,1.08542958791352,0.47301729661063,0.30969030969031,115,5404,2439.898,2.21484668621393,12.1433177282311,0.000999000999000999,469,2000,1000,950206
1,2,"ElasticNet",500,"Urinary bladder cancer treated with anti-PD-L1","MONDO_0004986",1.14779047101098,1.02901167414944,1.11542997989768,0.178232762332208,0.416583416583417,2,8,0.945149831839503,0.992773751867325,0.952029432750166,-1.07528356477071,0.86013986013986,432,643,557.383,1.15360533062544,0.850501331119396,0.203796203796204,117,5132,2425.048,2.11624677119793,11.9069981724163,0.000999000999000999,467,2000,1000,950206
1,2,"mRMR",500,"Urinary bladder cancer treated with anti-PD-L1","MONDO_0004986",1.55829717321013,1.02901167414944,1.51436296823182,0.794215963223898,0.208791208791209,3,8,0.950159384053194,0.992773751867325,0.957075448727389,-0.962174665732264,0.828171828171828,425,596,557.383,1.06928270148175,0.383613183174343,0.342657342657343,114,4476,2332.224,1.91919815592327,9.22258436242798,0.000999000999000999,459,2000,1000,950206
1,2,"Boruta",500,"Urinary bladder cancer treated with anti-PD-L1","MONDO_0004986",3.21216434390252,1.02901167414944,3.12160145953411,3.27591574594401,0.003996003996004,6,8,0.947099774024639,0.992773751867325,0.953993568265904,-1.03125651318185,0.848151848151848,434,605,557.383,1.08542958791352,0.47301729661063,0.30969030969031,114,2824,2369.94,1.19159134830418,1.9779207767171,0.032967032967033,463,2000,1000,950206
1,2,"RF_importance",500,"Urinary bladder cancer treated with anti-PD-L1","MONDO_0004986",2.80765604661108,1.02901167414944,2.72849775871769,2.66893341309053,0.010989010989011,5,8,0.936421977210654,0.992773751867325,0.943238049403826,-1.27234669255665,0.902097902097902,422,614,557.383,1.10157647434529,0.562421410046916,0.282717282717283,119,2118,2282.384,0.927977062580179,-0.713697110721855,0.752247752247752,456,2000,1000,950206
1,3,"GS_full_ungrouped",10,"Urinary bladder cancer treated with anti-PD-L1","MONDO_0004986",0,0.0144313633062255,0,-0.155226527906044,1,0,6,0.964782163276351,0.986373470638108,0.978110413545704,-0.0609618523119185,0.49050949050949,10,3,0.22,13.6363636363637,4.91500715861243,0.014985014985015,3,4,1.042,3.83877159309021,1.90912759385136,0.0959040959040959,10,2000,1000,950301
1,3,"DGE",10,"Urinary bladder cancer treated with anti-PD-L1","MONDO_0004986",0,0.0144313633062255,0,-0.155226527906044,1,0,6,1.52290553593516,0.986373470638108,1.54394413603801,1.51486836703461,0.0759240759240759,7,6,0.22,27.2727272727273,10.2189717182661,0.000999000999000999,4,18,0.59,30.5084745762712,15.100760852077,0.000999000999000999,8,2000,1000,950301
1,3,"LASSO",10,"Urinary bladder cancer treated with anti-PD-L1","MONDO_0004986",0,0.0144313633062255,0,-0.155226527906044,1,0,6,0.983263705041329,0.986373470638108,0.996847273685526,-0.00878024974862496,0.473526473526474,9,1,0.22,4.54545454545455,1.37903078550996,0.168831168831169,4,2,0.708,2.82485875706215,0.959660655334883,0.266733266733267,9,2000,1000,950301
1,3,"ElasticNet",10,"Urinary bladder cancer treated with anti-PD-L1","MONDO_0004986",0,0.0144313633062255,0,-0.155226527906044,1,0,6,1.15346445053987,0.986373470638108,1.16939930449839,0.471772064042154,0.294705294705295,7,1,0.22,4.54545454545455,1.37903078550996,0.168831168831169,4,2,0.59,3.38983050847458,1.22297948313777,0.242757242757243,8,2000,1000,950301
1,3,"mRMR",10,"Urinary bladder cancer treated with anti-PD-L1","MONDO_0004986",0,0.0144313633062255,0,-0.155226527906044,1,0,6,1.05771258082607,0.986373470638108,1.07232464407403,0.201421999440631,0.391608391608392,8,1,0.22,4.54545454545455,1.37903078550996,0.168831168831169,2,0,1.042,0,-0.672518915751562,1,10,2000,1000,950301
1,3,"Boruta",10,"Urinary bladder cancer treated with anti-PD-L1","MONDO_0004986",0,0.0144313633062255,0,-0.155226527906044,1,0,6,1.34559962065575,0.986373470638108,1.36418877910945,1.0142550025823,0.143856143856144,10,1,0.22,4.54545454545455,1.37903078550996,0.168831168831169,3,2,1.042,1.91938579654511,0.618304339049901,0.391608391608392,10,2000,1000,950301
1,3,"RF_importance",10,"Urinary bladder cancer treated with anti-PD-L1","MONDO_0004986",0,0.0144313633062255,0,-0.155226527906044,1,0,6,1.35595611041573,0.986373470638108,1.37468834146414,1.04349597389729,0.137862137862138,8,1,0.22,4.54545454545455,1.37903078550996,0.168831168831169,2,2,0.59,3.38983050847458,1.22297948313777,0.242757242757243,8,2000,1000,950301
1,3,"GS_full_ungrouped",20,"Urinary bladder cancer treated with anti-PD-L1","MONDO_0004986",0,0.0241339981276039,0,-0.207587166487845,1,0,6,1.25648986105379,0.986482986182823,1.27370657036443,1.06121572736402,0.13986013986014,18,3,0.841,3.56718192627824,1.76919185658231,0.0879120879120879,3,6,4.03,1.48883374689826,0.552886851591297,0.307692307692308,20,2000,1000,950302
1,3,"DGE",20,"Urinary bladder cancer treated with anti-PD-L1","MONDO_0004986",0,0.0241339981276039,0,-0.207587166487845,1,0,6,1.44070045079927,0.986482986182823,1.46044125542807,1.7852238663358,0.048951048951049,16,12,0.841,14.268727705113,9.14423896600373,0.000999000999000999,6,40,3.462,11.5540150202195,12.2150101701467,0.000999000999000999,18,2000,1000,950302
1,3,"LASSO",20,"Urinary bladder cancer treated with anti-PD-L1","MONDO_0004986",0,0.0241339981276039,0,-0.207587166487845,1,0,6,1.11028970825087,0.986482986182823,1.12550314987906,0.486601093675077,0.292707292707293,19,1,0.841,1.18906064209275,0.130292498933112,0.49050949050949,4,38,3.678,10.331702011963,10.3752660691502,0.000999000999000999,19,2000,1000,950302
1,3,"ElasticNet",20,"Urinary bladder cancer treated with anti-PD-L1","MONDO_0004986",0,0.0241339981276039,0,-0.207587166487845,1,0,6,1.27324905427894,0.986482986182823,1.29069540185965,1.12708486287018,0.122877122877123,17,1,0.841,1.18906064209275,0.130292498933112,0.49050949050949,4,32,3.462,9.24321201617562,9.54053205527522,0.000999000999000999,18,2000,1000,950302
1,3,"mRMR",20,"Urinary bladder cancer treated with anti-PD-L1","MONDO_0004986",0,0.0241339981276039,0,-0.207587166487845,1,0,6,1.14218879375786,0.986482986182823,1.15783932389705,0.611974979968605,0.242757242757243,16,1,0.841,1.18906064209275,0.130292498933112,0.49050949050949,4,0,3.462,0,-1.15738040421062,1,18,2000,1000,950302
1,3,"Boruta",20,"Urinary bladder cancer treated with anti-PD-L1","MONDO_0004986",0,0.0241339981276039,0,-0.207587166487845,1,0,6,1.64055578928056,0.986482986182823,1.66303505712619,2.57072100782659,0.015984015984016,18,6,0.841,7.13436385255648,4.22754089305612,0.013986013986014,6,16,3.462,4.62160600808781,4.1915758255323,0.004995004995005,18,2000,1000,950302
1,3,"RF_importance",20,"Urinary bladder cancer treated with anti-PD-L1","MONDO_0004986",0,0.0241339981276039,0,-0.207587166487845,1,0,6,1.07669616127886,0.986482986182823,1.0914492965004,0.35456741711895,0.33966033966034,17,3,0.841,3.56718192627824,1.76919185658231,0.0879120879120879,4,8,3.032,2.63852242744063,1.6762599262755,0.0999000999000999,17,2000,1000,950302
1,3,"GS_full_ungrouped",50,"Urinary bladder cancer treated with anti-PD-L1","MONDO_0004986",0,0.0766790594139891,0,-0.372429022422723,1,0,6,1.22116376435187,0.983772493438337,1.24130708318937,1.54227678590691,0.0799200799200799,41,14,5.058,2.76789244760775,2.24672824481539,0.03996003996004,11,30,19.902,1.50738619234248,1.08661863001398,0.153846153846154,43,2000,1000,950303
1,3,"DGE",50,"Urinary bladder cancer treated with anti-PD-L1","MONDO_0004986",0,0.0766790594139891,0,-0.372429022422723,1,0,6,1.44225882240676,0.983772493438337,1.46604914451916,2.97868080449018,0.004995004995005,42,33,5.058,6.52431791221826,7.02058606761704,0.000999000999000999,17,124,23.24,5.33562822719449,9.97611966291235,0.000999000999000999,46,2000,1000,950303
1,3,"LASSO",50,"Urinary bladder cancer treated with anti-PD-L1","MONDO_0004986",0,0.0766790594139891,0,-0.372429022422723,1,0,6,0.69385590928377,0.983772493438337,0.705301188955494,-1.88352173131874,0.973026973026973,45,8,5.058,1.58165282720443,0.739194195509602,0.21978021978022,11,156,23.24,6.71256454388985,13.1443990318405,0.000999000999000999,46,2000,1000,950303
1,3,"ElasticNet",50,"Urinary bladder cancer treated with anti-PD-L1","MONDO_0004986",0,0.0766790594139891,0,-0.372429022422723,1,0,6,0.716003973306684,0.983772493438337,0.727814589330723,-1.73963082554166,0.963036963036963,45,8,5.058,1.58165282720443,0.739194195509602,0.21978021978022,10,148,23.546,6.28556867408477,12.1114023038918,0.000999000999000999,47,2000,1000,950303
1,3,"mRMR",50,"Urinary bladder cancer treated with anti-PD-L1","MONDO_0004986",0,0.0766790594139891,0,-0.372429022422723,1,0,6,1.11426751951638,0.983772493438337,1.13264756531457,0.847796334810421,0.190809190809191,40,7,5.058,1.38394622380387,0.487938520625305,0.283716283716284,10,12,19.902,0.602954476936991,-0.850312974289016,0.845154845154845,43,2000,1000,950303
1,3,"Boruta",50,"Urinary bladder cancer treated with anti-PD-L1","MONDO_0004986",0.433059717070964,0.0766790594139891,5.64769208673885,1.73093542038598,0.0729270729270729,1,6,1.22580072787587,0.983772493438337,1.24602053427173,1.57240207725664,0.0769230769230769,41,9,5.058,1.77935943060498,0.9904498703939,0.163836163836164,13,36,19.902,1.80886343081097,1.73226249811498,0.0699300699300699,43,2000,1000,950303
1,3,"RF_importance",50,"Urinary bladder cancer treated with anti-PD-L1","MONDO_0004986",0,0.0766790594139891,0,-0.372429022422723,1,0,6,1.21891630415294,0.983772493438337,1.23902255072488,1.52767555108171,0.0809190809190809,41,9,5.058,1.77935943060498,0.9904498703939,0.163836163836164,11,20,19.902,1.00492412822832,0.0105455165123158,0.491508491508492,43,2000,1000,950303
1,3,"GS_full_ungrouped",100,"Urinary bladder cancer treated with anti-PD-L1","MONDO_0004986",0,0.140781931675055,0,-0.531306063318491,1,0,6,1.14444675606536,0.979941111199829,1.16787299051482,1.53607809414636,0.0729270729270729,78,30,21.081,1.42308239647076,0.83486291825832,0.184815184815185,22,76,88.812,0.855740215286223,-0.507380561842264,0.699300699300699,89,2000,1000,950304
1,3,"DGE",100,"Urinary bladder cancer treated with anti-PD-L1","MONDO_0004986",0,0.140781931675055,0,-0.531306063318491,1,0,6,1.53126007533527,0.979941111199829,1.56260417879643,5.14796306466063,0.000999000999000999,87,69,21.081,3.27308951188274,4.48545758269094,0.001998001998002,32,280,94.202,2.97233604382073,7.08375445907945,0.000999000999000999,93,2000,1000,950304
1,3,"LASSO",100,"Urinary bladder cancer treated with anti-PD-L1","MONDO_0004986",0,0.140781931675055,0,-0.531306063318491,1,0,6,0.907137390249602,0.979941111199829,0.925706024455809,-0.679807680857423,0.745254745254745,92,27,21.081,1.28077415682368,0.554047944071196,0.245754245754246,21,646,101.89,6.34017077240161,20.1237135741779,0.000999000999000999,96,2000,1000,950304
1,3,"ElasticNet",100,"Urinary bladder cancer treated with anti-PD-L1","MONDO_0004986",0,0.140781931675055,0,-0.531306063318491,1,0,6,0.956578977495197,0.979941111199829,0.976159655475595,-0.218144865761531,0.582417582417582,90,23,21.081,1.09102983729425,0.179627978488364,0.35964035964036,20,626,98.206,6.37435594566524,19.1873819152267,0.000999000999000999,95,2000,1000,950304
1,3,"mRMR",100,"Urinary bladder cancer treated with anti-PD-L1","MONDO_0004986",0,0.140781931675055,0,-0.531306063318491,1,0,6,1.0338489698734,0.979941111199829,1.05501132471885,0.503366804698352,0.295704295704296,79,30,21.081,1.42308239647076,0.83486291825832,0.184815184815185,22,52,80.42,0.646605322059189,-1.21210909954414,0.922077922077922,86,2000,1000,950304
1,3,"Boruta",100,"Urinary bladder cancer treated with anti-PD-L1","MONDO_0004986",0.433059717070964,0.140781931675055,3.07610296234981,1.10304609196994,0.135864135864136,1,6,1.072445228144,0.979941111199829,1.09439762847679,0.863760923051879,0.188811188811189,87,14,21.081,0.664105118353019,-0.662816944073009,0.749250749250749,21,86,92.428,0.930453974985935,-0.255602896772236,0.565434565434565,92,2000,1000,950304
1,3,"RF_importance",100,"Urinary bladder cancer treated with anti-PD-L1","MONDO_0004986",0.433059717070964,0.140781931675055,3.07610296234981,1.10304609196994,0.135864135864136,1,6,1.20661899629795,0.979941111199829,1.23131786441798,2.11661389498992,0.023976023976024,84,21,21.081,0.996157677529529,-0.00758200430305264,0.441558441558442,24,104,90.452,1.14978109936762,0.536134265505287,0.27972027972028,90,2000,1000,950304
1,3,"GS_full_ungrouped",200,"Urinary bladder cancer treated with anti-PD-L1","MONDO_0004986",0,0.290654428026274,0,-0.761108341479954,1,0,6,0.964723544432623,0.985521566576183,0.978896431241161,-0.279117266441907,0.614385614385614,160,89,86.666,1.02693097639213,0.0787993056607022,0.436563436563437,40,482,353.702,1.36272907701964,2.08457584790448,0.023976023976024,180,2000,1000,950305
1,3,"DGE",200,"Urinary bladder cancer treated with anti-PD-L1","MONDO_0004986",0,0.290654428026274,0,-0.761108341479954,1,0,6,1.34791968487931,0.985521566576183,1.36772215910215,4.86351882146565,0.000999000999000999,175,136,86.666,1.56924284032954,1.6655890940296,0.0669330669330669,57,744,378.652,1.96486483631408,5.46230808760618,0.000999000999000999,186,2000,1000,950305
1,3,"LASSO",200,"Urinary bladder cancer treated with anti-PD-L1","MONDO_0004986",0,0.290654428026274,0,-0.761108341479954,1,0,6,0.879706274807534,0.985521566576183,0.892630161168098,-1.42008094723393,0.933066933066933,176,67,86.666,0.77308286986823,-0.663953361235376,0.736263736263736,41,1536,400.33,3.83683461144556,16.3231917917297,0.000999000999000999,190,2000,1000,950305
1,3,"ElasticNet",200,"Urinary bladder cancer treated with anti-PD-L1","MONDO_0004986",0,0.290654428026274,0,-0.761108341479954,1,0,6,0.90151934760277,0.985521566576183,0.914763692827904,-1.12734131991365,0.864135864135864,174,67,86.666,0.77308286986823,-0.663953361235376,0.736263736263736,41,1458,392.428,3.7153312199945,16.2772228639406,0.000999000999000999,189,2000,1000,950305
1,3,"mRMR",200,"Urinary bladder cancer treated with anti-PD-L1","MONDO_0004986",0,0.290654428026274,0,-0.761108341479954,1,0,6,1.01950958943209,0.985521566576183,1.03448734559304,0.456132028604621,0.334665334665335,157,93,86.666,1.07308517757829,0.213845245096353,0.37962037962038,45,262,322.414,0.812619799388364,-0.995015434290478,0.844155844155844,171,2000,1000,950305
1,3,"Boruta",200,"Urinary bladder cancer treated with anti-PD-L1","MONDO_0004986",0.433059717070964,0.290654428026274,1.48994708256024,0.37290281142037,0.256743256743257,1,6,1.04179317547491,0.985521566576183,1.05709830287552,0.755186120376603,0.223776223776224,170,79,86.666,0.911545473426719,-0.258815542928424,0.56943056943057,45,346,375.54,0.92133993715716,-0.45129336783915,0.655344655344655,184,2000,1000,950305
1,3,"RF_importance",200,"Urinary bladder cancer treated with anti-PD-L1","MONDO_0004986",0.433059717070964,0.290654428026274,1.48994708256024,0.37290281142037,0.256743256743257,1,6,1.10370690910229,0.985521566576183,1.1199216197132,1.58609167312586,0.0599400599400599,165,101,86.666,1.16539357995061,0.483937123967654,0.300699300699301,47,368,352.018,1.04540108744439,0.239376058532543,0.387612387612388,179,2000,1000,950305
1,3,"GS_full_ungrouped",500,"Urinary bladder cancer treated with anti-PD-L1","MONDO_0004986",0.404508297291443,0.790105255880336,0.51196760720284,-0.672083773130733,0.773226773226773,1,6,1.02373103474944,0.986181827097465,1.03807533927337,0.880315103844672,0.187812187812188,430,842,539.916,1.55950184843568,2.86660242732598,0.00999000999000999,128,3256,2384.14,1.36569161206976,3.74797898178761,0.000999000999000999,464,2000,1000,950306
1,3,"DGE",500,"Urinary bladder cancer treated with anti-PD-L1","MONDO_0004986",1.22680585852913,0.790105255880336,1.55271193223771,0.761155870706909,0.23976023976024,2,6,1.13572719811519,0.986181827097465,1.15164076938821,3.50598739758094,0.000999000999000999,409,654,539.916,1.2112995354833,1.08259117106188,0.140859140859141,116,2722,2211.036,1.23109709656469,2.34404489644095,0.012987012987013,448,2000,1000,950306
1,3,"LASSO",500,"Urinary bladder cancer treated with anti-PD-L1","MONDO_0004986",0.646397214067022,0.790105255880336,0.818115319770662,-0.250478746836006,0.593406593406593,1,6,0.923627285610677,0.986181827097465,0.936568957399165,-1.46654779497079,0.93006993006993,433,609,539.916,1.12795323717023,0.655567200147602,0.241758241758242,114,5192,2414.014,2.15077460197,12.4167818814248,0.000999000999000999,467,2000,1000,950306
1,3,"ElasticNet",500,"Urinary bladder cancer treated with anti-PD-L1","MONDO_0004986",0.646397214067022,0.790105255880336,0.818115319770662,-0.250478746836006,0.593406593406593,1,6,0.933361656019352,0.986181827097465,0.946439723764152,-1.23833223909007,0.896103896103896,431,607,539.916,1.1242489572452,0.636588356995856,0.248751248751249,113,5156,2396.6,2.15138112325795,11.7452898739852,0.000999000999000999,466,2000,1000,950306
1,3,"mRMR",500,"Urinary bladder cancer treated with anti-PD-L1","MONDO_0004986",0.646397214067022,0.790105255880336,0.818115319770662,-0.250478746836006,0.593406593406593,1,6,0.970686126147981,0.986181827097465,0.984287176539147,-0.363285950450016,0.649350649350649,424,662,539.916,1.2261166551834,1.15850654366886,0.126873126873127,117,4312,2296.824,1.8773750187215,8.7921837640317,0.000999000999000999,455,2000,1000,950306
1,3,"Boruta",500,"Urinary bladder cancer treated with anti-PD-L1","MONDO_0004986",1.65986557560009,0.790105255880336,2.10081576251593,1.51596578856803,0.0639360639360639,3,6,1.01712997982877,0.986181827097465,1.03138179175578,0.725557954191103,0.226773226773227,424,536,539.916,0.9927470199068,-0.0371605748911176,0.48051948051948,103,2312,2349.708,0.983952048509858,-0.168931103512535,0.533466533466533,461,2000,1000,950306
1,3,"RF_importance",500,"Urinary bladder cancer treated with anti-PD-L1","MONDO_0004986",0.837568014362407,0.790105255880336,1.06007143748106,0.0827261447303905,0.402597402597403,2,6,1.0536177080417,0.986181827097465,1.06838077836287,1.5809874095484,0.0639360639360639,413,539,539.916,0.998303439794338,-0.00869231016349898,0.468531468531469,110,2172,2211.036,0.982344927898053,-0.17907746255601,0.555444555444555,448,2000,1000,950306
1,4,"GS_full_ungrouped",10,"Urinary bladder cancer treated with anti-PD-L1","MONDO_0004986",0,0.0209456829791731,0,-0.206986967312675,1,0,9,1.17132165130827,0.978285408286262,1.19732098770661,0.557670004950889,0.246753246753247,8,0,0.192,0,-0.386025475178422,1,0,0,0.964,0,-0.632757239060541,1,10,2000,1000,950401
1,4,"DGE",10,"Urinary bladder cancer treated with anti-PD-L1","MONDO_0004986",0,0.0209456829791731,0,-0.206986967312675,1,0,9,1.01288223508289,0.978285408286262,1.03536475807938,0.0999481354843833,0.41958041958042,9,3,0.192,15.625,5.64562257448442,0.00999000999000999,3,6,0.964,6.22406639004149,3.30556582563162,0.023976023976024,10,2000,1000,950401
1,4,"LASSO",10,"Urinary bladder cancer treated with anti-PD-L1","MONDO_0004986",0,0.0209456829791731,0,-0.206986967312675,1,0,9,0.848128848322121,0.978285408286262,0.866954409355705,-0.376014412129419,0.624375624375624,7,0,0.192,0,-0.386025475178422,1,2,0,0.762,0,-0.575506851277464,1,9,2000,1000,950401
1,4,"ElasticNet",10,"Urinary bladder cancer treated with anti-PD-L1","MONDO_0004986",0,0.0209456829791731,0,-0.206986967312675,1,0,9,1.07532183650495,0.978285408286262,1.09919030519802,0.280332359136103,0.332667332667333,7,0,0.192,0,-0.386025475178422,1,1,0,0.762,0,-0.575506851277464,1,9,2000,1000,950401
1,4,"mRMR",10,"Urinary bladder cancer treated with anti-PD-L1","MONDO_0004986",0,0.0209456829791731,0,-0.206986967312675,1,0,9,1.01008327913721,0.978285408286262,1.03250367488017,0.0918621214196295,0.426573426573427,6,0,0.192,0,-0.386025475178422,1,1,0,0.762,0,-0.575506851277464,1,9,2000,1000,950401
1,4,"Boruta",10,"Urinary bladder cancer treated with anti-PD-L1","MONDO_0004986",0,0.0209456829791731,0,-0.206986967312675,1,0,9,1.19995179779034,0.978285408286262,1.22658662556604,0.6403807626845,0.217782217782218,6,0,0.192,0,-0.386025475178422,1,1,0,0.472,0,-0.457094401625215,1,7,2000,1000,950401
1,4,"RF_importance",10,"Urinary bladder cancer treated with anti-PD-L1","MONDO_0004986",0,0.0209456829791731,0,-0.206986967312675,1,0,9,1.48347759246064,0.978285408286262,1.51640572362145,1.45946959720693,0.0739260739260739,6,0,0.192,0,-0.386025475178422,1,0,0,0.586,0,-0.510449490932262,1,8,2000,1000,950401
1,4,"GS_full_ungrouped",20,"Urinary bladder cancer treated with anti-PD-L1","MONDO_0004986",0,0.0430094000198945,0,-0.292417066265331,1,0,9,1.13124198154101,0.988889375496334,1.14395200269315,0.589587106024747,0.278721278721279,15,0,0.838,0,-0.670653862674359,1,1,0,3.766,0,-1.13095987959012,1,19,2000,1000,950402
1,4,"DGE",20,"Urinary bladder cancer treated with anti-PD-L1","MONDO_0004986",0,0.0430094000198945,0,-0.292417066265331,1,0,9,1.16835242649189,0.988889375496334,1.18147940046932,0.743288822135308,0.223776223776224,17,5,0.838,5.96658711217184,3.33086083108673,0.016983016983017,6,14,4.292,3.2618825722274,2.61022744559553,0.027972027972028,20,2000,1000,950402
1,4,"LASSO",20,"Urinary bladder cancer treated with anti-PD-L1","MONDO_0004986",0,0.0430094000198945,0,-0.292417066265331,1,0,9,1.1239565785776,0.988889375496334,1.13658474489472,0.559412880425576,0.288711288711289,17,0,0.838,0,-0.670653862674359,1,2,34,3.766,9.02814657461498,9.0795116833584,0.000999000999000999,19,2000,1000,950402
1,4,"ElasticNet",20,"Urinary bladder cancer treated with anti-PD-L1","MONDO_0004986",0,0.0430094000198945,0,-0.292417066265331,1,0,9,1.12048727362221,0.988889375496334,1.13307646071112,0.545043930496259,0.292707292707293,15,1,0.838,1.19331742243437,0.12964907607786,0.491508491508492,3,4,3.766,1.06213489113117,0.0702720689920574,0.502497502497502,19,2000,1000,950402
1,4,"mRMR",20,"Urinary bladder cancer treated with anti-PD-L1","MONDO_0004986",0.410506702199149,0.0430094000198945,9.54458099878782,2.49858130813203,0.0639360639360639,1,9,0.824984337333794,0.988889375496334,0.834253413754926,-0.678851619216578,0.725274725274725,14,0,0.838,0,-0.670653862674359,1,3,0,3.498,0,-1.06585099341463,1,18,2000,1000,950402
1,4,"Boruta",20,"Urinary bladder cancer treated with anti-PD-L1","MONDO_0004986",0.410506702199149,0.0430094000198945,9.54458099878782,2.49858130813203,0.0639360639360639,1,9,1.03614063125745,0.988889375496334,1.0477821452348,0.195702291052479,0.412587412587413,16,0,0.838,0,-0.670653862674359,1,3,0,2.878,0,-1.00841263858448,1,17,2000,1000,950402
1,4,"RF_importance",20,"Urinary bladder cancer treated with anti-PD-L1","MONDO_0004986",0,0.0430094000198945,0,-0.292417066265331,1,0,9,1.10109413779258,0.988889375496334,1.113465434129,0.464722655401735,0.316683316683317,14,1,0.838,1.19331742243437,0.12964907607786,0.491508491508492,3,2,2.654,0.753579502637528,-0.25155626753257,0.702297702297702,16,2000,1000,950402
1,4,"GS_full_ungrouped",50,"Urinary bladder cancer treated with anti-PD-L1","MONDO_0004986",0.410506702199149,0.109568172350943,3.74658711002599,1.2505756519985,0.158841158841159,1,9,0.906018104449086,0.989041512525889,0.916056700325175,-0.535814651962022,0.679320679320679,38,13,5.306,2.4500565397663,1.88179347162674,0.0619380619380619,11,30,22.698,1.32170235263019,0.729379832155532,0.240759240759241,46,2000,1000,950403
1,4,"DGE",50,"Urinary bladder cancer treated with anti-PD-L1","MONDO_0004986",0,0.109568172350943,0,-0.455319857663888,1,0,9,1.15406908013737,0.989041512525889,1.16685605762898,1.0650513000151,0.162837162837163,42,13,5.306,2.4500565397663,1.88179347162674,0.0619380619380619,12,54,23.568,2.29124236252546,2.99988997354161,0.011988011988012,47,2000,1000,950403
1,4,"LASSO",50,"Urinary bladder cancer treated with anti-PD-L1","MONDO_0004986",0,0.109568172350943,0,-0.455319857663888,1,0,9,0.679272178737624,0.989041512525889,0.686798450959705,-1.99918253920297,0.986013986013986,43,8,5.306,1.50772710139465,0.658896752347599,0.235764235764236,9,156,25.156,6.20130386388933,12.6099056771859,0.000999000999000999,48,2000,1000,950403
1,4,"ElasticNet",50,"Urinary bladder cancer treated with anti-PD-L1","MONDO_0004986",0.410506702199149,0.109568172350943,3.74658711002599,1.2505756519985,0.158841158841159,1,9,0.898922556007206,0.989041512525889,0.90888253387006,-0.581607747029245,0.702297702297702,39,3,5.306,0.565397663022993,-0.563999966931538,0.738261738261738,10,30,22.698,1.32170235263019,0.729379832155532,0.240759240759241,46,2000,1000,950403
1,4,"mRMR",50,"Urinary bladder cancer treated with anti-PD-L1","MONDO_0004986",0.911899959143112,0.109568172350943,8.32267199111736,3.33415796871489,0.010989010989011,2,9,0.821341035354796,0.989041512525889,0.830441417223422,-1.08230166516618,0.864135864135864,37,2,5.306,0.376931775348662,-0.808579310787366,0.857142857142857,8,16,21.484,0.744740271830199,-0.564587014268877,0.723276723276723,45,2000,1000,950403
1,4,"Boruta",50,"Urinary bladder cancer treated with anti-PD-L1","MONDO_0004986",1.05690391626617,0.109568172350943,9.6460851138499,3.93673424338799,0.00999000999000999,2,9,0.916557442098295,0.989041512525889,0.926712812850011,-0.467796105563672,0.659340659340659,41,3,5.306,0.565397663022993,-0.563999966931538,0.738261738261738,8,8,18.816,0.425170068027211,-1.23071795483853,0.941058941058941,42,2000,1000,950403
1,4,"RF_importance",50,"Urinary bladder cancer treated with anti-PD-L1","MONDO_0004986",0.410506702199149,0.109568172350943,3.74658711002599,1.2505756519985,0.158841158841159,1,9,0.911781115782127,0.989041512525889,0.92188356528489,-0.498621455691281,0.664335664335664,40,1,5.306,0.188465887674331,-1.05315865464319,0.962037962037962,6,10,18.24,0.548245614035088,-0.905936975050995,0.875124875124875,41,2000,1000,950403
1,4,"GS_full_ungrouped",100,"Urinary bladder cancer treated with anti-PD-L1","MONDO_0004986",0.911899959143112,0.242398463180537,3.76198737887184,1.92348537216571,0.050949050949051,2,9,0.986983370177945,0.985488811272785,1.00151656608179,0.0136632144448568,0.491508491508492,75,27,22.199,1.21627100319834,0.418055109769841,0.30969030969031,20,72,87.804,0.820008200082001,-0.633377160329352,0.732267732267732,90,2000,1000,950404
1,4,"DGE",100,"Urinary bladder cancer treated with anti-PD-L1","MONDO_0004986",0,0.242398463180537,0,-0.696413527042027,1,0,9,1.07214438814054,0.985488811272785,1.08793156845265,0.792202786721184,0.208791208791209,87,39,22.199,1.75683589350872,1.46297519251054,0.0809190809190809,27,218,99.39,2.1933796156555,4.37214183095559,0.000999000999000999,95,2000,1000,950404
1,4,"LASSO",100,"Urinary bladder cancer treated with anti-PD-L1","MONDO_0004986",0,0.242398463180537,0,-0.696413527042027,1,0,9,0.833312536627659,0.985488811272785,0.845582950405509,-1.39119111780531,0.92007992007992,90,22,22.199,0.991035632235686,-0.0173282580387831,0.458541458541459,20,604,99.152,6.09165725350976,19.603121885467,0.000999000999000999,96,2000,1000,950404
1,4,"ElasticNet",100,"Urinary bladder cancer treated with anti-PD-L1","MONDO_0004986",0.410506702199149,0.242398463180537,1.69352023446372,0.482976872557895,0.32967032967033,1,9,0.758934258458599,0.985488811272785,0.770109462205274,-2.07115519359669,0.984015984015984,85,20,22.199,0.900941483850624,-0.191481605162233,0.541458541458541,20,374,99.39,3.76295401951907,10.1225349312766,0.000999000999000999,95,2000,1000,950404
1,4,"mRMR",100,"Urinary bladder cancer treated with anti-PD-L1","MONDO_0004986",0.911899959143112,0.242398463180537,3.76198737887184,1.92348537216571,0.050949050949051,2,9,0.91732182812658,0.985488811272785,0.930829267297144,-0.623180595672589,0.72027972027972,77,16,22.199,0.720753187080499,-0.539788299409132,0.69030969030969,18,58,84.162,0.689147121028493,-1.10634377867846,0.888111888111888,88,2000,1000,950404
1,4,"Boruta",100,"Urinary bladder cancer treated with anti-PD-L1","MONDO_0004986",1.05690391626617,0.242398463180537,4.36019231474663,2.34008338145221,0.03996003996004,2,9,1.0607069510367,0.985488811272785,1.07632571664286,0.687642066290676,0.245754245754246,87,17,22.199,0.76580026127303,-0.452711625847407,0.653346653346653,21,66,87.804,0.7516741834085,-0.873839256126373,0.815184815184815,90,2000,1000,950404
1,4,"RF_importance",100,"Urinary bladder cancer treated with anti-PD-L1","MONDO_0004986",0.911899959143112,0.242398463180537,3.76198737887184,1.92348537216571,0.050949050949051,2,9,0.866273160110337,0.985488811272785,0.879028914586582,-1.08986604769593,0.853146853146853,83,15,22.199,0.675706112887968,-0.626864972970857,0.726273726273726,19,76,85.65,0.88733216579101,-0.413153283540245,0.644355644355644,89,2000,1000,950404
1,4,"GS_full_ungrouped",200,"Urinary bladder cancer treated with anti-PD-L1","MONDO_0004986",0.911899959143112,0.455616239149039,2.0014650067045,0.973321401422153,0.145854145854146,2,9,1.00117819378561,0.985559280198083,1.0158477667466,0.204154904015844,0.3996003996004,158,71,88.72,0.800270513976556,-0.58027475876614,0.707292707292707,37,420,330.246,1.27177921912756,1.45323789254575,0.0939060939060939,175,2000,1000,950405
1,4,"DGE",200,"Urinary bladder cancer treated with anti-PD-L1","MONDO_0004986",0.646397214067022,0.455616239149039,1.4187317275484,0.406964346381387,0.305694305694306,1,9,1.10524039196628,0.985559280198083,1.12143471648315,1.56435245951197,0.0609390609390609,166,160,88.72,1.8034265103697,2.33419778808412,0.020979020979021,52,522,375.052,1.39180700276228,2.23608531455776,0.022977022977023,185,2000,1000,950405
1,4,"LASSO",200,"Urinary bladder cancer treated with anti-PD-L1","MONDO_0004986",0,0.455616239149039,0,-0.971897564973375,1,0,9,0.893808083670038,0.985559280198083,0.90690443652501,-1.19928038628027,0.894105894105894,173,76,88.72,0.856627592425609,-0.416540346021744,0.635364635364635,43,1480,391.398,3.7813172269659,16.0351144988298,0.000999000999000999,189,2000,1000,950405
1,4,"ElasticNet",200,"Urinary bladder cancer treated with anti-PD-L1","MONDO_0004986",0.410506702199149,0.455616239149039,0.900992253844724,-0.0962253874018145,0.535464535464535,1,9,0.887768102694911,0.985559280198083,0.90077595587805,-1.27822901028825,0.902097902097902,170,71,88.72,0.800270513976556,-0.58027475876614,0.707292707292707,41,1314,391.398,3.35719651096838,13.5899334254845,0.000999000999000999,189,2000,1000,950405
1,4,"mRMR",200,"Urinary bladder cancer treated with anti-PD-L1","MONDO_0004986",1.55829717321013,0.455616239149039,3.42019673425291,2.35218331277691,0.027972027972028,3,9,0.922360514551049,0.985559280198083,0.935875226466,-0.826071407738466,0.796203796203796,155,92,88.72,1.03697024346258,0.107409774760325,0.401598401598402,42,286,310.778,0.920271061658161,-0.416963537576649,0.643356643356643,168,2000,1000,950405
1,4,"Boruta",200,"Urinary bladder cancer treated with anti-PD-L1","MONDO_0004986",1.05690391626617,0.455616239149039,2.31972398139313,1.28263652395295,0.120879120879121,2,9,1.09391644052856,0.985559280198083,1.10994484300194,1.41633702899611,0.0779220779220779,163,73,88.72,0.822813345356177,-0.514780993668382,0.678321678321678,42,308,333.418,0.923765363597646,-0.411364988540216,0.636363636363636,174,2000,1000,950405
1,4,"RF_importance",200,"Urinary bladder cancer treated with anti-PD-L1","MONDO_0004986",0.911899959143112,0.455616239149039,2.0014650067045,0.973321401422153,0.145854145854146,2,9,0.912777492836524,0.985559280198083,0.926151791349444,-0.951331136422389,0.839160839160839,166,75,88.72,0.845356176735798,-0.449287228570623,0.648351648351648,41,308,365.114,0.843572144590457,-0.860079920822601,0.814185814185814,182,2000,1000,950405
1,4,"GS_full_ungrouped",500,"Urinary bladder cancer treated with anti-PD-L1","MONDO_0004986",2.5657671298355,1.10633245016645,2.31916466831419,2.22821899278183,0.025974025974026,5,9,1.01535798180825,0.982736568025052,1.03319446415711,0.764834591141942,0.215784215784216,421,672,554.249,1.21245144330436,1.1477691384631,0.132867132867133,119,3288,2305.29,1.4262847624377,4.3974727938138,0.000999000999000999,457,2000,1000,950406
1,4,"DGE",500,"Urinary bladder cancer treated with anti-PD-L1","MONDO_0004986",1.96880387540928,1.10633245016645,1.779577083826,1.3167942609761,0.0999000999000999,4,9,1.07635546530393,0.982736568025052,1.09526347174301,2.19496835726788,0.020979020979021,417,809,554.249,1.45963276433516,2.48316647665509,0.016983016983017,134,2726,2260.256,1.20605807483754,2.03761638664167,0.031968031968032,454,2000,1000,950406
1,4,"LASSO",500,"Urinary bladder cancer treated with anti-PD-L1","MONDO_0004986",0.646397214067022,1.10633245016645,0.584270319441296,-0.702214660788198,0.756243756243756,1,9,0.949693872619041,0.982736568025052,0.966376853694968,-0.774711868683781,0.795204795204795,432,641,554.249,1.15651990350907,0.845598937850317,0.184815184815185,111,5320,2438.886,2.18132376831061,12.1375105023437,0.000999000999000999,471,2000,1000,950406
1,4,"ElasticNet",500,"Urinary bladder cancer treated with anti-PD-L1","MONDO_0004986",1.05690391626617,1.10633245016645,0.955322169305582,-0.0754659318133599,0.488511488511489,2,9,0.943251688480976,0.982736568025052,0.959821501683379,-0.925753920510382,0.829170829170829,428,621,554.249,1.12043503912501,0.650650421325939,0.236763236763237,111,5044,2416.492,2.08732327688236,11.8045366188918,0.000999000999000999,469,2000,1000,950406
1,4,"mRMR",500,"Urinary bladder cancer treated with anti-PD-L1","MONDO_0004986",1.55829717321013,1.10633245016645,1.40852523396172,0.69004553200126,0.244755244755245,3,9,0.932284556733893,0.982736568025052,0.948661713695512,-1.18288691240117,0.892107892107892,420,606,554.249,1.09337139083697,0.504439033932655,0.280719280719281,109,4112,2237.124,1.83807424174968,8.65293467067773,0.000999000999000999,452,2000,1000,950406
1,4,"Boruta",500,"Urinary bladder cancer treated with anti-PD-L1","MONDO_0004986",1.05690391626617,1.10633245016645,0.955322169305582,-0.0754659318133599,0.488511488511489,2,9,0.970674541886947,0.982736568025052,0.987726083947048,-0.282803648272108,0.606393606393606,420,520,554.249,0.938206473985519,-0.333839587122172,0.619380619380619,111,2478,2260.256,1.09633599025951,0.952623635501272,0.171828171828172,454,2000,1000,950406
1,4,"RF_importance",500,"Urinary bladder cancer treated with anti-PD-L1","MONDO_0004986",1.96880387540928,1.10633245016645,1.779577083826,1.3167942609761,0.0999000999000999,4,9,0.958387140655675,0.982736568025052,0.97522283370577,-0.570891392088989,0.725274725274725,415,465,554.249,0.838973096929358,-0.869948007564212,0.817182817182817,96,1892,2316.916,0.816602759875628,-1.82873837506793,0.977022977022977,459,2000,1000,950406
1,5,"GS_full_ungrouped",10,"Urinary bladder cancer treated with anti-PD-L1","MONDO_0004986",0,0.017183908573839,0,-0.165786417052782,1,0,6,1.17243179133927,0.988175007392912,1.18646169207667,0.523956477765243,0.25974025974026,10,0,0.183,0,-0.394002622750676,1,3,0,0.98,0,-0.65687160253175,1,10,2000,1000,950501
1,5,"DGE",10,"Urinary bladder cancer treated with anti-PD-L1","MONDO_0004986",0,0.017183908573839,0,-0.165786417052782,1,0,6,1.89604252114188,0.988175007392912,1.91873150702747,2.58163121375164,0.015984015984016,10,4,0.183,21.8579234972678,8.21807656305645,0.000999000999000999,5,10,0.98,10.2040816326531,6.04589985187386,0.000999000999000999,10,2000,1000,950501
1,5,"LASSO",10,"Urinary bladder cancer treated with anti-PD-L1","MONDO_0004986",0,0.017183908573839,0,-0.165786417052782,1,0,6,0.948543424805012,0.988175007392912,0.959894166224201,-0.112697204283474,0.508491508491508,9,1,0.183,5.46448087431694,1.7590171737011,0.156843156843157,3,10,0.849999999999999,11.764705882353,6.32677879614825,0.002997002997003,9,2000,1000,950501
1,5,"ElasticNet",10,"Urinary bladder cancer treated with anti-PD-L1","MONDO_0004986",0,0.017183908573839,0,-0.165786417052782,1,0,6,0.757315707723427,0.988175007392912,0.766378123366469,-0.656476374565355,0.732267732267732,9,0,0.183,0,-0.394002622750676,1,2,0,0.98,0,-0.65687160253175,1,10,2000,1000,950501
1,5,"mRMR",10,"Urinary bladder cancer treated with anti-PD-L1","MONDO_0004986",0,0.017183908573839,0,-0.165786417052782,1,0,6,1.09152963752582,0.988175007392912,1.10459142293589,0.293901406533482,0.361638361638362,9,0,0.183,0,-0.394002622750676,1,3,0,0.98,0,-0.65687160253175,1,10,2000,1000,950501
1,5,"Boruta",10,"Urinary bladder cancer treated with anti-PD-L1","MONDO_0004986",0,0.017183908573839,0,-0.165786417052782,1,0,6,1.15611414058144,0.988175007392912,1.16994877621081,0.477555261846043,0.281718281718282,9,0,0.183,0,-0.394002622750676,1,1,2,0.98,2.04081632653061,0.683682688349373,0.373626373626374,10,2000,1000,950501
1,5,"RF_importance",10,"Urinary bladder cancer treated with anti-PD-L1","MONDO_0004986",0,0.017183908573839,0,-0.165786417052782,1,0,6,1.3812111557058,0.988175007392912,1.39773941394231,1.11764588252228,0.122877122877123,9,0,0.183,0,-0.394002622750676,1,1,2,0.98,2.04081632653061,0.683682688349373,0.373626373626374,10,2000,1000,950501
1,5,"GS_full_ungrouped",20,"Urinary bladder cancer treated with anti-PD-L1","MONDO_0004986",0,0.031731378854458,0,-0.245985719945007,1,0,6,1.14993110285478,0.995783509566439,1.1548003073032,0.610452204913859,0.253746253746254,20,1,0.731,1.36798905608755,0.257450958086938,0.460539460539461,6,6,4.234,1.41709966934341,0.480809342517877,0.31968031968032,20,2000,1000,950502
1,5,"DGE",20,"Urinary bladder cancer treated with anti-PD-L1","MONDO_0004986",0,0.031731378854458,0,-0.245985719945007,1,0,6,1.45679580160623,0.995783509566439,1.4629643769061,1.8256916255686,0.045954045954046,18,11,0.731,15.0478796169631,9.82811854496193,0.000999000999000999,9,30,3.892,7.70811921891058,7.55682292362725,0.000999000999000999,19,2000,1000,950502
1,5,"LASSO",20,"Urinary bladder cancer treated with anti-PD-L1","MONDO_0004986",0,0.031731378854458,0,-0.245985719945007,1,0,6,0.922282187257024,0.995783509566439,0.926187447770231,-0.291078461302578,0.578421578421578,18,1,0.731,1.36798905608755,0.257450958086938,0.460539460539461,3,58,3.892,14.9023638232271,15.6612752700943,0.000999000999000999,19,2000,1000,950502
1,5,"ElasticNet",20,"Urinary bladder cancer treated with anti-PD-L1","MONDO_0004986",0.410506702199149,0.031731378854458,12.9369323684929,2.93631490259858,0.0579420579420579,1,6,1.13070853578844,0.995783509566439,1.13549634526559,0.534327380650105,0.272727272727273,18,1,0.731,1.36798905608755,0.257450958086938,0.460539460539461,4,6,3.892,1.54162384378212,0.610149483798308,0.293706293706294,19,2000,1000,950502
1,5,"mRMR",20,"Urinary bladder cancer treated with anti-PD-L1","MONDO_0004986",0.410506702199149,0.031731378854458,12.9369323684929,2.93631490259858,0.0579420579420579,1,6,0.880812098806114,0.995783509566439,0.884541760678098,-0.455307473204674,0.663336663336663,18,0,0.731,0,-0.699615800600561,1,4,2,3.892,0.513874614594039,-0.547629422839848,0.815184815184815,19,2000,1000,950502
1,5,"Boruta",20,"Urinary bladder cancer treated with anti-PD-L1","MONDO_0004986",0,0.031731378854458,0,-0.245985719945007,1,0,6,0.902374911735056,0.995783509566439,0.906195877985514,-0.369914854248923,0.616383616383616,18,1,0.731,1.36798905608755,0.257450958086938,0.460539460539461,3,2,3.606,0.554631170271769,-0.476406282616038,0.768231768231768,18,2000,1000,950502
1,5,"RF_importance",20,"Urinary bladder cancer treated with anti-PD-L1","MONDO_0004986",0,0.031731378854458,0,-0.245985719945007,1,0,6,1.02733950730898,0.995783509566439,1.03168961670824,0.124967428872911,0.40959040959041,17,1,0.731,1.36798905608755,0.257450958086938,0.460539460539461,3,4,3.892,1.02774922918808,0.0312600304792301,0.521478521478521,19,2000,1000,950502
1,5,"GS_full_ungrouped",50,"Urinary bladder cancer treated with anti-PD-L1","MONDO_0004986",0.410506702199149,0.0829939923253317,4.94622189748369,1.50679363456258,0.11988011988012,1,6,1.03161344264633,0.97920091778572,1.05352581263826,0.340546546010485,0.346653346653347,46,16,5.458,2.93147673140344,2.51343425061422,0.025974025974026,17,52,26.566,1.95738914401867,2.27015852999057,0.033966033966034,49,2000,1000,950503
1,5,"DGE",50,"Urinary bladder cancer treated with anti-PD-L1","MONDO_0004986",0.410506702199149,0.0829939923253317,4.94622189748369,1.50679363456258,0.11988011988012,1,6,1.08893881381995,0.97920091778572,1.11206882473352,0.71301395153729,0.227772227772228,46,23,5.458,4.21399780139245,4.18238129617478,0.002997002997003,18,86,26.566,3.23722050741549,5.30489117211055,0.000999000999000999,49,2000,1000,950503
1,5,"LASSO",50,"Urinary bladder cancer treated with anti-PD-L1","MONDO_0004986",0,0.0829939923253317,0,-0.381831958188512,1,0,6,0.753675469963876,0.97920091778572,0.769684194810777,-1.46533509876586,0.938061938061938,45,9,5.458,1.64895566141444,0.844487205053647,0.192807192807193,12,192,24.168,7.94438927507448,16.1079094610389,0.000999000999000999,47,2000,1000,950503
1,5,"ElasticNet",50,"Urinary bladder cancer treated with anti-PD-L1","MONDO_0004986",0.410506702199149,0.0829939923253317,4.94622189748369,1.50679363456258,0.11988011988012,1,6,0.979445068198824,0.97920091778572,1.00024933638099,0.00158634944816409,0.475524475524476,43,10,5.458,1.83217295712715,1.0829082115623,0.148851148851149,12,70,24.168,2.89639192320424,4.39878989953247,0.001998001998002,47,2000,1000,950503
1,5,"mRMR",50,"Urinary bladder cancer treated with anti-PD-L1","MONDO_0004986",0.410506702199149,0.0829939923253317,4.94622189748369,1.50679363456258,0.11988011988012,1,6,0.739034812455673,0.97920091778572,0.754732556957629,-1.56046169987886,0.954045954045954,42,4,5.458,0.732869182850861,-0.347617827489616,0.617382617382617,14,16,22.44,0.71301247771836,-0.650696442386969,0.756243756243756,45,2000,1000,950503
1,5,"Boruta",50,"Urinary bladder cancer treated with anti-PD-L1","MONDO_0004986",0.410506702199149,0.0829939923253317,4.94622189748369,1.50679363456258,0.11988011988012,1,6,1.08853287987162,0.97920091778572,1.1116542683938,0.710376425404412,0.228771228771229,42,4,5.458,0.732869182850861,-0.347617827489616,0.617382617382617,8,22,21.552,1.02078693392725,0.0464303811627004,0.478521478521479,44,2000,1000,950503
1,5,"RF_importance",50,"Urinary bladder cancer treated with anti-PD-L1","MONDO_0004986",0,0.0829939923253317,0,-0.381831958188512,1,0,6,0.986486686640339,0.97920091778572,1.00744052494466,0.0473387501378646,0.464535464535465,42,4,5.458,0.732869182850861,-0.347617827489616,0.617382617382617,10,18,22.44,0.802139037433155,-0.448616801894122,0.671328671328671,45,2000,1000,950503
1,5,"GS_full_ungrouped",100,"Urinary bladder cancer treated with anti-PD-L1","MONDO_0004986",0.410506702199149,0.158657774013881,2.5873721268977,0.875821927578498,0.231768231768232,1,6,0.910181591928935,0.99136629487961,0.918108267983295,-0.721162178249296,0.765234765234765,87,48,20.848,2.30237912509593,2.65676490638163,0.018981018981019,28,138,96.758,1.42623865726865,1.54311486883386,0.0799200799200799,94,2000,1000,950504
1,5,"DGE",100,"Urinary bladder cancer treated with anti-PD-L1","MONDO_0004986",0.410506702199149,0.158657774013881,2.5873721268977,0.875821927578498,0.231768231768232,1,6,1.21181647951566,0.99136629487961,1.22237006218052,1.95825481364616,0.032967032967033,87,38,20.848,1.82271680736761,1.67828637574609,0.0709290709290709,29,220,101.516,2.16714606564482,4.51288854981206,0.001998001998002,96,2000,1000,950504
1,5,"LASSO",100,"Urinary bladder cancer treated with anti-PD-L1","MONDO_0004986",0,0.158657774013881,0,-0.551743294932469,1,0,6,0.924494792046023,0.99136629487961,0.932546120259507,-0.59401829277584,0.708291708291708,89,28,20.848,1.34305448963929,0.699807845110543,0.226773226773227,24,700,101.23,6.91494616220488,21.6357811147285,0.000999000999000999,95,2000,1000,950504
1,5,"ElasticNet",100,"Urinary bladder cancer treated with anti-PD-L1","MONDO_0004986",0.410506702199149,0.158657774013881,2.5873721268977,0.875821927578498,0.231768231768232,1,6,0.879151907575499,0.99136629487961,0.886808349362192,-0.996798276496864,0.832167832167832,89,32,20.848,1.53491941673062,1.09119925736476,0.153846153846154,24,502,101.23,4.95900424775264,14.4813066742652,0.000999000999000999,95,2000,1000,950504
1,5,"mRMR",100,"Urinary bladder cancer treated with anti-PD-L1","MONDO_0004986",0.410506702199149,0.158657774013881,2.5873721268977,0.875821927578498,0.231768231768232,1,6,0.800142030255844,0.99136629487961,0.807110383304903,-1.69864151986835,0.969030969030969,80,14,20.848,0.671527244819647,-0.670062097779222,0.75024975024975,22,76,83.026,0.915375906342591,-0.283023221394055,0.59040959040959,86,2000,1000,950504
1,5,"Boruta",100,"Urinary bladder cancer treated with anti-PD-L1","MONDO_0004986",0.410506702199149,0.158657774013881,2.5873721268977,0.875821927578498,0.231768231768232,1,6,0.950409162782003,0.99136629487961,0.958686176533185,-0.363821428481421,0.633366633366633,82,16,20.848,0.767459708365311,-0.474366391652113,0.654345654345654,18,88,86.87,1.01300794290319,0.046757845330586,0.465534465534466,88,2000,1000,950504
1,5,"RF_importance",100,"Urinary bladder cancer treated with anti-PD-L1","MONDO_0004986",0,0.158657774013881,0,-0.551743294932469,1,0,6,1.03180390055862,0.99136629487961,1.04078977254711,0.359206485147533,0.35964035964036,83,26,20.848,1.24712202609363,0.504112138983433,0.27972027972028,22,82,88.76,0.92383956737269,-0.264710659539312,0.578421578421578,89,2000,1000,950504
1,5,"GS_full_ungrouped",200,"Urinary bladder cancer treated with anti-PD-L1","MONDO_0004986",0.410506702199149,0.316586517720721,1.29666514276922,0.228274848947471,0.403596403596404,1,6,0.92069465306183,0.983640629222611,0.936007140930597,-0.831638768950325,0.804195804195804,167,94,84.991,1.10599945876622,0.317207389616697,0.333666333666334,46,422,370.3,1.13961652714016,0.785720131437663,0.206793206793207,182,2000,1000,950505
1,5,"DGE",200,"Urinary bladder cancer treated with anti-PD-L1","MONDO_0004986",1.05690391626617,0.316586517720721,3.33843627920544,1.79935594531294,0.0799200799200799,2,6,1.18892132798833,0.983640629222611,1.20869481461736,2.71215728190025,0.00799200799200799,168,94,84.991,1.10599945876622,0.317207389616697,0.333666333666334,47,554,367.238,1.50855848250998,2.81347791500761,0.011988011988012,181,2000,1000,950505
1,5,"LASSO",200,"Urinary bladder cancer treated with anti-PD-L1","MONDO_0004986",0,0.316586517720721,0,-0.76946973552956,1,0,6,0.913785623226714,0.983640629222611,0.928983203905369,-0.922920490470378,0.827172827172827,174,68,84.991,0.800084714852161,-0.598254052278533,0.71028971028971,44,1582,405.068,3.90551709836373,17.2655440018448,0.000999000999000999,191,2000,1000,950505
1,5,"ElasticNet",200,"Urinary bladder cancer treated with anti-PD-L1","MONDO_0004986",0.410506702199149,0.316586517720721,1.29666514276922,0.228274848947471,0.403596403596404,1,6,0.924121615147258,0.983640629222611,0.939491098367508,-0.786361934690331,0.79020979020979,175,81,84.991,0.953042086809191,-0.140523331330918,0.519480519480519,46,1466,415.664,3.52688710112014,14.7890954734355,0.000999000999000999,192,2000,1000,950505
1,5,"mRMR",200,"Urinary bladder cancer treated with anti-PD-L1","MONDO_0004986",0.410506702199149,0.316586517720721,1.29666514276922,0.228274848947471,0.403596403596404,1,6,0.925169318921093,0.983640629222611,0.940556226975161,-0.772519730154956,0.788211788211788,161,99,84.991,1.16482921721123,0.493257666904241,0.278721278721279,46,276,337.55,0.817656643460228,-0.999434583042077,0.86013986013986,174,2000,1000,950505
1,5,"Boruta",200,"Urinary bladder cancer treated with anti-PD-L1","MONDO_0004986",0.410506702199149,0.316586517720721,1.29666514276922,0.228274848947471,0.403596403596404,1,6,0.934860902158431,0.983640629222611,0.950408995302754,-0.644475066392935,0.751248751248751,169,46,84.991,0.541233777694109,-1.37287527234373,0.948051948051948,34,334,367.238,0.909491937108905,-0.500714165296061,0.68031968031968,181,2000,1000,950505
1,5,"RF_importance",200,"Urinary bladder cancer treated with anti-PD-L1","MONDO_0004986",0.843566419270114,0.316586517720721,2.66456836299728,1.28083497804639,0.0939060939060939,2,6,0.953861513279726,0.983640629222611,0.969725614154003,-0.393440039120401,0.659340659340659,169,75,84.991,0.882446376675177,-0.351783664075971,0.605394605394605,41,310,367.238,0.844139223065151,-0.862262392238279,0.819180819180819,181,2000,1000,950505
1,5,"GS_full_ungrouped",500,"Urinary bladder cancer treated with anti-PD-L1","MONDO_0004986",0.843566419270114,0.768707235747173,1.09738321696709,0.130073953441632,0.375624375624376,2,6,0.990348565345206,0.986686929391163,1.00371104130902,0.0837977665811665,0.473526473526474,420,749,539.27,1.38891464387042,2.16283186524804,0.01998001998002,121,3048,2313.888,1.31726341119363,3.19502600622283,0.003996003996004,454,2000,1000,950506
1,5,"DGE",500,"Urinary bladder cancer treated with anti-PD-L1","MONDO_0004986",1.91535717079244,0.768707235747173,2.49166012979016,1.9923980364977,0.024975024975025,4,6,1.17402105438925,0.986686929391163,1.18986176812302,4.28720426506185,0.000999000999000999,416,675,539.27,1.25169210228642,1.39970995599159,0.0839160839160839,122,2732,2315.81,1.1797168161464,1.77114518615545,0.042957042957043,456,2000,1000,950506
1,5,"LASSO",500,"Urinary bladder cancer treated with anti-PD-L1","MONDO_0004986",0.646397214067022,0.768707235747173,0.840888681682217,-0.212523665324155,0.575424575424575,1,6,0.982121849887461,0.986686929391163,0.99537332524865,-0.104473375146223,0.548451548451548,433,700,539.27,1.29805106903777,1.65752141182147,0.0559440559440559,119,5722,2483.728,2.30379494050878,13.3325658006248,0.000999000999000999,470,2000,1000,950506
1,5,"ElasticNet",500,"Urinary bladder cancer treated with anti-PD-L1","MONDO_0004986",1.05690391626617,0.768707235747173,1.3749108465707,0.500765301459281,0.315684315684316,2,6,0.990355202038963,0.986686929391163,1.0037177675497,0.0839496495431393,0.473526473526474,430,702,539.27,1.30175978637788,1.67814632828786,0.051948051948052,119,5630,2466.14,2.28291986667424,14.0482369076925,0.000999000999000999,469,2000,1000,950506
1,5,"mRMR",500,"Urinary bladder cancer treated with anti-PD-L1","MONDO_0004986",1.05690391626617,0.768707235747173,1.3749108465707,0.500765301459281,0.315684315684316,2,6,0.947188167876691,0.986686929391163,0.95996829355098,-0.903942401477763,0.812187812187812,423,605,539.27,1.12188699538265,0.677837879667924,0.261738261738262,111,4470,2334.624,1.91465520786217,9.4441024904249,0.000999000999000999,457,2000,1000,950506
1,5,"Boruta",500,"Urinary bladder cancer treated with anti-PD-L1","MONDO_0004986",1.48996363333714,0.768707235747173,1.93827189864931,1.25324197599411,0.116883116883117,3,6,0.918038244645745,0.986686929391163,0.930425059154501,-1.57104816879706,0.944055944055944,423,382,539.27,0.708365011960613,-1.62184030633462,0.958041958041958,106,2046,2415.726,0.846950357780642,-1.57793397691653,0.956043956043956,463,2000,1000,950506
1,5,"RF_importance",500,"Urinary bladder cancer treated with anti-PD-L1","MONDO_0004986",1.65986557560009,0.768707235747173,2.15929485038179,1.54846049545314,0.0759240759240759,3,6,1.00745075536428,0.986686929391163,1.02104398604523,0.475187119655215,0.316683316683317,427,527,539.27,0.977247019118438,-0.126533862521305,0.543456543456543,101,1828,2372.404,0.770526436475406,-2.3796878556112,0.997002997002997,461,2000,1000,950506
2,1,"GS_full_ungrouped",10,"Urinary bladder cancer treated with anti-PD-L1","MONDO_0004986",0,0.0254870238694678,0,-0.217599124566287,1,0,9,0.932758231435113,0.98305966104661,0.948831763111972,-0.143827612783044,0.521478521478521,7,0,0.202,0,-0.393545065407201,1,2,0,0.638,0,-0.523295054161639,1,8,2000,1000,960101
2,1,"DGE",10,"Urinary bladder cancer treated with anti-PD-L1","MONDO_0004986",0,0.0254870238694678,0,-0.217599124566287,1,0,9,1.18523139660649,0.98305966104661,1.20565561132337,0.578072597983113,0.250749250749251,9,4,0.202,19.8019801980198,7.3994265268146,0.002997002997003,4,6,0.734,8.17438692098093,4.068965060907,0.012987012987013,9,2000,1000,960101
2,1,"LASSO",10,"Urinary bladder cancer treated with anti-PD-L1","MONDO_0004986",0,0.0254870238694678,0,-0.217599124566287,1,0,9,0.907953247838564,0.98305966104661,0.923599333606991,-0.214752864875655,0.545454545454545,9,0,0.202,0,-0.393545065407201,1,4,2,0.734,2.72479564032698,0.978220616617598,0.291708291708292,9,2000,1000,960101
2,1,"ElasticNet",10,"Urinary bladder cancer treated with anti-PD-L1","MONDO_0004986",0,0.0254870238694678,0,-0.217599124566287,1,0,9,0.975706126693094,0.98305966104661,0.99251974763598,-0.0210260682400683,0.466533466533467,9,0,0.202,0,-0.393545065407201,1,3,0,0.734,0,-0.567151605527106,1,9,2000,1000,960101
2,1,"mRMR",10,"Urinary bladder cancer treated with anti-PD-L1","MONDO_0004986",0.501393256943963,0.0254870238694678,19.6724913631288,4.06311777408837,0.021978021978022,1,9,1.12592187410329,0.98305966104661,1.14532405175143,0.40848801355238,0.308691308691309,8,0,0.202,0,-0.393545065407201,1,1,0,0.734,0,-0.567151605527106,1,9,2000,1000,960101
2,1,"Boruta",10,"Urinary bladder cancer treated with anti-PD-L1","MONDO_0004986",0,0.0254870238694678,0,-0.217599124566287,1,0,9,0.830146863119925,0.98305966104661,0.844452169094308,-0.437225797748385,0.637362637362637,9,0,0.202,0,-0.393545065407201,1,2,0,0.734,0,-0.567151605527106,1,9,2000,1000,960101
2,1,"RF_importance",10,"Urinary bladder cancer treated with anti-PD-L1","MONDO_0004986",0,0.0254870238694678,0,-0.217599124566287,1,0,9,1.4234860805538,0.98305966104661,1.44801596175586,1.25931769759927,0.0999000999000999,10,1,0.202,4.95049504950495,1.55469783264825,0.163836163836164,2,2,0.964000000000001,2.0746887966805,0.69580036863976,0.368631368631369,10,2000,1000,960101
2,1,"GS_full_ungrouped",20,"Urinary bladder cancer treated with anti-PD-L1","MONDO_0004986",0.501393256943963,0.0474394786629256,10.5691139758626,2.78872121292352,0.046953046953047,1,9,1.14345850374404,0.986749198235097,1.1588137145581,0.615555591123704,0.257742257742258,17,2,0.795,2.51572327044025,1.00823462679454,0.178821178821179,5,2,3.35,0.597014925373134,-0.43320859900755,0.772227772227772,18,2000,1000,960102
2,1,"DGE",20,"Urinary bladder cancer treated with anti-PD-L1","MONDO_0004986",0,0.0474394786629256,0,-0.291429407148653,1,0,9,1.54486255763444,0.986749198235097,1.56560812048045,2.19227440095758,0.023976023976024,17,6,0.795,7.54716981132075,4.35507156221208,0.010989010989011,6,20,3.35,5.97014925373134,5.34290605442645,0.004995004995005,18,2000,1000,960102
2,1,"LASSO",20,"Urinary bladder cancer treated with anti-PD-L1","MONDO_0004986",0,0.0474394786629256,0,-0.291429407148653,1,0,9,0.991993203357772,0.986749198235097,1.00531442552176,0.0205985002783343,0.463536463536464,18,2,0.795,2.51572327044025,1.00823462679454,0.178821178821179,6,38,3.67,10.3542234332425,10.6940266690878,0.000999000999000999,19,2000,1000,960102
2,1,"ElasticNet",20,"Urinary bladder cancer treated with anti-PD-L1","MONDO_0004986",0,0.0474394786629256,0,-0.291429407148653,1,0,9,1.23124489235556,0.986749198235097,1.24777896405466,0.96038133174503,0.16983016983017,18,0,0.795,0,-0.665183840914238,1,4,34,3.35,10.1492537313433,9.83543967376401,0.000999000999000999,18,2000,1000,960102
2,1,"mRMR",20,"Urinary bladder cancer treated with anti-PD-L1","MONDO_0004986",0.501393256943963,0.0474394786629256,10.5691139758626,2.78872121292352,0.046953046953047,1,9,1.02362371661964,0.986749198235097,1.03736969682924,0.144843446838597,0.408591408591409,15,0,0.795,0,-0.665183840914238,1,3,4,3.35,1.19402985074627,0.208581918040673,0.451548451548452,18,2000,1000,960102
2,1,"Boruta",20,"Urinary bladder cancer treated with anti-PD-L1","MONDO_0004986",0,0.0474394786629256,0,-0.291429407148653,1,0,9,1.08896617903607,0.986749198235097,1.10358962640537,0.401509239259762,0.323676323676324,17,1,0.795,1.25786163522013,0.171525392940149,0.462537462537463,3,8,2.846,2.8109627547435,1.82859933713063,0.0829170829170829,17,2000,1000,960102
2,1,"RF_importance",20,"Urinary bladder cancer treated with anti-PD-L1","MONDO_0004986",0,0.0474394786629256,0,-0.291429407148653,1,0,9,1.36691522982629,0.986749198235097,1.38527118367176,1.49329566321072,0.0789210789210789,19,1,0.795,1.25786163522013,0.171525392940149,0.462537462537463,3,6,3.67,1.63487738419619,0.725810723535528,0.281718281718282,19,2000,1000,960102
2,1,"GS_full_ungrouped",50,"Urinary bladder cancer treated with anti-PD-L1","MONDO_0004986",0.501393256943963,0.116056186029724,4.32026309063394,1.59447733015561,0.100899100899101,1,9,0.95117820776824,0.998834615926591,0.952287989023947,-0.312849815193683,0.602397602397602,39,4,4.948,0.808407437348424,-0.239459846885301,0.563436563436563,9,26,21.378,1.21620357376742,0.473747880800099,0.30969030969031,45,2000,1000,960103
2,1,"DGE",50,"Urinary bladder cancer treated with anti-PD-L1","MONDO_0004986",0,0.116056186029724,0,-0.480226200945775,1,0,9,1.42712967263392,0.998834615926591,1.4287947672999,2.81162669444221,0.004995004995005,44,16,4.948,3.2336297493937,2.7916774554603,0.025974025974026,13,96,24.33,3.94574599260172,6.58444723123481,0.000999000999000999,47,2000,1000,960103
2,1,"LASSO",50,"Urinary bladder cancer treated with anti-PD-L1","MONDO_0004986",0,0.116056186029724,0,-0.480226200945775,1,0,9,0.744679830398269,0.998834615926591,0.745548680957008,-1.66844881424811,0.962037962037962,46,12,4.948,2.42522231204527,1.78129835467843,0.0699300699300699,13,192,25.492,7.53177467440766,15.659945074421,0.000999000999000999,48,2000,1000,960103
2,1,"ElasticNet",50,"Urinary bladder cancer treated with anti-PD-L1","MONDO_0004986",0,0.116056186029724,0,-0.480226200945775,1,0,9,0.743731821618028,0.998834615926591,0.744599566093421,-1.67467220336118,0.962037962037962,46,10,4.948,2.02101859337106,1.2761088042875,0.111888111888112,12,186,25.492,7.29640671583242,15.0956498426813,0.000999000999000999,48,2000,1000,960103
2,1,"mRMR",50,"Urinary bladder cancer treated with anti-PD-L1","MONDO_0004986",0.501393256943963,0.116056186029724,4.32026309063394,1.59447733015561,0.100899100899101,1,9,0.920956914071938,0.998834615926591,0.922031434821261,-0.511243410371607,0.687312687312687,40,2,4.948,0.404203718674212,-0.744649397276234,0.847152847152847,8,22,22.438,0.98047954363134,-0.0440279675319027,0.501498501498502,46,2000,1000,960103
2,1,"Boruta",50,"Urinary bladder cancer treated with anti-PD-L1","MONDO_0004986",0,0.116056186029724,0,-0.480226200945775,1,0,9,1.09815413812248,0.998834615926591,1.09943540263045,0.652002435031693,0.250749250749251,44,7,4.948,1.41471301535974,0.518324478701098,0.261738261738262,12,56,21.378,2.61951538965291,3.54870167223303,0.004995004995005,45,2000,1000,960103
2,1,"RF_importance",50,"Urinary bladder cancer treated with anti-PD-L1","MONDO_0004986",0.501393256943963,0.116056186029724,4.32026309063394,1.59447733015561,0.100899100899101,1,9,1.41439943259721,0.998834615926591,1.41604967433484,2.72805654308669,0.00599400599400599,45,8,4.948,1.61681487469685,0.770919253896565,0.187812187812188,10,44,22.438,1.96095908726268,2.16742245644495,0.034965034965035,46,2000,1000,960103
2,1,"GS_full_ungrouped",100,"Urinary bladder cancer treated with anti-PD-L1","MONDO_0004986",0.501393256943963,0.240380138042312,2.08583479911185,0.717170835169199,0.217782217782218,1,9,0.835992418460874,0.98585805640789,0.847984568394083,-1.42514239109644,0.931068931068931,79,32,20.724,1.54410345493148,1.04158994998803,0.150849150849151,23,120,86.658,1.38475386000138,1.37847954121005,0.0909090909090909,89,2000,1000,960104
2,1,"DGE",100,"Urinary bladder cancer treated with anti-PD-L1","MONDO_0004986",0.911899959143112,0.240380138042312,3.79357448818255,1.84509664862093,0.0659340659340659,2,9,1.2618366319647,0.98585805640789,1.2799374349715,2.62440925383759,0.010989010989011,88,43,20.724,2.07488901756418,2.05768514774152,0.048951048951049,27,214,104.25,2.05275779376499,3.84623536181366,0.002997002997003,97,2000,1000,960104
2,1,"LASSO",100,"Urinary bladder cancer treated with anti-PD-L1","MONDO_0004986",0,0.240380138042312,0,-0.660478772420819,1,0,9,0.91206148613399,0.98585805640789,0.925144832164999,-0.701766075636664,0.753246753246753,93,30,20.724,1.44759698899826,0.856845368578307,0.182817182817183,22,668,101.634,6.57260365625677,20.8845101868748,0.000999000999000999,96,2000,1000,960104
2,1,"ElasticNet",100,"Urinary bladder cancer treated with anti-PD-L1","MONDO_0004986",0,0.240380138042312,0,-0.660478772420819,1,0,9,0.90857836395858,0.98585805640789,0.921611745274071,-0.734888712243335,0.765234765234765,92,30,20.724,1.44759698899826,0.856845368578307,0.182817182817183,22,618,98.906,6.24835702586294,19.5759082768063,0.000999000999000999,95,2000,1000,960104
2,1,"mRMR",100,"Urinary bladder cancer treated with anti-PD-L1","MONDO_0004986",0.501393256943963,0.240380138042312,2.08583479911185,0.717170835169199,0.217782217782218,1,9,0.949009868791322,0.98585805640789,0.962623232242145,-0.350406637083897,0.634365634365634,79,17,20.724,0.820304960432349,-0.343994410584909,0.605394605394605,19,84,88.318,0.951108494304672,-0.173430331489356,0.545454545454545,90,2000,1000,960104
2,1,"Boruta",100,"Urinary bladder cancer treated with anti-PD-L1","MONDO_0004986",0.501393256943963,0.240380138042312,2.08583479911185,0.717170835169199,0.217782217782218,1,9,1.06037092462906,0.98585805640789,1.07558174093811,0.708577687579838,0.22977022977023,90,28,20.724,1.35109052306505,0.672100787168581,0.216783216783217,25,122,94.684,1.28849647247687,1.04464895818823,0.148851148851149,93,2000,1000,960104
2,1,"RF_importance",100,"Urinary bladder cancer treated with anti-PD-L1","MONDO_0004986",0.934452974014927,0.240380138042312,3.88739677755924,1.90706427913416,0.051948051948052,2,9,1.09287982428725,0.98585805640789,1.10855697448911,1.01772000749686,0.151848151848152,85,25,20.724,1.20633082416522,0.394983915053993,0.296703296703297,22,114,90.488,1.25983555830607,0.93802324440381,0.178821178821179,91,2000,1000,960104
2,1,"GS_full_ungrouped",200,"Urinary bladder cancer treated with anti-PD-L1","MONDO_0004986",0.501393256943963,0.47405984699503,1.05765814194599,0.0558628332613486,0.402597402597403,1,9,0.850176822265895,0.989980880206815,0.858781052507081,-1.81877779209154,0.967032967032967,170,102,84.215,1.21118565576204,0.630064955125393,0.234765234765235,44,636,375.596,1.6933087679315,3.7189174359876,0.004995004995005,184,2000,1000,960105
2,1,"DGE",200,"Urinary bladder cancer treated with anti-PD-L1","MONDO_0004986",1.55829717321013,0.47405984699503,3.28713174736875,2.21591704376606,0.038961038961039,3,9,1.33205796228685,0.989980880206815,1.34553907951089,4.45024421489664,0.000999000999000999,170,169,84.215,2.00676839042926,3.00365798258681,0.00999000999000999,57,666,382.76,1.73999372975233,4.27805893281744,0.000999000999000999,186,2000,1000,960105
2,1,"LASSO",200,"Urinary bladder cancer treated with anti-PD-L1","MONDO_0004986",0,0.47405984699503,0,-0.968862876533189,1,0,9,0.912638214724403,0.989980880206815,0.921874586642265,-1.00618769177659,0.846153846153846,175,79,84.215,0.938075164756873,-0.184750561764347,0.527472527472527,45,1610,394.856,4.07743582470572,17.2985536443211,0.000999000999000999,189,2000,1000,960105
2,1,"ElasticNet",200,"Urinary bladder cancer treated with anti-PD-L1","MONDO_0004986",0,0.47405984699503,0,-0.968862876533189,1,0,9,0.900893058990556,0.989980880206815,0.910010563842761,-1.15898603488624,0.884115884115884,175,79,84.215,0.938075164756873,-0.184750561764347,0.527472527472527,45,1580,391.246,4.03837994509848,17.6412763545711,0.000999000999000999,188,2000,1000,960105
2,1,"mRMR",200,"Urinary bladder cancer treated with anti-PD-L1","MONDO_0004986",1.55829717321013,0.47405984699503,3.28713174736875,2.21591704376606,0.038961038961039,3,9,0.940163915784171,0.989980880206815,0.949678862068289,-0.648092694130582,0.739260739260739,159,96,84.215,1.13993944071721,0.417504385501983,0.308691308691309,43,338,347.174,0.973575210125182,-0.146646788020498,0.529470529470529,177,2000,1000,960105
2,1,"Boruta",200,"Urinary bladder cancer treated with anti-PD-L1","MONDO_0004986",1.02133428736261,0.47405984699503,2.15444166772749,1.11849567498422,0.137862137862138,2,9,0.999070382706176,0.989980880206815,1.00918149297738,0.118249681235898,0.454545454545455,178,160,84.215,1.89989906786202,2.68481712815169,0.014985014985015,56,490,386.138,1.26897637632142,1.5278439871653,0.0719280719280719,187,2000,1000,960105
2,1,"RF_importance",200,"Urinary bladder cancer treated with anti-PD-L1","MONDO_0004986",1.86490070663272,0.47405984699503,3.93389298514513,2.84253999702826,0.015984015984016,4,9,1.01225118099883,0.989980880206815,1.02249568778274,0.289724984383681,0.376623376623377,170,105,84.215,1.24680876328445,0.736345239937098,0.211788211788212,43,394,382.76,1.02936565994357,0.169769038288618,0.403596403596404,186,2000,1000,960105
2,1,"GS_full_ungrouped",500,"Urinary bladder cancer treated with anti-PD-L1","MONDO_0004986",0.934452974014927,1.15985396136815,0.80566433804533,-0.320950436348384,0.56943056943057,2,9,1.01173057021337,0.991966885809498,1.01992373403447,0.459093811990534,0.325674325674326,434,744,530.821,1.4016024234158,2.0582570304247,0.035964035964036,121,3248,2427.572,1.33796237557527,3.50852079620224,0.002997002997003,467,2000,1000,960106
2,1,"DGE",500,"Urinary bladder cancer treated with anti-PD-L1","MONDO_0004986",1.9913568902811,1.15985396136815,1.71690312453829,1.18398428948031,0.12987012987013,4,9,1.18686229873377,0.991966885809498,1.19647370866138,4.52725697448049,0.000999000999000999,424,654,530.821,1.23205374316389,1.18930121048829,0.11988011988012,123,2848,2371.48,1.20093781098723,2.03603916632215,0.025974025974026,463,2000,1000,960106
2,1,"LASSO",500,"Urinary bladder cancer treated with anti-PD-L1","MONDO_0004986",0.646397214067022,1.15985396136815,0.557309140285677,-0.731115551122547,0.749250749250749,1,9,0.942503210924747,0.991966885809498,0.950135759981155,-1.14899968011274,0.865134865134865,432,643,530.821,1.21133112668866,1.08309549916273,0.136863136863137,114,5392,2441.634,2.2083571903078,12.5203537152479,0.000999000999000999,469,2000,1000,960106
2,1,"ElasticNet",500,"Urinary bladder cancer treated with anti-PD-L1","MONDO_0004986",0.646397214067022,1.15985396136815,0.557309140285677,-0.731115551122547,0.749250749250749,1,9,0.94663349793293,0.991966885809498,0.954299494746164,-1.05305657717441,0.852147852147852,432,643,530.821,1.21133112668866,1.08309549916273,0.136863136863137,114,5380,2418.882,2.22416802473209,12.1599463543678,0.000999000999000999,468,2000,1000,960106
2,1,"mRMR",500,"Urinary bladder cancer treated with anti-PD-L1","MONDO_0004986",1.55829717321013,1.15985396136815,1.34352877613314,0.567346772533582,0.284715284715285,3,9,0.951648142854538,0.991966885809498,0.959354749103285,-0.936570581658885,0.821178821178821,420,563,530.821,1.06062118868696,0.310690325885928,0.362637362637363,110,4484,2361.77,1.89857606794904,9.1435050940783,0.000999000999000999,461,2000,1000,960106
2,1,"Boruta",500,"Urinary bladder cancer treated with anti-PD-L1","MONDO_0004986",1.42568060033746,1.15985396136815,1.22918974959204,0.378512875085688,0.335664335664336,3,9,1.03075114376036,0.991966885809498,1.03909833937572,0.900925782056803,0.175824175824176,440,754,530.821,1.42044116566602,2.1548076770843,0.028971028971029,125,3112,2416.64,1.28773834745763,3.09862676543603,0.001998001998002,466,2000,1000,960106
2,1,"RF_importance",500,"Urinary bladder cancer treated with anti-PD-L1","MONDO_0004986",2.26940900392417,1.15985396136815,1.95663340343917,1.57990512482911,0.0689310689310689,5,9,0.995787251354988,0.991966885809498,1.00385130350634,0.08874388730538,0.46953046953047,434,652,530.821,1.22828599471385,1.16999108115637,0.122877122877123,115,2388,2373.978,1.00590654167815,0.0599200276576477,0.451548451548452,462,2000,1000,960106
2,2,"GS_full_ungrouped",10,"Urinary bladder cancer treated with anti-PD-L1","MONDO_0004986",0,0.0193461613243208,0,-0.193264447242229,1,0,8,1.2150629872797,0.976469360634231,1.24434317784483,0.691575378489058,0.217782217782218,9,2,0.18,11.1111111111111,3.82987486601872,0.022977022977023,3,2,0.782000000000001,2.55754475703324,0.869459320401672,0.303696303696304,9,2000,1000,960201
2,2,"DGE",10,"Urinary bladder cancer treated with anti-PD-L1","MONDO_0004986",0,0.0193461613243208,0,-0.193264447242229,1,0,8,1.4292593007023,0.976469360634231,1.46370112399018,1.31243394293973,0.110889110889111,10,4,0.18,22.2222222222222,8.03852856494038,0.001998001998002,5,18,0.908,19.8237885462555,11.8238426455709,0.000999000999000999,10,2000,1000,960201
2,2,"LASSO",10,"Urinary bladder cancer treated with anti-PD-L1","MONDO_0004986",0,0.0193461613243208,0,-0.193264447242229,1,0,8,0.742557323224718,0.976469360634231,0.760451226797752,-0.678005561502284,0.739260739260739,9,0,0.18,0,-0.37877883290295,1,2,0,0.782000000000001,0,-0.558224292737364,1,9,2000,1000,960201
2,2,"ElasticNet",10,"Urinary bladder cancer treated with anti-PD-L1","MONDO_0004986",0,0.0193461613243208,0,-0.193264447242229,1,0,8,0.783772702660335,0.976469360634231,0.802659800970368,-0.558540754191608,0.691308691308691,9,0,0.18,0,-0.37877883290295,1,2,18,0.782000000000001,23.0179028132992,12.290928225514,0.000999000999000999,9,2000,1000,960201
2,2,"mRMR",10,"Urinary bladder cancer treated with anti-PD-L1","MONDO_0004986",0,0.0193461613243208,0,-0.193264447242229,1,0,8,0.667961432740098,0.976469360634231,0.684057748935663,-0.894225424207521,0.823176823176823,9,0,0.18,0,-0.37877883290295,1,2,0,0.782000000000001,0,-0.558224292737364,1,9,2000,1000,960201
2,2,"Boruta",10,"Urinary bladder cancer treated with anti-PD-L1","MONDO_0004986",0,0.0193461613243208,0,-0.193264447242229,1,0,8,0.641196607914941,0.976469360634231,0.656647954113455,-0.971804587234181,0.843156843156843,9,0,0.18,0,-0.37877883290295,1,2,0,0.782000000000001,0,-0.558224292737364,1,9,2000,1000,960201
2,2,"RF_importance",10,"Urinary bladder cancer treated with anti-PD-L1","MONDO_0004986",0,0.0193461613243208,0,-0.193264447242229,1,0,8,1.5354490981885,0.976469360634231,1.57244984849418,1.62023030121095,0.0819180819180819,10,0,0.18,0,-0.37877883290295,1,3,0,0.908,0,-0.628132993340647,1,10,2000,1000,960201
2,2,"GS_full_ungrouped",20,"Urinary bladder cancer treated with anti-PD-L1","MONDO_0004986",0,0.0419884790410411,0,-0.281804355792268,1,0,8,1.08273907489827,0.983816142667416,1.10055022268963,0.393067636961491,0.308691308691309,16,4,0.896,4.46428571428572,2.28023528989765,0.0539460539460539,5,8,2.838,2.81888653981677,1.8144308795414,0.0939060939060939,17,2000,1000,960202
2,2,"DGE",20,"Urinary bladder cancer treated with anti-PD-L1","MONDO_0004986",0,0.0419884790410411,0,-0.281804355792268,1,0,8,1.51146824884239,0.983816142667416,1.53633202718585,2.09661159283001,0.02997002997003,19,7,0.896,7.8125,4.48407094379357,0.00799200799200799,8,50,4.176,11.9731800766284,13.1294902976223,0.000999000999000999,20,2000,1000,960202
2,2,"LASSO",20,"Urinary bladder cancer treated with anti-PD-L1","MONDO_0004986",0,0.0419884790410411,0,-0.281804355792268,1,0,8,0.864243022517208,0.983816142667416,0.878459892083078,-0.475120608757025,0.659340659340659,19,2,0.896,2.23214285714286,0.8110115206337,0.1998001998002,4,4,3.786,1.05652403592182,0.0648035452500061,0.516483516483517,19,2000,1000,960202
2,2,"ElasticNet",20,"Urinary bladder cancer treated with anti-PD-L1","MONDO_0004986",0,0.0419884790410411,0,-0.281804355792268,1,0,8,0.922282187257024,0.983816142667416,0.937453805907722,-0.2445035332112,0.564435564435564,18,1,0.896,1.11607142857143,0.0763996360017256,0.473526473526474,4,54,3.786,14.2630744849445,15.2058187905785,0.000999000999000999,19,2000,1000,960202
2,2,"mRMR",20,"Urinary bladder cancer treated with anti-PD-L1","MONDO_0004986",0,0.0419884790410411,0,-0.281804355792268,1,0,8,0.873551283487382,0.983816142667416,0.887921274720017,-0.438134481665394,0.642357642357642,16,0,0.896,0,-0.658212248630249,1,2,0,3.488,0,-1.09622786555758,1,18,2000,1000,960202
2,2,"Boruta",20,"Urinary bladder cancer treated with anti-PD-L1","MONDO_0004986",0,0.0419884790410411,0,-0.281804355792268,1,0,8,0.894864173108016,0.983816142667416,0.909584763146674,-0.353448282307159,0.613386613386613,17,0,0.896,0,-0.658212248630249,1,6,0,3.786,0,-1.14647767437627,1,19,2000,1000,960202
2,2,"RF_importance",20,"Urinary bladder cancer treated with anti-PD-L1","MONDO_0004986",0,0.0419884790410411,0,-0.281804355792268,1,0,8,1.11453500201554,0.983816142667416,1.1328691954512,0.519407906655638,0.275724275724276,19,0,0.896,0,-0.658212248630249,1,4,0,3.786,0,-1.14647767437627,1,19,2000,1000,960202
2,2,"GS_full_ungrouped",50,"Urinary bladder cancer treated with anti-PD-L1","MONDO_0004986",0,0.114486856773354,0,-0.457401868851876,1,0,8,0.985007384936227,0.960661083557241,1.02534327849405,0.170289575470523,0.413586413586414,41,6,5.145,1.16618075801749,0.210931759339164,0.366633366633367,9,36,24.048,1.49700598802395,1.12771769519529,0.144855144855145,47,2000,1000,960203
2,2,"DGE",50,"Urinary bladder cancer treated with anti-PD-L1","MONDO_0004986",0,0.114486856773354,0,-0.457401868851876,1,0,8,1.1610760331265,0.960661083557241,1.20862190943256,1.40179718261241,0.0819180819180819,44,26,5.145,5.05344995140913,5.14500800119095,0.002997002997003,17,172,24.048,7.1523619427811,13.9598467569891,0.000999000999000999,47,2000,1000,960203
2,2,"LASSO",50,"Urinary bladder cancer treated with anti-PD-L1","MONDO_0004986",0,0.114486856773354,0,-0.457401868851876,1,0,8,0.80107497791423,0.960661083557241,0.833878869067874,-1.11622088948583,0.874125874125874,46,11,5.145,2.1379980563654,1.44445081980211,0.0899100899100899,10,110,24.508,4.48833034111311,8.09801984939275,0.000999000999000999,48,2000,1000,960203
2,2,"ElasticNet",50,"Urinary bladder cancer treated with anti-PD-L1","MONDO_0004986",0,0.114486856773354,0,-0.457401868851876,1,0,8,0.647837762481858,0.960661083557241,0.674366614376606,-2.18803463055725,0.988011988011988,44,9,5.145,1.74927113702624,0.951043195616932,0.162837162837163,11,218,22.288,9.78104809763101,19.9817475164926,0.000999000999000999,46,2000,1000,960203
2,2,"mRMR",50,"Urinary bladder cancer treated with anti-PD-L1","MONDO_0004986",0,0.114486856773354,0,-0.457401868851876,1,0,8,0.904701131064523,0.960661083557241,0.941748496477548,-0.391410440748115,0.637362637362637,41,4,5.145,0.777453838678328,-0.282475864846015,0.593406593406593,8,20,22.288,0.897343862167983,-0.233599566289931,0.593406593406593,46,2000,1000,960203
2,2,"Boruta",50,"Urinary bladder cancer treated with anti-PD-L1","MONDO_0004986",0,0.114486856773354,0,-0.457401868851876,1,0,8,0.985196673697992,0.960661083557241,1.02554031860008,0.171613550820231,0.412587412587413,44,6,5.145,1.16618075801749,0.210931759339164,0.366633366633367,14,32,24.048,1.33067198935462,0.750302134554296,0.228771228771229,47,2000,1000,960203
2,2,"RF_importance",50,"Urinary bladder cancer treated with anti-PD-L1","MONDO_0004986",0.410506702199149,0.114486856773354,3.58562295942684,1.18266877378816,0.174825174825175,1,8,0.847402302713075,0.960661083557241,0.882103290345874,-0.792185614070672,0.793206793206793,46,2,5.145,0.388726919339164,-0.775883489031194,0.841158841158841,11,18,22.288,0.807609475951184,-0.437794991368543,0.683316683316683,46,2000,1000,960203
2,2,"GS_full_ungrouped",100,"Urinary bladder cancer treated with anti-PD-L1","MONDO_0004986",0,0.216619441666716,0,-0.632842693004795,1,0,8,0.977729859348709,0.969364050132385,1.00863020370436,0.0759554569277806,0.445554445554446,82,16,21.612,0.740329446603739,-0.530679257695997,0.694305694305694,18,108,92.09,1.17276577261375,0.6303846306826,0.244755244755245,92,2000,1000,960204
2,2,"DGE",100,"Urinary bladder cancer treated with anti-PD-L1","MONDO_0004986",0,0.216619441666716,0,-0.632842693004795,1,0,8,1.10376585585957,0.969364050132385,1.13864946374773,1.22027054430165,0.118881118881119,88,88,21.612,4.07181195632056,6.27775027796183,0.000999000999000999,34,380,97.868,3.88278088854375,10.3472582279478,0.000999000999000999,96,2000,1000,960204
2,2,"LASSO",100,"Urinary bladder cancer treated with anti-PD-L1","MONDO_0004986",0,0.216619441666716,0,-0.632842693004795,1,0,8,0.8864385502376,0.969364050132385,0.914453708198215,-0.752903164846632,0.776223776223776,91,29,21.612,1.34184712196928,0.698620519575556,0.223776223776224,22,552,96.87,5.69835862496129,17.3396754346078,0.000999000999000999,95,2000,1000,960204
2,2,"ElasticNet",100,"Urinary bladder cancer treated with anti-PD-L1","MONDO_0004986",0,0.216619441666716,0,-0.632842693004795,1,0,8,0.842037909458988,0.969364050132385,0.868649821853814,-1.1560286570758,0.885114885114885,91,26,21.612,1.20303535073108,0.414935955589813,0.297702297702298,23,608,97.868,6.21244942167,18.709212476215,0.000999000999000999,96,2000,1000,960204
2,2,"mRMR",100,"Urinary bladder cancer treated with anti-PD-L1","MONDO_0004986",0,0.216619441666716,0,-0.632842693004795,1,0,8,0.873556135065418,0.969364050132385,0.901164154938608,-0.869866115522965,0.807192807192807,80,15,21.612,0.694058856191005,-0.625240779024578,0.737262737262737,19,54,86.468,0.624508488689457,-1.38601137572634,0.949050949050949,90,2000,1000,960204
2,2,"Boruta",100,"Urinary bladder cancer treated with anti-PD-L1","MONDO_0004986",0.410506702199149,0.216619441666716,1.8950593678971,0.566431780779169,0.313686313686314,1,8,0.925912630061559,0.969364050132385,0.955175333699561,-0.394507259285903,0.633366633366633,86,19,21.612,0.87914121784194,-0.246994693710254,0.546453546453546,29,116,93.238,1.24412793067204,0.88959272369815,0.17982017982018,93,2000,1000,960204
2,2,"RF_importance",100,"Urinary bladder cancer treated with anti-PD-L1","MONDO_0004986",0.911899959143112,0.216619441666716,4.20968659196404,2.03122670655991,0.042957042957043,2,8,0.912705461369034,0.969364050132385,0.941550763352929,-0.514418735489026,0.682317682317682,88,13,21.612,0.601517675365538,-0.81436382168174,0.826173826173826,18,102,93.238,1.09397455972887,0.342439655787856,0.341658341658342,93,2000,1000,960204
2,2,"GS_full_ungrouped",200,"Urinary bladder cancer treated with anti-PD-L1","MONDO_0004986",0.410506702199149,0.418303576266899,0.981360728164622,-0.0177542579227219,0.552447552447552,1,8,0.836533374675354,0.97619933544804,0.856928850798097,-1.87538674663472,0.974025974025974,166,65,85.299,0.762025346135359,-0.713292515476839,0.757242757242757,36,356,352.102,1.01107065566228,0.0604463278741501,0.450549450549451,181,2000,1000,960205
2,2,"DGE",200,"Urinary bladder cancer treated with anti-PD-L1","MONDO_0004986",1.05690391626617,0.418303576266899,2.52664327113429,1.45415650520537,0.113886113886114,2,8,1.02954375866152,0.97619933544804,1.0546450107846,0.716290667732981,0.228771228771229,173,199,85.299,2.33296990586056,3.9953727918731,0.000999000999000999,59,1052,388.148,2.71030637797953,9.57479434721366,0.000999000999000999,190,2000,1000,960205
2,2,"LASSO",200,"Urinary bladder cancer treated with anti-PD-L1","MONDO_0004986",0,0.418303576266899,0,-0.952518858007301,1,0,8,0.932248376854339,0.97619933544804,0.954977475401037,-0.590158437979522,0.721278721278721,174,85,85.299,0.996494683407777,-0.0105066487081915,0.462537462537463,40,1358,378.788,3.58511885276197,14.2903635762203,0.000999000999000999,188,2000,1000,960205
2,2,"ElasticNet",200,"Urinary bladder cancer treated with anti-PD-L1","MONDO_0004986",0,0.418303576266899,0,-0.952518858007301,1,0,8,0.931507875015908,0.97619933544804,0.954218919426308,-0.600101643367359,0.723276723276723,173,89,85.299,1.04338855086226,0.130050524645538,0.406593406593407,42,1448,385.264,3.7584617301383,16.0847745677708,0.000999000999000999,189,2000,1000,960205
2,2,"mRMR",200,"Urinary bladder cancer treated with anti-PD-L1","MONDO_0004986",1.55829717321013,0.418303576266899,3.7252781511384,2.5958788322746,0.015984015984016,3,8,0.920577532348632,0.97619933544804,0.943022084650489,-0.74687054583278,0.771228771228771,157,60,85.299,0.703408011817255,-0.888988982169,0.819180819180819,35,302,318.908,0.946981574623402,-0.291836485046501,0.583416583416583,173,2000,1000,960205
2,2,"Boruta",200,"Urinary bladder cancer treated with anti-PD-L1","MONDO_0004986",0.911899959143112,0.418303576266899,2.17999560816873,1.12396806914651,0.140859140859141,2,8,0.948200555818936,0.97619933544804,0.971318583600292,-0.375958035500345,0.651348651348651,166,55,85.299,0.64479067749915,-1.06468544886116,0.872127872127872,47,314,359.4,0.873678352810239,-0.694314639265184,0.745254745254745,182,2000,1000,960205
2,2,"RF_importance",200,"Urinary bladder cancer treated with anti-PD-L1","MONDO_0004986",0.911899959143112,0.418303576266899,2.17999560816873,1.12396806914651,0.140859140859141,2,8,0.913428722159352,0.97619933544804,0.935698979696725,-0.842862323707734,0.798201798201798,168,54,85.299,0.633067210635529,-1.09982474219959,0.882117882117882,34,270,359.4,0.751252086811352,-1.36721869494069,0.933066933066933,182,2000,1000,960205
2,2,"GS_full_ungrouped",500,"Urinary bladder cancer treated with anti-PD-L1","MONDO_0004986",2.71077108695856,1.00129520276754,2.70726463031691,2.61491123881564,0.010989010989011,5,8,0.92111499963555,0.97048762926372,0.949125956746479,-1.1573345738776,0.889110889110889,415,677,544.918,1.24238876307995,1.27801671418616,0.0999000999000999,115,2552,2234.448,1.14211653168926,1.44856047672927,0.0799200799200799,455,2000,1000,960206
2,2,"DGE",500,"Urinary bladder cancer treated with anti-PD-L1","MONDO_0004986",2.37459632954011,1.00129520276754,2.37152472415411,2.10067926894166,0.032967032967033,4,8,1.02085818526638,0.97048762926372,1.05190231640652,1.18072677931769,0.121878121878122,424,715,544.918,1.31212402600024,1.64570220607055,0.0599400599400599,125,3650,2356.156,1.54913341900961,5.55871907117956,0.000999000999000999,467,2000,1000,960206
2,2,"LASSO",500,"Urinary bladder cancer treated with anti-PD-L1","MONDO_0004986",0.646397214067022,1.00129520276754,0.645561081567561,-0.542872086040112,0.678321678321678,1,8,0.949156501520219,0.97048762926372,0.978020196136159,-0.500018974546735,0.68031968031968,433,606,544.918,1.11209392972888,0.591025400402167,0.268731268731269,115,4964,2367.936,2.09634044163356,11.7477178383846,0.000999000999000999,468,2000,1000,960206
2,2,"ElasticNet",500,"Urinary bladder cancer treated with anti-PD-L1","MONDO_0004986",0.646397214067022,1.00129520276754,0.645561081567561,-0.542872086040112,0.678321678321678,1,8,0.942527874810118,0.97048762926372,0.971189993967451,-0.655399373093528,0.728271728271728,432,631,544.918,1.15797239217644,0.832923750326108,0.200799200799201,118,5032,2381.69,2.11278545906478,11.4630577303647,0.000999000999000999,469,2000,1000,960206
2,2,"mRMR",500,"Urinary bladder cancer treated with anti-PD-L1","MONDO_0004986",1.55829717321013,1.00129520276754,1.55628147313906,0.85202179569914,0.211788211788212,3,8,0.925998776420367,0.97048762926372,0.95415824838787,-1.04285487598148,0.852147852147852,419,532,544.918,0.976293680884096,-0.124993715372699,0.525474525474525,102,4242,2240.164,1.89361136059681,9.08683570540279,0.000999000999000999,456,2000,1000,960206
2,2,"Boruta",500,"Urinary bladder cancer treated with anti-PD-L1","MONDO_0004986",1.34495967621408,1.00129520276754,1.3432199340381,0.525688664173399,0.267732267732268,3,8,0.946540480043099,0.97048762926372,0.975324621872008,-0.561340644554564,0.703296703296703,413,522,544.918,0.957942295905072,-0.221753055342275,0.562437562437562,112,1996,2234.448,0.893285500490501,-1.08771586560671,0.866133866133866,455,2000,1000,960206
2,2,"RF_importance",500,"Urinary bladder cancer treated with anti-PD-L1","MONDO_0004986",1.55829717321013,1.00129520276754,1.55628147313906,0.85202179569914,0.211788211788212,3,8,0.857541397294033,0.97048762926372,0.883619091512402,-2.64755149223685,0.999000999000999,412,380,544.918,0.697352629202926,-1.59573568291026,0.949050949050949,98,1870,2212.092,0.845353629053403,-1.52947450206271,0.949050949050949,452,2000,1000,960206
2,3,"GS_full_ungrouped",10,"Urinary bladder cancer treated with anti-PD-L1","MONDO_0004986",0,0.0223502774490082,0,-0.196777495890741,1,0,7,1.75926391300189,1.00845536718858,1.74451341154189,2.02995406598496,0.040959040959041,9,3,0.214,14.0186915887851,5.417440647517,0.00999000999000999,4,10,0.81,12.3456790123457,6.93183738658629,0.000999000999000999,9,2000,1000,960301
2,3,"DGE",10,"Urinary bladder cancer treated with anti-PD-L1","MONDO_0004986",0,0.0223502774490082,0,-0.196777495890741,1,0,7,1.47446409650315,1.00845536718858,1.46210149152533,1.25994345713243,0.110889110889111,8,6,0.214,28.0373831775701,11.2510091839675,0.000999000999000999,6,18,0.81,22.2222222222222,12.9660810310575,0.000999000999000999,9,2000,1000,960301
2,3,"LASSO",10,"Urinary bladder cancer treated with anti-PD-L1","MONDO_0004986",0,0.0223502774490082,0,-0.196777495890741,1,0,7,1.39000118371404,1.00845536718858,1.37834675578072,1.03158186722078,0.150849150849151,8,1,0.214,4.67289719626168,1.52839495655002,0.177822177822178,2,2,0.618,3.23624595469256,1.13925486910747,0.250749250749251,8,2000,1000,960301
2,3,"ElasticNet",10,"Urinary bladder cancer treated with anti-PD-L1","MONDO_0004986",0,0.0223502774490082,0,-0.196777495890741,1,0,7,1.26509833132911,1.00845536718858,1.25449114803762,0.693883189620797,0.223776223776224,8,1,0.214,4.67289719626168,1.52839495655002,0.177822177822178,3,2,0.618,3.23624595469256,1.13925486910747,0.250749250749251,8,2000,1000,960301
2,3,"mRMR",10,"Urinary bladder cancer treated with anti-PD-L1","MONDO_0004986",0,0.0223502774490082,0,-0.196777495890741,1,0,7,0.755978378903834,1.00845536718858,0.749639898304459,-0.682619679536391,0.735264735264735,9,0,0.214,0,-0.416127888933466,1,4,0,0.618,0,-0.509449717155148,1,8,2000,1000,960301
2,3,"Boruta",10,"Urinary bladder cancer treated with anti-PD-L1","MONDO_0004986",0,0.0223502774490082,0,-0.196777495890741,1,0,7,1.3735128109236,1.00845536718858,1.36199662931315,0.987002407418313,0.157842157842158,9,1,0.214,4.67289719626168,1.52839495655002,0.177822177822178,4,4,0.81,4.93827160493827,2.40615465323289,0.0659340659340659,9,2000,1000,960301
2,3,"RF_importance",10,"Urinary bladder cancer treated with anti-PD-L1","MONDO_0004986",0,0.0223502774490082,0,-0.196777495890741,1,0,7,1.35740681813312,1.00845536718858,1.3460256767906,0.943456784857058,0.168831168831169,9,0,0.214,0,-0.416127888933466,1,1,0,0.81,0,-0.610967169002709,1,9,2000,1000,960301
2,3,"GS_full_ungrouped",20,"Urinary bladder cancer treated with anti-PD-L1","MONDO_0004986",0,0.0422760129043842,0,-0.273128840080062,1,0,7,1.38086259295637,0.994451499512304,1.38856705795463,1.50139336709993,0.0799200799200799,17,4,0.894,4.47427293064877,2.41918183794433,0.044955044955045,7,12,3.35,3.58208955223881,2.71379181099042,0.030969030969031,18,2000,1000,960302
2,3,"DGE",20,"Urinary bladder cancer treated with anti-PD-L1","MONDO_0004986",0,0.0422760129043842,0,-0.273128840080062,1,0,7,1.37867364713302,0.994451499512304,1.38636589899975,1.49288825739713,0.0829170829170829,17,15,0.894,16.7785234899329,10.986792983272,0.000999000999000999,10,40,3.35,11.9402985074627,11.4983202165086,0.000999000999000999,18,2000,1000,960302
2,3,"LASSO",20,"Urinary bladder cancer treated with anti-PD-L1","MONDO_0004986",0,0.0422760129043842,0,-0.273128840080062,1,0,7,1.08640046695341,0.994451499512304,1.09246199285355,0.357266062413778,0.324675324675325,17,2,0.894,2.23713646532438,0.861434356975671,0.200799200799201,7,2,3.016,0.663129973474801,-0.354630680324937,0.733266733266733,17,2000,1000,960302
2,3,"ElasticNet",20,"Urinary bladder cancer treated with anti-PD-L1","MONDO_0004986",0,0.0422760129043842,0,-0.273128840080062,1,0,7,1.1844401148447,0.994451499512304,1.19104864885374,0.738197354382777,0.21978021978022,16,1,0.894,1.11856823266219,0.0825606164913389,0.498501498501498,4,4,2.27,1.76211453744493,0.718783921442634,0.302697302697303,15,2000,1000,960302
2,3,"mRMR",20,"Urinary bladder cancer treated with anti-PD-L1","MONDO_0004986",0,0.0422760129043842,0,-0.273128840080062,1,0,7,0.789335952881276,0.994451499512304,0.793740019768063,-0.796972774399604,0.783216783216783,16,0,0.894,0,-0.696313123992993,1,5,2,3.016,0.663129973474801,-0.354630680324937,0.733266733266733,17,2000,1000,960302
2,3,"Boruta",20,"Urinary bladder cancer treated with anti-PD-L1","MONDO_0004986",0,0.0422760129043842,0,-0.273128840080062,1,0,7,1.22645977232727,0.994451499512304,1.23330275325518,0.901463979235155,0.190809190809191,19,1,0.894,1.11856823266219,0.0825606164913389,0.498501498501498,6,4,3.35,1.19402985074627,0.203926552270957,0.448551448551449,18,2000,1000,960302
2,3,"RF_importance",20,"Urinary bladder cancer treated with anti-PD-L1","MONDO_0004986",0,0.0422760129043842,0,-0.273128840080062,1,0,7,0.955101566303589,0.994451499512304,0.960430515487168,-0.152893459110644,0.519480519480519,17,1,0.894,1.11856823266219,0.0825606164913389,0.498501498501498,5,4,3.35,1.19402985074627,0.203926552270957,0.448551448551449,18,2000,1000,960302
2,3,"GS_full_ungrouped",50,"Urinary bladder cancer treated with anti-PD-L1","MONDO_0004986",0,0.0901695401120894,0,-0.418123290976405,1,0,7,1.26709347963846,0.991070230720383,1.27851028147364,1.78288654343013,0.042957042957043,43,16,5.642,2.83587380361574,2.3287508695191,0.03996003996004,15,22,21.576,1.01965146459029,0.0444064537642804,0.468531468531469,45,2000,1000,960303
2,3,"DGE",50,"Urinary bladder cancer treated with anti-PD-L1","MONDO_0004986",0,0.0901695401120894,0,-0.418123290976405,1,0,7,1.14848701289238,0.991070230720383,1.15883514335566,1.01678486774073,0.166833166833167,46,36,5.642,6.38071605813541,6.82527697401631,0.000999000999000999,21,94,25.4,3.7007874015748,6.20622181033472,0.000999000999000999,48,2000,1000,960303
2,3,"LASSO",50,"Urinary bladder cancer treated with anti-PD-L1","MONDO_0004986",0,0.0901695401120894,0,-0.418123290976405,1,0,7,0.905221316535434,0.991070230720383,0.913377567478192,-0.554514427564988,0.694305694305694,45,7,5.642,1.24069478908189,0.30531412249536,0.325674325674326,13,122,23.316,5.23245839766684,9.63732090522724,0.000999000999000999,46,2000,1000,960303
2,3,"ElasticNet",50,"Urinary bladder cancer treated with anti-PD-L1","MONDO_0004986",0,0.0901695401120894,0,-0.418123290976405,1,0,7,1.25888707574669,0.991070230720383,1.2702299360073,1.72987982343123,0.045954045954046,42,14,5.642,2.48138957816377,1.87909825906938,0.0629370629370629,15,30,20.454,1.46670577882077,1.03267105240046,0.173826173826174,43,2000,1000,960303
2,3,"mRMR",50,"Urinary bladder cancer treated with anti-PD-L1","MONDO_0004986",0,0.0901695401120894,0,-0.418123290976405,1,0,7,0.969274351078212,0.991070230720383,0.978007734500986,-0.14078372263412,0.528471528471528,43,3,5.642,0.531726338177951,-0.593991098404082,0.761238761238761,9,10,20.89,0.478697941598851,-1.09551182366347,0.924075924075924,44,2000,1000,960303
2,3,"Boruta",50,"Urinary bladder cancer treated with anti-PD-L1","MONDO_0004986",0,0.0901695401120894,0,-0.418123290976405,1,0,7,1.14625700044661,0.991070230720383,1.1565850379881,1.00238079418229,0.170829170829171,42,7,5.642,1.24069478908189,0.30531412249536,0.325674325674326,13,52,19.906,2.61227770521451,3.39288401085923,0.00999000999000999,42,2000,1000,960303
2,3,"RF_importance",50,"Urinary bladder cancer treated with anti-PD-L1","MONDO_0004986",0,0.0901695401120894,0,-0.418123290976405,1,0,7,0.94333993515376,0.991070230720383,0.95183964356196,-0.308299036451577,0.601398601398601,44,5,5.642,0.886210563629918,-0.144338487954361,0.518481518481518,11,20,21.576,0.926955876900259,-0.165057950784214,0.556443556443556,45,2000,1000,960303
2,3,"GS_full_ungrouped",100,"Urinary bladder cancer treated with anti-PD-L1","MONDO_0004986",0,0.171374989160898,0,-0.564914552146479,1,0,7,1.07252382072261,1.00341842531431,1.06886996856436,0.632161652033771,0.251748251748252,83,20,22.652,0.88292424509977,-0.235064098931595,0.55044955044955,21,76,87.162,0.871939606709346,-0.450017369952718,0.661338661338661,89,2000,1000,960304
2,3,"DGE",100,"Urinary bladder cancer treated with anti-PD-L1","MONDO_0004986",0.646397214067022,0.171374989160898,3.7718293505486,1.56584673619163,0.120879120879121,1,7,1.23230210796148,1.00341842531431,1.22810392641083,2.09377988637384,0.027972027972028,90,62,22.652,2.73706515980929,3.48767049953257,0.00699300699300699,34,228,99.966,2.28077546365764,4.73764393822895,0.001998001998002,95,2000,1000,960304
2,3,"LASSO",100,"Urinary bladder cancer treated with anti-PD-L1","MONDO_0004986",0,0.171374989160898,0,-0.564914552146479,1,0,7,0.836234604720361,1.00341842531431,0.833385737817617,-1.52936249905749,0.936063936063936,90,23,22.652,1.01536288186474,0.030845515244417,0.434565434565435,23,526,97.128,5.41553414051561,15.7691937191422,0.000999000999000999,93,2000,1000,960304
2,3,"ElasticNet",100,"Urinary bladder cancer treated with anti-PD-L1","MONDO_0004986",0,0.171374989160898,0,-0.564914552146479,1,0,7,1.04883721413176,1.00341842531431,1.04526405701911,0.415481546738443,0.328671328671329,89,36,22.652,1.58926364117959,1.18312051000714,0.124875124875125,29,166,89.884,1.84682479640425,2.88629357880405,0.011988011988012,90,2000,1000,960304
2,3,"mRMR",100,"Urinary bladder cancer treated with anti-PD-L1","MONDO_0004986",1.05690391626617,0.171374989160898,6.16720048497791,2.91902674782237,0.022977022977023,2,7,0.92434396308911,1.00341842531431,0.921194927031129,-0.723356582776519,0.747252747252747,81,27,22.652,1.19194773088469,0.3853916674791,0.310689310689311,26,48,84.172,0.57026089435917,-1.45292954878658,0.961038961038961,87,2000,1000,960304
2,3,"Boruta",100,"Urinary bladder cancer treated with anti-PD-L1","MONDO_0004986",0,0.171374989160898,0,-0.564914552146479,1,0,7,1.03321741578956,1.00341842531431,1.02969747188558,0.272594910085828,0.381618381618382,85,33,22.652,1.45682500441462,0.917210895831124,0.165834165834166,27,102,84.172,1.21180440051324,0.716101625449716,0.226773226773227,87,2000,1000,960304
2,3,"RF_importance",100,"Urinary bladder cancer treated with anti-PD-L1","MONDO_0004986",0,0.171374989160898,0,-0.564914552146479,1,0,7,1.14480710526463,1.00341842531431,1.14090699989491,1.29339396682667,0.0989010989010989,85,27,22.652,1.19194773088469,0.3853916674791,0.310689310689311,24,96,89.884,1.06804325575186,0.23191669987868,0.374625374625375,90,2000,1000,960304
2,3,"GS_full_ungrouped",200,"Urinary bladder cancer treated with anti-PD-L1","MONDO_0004986",0.410506702199149,0.370100394238995,1.10917661420826,0.091772915223158,0.47052947052947,1,7,0.929787740875999,0.99841137029716,0.931267179578757,-0.89615138481763,0.808191808191808,167,97,92.156,1.05256304527106,0.161026183117558,0.391608391608392,48,352,356.662,0.986928800937582,-0.0705047188028084,0.507492507492508,180,2000,1000,960305
2,3,"DGE",200,"Urinary bladder cancer treated with anti-PD-L1","MONDO_0004986",1.05690391626617,0.370100394238995,2.85572221137292,1.55990399974484,0.0989010989010989,2,7,1.19694072011901,0.99841137029716,1.19884524127842,2.59258149518589,0.00599400599400599,175,179,92.156,1.94235860931464,2.88690294109439,0.010989010989011,61,752,388.846,1.93392757029775,5.49537433115333,0.000999000999000999,187,2000,1000,960305
2,3,"LASSO",200,"Urinary bladder cancer treated with anti-PD-L1","MONDO_0004986",0,0.370100394238995,0,-0.8405913289095,1,0,7,0.868477194467717,0.99841137029716,0.869859078437007,-1.6968017079083,0.96003996003996,177,78,92.156,0.846390902382916,-0.470579407145367,0.666333666333666,44,1476,392.628,3.75928359668694,15.8894319718463,0.000999000999000999,188,2000,1000,960305
2,3,"ElasticNet",200,"Urinary bladder cancer treated with anti-PD-L1","MONDO_0004986",0,0.370100394238995,0,-0.8405913289095,1,0,7,0.94707288695386,0.99841137029716,0.948579829045797,-0.670425818782885,0.742257742257742,178,114,92.156,1.23703285732888,0.726146974405438,0.211788211788212,51,1168,390.426,2.99160404276355,10.7981559648633,0.000999000999000999,186,2000,1000,960305
2,3,"mRMR",200,"Urinary bladder cancer treated with anti-PD-L1","MONDO_0004986",1.05690391626617,0.370100394238995,2.85572221137292,1.55990399974484,0.0989010989010989,2,7,0.883949743613769,0.99841137029716,0.885356246845101,-1.49474672392027,0.932067932067932,158,84,92.156,0.911497894873909,-0.271125010220233,0.571428571428571,47,294,335.812,0.875489857420223,-0.661832538154156,0.744255744255744,173,2000,1000,960305
2,3,"Boruta",200,"Urinary bladder cancer treated with anti-PD-L1","MONDO_0004986",1.07179075152232,0.370100394238995,2.8959459871048,1.59371575684106,0.0869130869130869,2,7,1.00308352587012,0.99841137029716,1.00467958970816,0.0610133670006232,0.467532467532468,165,107,92.156,1.16107469942272,0.493450177992781,0.278721278721279,53,354,348.446,1.01593934210753,0.0874498564786082,0.428571428571429,178,2000,1000,960305
2,3,"RF_importance",200,"Urinary bladder cancer treated with anti-PD-L1","MONDO_0004986",0.410506702199149,0.370100394238995,1.10917661420826,0.091772915223158,0.47052947052947,1,7,1.07293192924799,0.99841137029716,1.07463913289434,0.97315899296598,0.160839160839161,169,123,92.156,1.33469334606537,1.02532856979314,0.150849150849151,51,292,356.662,0.818702300777767,-0.977901357191596,0.843156843156843,180,2000,1000,960305
2,3,"GS_full_ungrouped",500,"Urinary bladder cancer treated with anti-PD-L1","MONDO_0004986",1.46141221355761,0.875296791773881,1.66961906783173,0.938945148857012,0.203796203796204,3,7,1.02087982967419,0.999492217827203,1.02139847761244,0.470499913583565,0.317682317682318,428,725,569.255,1.27359443483149,1.5690914271563,0.0689310689310689,127,2544,2427.086,1.04817052218174,0.498332868056389,0.311688311688312,466,2000,1000,960306
2,3,"DGE",500,"Urinary bladder cancer treated with anti-PD-L1","MONDO_0004986",2.73165632712241,0.875296791773881,3.12083438759832,2.97385073906673,0.001998001998002,5,7,1.13485153934726,0.999492217827203,1.1354280894896,2.97773073186266,0.001998001998002,417,708,569.255,1.24373084118717,1.39782073299818,0.0999000999000999,127,2854,2307.856,1.23664561393778,2.47470972845316,0.00999000999000999,455,2000,1000,960306
2,3,"LASSO",500,"Urinary bladder cancer treated with anti-PD-L1","MONDO_0004986",0.646397214067022,0.875296791773881,0.738489184630769,-0.366692532008785,0.632367632367632,1,7,0.980890479116247,0.999492217827203,0.981388810858984,-0.409214292770245,0.645354645354645,437,634,569.255,1.1137363747354,0.652289476074576,0.243756243756244,116,5266,2458.236,2.14218651097779,11.6026419107546,0.000999000999000999,469,2000,1000,960306
2,3,"ElasticNet",500,"Urinary bladder cancer treated with anti-PD-L1","MONDO_0004986",0.646397214067022,0.875296791773881,0.738489184630769,-0.366692532008785,0.632367632367632,1,7,0.995368441854711,0.999492217827203,0.995874128983759,-0.0907177600087656,0.522477522477522,434,644,569.255,1.13130319452618,0.753036943226415,0.208791208791209,117,5054,2398.804,2.10688326349297,11.1082781359419,0.000999000999000999,465,2000,1000,960306
2,3,"mRMR",500,"Urinary bladder cancer treated with anti-PD-L1","MONDO_0004986",1.05690391626617,0.875296791773881,1.2074806239427,0.290930970594433,0.37962037962038,2,7,0.937465206113993,0.999492217827203,0.937941476074671,-1.36451436746198,0.917082917082917,426,600,569.255,1.05400918744675,0.309748087758327,0.352647352647353,116,4394,2354.406,1.866288142317,8.68082291007642,0.000999000999000999,458,2000,1000,960306
2,3,"Boruta",500,"Urinary bladder cancer treated with anti-PD-L1","MONDO_0004986",2.29859661005145,0.875296791773881,2.62607681377776,2.28009775902791,0.02997002997003,4,7,1.01725209594918,0.999492217827203,1.01776890085306,0.390694444121416,0.350649350649351,416,649,569.255,1.14008660442157,0.803410676802334,0.192807192807193,121,2574,2249.222,1.14439570660433,1.45359527672243,0.0769230769230769,450,2000,1000,960306
2,3,"RF_importance",500,"Urinary bladder cancer treated with anti-PD-L1","MONDO_0004986",1.48996363333714,0.875296791773881,1.70223819776326,0.984683950633249,0.161838161838162,3,7,1.06756254840532,0.999492217827203,1.06810491303884,1.49745959874999,0.0749250749250749,429,652,569.255,1.1453566503588,0.833634916947885,0.183816183816184,116,2266,2390.534,0.94790536340416,-0.524316675756144,0.687312687312687,462,2000,1000,960306
2,4,"GS_full_ungrouped",10,"Urinary bladder cancer treated with anti-PD-L1","MONDO_0004986",0,0.0177077571448328,0,-0.179105301896206,1,0,6,1.34069021827329,0.990951410661925,1.35293234748791,0.985144893340429,0.160839160839161,9,1,0.199,5.0251256281407,1.46315416353833,0.153846153846154,2,4,0.946,4.22832980972516,2.0192992878895,0.0819180819180819,9,2000,1000,960401
2,4,"DGE",10,"Urinary bladder cancer treated with anti-PD-L1","MONDO_0004986",0,0.0177077571448328,0,-0.179105301896206,1,0,6,1.49991512301737,0.990951410661925,1.51361116890229,1.43364988731736,0.0889110889110889,9,5,0.199,25.1256281407035,8.76979168432901,0.002997002997003,5,14,0.946,14.7991543340381,8.63128123906665,0.000999000999000999,9,2000,1000,960401
2,4,"LASSO",10,"Urinary bladder cancer treated with anti-PD-L1","MONDO_0004986",0,0.0177077571448328,0,-0.179105301896206,1,0,6,1.71009820290459,0.990951410661925,1.7257134754592,2.02569395938256,0.033966033966034,10,0,0.199,0,-0.363505216659336,1,1,2,0.946,2.11416490486258,0.696902897654071,0.358641358641359,9,2000,1000,960401
2,4,"ElasticNet",10,"Urinary bladder cancer treated with anti-PD-L1","MONDO_0004986",0,0.0177077571448328,0,-0.179105301896206,1,0,6,1.32129554198559,0.990951410661925,1.33336057426167,0.930513934787918,0.16983016983017,10,0,0.199,0,-0.363505216659336,1,1,2,0.946,2.11416490486258,0.696902897654071,0.358641358641359,9,2000,1000,960401
2,4,"mRMR",10,"Urinary bladder cancer treated with anti-PD-L1","MONDO_0004986",0,0.0177077571448328,0,-0.179105301896206,1,0,6,1.49394670210509,0.990951410661925,1.50758824906176,1.4168380287101,0.0929070929070929,9,0,0.199,0,-0.363505216659336,1,1,0,0.946,0,-0.625493492581358,1,9,2000,1000,960401
2,4,"Boruta",10,"Urinary bladder cancer treated with anti-PD-L1","MONDO_0004986",0,0.0177077571448328,0,-0.179105301896206,1,0,6,2.20622668643617,0.990951410661925,2.22637221431723,3.42318955139297,0.002997002997003,9,3,0.199,15.0753768844221,5.11647292393367,0.010989010989011,3,14,0.946,14.7991543340381,8.63128123906665,0.000999000999000999,9,2000,1000,960401
2,4,"RF_importance",10,"Urinary bladder cancer treated with anti-PD-L1","MONDO_0004986",0,0.0177077571448328,0,-0.179105301896206,1,0,6,1.47574544521003,0.990951410661925,1.48922079259596,1.36556869601864,0.0989010989010989,9,3,0.199,15.0753768844221,5.11647292393367,0.010989010989011,3,14,0.946,14.7991543340381,8.63128123906665,0.000999000999000999,9,2000,1000,960401
2,4,"GS_full_ungrouped",20,"Urinary bladder cancer treated with anti-PD-L1","MONDO_0004986",0,0.0382584284572999,0,-0.262413251083579,1,0,6,1.29953735017688,1.00309525263262,1.29552736568761,1.16725874342158,0.127872127872128,17,1,0.823,1.21506682867558,0.144463460497748,0.472527472527473,2,8,2.96,2.7027027027027,1.74996891264143,0.0859140859140859,17,2000,1000,960402
2,4,"DGE",20,"Urinary bladder cancer treated with anti-PD-L1","MONDO_0004986",0,0.0382584284572999,0,-0.262413251083579,1,0,6,1.62301826450872,1.00309525263262,1.61801011444239,2.44098446831623,0.014985014985015,18,12,0.823,14.5808019441069,9.1224186326742,0.000999000999000999,8,54,3.362,16.0618679357525,16.4062852363907,0.000999000999000999,18,2000,1000,960402
2,4,"LASSO",20,"Urinary bladder cancer treated with anti-PD-L1","MONDO_0004986",0,0.0382584284572999,0,-0.262413251083579,1,0,6,1.42250825344171,1.00309525263262,1.41811881743866,1.65146413533927,0.0609390609390609,19,0,0.823,0,-0.671714282427383,1,3,16,3.362,4.75907198096371,4.09460549029397,0.00699300699300699,18,2000,1000,960402
2,4,"ElasticNet",20,"Urinary bladder cancer treated with anti-PD-L1","MONDO_0004986",0,0.0382584284572999,0,-0.262413251083579,1,0,6,1.42148691682822,1.00309525263262,1.41710063236521,1.64744256046195,0.0609390609390609,18,1,0.823,1.21506682867558,0.144463460497748,0.472527472527473,2,8,3.362,2.37953599048186,1.50267291216834,0.113886113886114,18,2000,1000,960402
2,4,"mRMR",20,"Urinary bladder cancer treated with anti-PD-L1","MONDO_0004986",0,0.0382584284572999,0,-0.262413251083579,1,0,6,1.15199896105898,1.00309525263262,1.14844423601405,0.586317385514461,0.270729270729271,18,0,0.823,0,-0.671714282427383,1,5,0,3.362,0,-1.0892596659573,1,18,2000,1000,960402
2,4,"Boruta",20,"Urinary bladder cancer treated with anti-PD-L1","MONDO_0004986",0,0.0382584284572999,0,-0.262413251083579,1,0,6,1.94812505747771,1.00309525263262,1.942113724858,3.72111218898229,0.001998001998002,15,3,0.823,3.64520048602673,1.77681894634801,0.0949050949050949,3,18,2.96,6.08108108108108,5.22212945359666,0.001998001998002,17,2000,1000,960402
2,4,"RF_importance",20,"Urinary bladder cancer treated with anti-PD-L1","MONDO_0004986",0,0.0382584284572999,0,-0.262413251083579,1,0,6,1.41347078575029,1.00309525263262,1.40910923667583,1.61587855802559,0.0669330669330669,19,4,0.823,4.86026731470231,2.59299668927314,0.042957042957043,4,14,3.92,3.57142857142857,2.96609828054399,0.020979020979021,19,2000,1000,960402
2,4,"GS_full_ungrouped",50,"Urinary bladder cancer treated with anti-PD-L1","MONDO_0004986",0,0.0857725870032073,0,-0.395544110404621,1,0,6,1.0561901310403,0.992853501671053,1.06379252252488,0.404258188153653,0.337662337662338,42,6,5.299,1.13228911115305,0.166361698554274,0.375624375624376,9,38,21.382,1.7771957721448,1.71977530715581,0.0649350649350649,44,2000,1000,960403
2,4,"DGE",50,"Urinary bladder cancer treated with anti-PD-L1","MONDO_0004986",0,0.0857725870032073,0,-0.395544110404621,1,0,6,1.31354401026113,0.992853501671053,1.3229988191111,2.04686869591507,0.02997002997003,43,24,5.299,4.52915644461219,4.4381314189208,0.002997002997003,19,152,23.184,6.55624568668047,12.5065119648451,0.000999000999000999,46,2000,1000,960403
2,4,"LASSO",50,"Urinary bladder cancer treated with anti-PD-L1","MONDO_0004986",0,0.0857725870032073,0,-0.395544110404621,1,0,6,0.999376927860656,0.992853501671053,1.00657038140937,0.0416370191818814,0.478521478521479,45,5,5.299,0.943574259294207,-0.070958841466088,0.474525474525474,11,182,24.908,7.30688935281837,14.2886264026611,0.000999000999000999,47,2000,1000,960403
2,4,"ElasticNet",50,"Urinary bladder cancer treated with anti-PD-L1","MONDO_0004986",0,0.0857725870032073,0,-0.395544110404621,1,0,6,1.09535395553431,0.992853501671053,1.10323824581445,0.654228811610924,0.240759240759241,42,9,5.299,1.69843366672957,0.878323318615362,0.172827172827173,10,40,21.382,1.87073239173136,1.92675271805433,0.050949050949051,44,2000,1000,960403
2,4,"mRMR",50,"Urinary bladder cancer treated with anti-PD-L1","MONDO_0004986",0,0.0857725870032073,0,-0.395544110404621,1,0,6,1.01741842478004,0.992853501671053,1.02474173991192,0.156790334551559,0.433566433566434,43,5,5.299,0.943574259294207,-0.070958841466088,0.474525474525474,10,18,23.184,0.77639751552795,-0.503305164154741,0.691308691308691,46,2000,1000,960403
2,4,"Boruta",50,"Urinary bladder cancer treated with anti-PD-L1","MONDO_0004986",0,0.0857725870032073,0,-0.395544110404621,1,0,6,1.22303179321205,0.992853501671053,1.23183510070075,1.46915710572751,0.0769230769230769,43,9,5.299,1.69843366672957,0.878323318615362,0.172827172827173,8,48,24.908,1.9270916974466,2.10038041969196,0.040959040959041,47,2000,1000,960403
2,4,"RF_importance",50,"Urinary bladder cancer treated with anti-PD-L1","MONDO_0004986",0,0.0857725870032073,0,-0.395544110404621,1,0,6,1.10527066024485,0.992853501671053,1.11322633035447,0.717524081957053,0.224775224775225,45,10,5.299,1.88714851858841,1.11564385863572,0.131868131868132,9,44,23.184,1.89786059351277,2.02098771162135,0.034965034965035,46,2000,1000,960403
2,4,"GS_full_ungrouped",100,"Urinary bladder cancer treated with anti-PD-L1","MONDO_0004986",0,0.168688344219565,0,-0.557561754019289,1,0,6,1.01371083173981,1.00392325499458,1.00974932764684,0.0851805357138085,0.438561438561439,80,17,22.028,0.771745051752315,-0.43626172014209,0.631368631368631,17,104,89.574,1.16105119789225,0.58194100870158,0.276723276723277,89,2000,1000,960404
2,4,"DGE",100,"Urinary bladder cancer treated with anti-PD-L1","MONDO_0004986",0,0.168688344219565,0,-0.557561754019289,1,0,6,1.20733576774653,1.00392325499458,1.20261759227108,1.77028362158698,0.047952047952048,90,65,22.028,2.95078990375885,3.72852797095184,0.004995004995005,36,242,102.356,2.36429715893548,4.89729295082198,0.001998001998002,95,2000,1000,960404
2,4,"LASSO",100,"Urinary bladder cancer treated with anti-PD-L1","MONDO_0004986",0,0.168688344219565,0,-0.557561754019289,1,0,6,0.92379268973752,1.00392325499458,0.920182578839163,-0.697370212598789,0.76023976023976,92,22,22.028,0.998728890502996,-0.00242946065313832,0.446553446553447,20,612,100.678,6.07878583205864,19.237062684322,0.000999000999000999,94,2000,1000,960404
2,4,"ElasticNet",100,"Urinary bladder cancer treated with anti-PD-L1","MONDO_0004986",0,0.168688344219565,0,-0.557561754019289,1,0,6,0.926986114471685,1.00392325499458,0.923363523914673,-0.669578080113024,0.751248751248751,86,23,22.028,1.04412565825313,0.0843369912446519,0.415584415584416,22,246,97.752,2.51657255094525,5.50375826045814,0.000999000999000999,93,2000,1000,960404
2,4,"mRMR",100,"Urinary bladder cancer treated with anti-PD-L1","MONDO_0004986",0,0.168688344219565,0,-0.557561754019289,1,0,6,0.885780565089193,1.00392325499458,0.882319002655212,-1.02818684121354,0.851148851148851,83,29,22.028,1.31650626475395,0.604935702631394,0.246753246753247,26,68,92.004,0.73909830007391,-0.906682668101571,0.824175824175824,90,2000,1000,960404
2,4,"Boruta",100,"Urinary bladder cancer treated with anti-PD-L1","MONDO_0004986",0,0.168688344219565,0,-0.557561754019289,1,0,6,1.07371184297747,1.00392325499458,1.06951585953974,0.607364771263795,0.25974025974026,90,67,22.028,3.04158343925912,3.90206087474742,0.004995004995005,27,172,102.356,1.68040955097894,2.44240404361839,0.01998001998002,95,2000,1000,960404
2,4,"RF_importance",100,"Urinary bladder cancer treated with anti-PD-L1","MONDO_0004986",0,0.168688344219565,0,-0.557561754019289,1,0,6,1.01359499536932,1.00392325499458,1.009633943956,0.0841724205950087,0.43956043956044,87,25,22.028,1.1349191937534,0.257869895040232,0.341658341658342,23,106,93.652,1.13184982701918,0.482400394260859,0.300699300699301,91,2000,1000,960404
2,4,"GS_full_ungrouped",200,"Urinary bladder cancer treated with anti-PD-L1","MONDO_0004986",0,0.315143891187284,0,-0.778321560702318,1,0,6,0.897134067961416,0.99262854223326,0.903796364693487,-1.24031141487708,0.895104895104895,161,70,86.823,0.806237978415857,-0.560290248294091,0.71028971028971,41,400,349.39,1.14485245713959,0.81036159174812,0.20979020979021,175,2000,1000,960405
2,4,"DGE",200,"Urinary bladder cancer treated with anti-PD-L1","MONDO_0004986",0,0.315143891187284,0,-0.778321560702318,1,0,6,1.0598378864542,0.99262854223326,1.06770845423176,0.872935501862994,0.181818181818182,176,170,86.823,1.95800651900994,2.77021113846268,0.014985014985015,65,628,400.926,1.56637384454987,3.12845371819947,0.003996003996004,188,2000,1000,960405
2,4,"LASSO",200,"Urinary bladder cancer treated with anti-PD-L1","MONDO_0004986",0,0.315143891187284,0,-0.778321560702318,1,0,6,0.965880703736899,0.99262854223326,0.973053526713848,-0.347409100508619,0.615384615384615,177,79,86.823,0.909897147069325,-0.260545123485982,0.547452547452547,43,1604,408.1,3.93040921342808,16.9132335093634,0.000999000999000999,189,2000,1000,960405
2,4,"ElasticNet",200,"Urinary bladder cancer treated with anti-PD-L1","MONDO_0004986",0,0.315143891187284,0,-0.778321560702318,1,0,6,0.902774669525332,0.99262854223326,0.909478854490956,-1.16704955800165,0.885114885114885,176,80,86.823,0.921414832475266,-0.227240109618414,0.531468531468531,43,1294,400.926,3.2275282720502,12.3040976770888,0.000999000999000999,188,2000,1000,960405
2,4,"mRMR",200,"Urinary bladder cancer treated with anti-PD-L1","MONDO_0004986",0,0.315143891187284,0,-0.778321560702318,1,0,6,0.84440155624973,0.99262854223326,0.850672250819987,-1.92521739200154,0.982017982017982,158,100,86.823,1.15176854059408,0.438860167732939,0.297702297702298,50,242,330.234,0.73281370179933,-1.41616568925725,0.928071928071928,171,2000,1000,960405
2,4,"Boruta",200,"Urinary bladder cancer treated with anti-PD-L1","MONDO_0004986",0.646397214067022,0.315143891187284,2.05111770255727,0.818107570736211,0.246753246753247,1,6,1.04107668005592,0.99262854223326,1.04880792336845,0.629259219752601,0.262737262737263,170,107,86.823,1.23239233843567,0.671995264805913,0.227772227772228,44,444,367.606,1.20781488876678,1.15208229084645,0.134865134865135,180,2000,1000,960405
2,4,"RF_importance",200,"Urinary bladder cancer treated with anti-PD-L1","MONDO_0004986",0,0.315143891187284,0,-0.778321560702318,1,0,6,1.13801978410564,0.99262854223326,1.14647094626684,1.88838588088477,0.034965034965035,173,65,86.823,0.748649551386153,-0.72681531763193,0.779220779220779,40,328,372.676,0.880121070313087,-0.702465000351939,0.757242757242757,182,2000,1000,960405
2,4,"GS_full_ungrouped",500,"Urinary bladder cancer treated with anti-PD-L1","MONDO_0004986",0.837568014362407,0.779647263586974,1.07429096910948,0.10207126067276,0.405594405594406,2,6,0.943017726701408,0.998604225602733,0.944335806442463,-1.22817910050579,0.898101898101898,415,641,554.832,1.15530466880065,0.818174291804826,0.188811188811189,126,2506,2334.822,1.07331522488652,0.733901090343199,0.223776223776224,453,2000,1000,960406
2,4,"DGE",500,"Urinary bladder cancer treated with anti-PD-L1","MONDO_0004986",1.05690391626617,0.779647263586974,1.35561806682115,0.488597535252915,0.328671328671329,2,6,1.10563338353549,0.998604225602733,1.10717875529533,2.36480040146242,0.012987012987013,422,755,554.832,1.36077226980419,1.90061637315463,0.040959040959041,132,2882,2454.446,1.17419572481937,1.78245639987839,0.044955044955045,465,2000,1000,960406
2,4,"LASSO",500,"Urinary bladder cancer treated with anti-PD-L1","MONDO_0004986",0.646397214067022,0.779647263586974,0.829089312894013,-0.234820860522717,0.586413586413586,1,6,0.964148594869384,0.998604225602733,0.965496209759625,-0.761294314228447,0.78021978021978,437,645,554.832,1.16251405830954,0.856154715711837,0.180819180819181,115,5672,2546.894,2.22702633089559,12.8499677696421,0.000999000999000999,473,2000,1000,960406
2,4,"ElasticNet",500,"Urinary bladder cancer treated with anti-PD-L1","MONDO_0004986",0.646397214067022,0.779647263586974,0.829089312894013,-0.234820860522717,0.586413586413586,1,6,0.945758691545919,0.998604225602733,0.947080602402901,-1.16761770873287,0.89010989010989,434,677,554.832,1.22018917438071,1.15999810696792,0.115884115884116,115,5508,2515.336,2.18976709274626,12.2630702672419,0.000999000999000999,469,2000,1000,960406
2,4,"mRMR",500,"Urinary bladder cancer treated with anti-PD-L1","MONDO_0004986",0.646397214067022,0.779647263586974,0.829089312894013,-0.234820860522717,0.586413586413586,1,6,0.899996300374607,0.998604225602733,0.901254247979365,-2.1787339606405,0.988011988011988,427,690,554.832,1.24361969028463,1.28343448466571,0.102897102897103,121,4556,2367.93,1.92404336276833,9.44849793121604,0.000999000999000999,456,2000,1000,960406
2,4,"Boruta",500,"Urinary bladder cancer treated with anti-PD-L1","MONDO_0004986",1.87320307259615,0.779647263586974,2.40262893244566,1.92712660915523,0.0529470529470529,3,6,1.0545557692065,0.998604225602733,1.0560297484922,1.23624473304526,0.102897102897103,429,584,554.832,1.05257086829887,0.276953251129922,0.364635364635365,109,2218,2433.596,0.911408467140807,-0.901029387921692,0.819180819180819,462,2000,1000,960406
2,4,"RF_importance",500,"Urinary bladder cancer treated with anti-PD-L1","MONDO_0004986",0,0.779647263586974,0,-1.37393901164939,1,0,6,1.04669302372058,0.998604225602733,1.04815601304793,1.06251802117669,0.137862137862138,428,534,554.832,0.962453499437667,-0.197802047707713,0.57042957042957,110,1880,2383.934,0.788612436418122,-2.22516830146419,0.994005994005994,458,2000,1000,960406
2,5,"GS_full_ungrouped",10,"Urinary bladder cancer treated with anti-PD-L1","MONDO_0004986",0,0.0161130538509772,0,-0.175148184815294,1,0,8,1.74466049501839,0.972232339516143,1.79448926363287,2.1578683002529,0.033966033966034,9,6,0.188,31.9148936170213,11.2919118085951,0.000999000999000999,4,16,1.002,15.9680638722555,9.80799071379668,0.000999000999000999,10,2000,1000,960501
2,5,"DGE",10,"Urinary bladder cancer treated with anti-PD-L1","MONDO_0004986",0,0.0161130538509772,0,-0.175148184815294,1,0,8,1.92331525610452,0.972232339516143,1.97824653422011,2.65696124875676,0.010989010989011,8,4,0.188,21.2765957446809,7.40618854342127,0.002997002997003,4,16,0.844,18.957345971564,11.3425529994004,0.000999000999000999,9,2000,1000,960501
2,5,"LASSO",10,"Urinary bladder cancer treated with anti-PD-L1","MONDO_0004986",0,0.0161130538509772,0,-0.175148184815294,1,0,8,1.21785474863806,0.972232339516143,1.25263756320239,0.686174897562235,0.237762237762238,9,0,0.188,0,-0.365257986926337,1,3,6,0.844,7.10900473933649,3.85868324524338,0.010989010989011,9,2000,1000,960501
2,5,"ElasticNet",10,"Urinary bladder cancer treated with anti-PD-L1","MONDO_0004986",0,0.0161130538509772,0,-0.175148184815294,1,0,8,1.58416449776758,0.972232339516143,1.62940938434118,1.70950398013072,0.0599400599400599,9,2,0.188,10.6382978723404,3.52046527824747,0.030969030969031,3,4,1.002,3.99201596806387,1.96055181757317,0.0949050949050949,10,2000,1000,960501
2,5,"mRMR",10,"Urinary bladder cancer treated with anti-PD-L1","MONDO_0004986",0,0.0161130538509772,0,-0.175148184815294,1,0,8,1.35006889349498,0.972232339516143,1.38862783989152,1.05553055866741,0.14985014985015,7,0,0.188,0,-0.365257986926337,1,1,0,0.844,0,-0.631638607250856,1,9,2000,1000,960501
2,5,"Boruta",10,"Urinary bladder cancer treated with anti-PD-L1","MONDO_0004986",0,0.0161130538509772,0,-0.175148184815294,1,0,8,1.77730640423491,0.972232339516143,1.82806756368487,2.24906846188536,0.02997002997003,10,1,0.188,5.31914893617022,1.57760364566056,0.147852147852148,3,4,1.002,3.99201596806387,1.96055181757317,0.0949050949050949,10,2000,1000,960501
2,5,"RF_importance",10,"Urinary bladder cancer treated with anti-PD-L1","MONDO_0004986",0,0.0161130538509772,0,-0.175148184815294,1,0,8,1.46489312997539,0.972232339516143,1.50673153981324,1.37630547894554,0.0919080919080919,7,1,0.188,5.31914893617022,1.57760364566056,0.147852147852148,2,4,0.844,4.73933649289099,2.36190929441197,0.0669330669330669,9,2000,1000,960501
2,5,"GS_full_ungrouped",20,"Urinary bladder cancer treated with anti-PD-L1","MONDO_0004986",0,0.036979301071815,0,-0.263980453170285,1,0,8,1.66239791423395,0.986672156195261,1.68485337687482,2.64938081626319,0.012987012987013,18,6,0.831,7.22021660649819,4.06358750445214,0.011988011988012,4,16,3.86,4.14507772020725,3.54490283506727,0.012987012987013,19,2000,1000,960502
2,5,"DGE",20,"Urinary bladder cancer treated with anti-PD-L1","MONDO_0004986",0,0.036979301071815,0,-0.263980453170285,1,0,8,1.96792012710568,0.986672156195261,1.99450254550026,3.84727016722426,0.002997002997003,18,17,0.831,20.4572803850782,12.711191015571,0.000999000999000999,8,80,3.86,20.7253886010363,22.2330232176295,0.000999000999000999,19,2000,1000,960502
2,5,"LASSO",20,"Urinary bladder cancer treated with anti-PD-L1","MONDO_0004986",0,0.036979301071815,0,-0.263980453170285,1,0,8,1.18243503272167,0.986672156195261,1.1984072169233,0.767545714271672,0.208791208791209,19,1,0.831,1.20336943441637,0.132858635761735,0.467532467532468,4,50,3.86,12.9533678756477,13.4729667883034,0.000999000999000999,19,2000,1000,960502
2,5,"ElasticNet",20,"Urinary bladder cancer treated with anti-PD-L1","MONDO_0004986",0,0.036979301071815,0,-0.263980453170285,1,0,8,1.37834029485094,0.986672156195261,1.39695874277633,1.53564969301711,0.0769230769230769,16,5,0.831,6.01684717208183,3.27744173071406,0.020979020979021,4,8,3.86,2.07253886010363,1.20888778724699,0.157842157842158,19,2000,1000,960502
2,5,"mRMR",20,"Urinary bladder cancer treated with anti-PD-L1","MONDO_0004986",0,0.036979301071815,0,-0.263980453170285,1,0,8,1.2636448464328,0.986672156195261,1.28071400261824,1.08595258270757,0.12987012987013,13,1,0.831,1.20336943441637,0.132858635761735,0.467532467532468,3,2,3.86,0.518134715025907,-0.543123498618214,0.809190809190809,19,2000,1000,960502
2,5,"Boruta",20,"Urinary bladder cancer treated with anti-PD-L1","MONDO_0004986",0,0.036979301071815,0,-0.263980453170285,1,0,8,1.44393040665003,0.986672156195261,1.46343483758376,1.7928149436677,0.04995004995005,18,7,0.831,8.42358604091456,4.84973327819022,0.00699300699300699,5,14,3.86,3.62694300518135,2.9608990731122,0.022977022977023,19,2000,1000,960502
2,5,"RF_importance",20,"Urinary bladder cancer treated with anti-PD-L1","MONDO_0004986",0,0.036979301071815,0,-0.263980453170285,1,0,8,1.50243989493992,0.986672156195261,1.5227346647072,2.02221853528826,0.030969030969031,16,6,0.831,7.22021660649819,4.06358750445214,0.011988011988012,4,16,3.86,4.14507772020725,3.54490283506727,0.012987012987013,19,2000,1000,960502
2,5,"GS_full_ungrouped",50,"Urinary bladder cancer treated with anti-PD-L1","MONDO_0004986",0,0.100965087235673,0,-0.422002466553121,1,0,8,1.36096921593292,0.985339434275892,1.38121866292002,2.35630191213418,0.016983016983017,42,13,5.595,2.32350312779267,1.63089939798928,0.0729270729270729,11,48,23.12,2.07612456747405,2.45713411528245,0.032967032967033,46,2000,1000,960503
2,5,"DGE",50,"Urinary bladder cancer treated with anti-PD-L1","MONDO_0004986",0,0.100965087235673,0,-0.422002466553121,1,0,8,1.80553906929093,0.985339434275892,1.83240313589782,5.145060542836,0.000999000999000999,46,32,5.595,5.71939231456658,5.8155163543426,0.001998001998002,15,174,26.136,6.6574839302112,13.704634783741,0.000999000999000999,49,2000,1000,960503
2,5,"LASSO",50,"Urinary bladder cancer treated with anti-PD-L1","MONDO_0004986",0,0.100965087235673,0,-0.422002466553121,1,0,8,0.806796512784732,0.985339434275892,0.818800592688784,-1.11998847762227,0.873126873126873,45,7,5.595,1.25111706881144,0.309441411772443,0.324675324675325,10,162,25.066,6.4629378440916,12.2524282388692,0.000999000999000999,48,2000,1000,960503
2,5,"ElasticNet",50,"Urinary bladder cancer treated with anti-PD-L1","MONDO_0004986",0,0.100965087235673,0,-0.422002466553121,1,0,8,1.06928764308016,0.985339434275892,1.08519724866787,0.526601815364947,0.290709290709291,43,9,5.595,1.60857908847185,0.749927407178055,0.190809190809191,9,88,23.942,3.67554924400635,6.1161944529116,0.001998001998002,47,2000,1000,960503
2,5,"mRMR",50,"Urinary bladder cancer treated with anti-PD-L1","MONDO_0004986",0,0.100965087235673,0,-0.422002466553121,1,0,8,0.98411808938291,0.985339434275892,0.998760483087862,-0.0076614194274294,0.47052947052947,40,4,5.595,0.714924039320822,-0.351287581335976,0.629370629370629,9,18,23.12,0.778546712802768,-0.505648178064556,0.695304695304695,46,2000,1000,960503
2,5,"Boruta",50,"Urinary bladder cancer treated with anti-PD-L1","MONDO_0004986",0,0.100965087235673,0,-0.422002466553121,1,0,8,1.23267480613952,0.985339434275892,1.25101539962763,1.55151917691342,0.0589410589410589,45,19,5.595,3.3958891867739,2.95235738420612,0.021978021978022,12,36,25.066,1.43620840979813,0.978340297981477,0.167832167832168,48,2000,1000,960503
2,5,"RF_importance",50,"Urinary bladder cancer treated with anti-PD-L1","MONDO_0004986",0,0.100965087235673,0,-0.422002466553121,1,0,8,1.14830239937282,0.985339434275892,1.16538764148488,1.02225639450378,0.171828171828172,40,9,5.595,1.60857908847185,0.749927407178055,0.190809190809191,6,30,20.024,1.49820215741111,1.09945645208107,0.147852147852148,43,2000,1000,960503
2,5,"GS_full_ungrouped",100,"Urinary bladder cancer treated with anti-PD-L1","MONDO_0004986",0,0.225069842702705,0,-0.678952376118664,1,0,8,1.08314381998525,0.990909500942197,1.09308046694007,0.839440002834443,0.185814185814186,81,41,22.375,1.83240223463687,1.58573921229293,0.0759240759240759,27,130,93.792,1.38604571818492,1.43227240770309,0.0879120879120879,92,2000,1000,960504
2,5,"DGE",100,"Urinary bladder cancer treated with anti-PD-L1","MONDO_0004986",0,0.225069842702705,0,-0.678952376118664,1,0,8,1.47924952109774,0.990909500942197,1.4928199999003,4.44446440497065,0.000999000999000999,89,70,22.375,3.12849162011173,4.05480966364837,0.002997002997003,29,318,103.532,3.07151412123788,8.12020863527555,0.000999000999000999,97,2000,1000,960504
2,5,"LASSO",100,"Urinary bladder cancer treated with anti-PD-L1","MONDO_0004986",0,0.225069842702705,0,-0.678952376118664,1,0,8,0.801087507803486,0.990909500942197,0.808436599953659,-1.72760178761688,0.962037962037962,92,24,22.375,1.07262569832402,0.138353085636296,0.393606393606394,22,700,101.954,6.86584145791239,23.2004002180449,0.000999000999000999,96,2000,1000,960504
2,5,"ElasticNet",100,"Urinary bladder cancer treated with anti-PD-L1","MONDO_0004986",0,0.225069842702705,0,-0.678952376118664,1,0,8,0.947881409243434,0.990909500942197,0.95657717313453,-0.391605877208366,0.65034965034965,89,28,22.375,1.25139664804469,0.478914527202563,0.274725274725275,21,508,99.67,5.0968195043644,14.9811628290169,0.000999000999000999,95,2000,1000,960504
2,5,"mRMR",100,"Urinary bladder cancer treated with anti-PD-L1","MONDO_0004986",0.501393256943963,0.225069842702705,2.22772296333922,0.833565423174613,0.197802197802198,1,8,1.05573955989262,0.990909500942197,1.06542480306101,0.590029236771441,0.250749250749251,81,17,22.375,0.759776536312849,-0.457629437104672,0.652347652347652,19,88,84.796,1.03778480116987,0.139037381977302,0.420579420579421,88,2000,1000,960504
2,5,"Boruta",100,"Urinary bladder cancer treated with anti-PD-L1","MONDO_0004986",0,0.225069842702705,0,-0.678952376118664,1,0,8,1.08412937151684,0.990909500942197,1.09407505981727,0.84840967257403,0.182817182817183,86,21,22.375,0.93854748603352,-0.117067995538404,0.49050949050949,19,96,93.792,1.02354145342886,0.0873414017954164,0.436563436563437,92,2000,1000,960504
2,5,"RF_importance",100,"Urinary bladder cancer treated with anti-PD-L1","MONDO_0004986",0,0.225069842702705,0,-0.678952376118664,1,0,8,0.974383959724641,0.990909500942197,0.983322855213476,-0.150401721511389,0.55044955044955,84,31,22.375,1.3854748603352,0.734335608377264,0.218781218781219,20,128,88.62,1.44436921688107,1.54899466967162,0.0869130869130869,90,2000,1000,960504
2,5,"GS_full_ungrouped",200,"Urinary bladder cancer treated with anti-PD-L1","MONDO_0004986",0,0.420450120848021,0,-0.922344782815387,1,0,8,0.986932695201696,0.98393954286921,1.00304200837763,0.0408197423798216,0.48051948051948,166,136,87.639,1.55182053651913,1.67613746017006,0.0619380619380619,53,470,367.022,1.28057718610873,1.65823549060844,0.0549450549450549,181,2000,1000,960505
2,5,"DGE",200,"Urinary bladder cancer treated with anti-PD-L1","MONDO_0004986",0.410506702199149,0.420450120848021,0.976350539205895,-0.0218129567798397,0.497502497502497,1,8,1.30510044040248,0.98393954286921,1.32640308021035,4.3798990641043,0.000999000999000999,169,92,87.639,1.04976095117471,0.151147318372276,0.405594405594406,43,692,377.81,1.83160848045314,4.79047618618998,0.000999000999000999,185,2000,1000,960505
2,5,"LASSO",200,"Urinary bladder cancer treated with anti-PD-L1","MONDO_0004986",0,0.420450120848021,0,-0.922344782815387,1,0,8,0.916954207552697,0.98393954286921,0.931921289471525,-0.913526552313593,0.815184815184815,177,71,87.639,0.810141603623957,-0.576688885667574,0.695304695304695,43,1604,403.126,3.97890485853058,17.2926362272298,0.000999000999000999,191,2000,1000,960505
2,5,"ElasticNet",200,"Urinary bladder cancer treated with anti-PD-L1","MONDO_0004986",0,0.420450120848021,0,-0.922344782815387,1,0,8,0.961399691593324,0.98393954286921,0.977092239620578,-0.307391946736211,0.622377622377622,175,70,87.639,0.798731158502493,-0.611347752526614,0.71028971028971,42,1434,403.126,3.55720047826238,14.8446290602588,0.000999000999000999,191,2000,1000,960505
2,5,"mRMR",200,"Urinary bladder cancer treated with anti-PD-L1","MONDO_0004986",0.911899959143112,0.420450120848021,2.16886596988929,1.07809742913783,0.133866133866134,2,8,0.991394936243805,0.98393954286921,1.00757708482053,0.101674489997767,0.456543456543457,157,53,87.639,0.604753591437602,-1.2005484891303,0.908091908091908,35,354,343.98,1.02912960055817,0.158309095732768,0.414585414585415,176,2000,1000,960505
2,5,"Boruta",200,"Urinary bladder cancer treated with anti-PD-L1","MONDO_0004986",0.433059717070964,0.420450120848021,1.02999070662059,0.0276617717844444,0.401598401598402,1,8,0.919297044076615,0.98393954286921,0.9343023671921,-0.881575628096872,0.804195804195804,167,62,87.639,0.70744759753078,-0.888618687398938,0.817182817182817,35,332,367.022,0.904577927208723,-0.563952721475354,0.703296703296703,181,2000,1000,960505
2,5,"RF_importance",200,"Urinary bladder cancer treated with anti-PD-L1","MONDO_0004986",0,0.420450120848021,0,-0.922344782815387,1,0,8,1.02779534653551,0.98393954286921,1.04457164465452,0.598092715859541,0.286713286713287,174,84,87.639,0.958477390202992,-0.126123616500048,0.502497502497502,40,438,391.684,1.11824838390131,0.691235712650821,0.241758241758242,187,2000,1000,960505
2,5,"GS_full_ungrouped",500,"Urinary bladder cancer treated with anti-PD-L1","MONDO_0004986",1.65370518637579,1.03613843389515,1.59602726071942,0.947449060875972,0.185814185814186,3,8,1.05452821173409,0.983090314891095,1.07266666730504,1.61346188085856,0.0599400599400599,423,860,552.651,1.55613578913274,2.88208877713849,0.00599400599400599,133,2672,2353.084,1.13553107326385,1.35208870489039,0.0929070929070929,458,2000,1000,960506
2,5,"DGE",500,"Urinary bladder cancer treated with anti-PD-L1","MONDO_0004986",1.72819911547309,1.03613843389515,1.66792299073038,1.06173501114887,0.154845154845155,3,8,1.12670032742098,0.983090314891095,1.14608018241518,3.24350647438341,0.000999000999000999,419,545,552.651,0.986155819857378,-0.0717453488831485,0.501498501498502,113,2752,2347.438,1.17234193192749,1.75198386637647,0.0529470529470529,460,2000,1000,960506
2,5,"LASSO",500,"Urinary bladder cancer treated with anti-PD-L1","MONDO_0004986",0.646397214067022,1.03613843389515,0.623852173533438,-0.597927189615657,0.713286713286713,1,8,0.956905822761256,0.983090314891095,0.973365120443955,-0.591390309459783,0.709290709290709,430,725,552.651,1.3118586594433,1.61615986598636,0.0629370629370629,119,5392,2442.8,2.20730309480924,12.5345340612406,0.000999000999000999,467,2000,1000,960506
2,5,"ElasticNet",500,"Urinary bladder cancer treated with anti-PD-L1","MONDO_0004986",0.646397214067022,1.03613843389515,0.623852173533438,-0.597927189615657,0.713286713286713,1,8,0.981426578847512,0.983090314891095,0.998307646796655,-0.0375763397966649,0.509490509490509,428,663,552.651,1.19967212580815,1.03477029197575,0.157842157842158,114,5184,2442.8,2.12215490420829,11.6505034479428,0.000999000999000999,467,2000,1000,960506
2,5,"mRMR",500,"Urinary bladder cancer treated with anti-PD-L1","MONDO_0004986",1.55829717321013,1.03613843389515,1.50394688801576,0.801077462808643,0.214785214785215,3,8,0.957712522747139,0.983090314891095,0.974185696105889,-0.57317057268098,0.705294705294705,419,448,552.651,0.810638178524964,-0.98133871467394,0.846153846153846,102,4460,2344.564,1.90227266135623,9.22428822784569,0.000999000999000999,459,2000,1000,960506
2,5,"Boruta",500,"Urinary bladder cancer treated with anti-PD-L1","MONDO_0004986",1.24935887340094,1.03613843389515,1.20578373751105,0.327115254112807,0.343656343656344,2,8,0.895537682915875,0.983090314891095,0.910941415403,-1.9774215158002,0.982017982017982,426,418,552.651,0.75635437192731,-1.26265625048553,0.908091908091908,94,2176,2347.438,0.926968039198479,-0.742424177465627,0.771228771228771,460,2000,1000,960506
2,5,"RF_importance",500,"Urinary bladder cancer treated with anti-PD-L1","MONDO_0004986",2.13254542844794,1.03613843389515,2.05816651393875,1.68206881791204,0.0679320679320679,4,8,1.01758942161717,0.983090314891095,1.0350925100202,0.779180184272851,0.218781218781219,434,568,552.651,1.02777340491558,0.1439314285724,0.411588411588412,110,2636,2467.314,1.06836827416373,0.709453832173369,0.226773226773227,470,2000,1000,960506
3,1,"GS_full_ungrouped",10,"Urinary bladder cancer treated with anti-PD-L1","MONDO_0004986",0,0.0162197503332171,0,-0.162469495968506,1,0,7,1.20871638315125,1.00035174232131,1.20829137593785,0.592682146209706,0.261738261738262,9,1,0.202,4.95049504950495,1.49879445616119,0.160839160839161,2,2,0.766,2.61096605744125,0.914937192145902,0.301698301698302,9,2000,1000,970101
3,1,"DGE",10,"Urinary bladder cancer treated with anti-PD-L1","MONDO_0004986",0,0.0162197503332171,0,-0.162469495968506,1,0,7,1.50572762365507,1.00035174232131,1.50519818175258,1.43751483360358,0.0869130869130869,8,6,0.202,29.7029702970297,10.8897371639381,0.001998001998002,4,16,0.696,22.9885057471264,12.0194878362092,0.000999000999000999,8,2000,1000,970101
3,1,"LASSO",10,"Urinary bladder cancer treated with anti-PD-L1","MONDO_0004986",0,0.0162197503332171,0,-0.162469495968506,1,0,7,0.932478619660093,1.00035174232131,0.932150742794008,-0.193061489936965,0.533466533466533,8,0,0.202,0,-0.379394085394186,1,3,2,0.696,2.8735632183908,1.02413827355049,0.280719280719281,8,2000,1000,970101
3,1,"ElasticNet",10,"Urinary bladder cancer treated with anti-PD-L1","MONDO_0004986",0,0.0162197503332171,0,-0.162469495968506,1,0,7,1.24052182929502,1.00035174232131,1.24008563869384,0.683151047298509,0.237762237762238,9,1,0.202,4.95049504950495,1.49879445616119,0.160839160839161,3,2,0.766,2.61096605744125,0.914937192145902,0.301698301698302,9,2000,1000,970101
3,1,"mRMR",10,"Urinary bladder cancer treated with anti-PD-L1","MONDO_0004986",0,0.0162197503332171,0,-0.162469495968506,1,0,7,0.775038534971831,1.00035174232131,0.774766016974545,-0.64089144285416,0.72027972027972,9,0,0.202,0,-0.379394085394186,1,3,0,0.766,0,-0.567943184103535,1,9,2000,1000,970101
3,1,"Boruta",10,"Urinary bladder cancer treated with anti-PD-L1","MONDO_0004986",0,0.0162197503332171,0,-0.162469495968506,1,0,7,1.2789514444936,1.00035174232131,1.27850174132331,0.792462045187549,0.198801198801199,10,1,0.202,4.95049504950495,1.49879445616119,0.160839160839161,3,2,0.766,2.61096605744125,0.914937192145902,0.301698301698302,9,2000,1000,970101
3,1,"RF_importance",10,"Urinary bladder cancer treated with anti-PD-L1","MONDO_0004986",0,0.0162197503332171,0,-0.162469495968506,1,0,7,1.35293959875408,1.00035174232131,1.35246387996944,1.00291741749318,0.15984015984016,9,1,0.202,4.95049504950495,1.49879445616119,0.160839160839161,2,2,0.696,2.8735632183908,1.02413827355049,0.280719280719281,8,2000,1000,970101
3,1,"GS_full_ungrouped",20,"Urinary bladder cancer treated with anti-PD-L1","MONDO_0004986",0,0.0393044578581835,0,-0.264106394815938,1,0,7,1.21560361284481,0.990565368096871,1.22718161970501,0.910473298673677,0.17982017982018,17,1,0.832,1.20192307692308,0.141221793732252,0.484515484515485,3,2,2.944,0.679347826086957,-0.307143189816961,0.705294705294705,17,2000,1000,970102
3,1,"DGE",20,"Urinary bladder cancer treated with anti-PD-L1","MONDO_0004986",0,0.0393044578581835,0,-0.264106394815938,1,0,7,1.80731577580226,0.990565368096871,1.82452954041244,3.30445804325178,0.001998001998002,18,17,0.832,20.4326923076923,13.5909164348991,0.000999000999000999,8,70,3.274,21.3805742211362,22.445224108183,0.000999000999000999,18,2000,1000,970102
3,1,"LASSO",20,"Urinary bladder cancer treated with anti-PD-L1","MONDO_0004986",0,0.0393044578581835,0,-0.264106394815938,1,0,7,1.17726693642166,0.990565368096871,1.18847980591477,0.755368461794656,0.21978021978022,18,1,0.832,1.20192307692308,0.141221793732252,0.484515484515485,4,36,3.274,10.9957238851558,11.0083386410754,0.000999000999000999,18,2000,1000,970102
3,1,"ElasticNet",20,"Urinary bladder cancer treated with anti-PD-L1","MONDO_0004986",0,0.0393044578581835,0,-0.264106394815938,1,0,7,1.35632741869814,0.990565368096871,1.36924574831845,1.47982215695642,0.0719280719280719,18,3,0.832,3.60576923076923,1.82243362387811,0.0939060939060939,4,12,3.274,3.66524129505193,2.93524301723474,0.020979020979021,18,2000,1000,970102
3,1,"mRMR",20,"Urinary bladder cancer treated with anti-PD-L1","MONDO_0004986",0,0.0393044578581835,0,-0.264106394815938,1,0,7,1.18077679427559,0.990565368096871,1.19202309338168,0.769568856317483,0.216783216783217,16,0,0.832,0,-0.699384121340675,1,3,0,2.648,0,-0.926743525098333,1,16,2000,1000,970102
3,1,"Boruta",20,"Urinary bladder cancer treated with anti-PD-L1","MONDO_0004986",0,0.0393044578581835,0,-0.264106394815938,1,0,7,1.18482746778942,0.990565368096871,1.1961123475029,0.785957315444128,0.210789210789211,16,3,0.832,3.60576923076923,1.82243362387811,0.0939060939060939,4,8,2.944,2.71739130434783,1.64503810139254,0.0919080919080919,17,2000,1000,970102
3,1,"RF_importance",20,"Urinary bladder cancer treated with anti-PD-L1","MONDO_0004986",0,0.0393044578581835,0,-0.264106394815938,1,0,7,1.28825604755549,0.990565368096871,1.30052603194735,1.20441489940822,0.111888111888112,19,1,0.832,1.20192307692308,0.141221793732252,0.484515484515485,2,4,3.274,1.22174709835064,0.244211142621181,0.451548451548452,18,2000,1000,970102
3,1,"GS_full_ungrouped",50,"Urinary bladder cancer treated with anti-PD-L1","MONDO_0004986",0,0.090473010780502,0,-0.392897799898565,1,0,7,1.04859975350682,0.983787311737468,1.06588054246694,0.41788286562684,0.336663336663337,42,5,5.077,0.984833563127831,-0.0204083228948708,0.475524475524476,9,18,21.65,0.831408775981524,-0.369166944839072,0.66033966033966,45,2000,1000,970103
3,1,"DGE",50,"Urinary bladder cancer treated with anti-PD-L1","MONDO_0004986",0,0.090473010780502,0,-0.392897799898565,1,0,7,1.71624521481423,0.983787311737468,1.74452871503615,4.72257485033476,0.000999000999000999,46,45,5.077,8.86350206815048,10.5813178562585,0.000999000999000999,21,234,24.37,9.60196963479688,20.2408970279942,0.000999000999000999,48,2000,1000,970103
3,1,"LASSO",50,"Urinary bladder cancer treated with anti-PD-L1","MONDO_0004986",0,0.090473010780502,0,-0.392897799898565,1,0,7,0.774441171511447,0.983787311737468,0.787203862330472,-1.34977425008744,0.91008991008991,44,7,5.077,1.37876698837896,0.509677986062799,0.294705294705295,11,160,23.91,6.69176076955249,13.2039039768117,0.000999000999000999,47,2000,1000,970103
3,1,"ElasticNet",50,"Urinary bladder cancer treated with anti-PD-L1","MONDO_0004986",0,0.090473010780502,0,-0.392897799898565,1,0,7,1.17454314021947,0.983787311737468,1.19389945998095,1.22991188211602,0.112887112887113,45,8,5.077,1.57573370100453,0.774721140541634,0.21978021978022,12,56,23.91,2.34211626934337,3.1134784232191,0.013986013986014,47,2000,1000,970103
3,1,"mRMR",50,"Urinary bladder cancer treated with anti-PD-L1","MONDO_0004986",0,0.090473010780502,0,-0.392897799898565,1,0,7,0.973987214788001,0.983787311737468,0.990038398714293,-0.063186827788986,0.505494505494505,44,4,5.077,0.787866850502265,-0.285451477373706,0.595404595404595,10,12,23.1,0.519480519480519,-1.07452097808524,0.897102897102897,46,2000,1000,970103
3,1,"Boruta",50,"Urinary bladder cancer treated with anti-PD-L1","MONDO_0004986",0,0.090473010780502,0,-0.392897799898565,1,0,7,1.34625562776545,0.983787311737468,1.36844174721853,2.337040458061,0.00999000999000999,44,9,5.077,1.7727004136301,1.03976429502047,0.164835164835165,9,28,21.65,1.2933025404157,0.642249342391264,0.252747252747253,45,2000,1000,970103
3,1,"RF_importance",50,"Urinary bladder cancer treated with anti-PD-L1","MONDO_0004986",0,0.090473010780502,0,-0.392897799898565,1,0,7,1.26097382057176,0.983787311737468,1.28175450681993,1.78717989112301,0.047952047952048,44,5,5.077,0.984833563127831,-0.0204083228948708,0.475524475524476,5,26,21.65,1.20092378752887,0.439966084945197,0.314685314685315,45,2000,1000,970103
3,1,"GS_full_ungrouped",100,"Urinary bladder cancer treated with anti-PD-L1","MONDO_0004986",0.816299156329978,0.185565650542429,4.39897768764771,2.08532963241899,0.0739260739260739,1,7,1.03467094192563,0.984899580776256,1.0505344525684,0.450587443754217,0.325674325674326,86,45,21.446,2.09829338804439,2.15426753737207,0.036963036963037,26,104,87.152,1.19331742243437,0.707354774271899,0.226773226773227,90,2000,1000,970104
3,1,"DGE",100,"Urinary bladder cancer treated with anti-PD-L1","MONDO_0004986",0,0.185565650542429,0,-0.613516717099182,1,0,7,1.28345955043049,0.984899580776256,1.30313747257251,2.70290726287519,0.00699300699300699,89,74,21.446,3.45052690478411,4.80663055782678,0.001998001998002,34,332,102.808,3.22932067543382,8.66373901720029,0.000999000999000999,97,2000,1000,970104
3,1,"LASSO",100,"Urinary bladder cancer treated with anti-PD-L1","MONDO_0004986",0,0.185565650542429,0,-0.613516717099182,1,0,7,0.893230519740623,0.984899580776256,0.906925474611957,-0.829893475475325,0.783216783216783,92,23,21.446,1.07246106500047,0.142130073578849,0.390609390609391,21,638,97.804,6.52325058279825,20.9181587727237,0.000999000999000999,95,2000,1000,970104
3,1,"ElasticNet",100,"Urinary bladder cancer treated with anti-PD-L1","MONDO_0004986",0,0.185565650542429,0,-0.613516717099182,1,0,7,0.872765349508976,0.984899580776256,0.886146533660923,-1.0151676678567,0.834165834165834,90,34,21.446,1.58537722652243,1.14819880547546,0.136863136863137,23,368,97.804,3.76262729540714,10.4628742674045,0.000999000999000999,95,2000,1000,970104
3,1,"mRMR",100,"Urinary bladder cancer treated with anti-PD-L1","MONDO_0004986",0,0.185565650542429,0,-0.613516717099182,1,0,7,0.92603974402332,0.984899580776256,0.940237727884354,-0.532866748463988,0.708291708291708,84,21,21.446,0.979203581087382,-0.0407915140387173,0.45954045954046,20,68,90.78,0.749063670411985,-0.908167583034428,0.844155844155844,91,2000,1000,970104
3,1,"Boruta",100,"Urinary bladder cancer treated with anti-PD-L1","MONDO_0004986",0,0.185565650542429,0,-0.613516717099182,1,0,7,1.0635716592097,0.984899580776256,1.07987827385553,0.712229882758555,0.227772227772228,86,21,21.446,0.979203581087382,-0.0407915140387173,0.45954045954046,17,90,90.78,0.991407799074686,-0.0310961683391952,0.493506493506494,91,2000,1000,970104
3,1,"RF_importance",100,"Urinary bladder cancer treated with anti-PD-L1","MONDO_0004986",0,0.185565650542429,0,-0.613516717099182,1,0,7,1.06692639431907,0.984899580776256,1.08328444355532,0.7426007925046,0.220779220779221,87,26,21.446,1.21234729087009,0.416512455005198,0.293706293706294,19,100,96.358,1.03779655036427,0.13765152777655,0.403596403596404,93,2000,1000,970104
3,1,"GS_full_ungrouped",200,"Urinary bladder cancer treated with anti-PD-L1","MONDO_0004986",0.816299156329978,0.363288334678832,2.24697321220522,1.07295666378072,0.194805194805195,1,7,0.998062822633878,0.986124631764508,1.01210616841404,0.159556366652754,0.447552447552448,175,123,86.253,1.42603735522243,1.23018248341973,0.106893106893107,52,498,367.318,1.35577347148792,1.92923348946306,0.037962037962038,183,2000,1000,970105
3,1,"DGE",200,"Urinary bladder cancer treated with anti-PD-L1","MONDO_0004986",1.87320307259615,0.363288334678832,5.15624338516724,3.5762348322811,0.004995004995005,3,7,1.34681909596085,0.986124631764508,1.36576965281857,4.82075540663289,0.000999000999000999,173,145,86.253,1.68110094721343,1.96667837792089,0.042957042957043,56,810,390.89,2.07219422343882,5.98994905662235,0.000999000999000999,189,2000,1000,970105
3,1,"LASSO",200,"Urinary bladder cancer treated with anti-PD-L1","MONDO_0004986",0,0.363288334678832,0,-0.860448847881221,1,0,7,0.931273121091897,0.986124631764508,0.944376695494906,-0.73310167713866,0.756243756243756,175,74,86.253,0.857941173060647,-0.410194736151032,0.641358641358641,43,1598,391.676,4.07990277678489,17.6877415817705,0.000999000999000999,188,2000,1000,970105
3,1,"ElasticNet",200,"Urinary bladder cancer treated with anti-PD-L1","MONDO_0004986",0,0.363288334678832,0,-0.860448847881221,1,0,7,0.956275717128582,0.986124631764508,0.96973109313524,-0.39893685902242,0.631368631368631,175,94,86.253,1.08981716577974,0.259346986122749,0.360639360639361,46,1346,398.788,3.37522693762099,13.1101295226953,0.000999000999000999,190,2000,1000,970105
3,1,"mRMR",200,"Urinary bladder cancer treated with anti-PD-L1","MONDO_0004986",0.911899959143112,0.363288334678832,2.51012727933939,1.29938727766158,0.105894105894106,2,7,0.867484702082107,0.986124631764508,0.879690734963071,-1.58564696503811,0.946053946053946,161,82,86.253,0.950691570148285,-0.142378047241519,0.52047952047952,45,306,348.482,0.878094133986834,-0.678276789323305,0.749250749250749,178,2000,1000,970105
3,1,"Boruta",200,"Urinary bladder cancer treated with anti-PD-L1","MONDO_0004986",1.65986557560009,0.363288334678832,4.56900323283849,3.07094471978023,0.010989010989011,3,7,1.03940599789216,0.986124631764508,1.05403106707953,0.712116373632043,0.238761238761239,173,84,86.253,0.973879169420194,-0.0754238750141414,0.488511488511489,39,394,375.114,1.0503473610689,0.295123069577636,0.360639360639361,186,2000,1000,970105
3,1,"RF_importance",200,"Urinary bladder cancer treated with anti-PD-L1","MONDO_0004986",0,0.363288334678832,0,-0.860448847881221,1,0,7,1.10528815535703,0.986124631764508,1.12084022622911,1.59264490491145,0.050949050949051,168,70,86.253,0.811565974516828,-0.544103080605788,0.691308691308691,40,392,354.192,1.10674436463839,0.595238359815441,0.264735264735265,179,2000,1000,970105
3,1,"GS_full_ungrouped",500,"Urinary bladder cancer treated with anti-PD-L1","MONDO_0004986",1.65386717069239,0.872006474363665,1.89662258172942,1.32267165389183,0.116883116883117,3,7,1.08896350969652,0.987689335196585,1.10253646657,2.33538035958568,0.010989010989011,441,893,547.352,1.63149125242988,3.3757701004874,0.002997002997003,131,3330,2416.5,1.3780260707635,3.89795257821718,0.002997002997003,468,2000,1000,970106
3,1,"DGE",500,"Urinary bladder cancer treated with anti-PD-L1","MONDO_0004986",2.80765604661108,0.872006474363665,3.21976513839524,3.27453321685209,0.002997002997003,5,7,1.12689627381584,0.987689335196585,1.14094202869118,3.21010911196974,0.001998001998002,421,556,547.352,1.01579970476037,0.0844606646907107,0.433566433566434,115,2878,2394.29,1.20202648801941,2.16254194815869,0.016983016983017,465,2000,1000,970106
3,1,"LASSO",500,"Urinary bladder cancer treated with anti-PD-L1","MONDO_0004986",0.646397214067022,0.872006474363665,0.741275705021251,-0.381662583694339,0.622377622377622,1,7,0.966030179654333,0.987689335196585,0.978070882442058,-0.49945967674728,0.685314685314685,435,671,547.352,1.22590216168023,1.20760780153528,0.120879120879121,116,5306,2461.502,2.15559442974249,11.6618942615121,0.000999000999000999,472,2000,1000,970106
3,1,"ElasticNet",500,"Urinary bladder cancer treated with anti-PD-L1","MONDO_0004986",0.646397214067022,0.872006474363665,0.741275705021251,-0.381662583694339,0.622377622377622,1,7,0.983300350184519,0.987689335196585,0.99555631021247,-0.101209903179225,0.55044955044955,434,682,547.352,1.24599891842909,1.31503926679867,0.100899100899101,116,5384,2454.45,2.19356678685653,12.4250533711913,0.000999000999000999,471,2000,1000,970106
3,1,"mRMR",500,"Urinary bladder cancer treated with anti-PD-L1","MONDO_0004986",1.55829717321013,0.872006474363665,1.78702477449755,1.16099614414202,0.145854145854146,3,7,0.931193450289682,0.987689335196585,0.942799944381643,-1.30279393202142,0.898101898101898,424,611,547.352,1.11628348850465,0.621617991007678,0.254745254745255,117,4424,2367.93,1.8682984716609,9.06966593678426,0.000999000999000999,462,2000,1000,970106
3,1,"Boruta",500,"Urinary bladder cancer treated with anti-PD-L1","MONDO_0004986",1.65986557560009,0.872006474363665,1.90350143536647,1.33281913946982,0.10989010989011,3,7,1.00704918820687,0.987689335196585,1.01960115627495,0.446437808137574,0.324675324675325,426,687,547.352,1.25513380786039,1.36387175100931,0.0959040959040959,113,2498,2340.77,1.06717020467624,0.693546789139217,0.233766233766234,461,2000,1000,970106
3,1,"RF_importance",500,"Urinary bladder cancer treated with anti-PD-L1","MONDO_0004986",1.87320307259615,0.872006474363665,2.14815271178244,1.69372161393092,0.0629370629370629,3,7,1.06596511186454,0.987689335196585,1.07925141426416,1.80503778346555,0.040959040959041,425,554,547.352,1.01214574898785,0.0649276710064573,0.450549450549451,113,2062,2304.148,0.894907792381392,-1.09363551085823,0.864135864135864,457,2000,1000,970106
3,2,"GS_full_ungrouped",10,"Urinary bladder cancer treated with anti-PD-L1","MONDO_0004986",0,0.0198248074172709,0,-0.191007714182519,1,0,8,0.703481237133895,1.0161872799004,0.692275184947056,-0.862550725919458,0.804195804195804,10,0,0.182,0,-0.357526499947032,1,4,2,1.03,1.94174757281553,0.629091081830247,0.382617382617383,10,2000,1000,970201
3,2,"DGE",10,"Urinary bladder cancer treated with anti-PD-L1","MONDO_0004986",0,0.0198248074172709,0,-0.191007714182519,1,0,8,1.12202093166361,1.0161872799004,1.10414778245756,0.291925580802501,0.348651348651349,9,4,0.182,21.978021978022,7.50019877361412,0.003996003996004,5,6,0.762,7.8740157480315,4.098961752353,0.010989010989011,9,2000,1000,970201
3,2,"LASSO",10,"Urinary bladder cancer treated with anti-PD-L1","MONDO_0004986",0,0.0198248074172709,0,-0.191007714182519,1,0,8,0.932631263957133,1.0161872799004,0.91777498341501,-0.230476205605713,0.546453546453546,9,0,0.182,0,-0.357526499947032,1,2,14,0.762,18.3727034120735,10.3593080713343,0.000999000999000999,9,2000,1000,970201
3,2,"ElasticNet",10,"Urinary bladder cancer treated with anti-PD-L1","MONDO_0004986",0,0.0198248074172709,0,-0.191007714182519,1,0,8,0.842555639957194,1.0161872799004,0.8291342123863,-0.478935730664555,0.653346653346653,9,0,0.182,0,-0.357526499947032,1,2,4,0.762,5.249343832021,2.53387517260768,0.0599400599400599,9,2000,1000,970201
3,2,"mRMR",10,"Urinary bladder cancer treated with anti-PD-L1","MONDO_0004986",0,0.0198248074172709,0,-0.191007714182519,1,0,8,0.485784889330803,1.0161872799004,0.478046614968863,-1.4630320634924,0.955044955044955,9,0,0.182,0,-0.357526499947032,1,3,2,1.03,1.94174757281553,0.629091081830247,0.382617382617383,10,2000,1000,970201
3,2,"Boruta",10,"Urinary bladder cancer treated with anti-PD-L1","MONDO_0004986",0,0.0198248074172709,0,-0.191007714182519,1,0,8,0.956598601446672,1.0161872799004,0.941360534979765,-0.164366052546105,0.521478521478521,9,0,0.182,0,-0.357526499947032,1,0,2,1.03,1.94174757281553,0.629091081830247,0.382617382617383,10,2000,1000,970201
3,2,"RF_importance",10,"Urinary bladder cancer treated with anti-PD-L1","MONDO_0004986",0,0.0198248074172709,0,-0.191007714182519,1,0,8,1.27727482033833,1.0161872799004,1.25692856582846,0.720169158040296,0.216783216783217,9,0,0.182,0,-0.357526499947032,1,1,2,0.762,2.6246719160105,0.968788592862354,0.310689310689311,9,2000,1000,970201
3,2,"GS_full_ungrouped",20,"Urinary bladder cancer treated with anti-PD-L1","MONDO_0004986",0,0.0424955016693545,0,-0.274559003776418,1,0,8,0.755899658625716,1.01215163996361,0.746824515991392,-0.946686244230098,0.847152847152847,19,1,0.913000000000001,1.09529025191676,0.0665083554202276,0.504495504495505,5,10,4.444,2.25022502250225,1.52186669796894,0.106893106893107,20,2000,1000,970202
3,2,"DGE",20,"Urinary bladder cancer treated with anti-PD-L1","MONDO_0004986",0,0.0424955016693545,0,-0.274559003776418,1,0,8,1.21570633437449,1.01215163996361,1.20111086755557,0.752003665068802,0.205794205794206,18,8,0.913000000000001,8.76232201533405,5.4177553432547,0.003996003996004,11,24,3.372,7.11743772241993,6.72846427791525,0.000999000999000999,18,2000,1000,970202
3,2,"LASSO",20,"Urinary bladder cancer treated with anti-PD-L1","MONDO_0004986",0,0.0424955016693545,0,-0.274559003776418,1,0,8,0.922282187257024,1.01215163996361,0.911209497511839,-0.332009821776276,0.59040959040959,18,1,0.913000000000001,1.09529025191676,0.0665083554202276,0.504495504495505,4,54,4.024,13.4194831013917,14.0679578244296,0.000999000999000999,19,2000,1000,970202
3,2,"ElasticNet",20,"Urinary bladder cancer treated with anti-PD-L1","MONDO_0004986",0,0.0424955016693545,0,-0.274559003776418,1,0,8,0.919966500668861,1.01215163996361,0.908921612478874,-0.340564794219871,0.597402597402597,19,1,0.913000000000001,1.09529025191676,0.0665083554202276,0.504495504495505,3,54,4.024,13.4194831013917,14.0679578244296,0.000999000999000999,19,2000,1000,970202
3,2,"mRMR",20,"Urinary bladder cancer treated with anti-PD-L1","MONDO_0004986",0,0.0424955016693545,0,-0.274559003776418,1,0,8,0.719401245518527,1.01215163996361,0.710764293722226,-1.08152440409292,0.875124875124875,14,0,0.913000000000001,0,-0.697955499984697,1,3,2,2.736,0.730994152046784,-0.251753056351249,0.666333666333666,16,2000,1000,970202
3,2,"Boruta",20,"Urinary bladder cancer treated with anti-PD-L1","MONDO_0004986",0,0.0424955016693545,0,-0.274559003776418,1,0,8,0.966063288059109,1.01215163996361,0.954464973345143,-0.170266815262958,0.518481518481518,18,0,0.913000000000001,0,-0.697955499984697,1,2,2,4.024,0.497017892644135,-0.569744410049732,0.81018981018981,19,2000,1000,970202
3,2,"RF_importance",20,"Urinary bladder cancer treated with anti-PD-L1","MONDO_0004986",0,0.0424955016693545,0,-0.274559003776418,1,0,8,1.05031759663086,1.01215163996361,1.03770774571745,0.140998660717185,0.401598401598402,16,0,0.913000000000001,0,-0.697955499984697,1,2,4,3.372,1.18623962040332,0.204841747456408,0.460539460539461,18,2000,1000,970202
3,2,"GS_full_ungrouped",50,"Urinary bladder cancer treated with anti-PD-L1","MONDO_0004986",0,0.112077798147525,0,-0.460449856937141,1,0,8,0.844151893888912,0.997543374673721,0.846230765820102,-0.956995809689912,0.829170829170829,43,6,5.567,1.07777977366625,0.102231169463963,0.414585414585415,12,36,23.712,1.51821862348178,1.15035628144418,0.142857142857143,47,2000,1000,970203
3,2,"DGE",50,"Urinary bladder cancer treated with anti-PD-L1","MONDO_0004986",0,0.112077798147525,0,-0.460449856937141,1,0,8,1.10513042170973,0.997543374673721,1.10785199898822,0.671226020269117,0.230769230769231,44,23,5.567,4.13148913238728,4.11592604449252,0.003996003996004,18,86,22.744,3.78121702427014,6.17293388201956,0.000999000999000999,45,2000,1000,970203
3,2,"LASSO",50,"Urinary bladder cancer treated with anti-PD-L1","MONDO_0004986",0,0.112077798147525,0,-0.460449856937141,1,0,8,0.769251582986216,0.997543374673721,0.771145999779533,-1.42429218959063,0.925074925074925,44,10,5.567,1.79629962277708,1.04662996358833,0.161838161838162,13,230,23.712,9.69973009446694,19.3119056466924,0.000999000999000999,47,2000,1000,970203
3,2,"ElasticNet",50,"Urinary bladder cancer treated with anti-PD-L1","MONDO_0004986",0,0.112077798147525,0,-0.460449856937141,1,0,8,0.781103324834365,0.997543374673721,0.783026928618367,-1.35035022600716,0.914085914085914,44,8,5.567,1.43703969822166,0.574430566526146,0.262737262737263,12,212,23.712,8.94062078272605,17.6268134375457,0.000999000999000999,47,2000,1000,970203
3,2,"mRMR",50,"Urinary bladder cancer treated with anti-PD-L1","MONDO_0004986",0.501393256943963,0.112077798147525,4.47361801562155,1.59942691834722,0.0799200799200799,1,8,0.802936564014236,0.997543374673721,0.804913935974827,-1.21413458808391,0.89010989010989,41,4,5.567,0.718519849110832,-0.369968227598221,0.621378621378621,12,22,21.178,1.0388138634432,0.088237712335035,0.455544455544456,44,2000,1000,970203
3,2,"Boruta",50,"Urinary bladder cancer treated with anti-PD-L1","MONDO_0004986",0.410506702199149,0.112077798147525,3.66269420870323,1.22603716746476,0.146853146853147,1,8,1.01682519885723,0.997543374673721,1.01932930905367,0.120297586622028,0.442557442557443,44,3,5.567,0.538889886833124,-0.606067926129312,0.737262737262737,8,28,23.42,1.19555935098207,0.451283879457558,0.313686313686314,46,2000,1000,970203
3,2,"RF_importance",50,"Urinary bladder cancer treated with anti-PD-L1","MONDO_0004986",0.410506702199149,0.112077798147525,3.66269420870323,1.22603716746476,0.146853146853147,1,8,0.827787732364626,0.997543374673721,0.829826304681118,-1.05909035840739,0.849150849150849,44,3,5.567,0.538889886833124,-0.606067926129312,0.737262737262737,7,40,23.712,1.68690958164642,1.52482121681012,0.0929070929070929,47,2000,1000,970203
3,2,"GS_full_ungrouped",100,"Urinary bladder cancer treated with anti-PD-L1","MONDO_0004986",0.410506702199149,0.193771053863676,2.11851406086667,0.695735622633015,0.258741258741259,1,8,0.884590364144729,1.00190960400758,0.882904366428287,-1.03715997180901,0.85014985014985,83,21,21.528,0.975473801560758,-0.0489477640970707,0.478521478521479,21,122,89.084,1.36949396075614,1.32065439285052,0.0979020979020979,90,2000,1000,970204
3,2,"DGE",100,"Urinary bladder cancer treated with anti-PD-L1","MONDO_0004986",0,0.193771053863676,0,-0.622017770696538,1,0,8,1.06643777684896,1.00190960400758,1.06440518444306,0.570460889478087,0.267732267732268,87,46,21.528,2.13675213675214,2.26865470262028,0.034965034965035,33,210,102.16,2.05559906029757,3.74147487732958,0.003996003996004,95,2000,1000,970204
3,2,"LASSO",100,"Urinary bladder cancer treated with anti-PD-L1","MONDO_0004986",0,0.193771053863676,0,-0.622017770696538,1,0,8,0.742859930739483,1.00190960400758,0.74144406617931,-2.29012694028668,0.992007992007992,90,21,21.528,0.975473801560758,-0.0489477640970707,0.478521478521479,21,690,102.16,6.7541111981206,20.394923886215,0.000999000999000999,95,2000,1000,970204
3,2,"ElasticNet",100,"Urinary bladder cancer treated with anti-PD-L1","MONDO_0004986",0,0.193771053863676,0,-0.622017770696538,1,0,8,0.751473230587495,1.00190960400758,0.7500409493847,-2.21398111937964,0.99000999000999,90,21,21.528,0.975473801560758,-0.0489477640970707,0.478521478521479,21,652,102.16,6.38214565387627,19.0765258396782,0.000999000999000999,95,2000,1000,970204
3,2,"mRMR",100,"Urinary bladder cancer treated with anti-PD-L1","MONDO_0004986",0.911899959143112,0.193771053863676,4.70606904880986,2.30524080778815,0.027972027972028,2,8,0.998829167028882,1.00190960400758,0.996925434224428,-0.027232582939693,0.501498501498502,83,19,21.528,0.882571534745448,-0.234355961434459,0.551448551448551,25,86,89.084,0.965380988729738,-0.123736120657158,0.517482517482518,90,2000,1000,970204
3,2,"Boruta",100,"Urinary bladder cancer treated with anti-PD-L1","MONDO_0004986",0.843566419270114,0.193771053863676,4.35341813160386,2.08588567043358,0.033966033966034,2,8,1.13137500406933,1.00190960400758,1.12921864362204,1.14453802151515,0.124875124875125,90,11,21.528,0.510962467484207,-0.975988750784011,0.863136863136863,16,122,102.132,1.19453256569929,0.729966070042098,0.217782217782218,96,2000,1000,970204
3,2,"RF_importance",100,"Urinary bladder cancer treated with anti-PD-L1","MONDO_0004986",0.911899959143112,0.193771053863676,4.70606904880986,2.30524080778815,0.027972027972028,2,8,0.86549290311248,1.00190960400758,0.86384330447633,-1.2059909510157,0.884115884115884,82,12,21.528,0.557413600891862,-0.883284652115317,0.828171828171828,16,118,89.084,1.32459251941987,1.16016655801634,0.121878121878122,90,2000,1000,970204
3,2,"GS_full_ungrouped",200,"Urinary bladder cancer treated with anti-PD-L1","MONDO_0004986",0.911899959143112,0.401562689955392,2.27087820146939,1.14576229755638,0.111888111888112,2,8,0.938970820917129,0.998245852009466,0.940620809019124,-0.768705336596048,0.779220779220779,168,80,88.348,0.905510028523566,-0.2829220156007,0.585414585414585,49,434,374.514,1.15883518373145,0.886318699900571,0.190809190809191,182,2000,1000,970205
3,2,"DGE",200,"Urinary bladder cancer treated with anti-PD-L1","MONDO_0004986",0.911899959143112,0.401562689955392,2.27087820146939,1.14576229755638,0.111888111888112,2,8,1.06763304112212,0.998245852009466,1.06950911839301,0.89984436244678,0.188811188811189,175,108,88.348,1.22243853850681,0.666025808646976,0.236763236763237,57,646,403.12,1.60250049613018,3.51635758236848,0.004995004995005,190,2000,1000,970205
3,2,"LASSO",200,"Urinary bladder cancer treated with anti-PD-L1","MONDO_0004986",0,0.401562689955392,0,-0.901551617009121,1,0,8,0.93182062495664,0.998245852009466,0.933458048516694,-0.861432302592452,0.801198801198801,176,64,88.348,0.724408022818853,-0.8251779151708,0.79020979020979,42,1620,398.742,4.06277743503318,17.2531108151727,0.000999000999000999,189,2000,1000,970205
3,2,"ElasticNet",200,"Urinary bladder cancer treated with anti-PD-L1","MONDO_0004986",0,0.401562689955392,0,-0.901551617009121,1,0,8,0.928911105061955,0.998245852009466,0.930543415925104,-0.899164268797466,0.813186813186813,177,64,88.348,0.724408022818853,-0.8251779151708,0.79020979020979,42,1628,398.742,4.08284053347779,17.3661294291931,0.000999000999000999,189,2000,1000,970205
3,2,"mRMR",200,"Urinary bladder cancer treated with anti-PD-L1","MONDO_0004986",0.911899959143112,0.401562689955392,2.27087820146939,1.14576229755638,0.111888111888112,2,8,1.01385335442829,0.998245852009466,1.01563492839706,0.202405130443494,0.423576423576424,156,49,88.348,0.554624892470684,-1.33354282101777,0.93006993006993,41,330,336.99,0.979257544734265,-0.112864326816156,0.516483516483517,173,2000,1000,970205
3,2,"Boruta",200,"Urinary bladder cancer treated with anti-PD-L1","MONDO_0004986",0.843566419270114,0.401562689955392,2.10070915543429,0.99234611893853,0.140859140859141,2,8,0.968530474695355,0.998245852009466,0.970232405920551,-0.385362414820821,0.643356643356643,169,44,88.348,0.498030515687961,-1.50299778963343,0.96003996003996,38,444,379.162,1.17100342333884,0.939272188325221,0.167832167832168,184,2000,1000,970205
3,2,"RF_importance",200,"Urinary bladder cancer treated with anti-PD-L1","MONDO_0004986",1.9913568902811,0.401562689955392,4.95901870390975,3.56925971427919,0.003996003996004,4,8,0.871930775766279,0.998245852009466,0.873462959060721,-1.63811087757028,0.953046953046953,163,70,88.348,0.79232127495812,-0.621831952832013,0.713286713286713,40,436,356.24,1.22389400404222,1.27520638067183,0.111888111888112,179,2000,1000,970205
3,2,"GS_full_ungrouped",500,"Urinary bladder cancer treated with anti-PD-L1","MONDO_0004986",2.80021150054739,1.01449326175836,2.76020709658924,2.75214327942885,0.004995004995005,6,8,1.07531038739942,0.997476008154763,1.07803132968445,1.72235330241471,0.048951048951049,436,762,543.573,1.40183563201263,2.18874224649405,0.025974025974026,139,3370,2399.136,1.4046723487122,4.29818458724716,0.001998001998002,462,2000,1000,970206
3,2,"DGE",500,"Urinary bladder cancer treated with anti-PD-L1","MONDO_0004986",2.80765604661108,1.01449326175836,2.76754528831936,2.76361679018353,0.003996003996004,5,8,1.15180490519296,0.997476008154763,1.15471940756118,3.41505756262588,0.000999000999000999,415,572,543.573,1.05229656366302,0.284852036795296,0.371628371628372,120,2604,2346.996,1.10950338219579,1.08124192304015,0.131868131868132,458,2000,1000,970206
3,2,"LASSO",500,"Urinary bladder cancer treated with anti-PD-L1","MONDO_0004986",0.646397214067022,1.01449326175836,0.637162649012239,-0.567308459886159,0.7002997002997,1,8,0.961295303285709,0.997476008154763,0.963727744253233,-0.800622515649923,0.784215784215784,432,640,543.573,1.17739475654604,0.96624432237169,0.170829170829171,117,5492,2462.378,2.23036430637376,12.6706024882055,0.000999000999000999,469,2000,1000,970206
3,2,"ElasticNet",500,"Urinary bladder cancer treated with anti-PD-L1","MONDO_0004986",0.646397214067022,1.01449326175836,0.637162649012239,-0.567308459886159,0.7002997002997,1,8,0.95694682839692,0.997476008154763,0.959368266077078,-0.896847476365949,0.808191808191808,432,623,543.573,1.14612020832528,0.795896250977592,0.212787212787213,116,5498,2462.378,2.23280097531736,12.6956959206301,0.000999000999000999,469,2000,1000,970206
3,2,"mRMR",500,"Urinary bladder cancer treated with anti-PD-L1","MONDO_0004986",1.55829717321013,1.01449326175836,1.5360350156582,0.838108861588405,0.205794205794206,3,8,0.974549037229186,0.997476008154763,0.977015015160124,-0.507338074399109,0.7002997002997,419,472,543.573,0.868328632952704,-0.71719544199352,0.736263736263736,109,4462,2326.6,1.91781999484226,9.15830241603107,0.000999000999000999,455,2000,1000,970206
3,2,"Boruta",500,"Urinary bladder cancer treated with anti-PD-L1","MONDO_0004986",2.30626278966711,1.01449326175836,2.273315039737,1.99087109465598,0.036963036963037,4,8,0.959259117720669,0.997476008154763,0.961686406368017,-0.845680123435978,0.792207792207792,419,583,543.573,1.07253303604116,0.395077259462065,0.325674325674326,119,2778,2346.016,1.18413514656337,1.84779978628947,0.043956043956044,456,2000,1000,970206
3,2,"RF_importance",500,"Urinary bladder cancer treated with anti-PD-L1","MONDO_0004986",1.9913568902811,1.01449326175836,1.96290795153198,1.50553912244325,0.0799200799200799,4,8,0.948667695200214,0.997476008154763,0.951068183539732,-1.08005176913299,0.851148851148851,418,505,543.573,0.929038050087109,-0.386519773993211,0.638361638361638,118,2336,2303.924,1.01392233424366,0.139900234694601,0.446553446553447,453,2000,1000,970206
3,3,"GS_full_ungrouped",10,"Urinary bladder cancer treated with anti-PD-L1","MONDO_0004986",0,0.0220084309878285,0,-0.197629157176246,1,0,6,1.42758319183328,1.0000207910298,1.42755351152568,1.17464202038984,0.122877122877123,8,1,0.197,5.07614213197969,1.51625134381723,0.156843156843157,2,2,1.05,1.9047619047619,0.594673849807303,0.380619380619381,10,2000,1000,970301
3,3,"DGE",10,"Urinary bladder cancer treated with anti-PD-L1","MONDO_0004986",0,0.0220084309878285,0,-0.197629157176246,1,0,6,1.56621874113739,1.0000207910298,1.56618617851388,1.55551541203143,0.0769230769230769,9,3,0.197,15.2284263959391,5.29271795357373,0.011988011988012,3,10,1.05,9.52380952380953,5.60245363765827,0.003996003996004,10,2000,1000,970301
3,3,"LASSO",10,"Urinary bladder cancer treated with anti-PD-L1","MONDO_0004986",0,0.0220084309878285,0,-0.197629157176246,1,0,6,1.06760769258845,1.0000207910298,1.06758549638658,0.185681468832496,0.385614385614386,7,0,0.197,0,-0.371981961061015,1,1,0,0.804,0,-0.600036863603195,1,9,2000,1000,970301
3,3,"ElasticNet",10,"Urinary bladder cancer treated with anti-PD-L1","MONDO_0004986",0,0.0220084309878285,0,-0.197629157176246,1,0,6,1.06760769258845,1.0000207910298,1.06758549638658,0.185681468832496,0.385614385614386,7,0,0.197,0,-0.371981961061015,1,1,0,0.804,0,-0.600036863603195,1,9,2000,1000,970301
3,3,"mRMR",10,"Urinary bladder cancer treated with anti-PD-L1","MONDO_0004986",0,0.0220084309878285,0,-0.197629157176246,1,0,6,1.5244097496847,1.0000207910298,1.5243780562951,1.44065358578534,0.0879120879120879,7,0,0.197,0,-0.371981961061015,1,1,0,0.804,0,-0.600036863603195,1,9,2000,1000,970301
3,3,"Boruta",10,"Urinary bladder cancer treated with anti-PD-L1","MONDO_0004986",0,0.0220084309878285,0,-0.197629157176246,1,0,6,2.08658712185449,1.0000207910298,2.08654374046139,2.98512326558417,0.00899100899100899,10,1,0.197,5.07614213197969,1.51625134381723,0.156843156843157,2,2,1.05,1.9047619047619,0.594673849807303,0.380619380619381,10,2000,1000,970301
3,3,"RF_importance",10,"Urinary bladder cancer treated with anti-PD-L1","MONDO_0004986",0,0.0220084309878285,0,-0.197629157176246,1,0,6,1.71829608489846,1.0000207910298,1.7182603604961,1.97331744044958,0.040959040959041,10,1,0.197,5.07614213197969,1.51625134381723,0.156843156843157,2,2,1.05,1.9047619047619,0.594673849807303,0.380619380619381,10,2000,1000,970301
3,3,"GS_full_ungrouped",20,"Urinary bladder cancer treated with anti-PD-L1","MONDO_0004986",0.410506702199149,0.0265265138198939,15.4753355448949,3.12112500253657,0.044955044955045,1,6,1.3340646949877,0.991707433194406,1.34522002188742,1.37024705395832,0.0979020979020979,17,3,0.811,3.69913686806412,1.80132229969709,0.0969030969030969,3,6,4.216,1.42314990512334,0.51198700436722,0.346653346653347,20,2000,1000,970302
3,3,"DGE",20,"Urinary bladder cancer treated with anti-PD-L1","MONDO_0004986",0,0.0265265138198939,0,-0.215616763622264,1,0,6,1.71922128637667,0.991707433194406,1.73359725744805,2.91179368831015,0.00699300699300699,18,8,0.811,9.86436498150431,5.91580905094671,0.001998001998002,6,32,3.868,8.27300930713547,8.47534204801557,0.000999000999000999,19,2000,1000,970302
3,3,"LASSO",20,"Urinary bladder cancer treated with anti-PD-L1","MONDO_0004986",0,0.0265265138198939,0,-0.215616763622264,1,0,6,1.23622975650778,0.991707433194406,1.24656699660477,0.978673539425284,0.168831168831169,16,0,0.811,0,-0.667369751052689,1,3,2,3.412,0.586166471277843,-0.448850294807596,0.755244755244755,18,2000,1000,970302
3,3,"ElasticNet",20,"Urinary bladder cancer treated with anti-PD-L1","MONDO_0004986",0,0.0265265138198939,0,-0.215616763622264,1,0,6,0.94526499550248,0.991707433194406,0.953169214894024,-0.185880717390559,0.531468531468531,16,0,0.811,0,-0.667369751052689,1,3,2,3.868,0.517063081695967,-0.562773316710262,0.823176823176823,19,2000,1000,970302
3,3,"mRMR",20,"Urinary bladder cancer treated with anti-PD-L1","MONDO_0004986",0,0.0265265138198939,0,-0.215616763622264,1,0,6,1.18385610470521,0.991707433194406,1.19375540111853,0.769053793924366,0.210789210789211,17,0,0.811,0,-0.667369751052689,1,2,0,3.868,0,-1.16531434102532,1,19,2000,1000,970302
3,3,"Boruta",20,"Urinary bladder cancer treated with anti-PD-L1","MONDO_0004986",0,0.0265265138198939,0,-0.215616763622264,1,0,6,1.55633877879895,0.991707433194406,1.56935274124728,2.25987447683898,0.021978021978022,19,3,0.811,3.69913686806412,1.80132229969709,0.0969030969030969,4,8,4.216,1.89753320683112,1.08596346666231,0.183816183816184,20,2000,1000,970302
3,3,"RF_importance",20,"Urinary bladder cancer treated with anti-PD-L1","MONDO_0004986",0,0.0265265138198939,0,-0.215616763622264,1,0,6,1.39029202501904,0.991707433194406,1.40191751970715,1.59529072010935,0.0679320679320679,20,1,0.811,1.23304562268804,0.155527599197236,0.453546453546454,5,6,4.216,1.42314990512334,0.51198700436722,0.346653346653347,20,2000,1000,970302
3,3,"GS_full_ungrouped",50,"Urinary bladder cancer treated with anti-PD-L1","MONDO_0004986",0.410506702199149,0.0829578249560968,4.9483783165289,1.47393653968613,0.122877122877123,1,6,1.2644578931263,1.01039629626771,1.25144747441877,1.55298740033679,0.0789210789210789,40,6,5.579,1.07546155224951,0.0951881778652769,0.408591408591409,9,36,22.512,1.59914712153518,1.29693498385044,0.124875124875125,45,2000,1000,970303
3,3,"DGE",50,"Urinary bladder cancer treated with anti-PD-L1","MONDO_0004986",0.410506702199149,0.0829578249560968,4.9483783165289,1.47393653968613,0.122877122877123,1,6,1.49592928223344,1.01039629626771,1.48053717908432,2.96788896462918,0.00699300699300699,44,23,5.579,4.12260261695644,3.93889132206885,0.00699300699300699,15,104,24.78,4.19693301049233,7.30030176731987,0.000999000999000999,48,2000,1000,970303
3,3,"LASSO",50,"Urinary bladder cancer treated with anti-PD-L1","MONDO_0004986",0,0.0829578249560968,0,-0.373301751130549,1,0,6,0.987819447097483,1.01039629626771,0.977655451377228,-0.138004179829566,0.516483516483517,43,5,5.579,0.896217960207923,-0.130912007087875,0.498501498501498,9,146,23.772,6.14167928655561,11.3333377293922,0.000999000999000999,47,2000,1000,970303
3,3,"ElasticNet",50,"Urinary bladder cancer treated with anti-PD-L1","MONDO_0004986",0,0.0829578249560968,0,-0.373301751130549,1,0,6,0.969304338478755,1.01039629626771,0.959330850735756,-0.251180396763903,0.55944055944056,43,6,5.579,1.07546155224951,0.0951881778652769,0.408591408591409,10,130,24.78,5.24616626311541,9.69626043874522,0.000999000999000999,48,2000,1000,970303
3,3,"mRMR",50,"Urinary bladder cancer treated with anti-PD-L1","MONDO_0004986",0.410506702199149,0.0829578249560968,4.9483783165289,1.47393653968613,0.122877122877123,1,6,0.989257920529772,1.01039629626771,0.979079123888304,-0.129211307771423,0.513486513486514,40,5,5.579,0.896217960207923,-0.130912007087875,0.498501498501498,8,14,22.71,0.616468516072215,-0.860151211509827,0.846153846153846,46,2000,1000,970303
3,3,"Boruta",50,"Urinary bladder cancer treated with anti-PD-L1","MONDO_0004986",0,0.0829578249560968,0,-0.373301751130549,1,0,6,1.19811085453293,1.01039629626771,1.18578310209432,1.1474317545439,0.131868131868132,43,7,5.579,1.25470514429109,0.321288362818428,0.31968031968032,7,40,23.772,1.6826518593303,1.5047076338693,0.0999000999000999,47,2000,1000,970303
3,3,"RF_importance",50,"Urinary bladder cancer treated with anti-PD-L1","MONDO_0004986",0.410506702199149,0.0829578249560968,4.9483783165289,1.47393653968613,0.122877122877123,1,6,1.03668531646342,1.01039629626771,1.02601852391267,0.16069534961582,0.393606393606394,43,4,5.579,0.716974368166338,-0.357012192041026,0.615384615384615,9,30,22.71,1.32100396301189,0.719919900333713,0.220779220779221,46,2000,1000,970303
3,3,"GS_full_ungrouped",100,"Urinary bladder cancer treated with anti-PD-L1","MONDO_0004986",0.410506702199149,0.159268709235829,2.57744728496112,0.858608722647961,0.226773226773227,1,6,1.15619926404306,0.999563473780766,1.15670419575241,1.3793176578031,0.0839160839160839,87,23,22.264,1.03305785123967,0.0676595675223794,0.434565434565435,17,68,95.616,0.711178045515395,-1.05600409514361,0.872127872127872,93,2000,1000,970304
3,3,"DGE",100,"Urinary bladder cancer treated with anti-PD-L1","MONDO_0004986",0.410506702199149,0.159268709235829,2.57744728496112,0.858608722647961,0.226773226773227,1,6,1.37559319238852,0.999563473780766,1.37619393712483,3.31127662372612,0.002997002997003,87,52,22.264,2.33560905497664,2.73359361392048,0.017982017982018,29,210,105.824,1.98442697308739,3.47278629085948,0.00599400599400599,98,2000,1000,970304
3,3,"LASSO",100,"Urinary bladder cancer treated with anti-PD-L1","MONDO_0004986",0,0.159268709235829,0,-0.544302640623028,1,0,6,0.862088243948809,0.999563473780766,0.862464732417673,-1.21059185579634,0.889110889110889,90,21,22.264,0.943226733740568,-0.116197952918869,0.516483516483517,18,598,99.69,5.99859564650416,18.2401439412144,0.000999000999000999,95,2000,1000,970304
3,3,"ElasticNet",100,"Urinary bladder cancer treated with anti-PD-L1","MONDO_0004986",0,0.159268709235829,0,-0.544302640623028,1,0,6,0.889891860712984,0.999563473780766,0.890280491489991,-0.965756243900759,0.836163836163836,89,25,22.264,1.12288896873877,0.251517087963627,0.364635364635365,20,550,99.69,5.51710301936002,16.4831514883672,0.000999000999000999,95,2000,1000,970304
3,3,"mRMR",100,"Urinary bladder cancer treated with anti-PD-L1","MONDO_0004986",0.410506702199149,0.159268709235829,2.57744728496112,0.858608722647961,0.226773226773227,1,6,0.995835476549558,0.999563473780766,0.996270374689555,-0.0328283363632065,0.4995004995005,83,12,22.264,0.53898670499461,-0.943556794904485,0.841158841158841,18,68,90.95,0.747663551401869,-0.905442780072053,0.824175824175824,91,2000,1000,970304
3,3,"Boruta",100,"Urinary bladder cancer treated with anti-PD-L1","MONDO_0004986",0,0.159268709235829,0,-0.544302640623028,1,0,6,1.01394632540031,0.999563473780766,1.01438913285331,0.126653820146593,0.434565434565435,90,18,22.264,0.808480057491915,-0.391984233580741,0.634365634365634,19,140,95.616,1.46419009370817,1.69719314016708,0.0619380619380619,93,2000,1000,970304
3,3,"RF_importance",100,"Urinary bladder cancer treated with anti-PD-L1","MONDO_0004986",0.410506702199149,0.159268709235829,2.57744728496112,0.858608722647961,0.226773226773227,1,6,1.12161059315969,0.999563473780766,1.12210041941338,1.0747336005485,0.144855144855145,86,24,22.264,1.07797340998922,0.159588327743003,0.3996003996004,22,106,96.502,1.09842283061491,0.356215117576956,0.333666333666334,94,2000,1000,970304
3,3,"GS_full_ungrouped",200,"Urinary bladder cancer treated with anti-PD-L1","MONDO_0004986",0.410506702199149,0.326411856837062,1.25763416248714,0.205679266612068,0.425574425574426,1,6,1.05015992267062,1.00416571209603,1.04580340676897,0.577676174755123,0.270729270729271,169,61,89.88,0.678682688028482,-0.994099085337597,0.843156843156843,39,328,359.09,0.91342003397477,-0.469207343599731,0.683316683316683,181,2000,1000,970305
3,3,"DGE",200,"Urinary bladder cancer treated with anti-PD-L1","MONDO_0004986",0.410506702199149,0.326411856837062,1.25763416248714,0.205679266612068,0.425574425574426,1,6,1.22126896217816,1.00416571209603,1.21620261224511,2.72676437898562,0.004995004995005,172,160,89.88,1.78015131286159,2.41365054930306,0.018981018981019,58,512,397.656,1.28754501378075,1.6101076124845,0.0649350649350649,191,2000,1000,970305
3,3,"LASSO",200,"Urinary bladder cancer treated with anti-PD-L1","MONDO_0004986",0,0.326411856837062,0,-0.798338483633115,1,0,6,0.951087972913325,1.00416571209603,0.947142450152066,-0.666643583022031,0.732267732267732,173,71,89.88,0.789942145082332,-0.64988195052541,0.729270729270729,42,1600,398.06,4.01949454856052,17.2398226564196,0.000999000999000999,190,2000,1000,970305
3,3,"ElasticNet",200,"Urinary bladder cancer treated with anti-PD-L1","MONDO_0004986",0,0.326411856837062,0,-0.798338483633115,1,0,6,0.963488142440588,1.00416571209603,0.95949117843256,-0.510900449063736,0.677322677322677,172,69,89.88,0.767690253671562,-0.718725377487847,0.764235764235764,43,1582,398.06,3.97427523488921,16.9816427074907,0.000999000999000999,190,2000,1000,970305
3,3,"mRMR",200,"Urinary bladder cancer treated with anti-PD-L1","MONDO_0004986",0.410506702199149,0.326411856837062,1.25763416248714,0.205679266612068,0.425574425574426,1,6,0.968584452274853,1.00416571209603,0.964566346577494,-0.446892028576753,0.657342657342657,158,64,89.88,0.712060525144637,-0.890833944893941,0.809190809190809,41,258,335.228,0.769625448948179,-1.27819756349889,0.911088911088911,175,2000,1000,970305
3,3,"Boruta",200,"Urinary bladder cancer treated with anti-PD-L1","MONDO_0004986",0.410506702199149,0.326411856837062,1.25763416248714,0.205679266612068,0.425574425574426,1,6,1.09358632922608,1.00416571209603,1.08904966187643,1.12310135129208,0.137862137862138,174,101,89.88,1.12372051624388,0.382769453911153,0.32967032967033,42,454,381.266,1.19076969884543,1.07607085470032,0.140859140859141,186,2000,1000,970305
3,3,"RF_importance",200,"Urinary bladder cancer treated with anti-PD-L1","MONDO_0004986",0.410506702199149,0.326411856837062,1.25763416248714,0.205679266612068,0.425574425574426,1,6,1.04490222760864,1.00416571209603,1.0405675228918,0.511640794791249,0.287712287712288,172,74,89.88,0.823319982198487,-0.546616810081753,0.676323676323676,40,378,376.566,1.00380809738532,0.0212928750856323,0.457542457542458,184,2000,1000,970305
3,3,"GS_full_ungrouped",500,"Urinary bladder cancer treated with anti-PD-L1","MONDO_0004986",2.06437387289153,0.771568185133458,2.67555598152931,2.25578986732071,0.028971028971029,4,6,1.09100289473519,1.00442724440151,1.08619404821627,1.94221343023057,0.031968031968032,431,884,558.079,1.58400513188993,3.20549570779661,0.002997002997003,135,3248,2349.458,1.38244650468321,4.11977732092018,0.000999000999000999,460,2000,1000,970306
3,3,"DGE",500,"Urinary bladder cancer treated with anti-PD-L1","MONDO_0004986",0.835900239654451,0.771568185133458,1.08337831414065,0.112251669455475,0.40959040959041,2,6,1.1180330047549,1.00442724440151,1.11310501680098,2.54859920381191,0.00899100899100899,426,735,558.079,1.31701784156007,1.74005205592485,0.0549450549450549,125,2842,2393.288,1.18748767386123,1.88158135382662,0.041958041958042,464,2000,1000,970306
3,3,"LASSO",500,"Urinary bladder cancer treated with anti-PD-L1","MONDO_0004986",0.646397214067022,0.771568185133458,0.837770694180728,-0.218408234809066,0.578421578421578,1,6,0.973710902326982,1.00442724440151,0.969419047277211,-0.68908165142002,0.754245754245754,433,680,558.079,1.21846548606918,1.19911647973058,0.111888111888112,116,5444,2410.338,2.25860439490229,13.1837673519246,0.000999000999000999,467,2000,1000,970306
3,3,"ElasticNet",500,"Urinary bladder cancer treated with anti-PD-L1","MONDO_0004986",0.646397214067022,0.771568185133458,0.837770694180728,-0.218408234809066,0.578421578421578,1,6,0.968332633300896,1.00442724440151,0.964064484210485,-0.809736203751944,0.795204795204795,433,684,558.079,1.22563293010488,1.23845724890835,0.102897102897103,117,5374,2434.84,2.20712654630284,12.3909955717889,0.000999000999000999,468,2000,1000,970306
3,3,"mRMR",500,"Urinary bladder cancer treated with anti-PD-L1","MONDO_0004986",1.05690391626617,0.771568185133458,1.36981272249239,0.497876407234812,0.316683316683317,2,6,0.951092069670419,1.00442724440151,0.946899912334748,-1.19650608764886,0.888111888111888,424,543,558.079,0.972980527846416,-0.14830486460788,0.543456543456543,107,4336,2349.458,1.84553203334556,9.10821161242927,0.000999000999000999,460,2000,1000,970306
3,3,"Boruta",500,"Urinary bladder cancer treated with anti-PD-L1","MONDO_0004986",0.410506702199149,0.771568185133458,0.532042028311657,-0.630008703083165,0.765234765234765,1,6,1.04139988707934,1.00442724440151,1.03680967724035,0.829433713558424,0.193806193806194,432,707,558.079,1.26684573331016,1.4646666716805,0.0749250749250749,117,2832,2361.21,1.19938506104921,2.00035502502546,0.026973026973027,461,2000,1000,970306
3,3,"RF_importance",500,"Urinary bladder cancer treated with anti-PD-L1","MONDO_0004986",0.410506702199149,0.771568185133458,0.532042028311657,-0.630008703083165,0.765234765234765,1,6,1.06800701669152,1.00442724440151,1.06329952980108,1.42633046539904,0.0749250749250749,422,467,558.079,0.836799091168096,-0.89577947898542,0.819180819180819,95,1840,2310.914,0.796221754682347,-2.08626093667127,0.991008991008991,457,2000,1000,970306
3,4,"GS_full_ungrouped",10,"Urinary bladder cancer treated with anti-PD-L1","MONDO_0004986",0,0.0253043402953873,0,-0.222623897400179,1,0,9,1.22982352261541,0.990857653087142,1.24117073606258,0.68020213800593,0.20979020979021,6,1,0.197,5.07614213197968,1.52719160527804,0.15984015984016,2,2,0.702,2.84900284900285,0.996431565980132,0.271728271728272,9,2000,1000,970401
3,4,"DGE",10,"Urinary bladder cancer treated with anti-PD-L1","MONDO_0004986",0,0.0253043402953873,0,-0.222623897400179,1,0,9,1.0037245454963,0.990857653087142,1.01298561137321,0.0366248441397873,0.437562437562438,10,1,0.197,5.07614213197968,1.52719160527804,0.15984015984016,3,6,0.982,6.10997963340122,2.97631577102879,0.032967032967033,10,2000,1000,970401
3,4,"LASSO",10,"Urinary bladder cancer treated with anti-PD-L1","MONDO_0004986",0,0.0253043402953873,0,-0.222623897400179,1,0,9,1.09223747397621,0.990857653087142,1.10231522214438,0.288571631821441,0.334665334665335,9,0,0.197,0,-0.374665935541438,1,3,8,0.702,11.3960113960114,5.60243264138906,0.003996003996004,9,2000,1000,970401
3,4,"ElasticNet",10,"Urinary bladder cancer treated with anti-PD-L1","MONDO_0004986",0,0.0253043402953873,0,-0.222623897400179,1,0,9,1.13308789427186,0.990857653087142,1.14354255703792,0.404849924108092,0.298701298701299,7,2,0.197,10.1522842639594,3.42904914609751,0.022977022977023,3,2,0.702,2.84900284900285,0.996431565980132,0.271728271728272,9,2000,1000,970401
3,4,"mRMR",10,"Urinary bladder cancer treated with anti-PD-L1","MONDO_0004986",0,0.0253043402953873,0,-0.222623897400179,1,0,9,0.954176253395181,0.990857653087142,0.9629801520151,-0.104411423040353,0.492507492507492,6,0,0.197,0,-0.374665935541438,1,2,0,0.702,0,-0.538902125822845,1,9,2000,1000,970401
3,4,"Boruta",10,"Urinary bladder cancer treated with anti-PD-L1","MONDO_0004986",0,0.0253043402953873,0,-0.222623897400179,1,0,9,1.18710955854628,0.990857653087142,1.19806266303509,0.558619379179787,0.251748251748252,8,2,0.197,10.1522842639594,3.42904914609751,0.022977022977023,4,6,0.982,6.10997963340122,2.97631577102879,0.032967032967033,10,2000,1000,970401
3,4,"RF_importance",10,"Urinary bladder cancer treated with anti-PD-L1","MONDO_0004986",0,0.0253043402953873,0,-0.222623897400179,1,0,9,1.35887670237147,0.990857653087142,1.37141465087111,1.04754434030376,0.141858141858142,9,0,0.197,0,-0.374665935541438,1,2,4,0.982,4.07331975560081,1.79005998345255,0.0959040959040959,10,2000,1000,970401
3,4,"GS_full_ungrouped",20,"Urinary bladder cancer treated with anti-PD-L1","MONDO_0004986",0.410506702199149,0.0356093992187503,11.5280434718201,2.86340861035476,0.0599400599400599,1,9,0.921446417010877,0.9760704123991,0.944036829009127,-0.217224267922596,0.538461538461538,15,2,0.842,2.37529691211401,0.920492859810202,0.184815184815185,5,4,3.674,1.08873162765378,0.0961940355708587,0.503496503496504,19,2000,1000,970402
3,4,"DGE",20,"Urinary bladder cancer treated with anti-PD-L1","MONDO_0004986",0,0.0356093992187503,0,-0.271979178089368,1,0,9,1.1115143743336,0.9760704123991,1.13876454015401,0.538622546129268,0.25974025974026,19,3,0.842,3.56294536817102,1.71539170247877,0.0979020979020979,4,28,3.94,7.10659898477157,7.05695541411834,0.000999000999000999,20,2000,1000,970402
3,4,"LASSO",20,"Urinary bladder cancer treated with anti-PD-L1","MONDO_0004986",0,0.0356093992187503,0,-0.271979178089368,1,0,9,0.996031005186565,0.9760704123991,1.02044995169806,0.0793776640603071,0.424575424575425,18,1,0.842,1.18764845605701,0.125594017141634,0.474525474525474,5,48,3.674,13.0647795318454,13.0794381003493,0.000999000999000999,19,2000,1000,970402
3,4,"ElasticNet",20,"Urinary bladder cancer treated with anti-PD-L1","MONDO_0004986",0.410506702199149,0.0356093992187503,11.5280434718201,2.86340861035476,0.0599400599400599,1,9,0.995520400670095,0.9760704123991,1.0199268290729,0.0773471334940272,0.425574425574426,16,2,0.842,2.37529691211401,0.920492859810202,0.184815184815185,5,10,3.674,2.72182906913446,1.86663640804064,0.0649350649350649,19,2000,1000,970402
3,4,"mRMR",20,"Urinary bladder cancer treated with anti-PD-L1","MONDO_0004986",0.410506702199149,0.0356093992187503,11.5280434718201,2.86340861035476,0.0599400599400599,1,9,0.824718794819883,0.9760704123991,0.84493780811652,-0.601882818967776,0.712287712287712,14,1,0.842,1.18764845605701,0.125594017141634,0.474525474525474,4,0,3.158,0,-1.09069049525561,1,18,2000,1000,970402
3,4,"Boruta",20,"Urinary bladder cancer treated with anti-PD-L1","MONDO_0004986",0,0.0356093992187503,0,-0.271979178089368,1,0,9,1.33565525771941,0.9760704123991,1.36840051778281,1.42996780491099,0.0889110889110889,16,4,0.842,4.75059382422803,2.51029054514734,0.042957042957043,6,12,3.674,3.26619488296135,2.45678386553057,0.021978021978022,19,2000,1000,970402
3,4,"RF_importance",20,"Urinary bladder cancer treated with anti-PD-L1","MONDO_0004986",0,0.0356093992187503,0,-0.271979178089368,1,0,9,1.06752464549317,0.9760704123991,1.09369634806293,0.363687765625536,0.321678321678322,17,0,0.842,0,-0.669304825526935,1,2,4,3.674,1.08873162765378,0.0961940355708587,0.503496503496504,19,2000,1000,970402
3,4,"GS_full_ungrouped",50,"Urinary bladder cancer treated with anti-PD-L1","MONDO_0004986",0.410506702199149,0.117540277213811,3.49247689328162,1.18183456508772,0.165834165834166,1,9,1.06487821831317,0.978521273311953,1.08825249624766,0.547901079221613,0.271728271728272,42,8,5.256,1.5220700152207,0.640555007677676,0.236763236763237,8,28,23.578,1.18754771397065,0.452163412861384,0.331668331668332,47,2000,1000,970403
3,4,"DGE",50,"Urinary bladder cancer treated with anti-PD-L1","MONDO_0004986",0,0.117540277213811,0,-0.474160690625983,1,0,9,1.36366252587226,0.978521273311953,1.39359517576632,2.44357078550645,0.013986013986014,43,23,5.256,4.37595129375951,4.14213121582824,0.00599400599400599,16,148,24.062,6.1507771590059,11.7434033070699,0.000999000999000999,48,2000,1000,970403
3,4,"LASSO",50,"Urinary bladder cancer treated with anti-PD-L1","MONDO_0004986",0,0.117540277213811,0,-0.474160690625983,1,0,9,0.670481563478623,0.978521273311953,0.685198760379809,-1.95439161793438,0.989010989010989,44,6,5.256,1.14155251141553,0.173678179924268,0.367632367632368,9,178,22.122,8.04628876231806,16.197118140401,0.000999000999000999,46,2000,1000,970403
3,4,"ElasticNet",50,"Urinary bladder cancer treated with anti-PD-L1","MONDO_0004986",0.410506702199149,0.117540277213811,3.49247689328162,1.18183456508772,0.165834165834166,1,9,0.850302079425414,0.978521273311953,0.868966370600649,-0.81350069419862,0.791208791208791,39,8,5.256,1.5220700152207,0.640555007677676,0.236763236763237,9,22,20.65,1.06537530266344,0.146315670965676,0.431568431568432,45,2000,1000,970403
3,4,"mRMR",50,"Urinary bladder cancer treated with anti-PD-L1","MONDO_0004986",0.410506702199149,0.117540277213811,3.49247689328162,1.18183456508772,0.165834165834166,1,9,0.789959624752957,0.978521273311953,0.807299387655844,-1.1963499952879,0.885114885114885,39,6,5.256,1.14155251141553,0.173678179924268,0.367632367632368,10,12,22.122,0.5424464334147,-1.051766316075,0.89010989010989,46,2000,1000,970403
3,4,"Boruta",50,"Urinary bladder cancer treated with anti-PD-L1","MONDO_0004986",0.911899959143112,0.117540277213811,7.75819132606203,3.2044686665481,0.016983016983017,2,9,1.0336292544067,0.978521273311953,1.05631761168383,0.349638611174936,0.338661338661339,43,6,5.256,1.14155251141553,0.173678179924268,0.367632367632368,11,34,23.578,1.44202222410722,1.06568229055661,0.148851148851149,47,2000,1000,970403
3,4,"RF_importance",50,"Urinary bladder cancer treated with anti-PD-L1","MONDO_0004986",0.410506702199149,0.117540277213811,3.49247689328162,1.18183456508772,0.165834165834166,1,9,1.08698089410429,0.978521273311953,1.11084032994524,0.688133922329588,0.230769230769231,41,11,5.256,2.09284627092846,1.34087024930779,0.116883116883117,12,40,22.122,1.808154778049,1.85768407417396,0.0649350649350649,46,2000,1000,970403
3,4,"GS_full_ungrouped",100,"Urinary bladder cancer treated with anti-PD-L1","MONDO_0004986",0.410506702199149,0.2206143170841,1.86074370704899,0.559772715762293,0.310689310689311,1,9,1.03146237310641,0.972028183082504,1.06114451315128,0.531062393162115,0.287712287712288,80,25,20.846,1.19927084332726,0.384912291588637,0.301698301698302,19,70,87.772,0.797520849473636,-0.728165177346188,0.754245754245754,91,2000,1000,970404
3,4,"DGE",100,"Urinary bladder cancer treated with anti-PD-L1","MONDO_0004986",0,0.2206143170841,0,-0.650336111874045,1,0,9,1.22359376074462,0.972028183082504,1.25880481866724,2.24781422371067,0.017982017982018,86,86,20.846,4.12549170104576,6.03721122921667,0.000999000999000999,32,410,89.926,4.55930431688277,13.1826458262774,0.000999000999000999,92,2000,1000,970404
3,4,"LASSO",100,"Urinary bladder cancer treated with anti-PD-L1","MONDO_0004986",0,0.2206143170841,0,-0.650336111874045,1,0,9,0.780339740477078,0.972028183082504,0.80279538603753,-1.71279398323784,0.971028971028971,90,21,20.846,1.0073875083949,0.0142697383015531,0.433566433566434,19,606,99.466,6.0925341322663,19.1116154631535,0.000999000999000999,96,2000,1000,970404
3,4,"ElasticNet",100,"Urinary bladder cancer treated with anti-PD-L1","MONDO_0004986",0.410506702199149,0.2206143170841,1.86074370704899,0.559772715762293,0.310689310689311,1,9,0.740701625351693,0.972028183082504,0.762016614582895,-2.06697248336472,0.987012987012987,83,27,20.846,1.29521251079344,0.570233568232179,0.254745254745255,17,282,87.772,3.21286970787951,7.95802757515167,0.000999000999000999,91,2000,1000,970404
3,4,"mRMR",100,"Urinary bladder cancer treated with anti-PD-L1","MONDO_0004986",1.55829717321013,0.2206143170841,7.06344535480034,3.94327747660159,0.004995004995005,3,9,0.839521760114935,0.972028183082504,0.863680472157336,-1.18398480844456,0.89010989010989,78,20,20.846,0.959416674661806,-0.078390900020218,0.465534465534466,18,102,83.772,1.21759060306546,0.803053858532567,0.211788211788212,88,2000,1000,970404
3,4,"Boruta",100,"Urinary bladder cancer treated with anti-PD-L1","MONDO_0004986",0.911899959143112,0.2206143170841,4.1334577519531,2.03780073112677,0.045954045954046,2,9,0.98501865329479,0.972028183082504,1.01336429379145,0.116073764889587,0.42957042957043,89,14,20.846,0.671591672263264,-0.634354729950844,0.733266733266733,19,68,95.474,0.712235791943356,-1.05137871767449,0.877122877122877,95,2000,1000,970404
3,4,"RF_importance",100,"Urinary bladder cancer treated with anti-PD-L1","MONDO_0004986",0.911899959143112,0.2206143170841,4.1334577519531,2.03780073112677,0.045954045954046,2,9,0.958999365020571,0.972028183082504,0.986596254832225,-0.116416414478961,0.524475524475524,83,26,20.846,1.24724167706035,0.477572929910408,0.27972027972028,20,96,92.602,1.03669467182134,0.133802079521403,0.414585414585415,93,2000,1000,970404
3,4,"GS_full_ungrouped",200,"Urinary bladder cancer treated with anti-PD-L1","MONDO_0004986",0.911899959143112,0.458475889799424,1.98898127345814,0.986341703058032,0.132867132867133,2,9,1.06245556359214,0.97859855795914,1.08569091477907,1.12052344763297,0.124875124875125,168,55,84.582,0.650256555768367,-1.04668393636272,0.874125874125874,38,430,372.236,1.155181121654,0.868418074327999,0.201798201798202,186,2000,1000,970405
3,4,"DGE",200,"Urinary bladder cancer treated with anti-PD-L1","MONDO_0004986",0.646397214067022,0.458475889799424,1.40988267529141,0.408788706976486,0.337662337662338,1,9,1.12209264419349,0.97859855795914,1.14663222734929,1.91741270760317,0.028971028971029,171,246,84.582,2.90842023125488,5.71136595361358,0.000999000999000999,60,1030,373.86,2.75504199432943,9.78657498725453,0.000999000999000999,187,2000,1000,970405
3,4,"LASSO",200,"Urinary bladder cancer treated with anti-PD-L1","MONDO_0004986",0,0.458475889799424,0,-0.997331020848476,1,0,9,0.913919114806889,0.97859855795914,0.933906051029608,-0.864266880087861,0.811188811188811,175,89,84.582,1.0522333356979,0.156319708973379,0.412587412587413,44,1510,382.862,3.94397981518145,16.4054790951004,0.000999000999000999,189,2000,1000,970405
3,4,"ElasticNet",200,"Urinary bladder cancer treated with anti-PD-L1","MONDO_0004986",0.410506702199149,0.458475889799424,0.895372496858536,-0.104348254516904,0.533466533466533,1,9,0.866748350805673,0.97859855795914,0.885703686926813,-1.49457733187588,0.933066933066933,174,80,84.582,0.945827717481261,-0.162122432439117,0.541458541458541,41,1312,382.862,3.42682219703183,13.5235916413637,0.000999000999000999,189,2000,1000,970405
3,4,"mRMR",200,"Urinary bladder cancer treated with anti-PD-L1","MONDO_0004986",1.55829717321013,0.458475889799424,3.39886394874955,2.392461430883,0.025974025974026,3,9,0.986118593318819,0.97859855795914,1.00768449462603,0.100485056483265,0.465534465534466,159,91,84.582,1.07587902863493,0.227084629287267,0.374625374625375,43,392,328.526,1.19320845229906,1.02254004185446,0.155844155844156,175,2000,1000,970405
3,4,"Boruta",200,"Urinary bladder cancer treated with anti-PD-L1","MONDO_0004986",0.911899959143112,0.458475889799424,1.98898127345814,0.986341703058032,0.132867132867133,2,9,0.927287811596933,0.97859855795914,0.947567114272869,-0.685630186534791,0.762237762237762,171,84,84.582,0.993119103355324,-0.0205925918113412,0.484515484515485,41,384,382.862,1.00297235035078,0.0165635753654165,0.471528471528472,189,2000,1000,970405
3,4,"RF_importance",200,"Urinary bladder cancer treated with anti-PD-L1","MONDO_0004986",1.55829717321013,0.458475889799424,3.39886394874955,2.392461430883,0.025974025974026,3,9,0.985120741881522,0.97859855795914,1.00666482069623,0.0871514545462002,0.471528471528472,168,79,84.582,0.934004871012745,-0.197504892596061,0.554445554445554,39,268,373.86,0.716845878136201,-1.57894173217722,0.968031968031968,187,2000,1000,970405
3,4,"GS_full_ungrouped",500,"Urinary bladder cancer treated with anti-PD-L1","MONDO_0004986",1.9913568902811,1.11409052097733,1.78742826797789,1.30908187779451,0.101898101898102,4,9,1.02903353379378,0.976252751093569,1.05406466987273,1.23265255372312,0.102897102897103,422,615,527.236,1.16646056035627,0.884747039115928,0.196803196803197,112,2798,2327.494,1.20215132670589,2.15291530438884,0.025974025974026,466,2000,1000,970406
3,4,"DGE",500,"Urinary bladder cancer treated with anti-PD-L1","MONDO_0004986",1.55829717321013,1.11409052097733,1.39871684021073,0.662857826061694,0.268731268731269,3,9,1.04062681063979,0.976252751093569,1.06593995199922,1.50340417162566,0.0759240759240759,434,918,527.236,1.74115576326351,3.93928366976319,0.000999000999000999,140,4308,2306.066,1.868116523985,8.81578237261919,0.000999000999000999,463,2000,1000,970406
3,4,"LASSO",500,"Urinary bladder cancer treated with anti-PD-L1","MONDO_0004986",0.646397214067022,1.11409052097733,0.58020169985826,-0.697905281525806,0.755244755244755,1,9,0.92458509140074,0.976252751093569,0.947075529738633,-1.2066564648539,0.887112887112887,428,645,527.236,1.2233610754956,1.18717640848694,0.128871128871129,114,4948,2322.852,2.13014001753017,11.8364392343942,0.000999000999000999,465,2000,1000,970406
3,4,"ElasticNet",500,"Urinary bladder cancer treated with anti-PD-L1","MONDO_0004986",1.05690391626617,1.11409052097733,0.948669696371717,-0.0853354813309315,0.505494505494505,2,9,0.939676186821092,0.976252751093569,0.962533714520646,-0.85421611901755,0.811188811188811,424,585,527.236,1.10956004521694,0.582317669744912,0.27972027972028,109,4752,2306.066,2.06065221030101,10.7709953683738,0.000999000999000999,463,2000,1000,970406
3,4,"mRMR",500,"Urinary bladder cancer treated with anti-PD-L1","MONDO_0004986",1.55829717321013,1.11409052097733,1.39871684021073,0.662857826061694,0.25974025974026,3,9,0.950283671939946,0.976252751093569,0.973399225636463,-0.606486870768222,0.734265734265734,424,634,527.236,1.20249755327785,1.07628563971757,0.153846153846154,112,4470,2251.628,1.9852302422958,10.2277995975351,0.000999000999000999,458,2000,1000,970406
3,4,"Boruta",500,"Urinary bladder cancer treated with anti-PD-L1","MONDO_0004986",2.77910462683156,1.11409052097733,2.49450522601485,2.48458150057187,0.00999000999000999,5,9,0.883650198296617,0.976252751093569,0.905144899521951,-2.16265783390854,0.988011988011988,428,400,527.236,0.758673535191072,-1.28266344137635,0.916083916083916,87,2514,2327.494,1.08013167810529,0.853403828559774,0.1998001998002,466,2000,1000,970406
3,4,"RF_importance",500,"Urinary bladder cancer treated with anti-PD-L1","MONDO_0004986",1.55829717321013,1.11409052097733,1.39871684021073,0.662857826061694,0.25974025974026,3,9,0.969184071688833,0.976252751093569,0.992759375687476,-0.165083298767803,0.555444555444555,422,509,527.236,0.965412073530639,-0.183836732661661,0.547452547452547,105,2054,2354.684,0.872303884512741,-1.29771783304466,0.907092907092907,469,2000,1000,970406
3,5,"GS_full_ungrouped",10,"Urinary bladder cancer treated with anti-PD-L1","MONDO_0004986",0,0.0195235383664106,0,-0.175913194706914,1,0,7,1.39215194111784,0.978429985022544,1.42284267901475,1.15392609104912,0.124875124875125,9,1,0.186,5.3763440860215,1.66979491037434,0.154845154845155,3,4,0.624,6.41025641025641,2.82507784394847,0.050949050949051,8,2000,1000,970501
3,5,"DGE",10,"Urinary bladder cancer treated with anti-PD-L1","MONDO_0004986",0,0.0195235383664106,0,-0.175913194706914,1,0,7,1.43900418957267,0.978429985022544,1.47072781047232,1.28460330341321,0.0969030969030969,9,3,0.186,16.1290322580645,5.77248510785429,0.004995004995005,4,10,0.826,12.1065375302664,6.16839907832031,0.004995004995005,9,2000,1000,970501
3,5,"LASSO",10,"Urinary bladder cancer treated with anti-PD-L1","MONDO_0004986",0,0.0195235383664106,0,-0.175913194706914,1,0,7,0.932494078673098,0.978429985022544,0.953051411902113,-0.12812141118371,0.513486513486514,9,0,0.186,0,-0.381550188365635,1,4,0,0.624,0,-0.52217078632223,1,8,2000,1000,970501
3,5,"ElasticNet",10,"Urinary bladder cancer treated with anti-PD-L1","MONDO_0004986",0,0.0195235383664106,0,-0.175913194706914,1,0,7,1.08947626054435,0.978429985022544,1.1134943503589,0.309722973969798,0.342657342657343,9,1,0.186,5.3763440860215,1.66979491037434,0.154845154845155,5,4,0.826,4.84261501210654,2.13412891591331,0.0649350649350649,9,2000,1000,970501
3,5,"mRMR",10,"Urinary bladder cancer treated with anti-PD-L1","MONDO_0004986",0,0.0195235383664106,0,-0.175913194706914,1,0,7,1.31508721380603,0.978429985022544,1.34407901836301,0.938982218154469,0.168831168831169,9,0,0.186,0,-0.381550188365635,1,2,0,0.826,0,-0.555384525691364,1,9,2000,1000,970501
3,5,"Boruta",10,"Urinary bladder cancer treated with anti-PD-L1","MONDO_0004986",0,0.0195235383664106,0,-0.175913194706914,1,0,7,1.24890849235632,0.978429985022544,1.27644135142439,0.754400877406122,0.200799200799201,8,1,0.186,5.3763440860215,1.66979491037434,0.154845154845155,2,4,0.826,4.84261501210654,2.13412891591331,0.0649350649350649,9,2000,1000,970501
3,5,"RF_importance",10,"Urinary bladder cancer treated with anti-PD-L1","MONDO_0004986",0,0.0195235383664106,0,-0.175913194706914,1,0,7,1.26473395280286,0.978429985022544,1.29261569265349,0.798540211669353,0.193806193806194,8,1,0.186,5.3763440860215,1.66979491037434,0.154845154845155,2,2,0.624,3.2051282051282,1.15145352881312,0.252747252747253,8,2000,1000,970501
3,5,"GS_full_ungrouped",20,"Urinary bladder cancer treated with anti-PD-L1","MONDO_0004986",0,0.0361816959087718,0,-0.268770283819672,1,0,7,1.21331561792671,0.967038153357889,1.25467192138558,1.01251273485215,0.154845154845155,18,1,0.791,1.26422250316056,0.179171255352586,0.471528471528472,4,6,3.456,1.73611111111111,0.763886291943637,0.240759240759241,18,2000,1000,970502
3,5,"DGE",20,"Urinary bladder cancer treated with anti-PD-L1","MONDO_0004986",0,0.0361816959087718,0,-0.268770283819672,1,0,7,1.23661471986232,0.967038153357889,1.27876518167186,1.10830159422559,0.132867132867133,17,7,0.791,8.8495575221239,5.32284365781915,0.004995004995005,7,20,3.456,5.78703703703704,4.96766305578441,0.004995004995005,18,2000,1000,970502
3,5,"LASSO",20,"Urinary bladder cancer treated with anti-PD-L1","MONDO_0004986",0,0.0361816959087718,0,-0.268770283819672,1,0,7,1.0346927947523,0.967038153357889,1.06996067441547,0.278146382997836,0.353646353646354,19,1,0.791,1.26422250316056,0.179171255352586,0.471528471528472,5,36,3.456,10.4166666666667,9.77197935731672,0.000999000999000999,18,2000,1000,970502
3,5,"ElasticNet",20,"Urinary bladder cancer treated with anti-PD-L1","MONDO_0004986",0,0.0361816959087718,0,-0.268770283819672,1,0,7,1.03587970971066,0.967038153357889,1.07118804580123,0.283026108849467,0.353646353646354,19,2,0.791,2.52844500632111,1.03644998909701,0.172827172827173,6,54,3.662,14.7460404150737,14.123816444931,0.000999000999000999,19,2000,1000,970502
3,5,"mRMR",20,"Urinary bladder cancer treated with anti-PD-L1","MONDO_0004986",0,0.0361816959087718,0,-0.268770283819672,1,0,7,1.23953094194722,0.967038153357889,1.28178080424556,1.12029096565989,0.126873126873127,17,0,0.791,0,-0.678107478391842,1,4,0,3.152,0,-1.04361604125512,1,17,2000,1000,970502
3,5,"Boruta",20,"Urinary bladder cancer treated with anti-PD-L1","MONDO_0004986",0,0.0361816959087718,0,-0.268770283819672,1,0,7,1.14029993158715,0.967038153357889,1.17916746886111,0.71232565767799,0.220779220779221,17,3,0.791,3.79266750948167,1.89372872284144,0.0879120879120879,3,8,3.662,2.18459858001092,1.2171543513471,0.132867132867133,19,2000,1000,970502
3,5,"RF_importance",20,"Urinary bladder cancer treated with anti-PD-L1","MONDO_0004986",0,0.0361816959087718,0,-0.268770283819672,1,0,7,1.09506864690462,0.967038153357889,1.13239445941421,0.526367710470126,0.285714285714286,16,1,0.791,1.26422250316056,0.179171255352586,0.471528471528472,3,4,3.152,1.26903553299492,0.280769797901124,0.435564435564436,17,2000,1000,970502
3,5,"GS_full_ungrouped",50,"Urinary bladder cancer treated with anti-PD-L1","MONDO_0004986",0,0.0950334000561292,0,-0.42251213701416,1,0,7,1.12563776314234,0.970835696540817,1.15945238432528,1.01222168165808,0.153846153846154,44,7,5.324,1.31480090157776,0.408733832104608,0.318681318681319,9,40,23.206,1.72369214858226,1.63235279852679,0.0779220779220779,47,2000,1000,970503
3,5,"DGE",50,"Urinary bladder cancer treated with anti-PD-L1","MONDO_0004986",0,0.0950334000561292,0,-0.42251213701416,1,0,7,1.34189389974211,0.970835696540817,1.38220494417687,2.42628000183129,0.012987012987013,44,17,5.324,3.1930879038317,2.84747984704857,0.016983016983017,13,106,22.34,4.74485228290063,8.44273045611135,0.000999000999000999,46,2000,1000,970503
3,5,"LASSO",50,"Urinary bladder cancer treated with anti-PD-L1","MONDO_0004986",0,0.0950334000561292,0,-0.42251213701416,1,0,7,0.711591630256527,0.970835696540817,0.732968135382741,-1.69514833034905,0.966033966033966,45,9,5.324,1.69045830202855,0.896483035093401,0.195804195804196,12,184,23.206,7.92898388347841,15.6289469981134,0.000999000999000999,47,2000,1000,970503
3,5,"ElasticNet",50,"Urinary bladder cancer treated with anti-PD-L1","MONDO_0004986",0,0.0950334000561292,0,-0.42251213701416,1,0,7,0.778699826840992,0.970835696540817,0.80209228978248,-1.25634041847136,0.9000999000999,45,11,5.324,2.06611570247934,1.38423223808219,0.120879120879121,13,192,24.982,7.68553358418061,15.9322509580091,0.000999000999000999,48,2000,1000,970503
3,5,"mRMR",50,"Urinary bladder cancer treated with anti-PD-L1","MONDO_0004986",0,0.0950334000561292,0,-0.42251213701416,1,0,7,0.963438192599071,0.970835696540817,0.992380271998543,-0.0483708909342999,0.491508491508492,42,4,5.324,0.751314800901578,-0.322889972378581,0.603396603396603,9,12,21.57,0.556328233657858,-0.954371218149528,0.874125874125874,45,2000,1000,970503
3,5,"Boruta",50,"Urinary bladder cancer treated with anti-PD-L1","MONDO_0004986",0,0.0950334000561292,0,-0.42251213701416,1,0,7,1.3331895216741,0.970835696540817,1.3732390830131,2.36936370607877,0.013986013986014,39,5,5.324,0.939143501126972,-0.0790153708841849,0.498501498501498,11,8,18.06,0.44296788482835,-1.1065301988651,0.933066933066933,41,2000,1000,970503
3,5,"RF_importance",50,"Urinary bladder cancer treated with anti-PD-L1","MONDO_0004986",0,0.0950334000561292,0,-0.42251213701416,1,0,7,1.01990859695177,0.970835696540817,1.05054707051441,0.320878492569978,0.350649350649351,37,7,5.324,1.31480090157776,0.408733832104608,0.318681318681319,9,22,18.06,1.21816168327796,0.433372662378577,0.317682317682318,41,2000,1000,970503
3,5,"GS_full_ungrouped",100,"Urinary bladder cancer treated with anti-PD-L1","MONDO_0004986",0,0.176669821503299,0,-0.589695011294319,1,0,7,1.01875423681826,0.96906547728535,1.05127492486071,0.458631478224182,0.320679320679321,85,18,21.513,0.836703388648724,-0.311643816890536,0.593406593406593,19,100,89.204,1.1210259629613,0.452837542656983,0.317682317682318,91,2000,1000,970504
3,5,"DGE",100,"Urinary bladder cancer treated with anti-PD-L1","MONDO_0004986",0.646397214067022,0.176669821503299,3.65878681806983,1.56787332271087,0.115884115884116,1,7,1.25840048518647,0.96906547728535,1.29857116436718,2.67058674080614,0.004995004995005,89,39,21.513,1.81285734207224,1.55129958040558,0.0789210789210789,25,208,96.592,2.15338744409475,4.2331941491894,0.000999000999000999,94,2000,1000,970504
3,5,"LASSO",100,"Urinary bladder cancer treated with anti-PD-L1","MONDO_0004986",0,0.176669821503299,0,-0.589695011294319,1,0,7,0.885846971535083,0.96906547728535,0.914124991859799,-0.768113888666782,0.77022977022977,90,23,21.513,1.0691209966067,0.131914134846635,0.403596403596404,21,668,97.272,6.86734106423226,21.5475620794921,0.000999000999000999,95,2000,1000,970504
3,5,"ElasticNet",100,"Urinary bladder cancer treated with anti-PD-L1","MONDO_0004986",0,0.176669821503299,0,-0.589695011294319,1,0,7,0.89538141511396,0.96906547728535,0.923963794089743,-0.680110163201881,0.75024975024975,89,25,21.513,1.16208803978989,0.309337315541503,0.32967032967033,22,662,98.734,6.70488382927867,20.9071944351255,0.000999000999000999,96,2000,1000,970504
3,5,"mRMR",100,"Urinary bladder cancer treated with anti-PD-L1","MONDO_0004986",0.646397214067022,0.176669821503299,3.65878681806983,1.56787332271087,0.115884115884116,1,7,0.987868948134504,0.96906547728535,1.0194037155279,0.173557635818634,0.421578421578422,80,13,21.513,0.604285780690745,-0.755201768627706,0.772227772227772,18,62,85.346,0.726454666885384,-0.929714642510408,0.846153846153846,89,2000,1000,970504
3,5,"Boruta",100,"Urinary bladder cancer treated with anti-PD-L1","MONDO_0004986",0,0.176669821503299,0,-0.589695011294319,1,0,7,1.11444274217099,0.96906547728535,1.15001800011789,1.3418445242234,0.0929070929070929,82,27,21.513,1.25505508297309,0.486760496236371,0.274725274725275,25,64,85.346,0.749888688397816,-0.850068052729683,0.821178821178821,89,2000,1000,970504
3,5,"RF_importance",100,"Urinary bladder cancer treated with anti-PD-L1","MONDO_0004986",0,0.176669821503299,0,-0.589695011294319,1,0,7,1.12058772070444,0.96906547728535,1.15635913874834,1.39856319892856,0.0769230769230769,81,14,21.513,0.650769302282341,-0.666490178280272,0.742257742257742,19,68,79.656,0.853670784372803,-0.495468660220515,0.684315684315684,86,2000,1000,970504
3,5,"GS_full_ungrouped",200,"Urinary bladder cancer treated with anti-PD-L1","MONDO_0004986",0,0.36635501735761,0,-0.87366157108484,1,0,7,0.95142949668579,0.969275726126338,0.981588077613508,-0.249470501301023,0.584415584415584,166,44,84.604,0.52006997305092,-1.44221969954128,0.949050949050949,36,342,363.39,0.94113762073805,-0.331652559855124,0.606393606393606,183,2000,1000,970505
3,5,"DGE",200,"Urinary bladder cancer treated with anti-PD-L1","MONDO_0004986",0.646397214067022,0.36635501735761,1.764401150363,0.667827909965193,0.267732267732268,1,7,1.19113990109821,0.969275726126338,1.22889686493908,3.10141518326631,0.002997002997003,174,122,84.604,1.44201219800482,1.32827425583799,0.0989010989010989,51,730,371.25,1.96632996632997,5.34513019143361,0.000999000999000999,184,2000,1000,970505
3,5,"LASSO",200,"Urinary bladder cancer treated with anti-PD-L1","MONDO_0004986",0,0.36635501735761,0,-0.87366157108484,1,0,7,0.854194480997834,0.969275726126338,0.881270889153059,-1.60870821526721,0.944055944055944,175,66,84.604,0.780104959576379,-0.660798327511231,0.719280719280719,41,1464,386.564,3.78721246675842,15.9239059714768,0.000999000999000999,188,2000,1000,970505
3,5,"ElasticNet",200,"Urinary bladder cancer treated with anti-PD-L1","MONDO_0004986",0,0.36635501735761,0,-0.87366157108484,1,0,7,0.858397415837535,0.969275726126338,0.885607049366724,-1.54995584604051,0.941058941058941,175,69,84.604,0.81556427592076,-0.554240867688951,0.681318681318681,42,1462,388.726,3.76100389477421,15.9644883667288,0.000999000999000999,189,2000,1000,970505
3,5,"mRMR",200,"Urinary bladder cancer treated with anti-PD-L1","MONDO_0004986",0.646397214067022,0.36635501735761,1.764401150363,0.667827909965193,0.267732267732268,1,7,0.956976182508008,0.969275726126338,0.987310583266657,-0.171933983167731,0.542457542457542,157,49,84.604,0.579168833624888,-1.26462393317082,0.92007992007992,37,296,326.8,0.905752753977968,-0.51228488031206,0.685314685314685,173,2000,1000,970505
3,5,"Boruta",200,"Urinary bladder cancer treated with anti-PD-L1","MONDO_0004986",0,0.36635501735761,0,-0.87366157108484,1,0,7,1.04829717306761,0.969275726126338,1.08152628278135,1.10463221643783,0.142857142857143,164,82,84.604,0.969221313413077,-0.0924918751257389,0.517482517482518,46,368,343.212,1.07222358192604,0.392077784117665,0.324675324675325,179,2000,1000,970505
3,5,"RF_importance",200,"Urinary bladder cancer treated with anti-PD-L1","MONDO_0004986",0,0.36635501735761,0,-0.87366157108484,1,0,7,1.09159492120778,0.969275726126338,1.12619649062118,1.70988673082789,0.047952047952048,162,53,84.604,0.626447922084062,-1.12254732007444,0.886113886113886,38,296,336.404,0.87989441267048,-0.644196741468479,0.734265734265734,176,2000,1000,970505
3,5,"GS_full_ungrouped",500,"Urinary bladder cancer treated with anti-PD-L1","MONDO_0004986",0.646397214067022,0.867616631906166,0.745026305739296,-0.362328485953666,0.626373626373626,1,7,0.991023267352945,0.967359705378964,1.02446200915999,0.55380918996031,0.285714285714286,425,770,532.868,1.44501077189848,2.41861612226117,0.014985014985015,126,2554,2359.052,1.08263828012269,0.838995678099755,0.201798201798202,463,2000,1000,970506
3,5,"DGE",500,"Urinary bladder cancer treated with anti-PD-L1","MONDO_0004986",1.87320307259615,0.867616631906166,2.15902162742166,1.64701912747854,0.0799200799200799,3,7,1.07007474349977,0.967359705378964,1.10618081107747,2.40388712912159,0.00799200799200799,415,611,532.868,1.14662543068828,0.796903475129926,0.210789210789211,114,2456,2241.676,1.09560882125695,0.931176519188212,0.186813186813187,452,2000,1000,970506
3,5,"LASSO",500,"Urinary bladder cancer treated with anti-PD-L1","MONDO_0004986",0.646397214067022,0.867616631906166,0.745026305739296,-0.362328485953666,0.626373626373626,1,7,0.944075753616763,0.967359705378964,0.975930409719641,-0.544924998133312,0.698301698301698,435,688,532.868,1.29112650787812,1.58226117216833,0.0639360639360639,119,5424,2411.248,2.24945754231833,13.3801343268257,0.000999000999000999,470,2000,1000,970506
3,5,"ElasticNet",500,"Urinary bladder cancer treated with anti-PD-L1","MONDO_0004986",0.646397214067022,0.867616631906166,0.745026305739296,-0.362328485953666,0.626373626373626,1,7,0.941402279527496,0.967359705378964,0.973166728253067,-0.607493537957722,0.717282717282717,435,691,532.868,1.29675641997643,1.61285952400099,0.0589410589410589,120,5464,2420.882,2.25702863667044,12.9495815877663,0.000999000999000999,471,2000,1000,970506
3,5,"mRMR",500,"Urinary bladder cancer treated with anti-PD-L1","MONDO_0004986",0.646397214067022,0.867616631906166,0.745026305739296,-0.362328485953666,0.626373626373626,1,7,0.944902729725517,0.967359705378964,0.976785289351443,-0.525570897114651,0.692307692307692,423,485,532.868,0.910169122559433,-0.488227301842003,0.673326673326673,103,4254,2291.994,1.85602580111466,8.47049833633538,0.000999000999000999,456,2000,1000,970506
3,5,"Boruta",500,"Urinary bladder cancer treated with anti-PD-L1","MONDO_0004986",0,0.867616631906166,0,-1.42104261776587,1,0,7,0.989582896323626,0.967359705378964,1.0229730376623,0.52009952639122,0.295704295704296,413,457,532.868,0.857623276308579,-0.773811918946875,0.776223776223776,104,1996,2245.91,0.888726618608938,-1.12583149321612,0.865134865134865,453,2000,1000,970506
3,5,"RF_importance",500,"Urinary bladder cancer treated with anti-PD-L1","MONDO_0004986",0.646397214067022,0.867616631906166,0.745026305739296,-0.362328485953666,0.626373626373626,1,7,1.05454896140132,0.967359705378964,1.09013116376209,2.04053013253357,0.023976023976024,409,406,532.868,0.761914770637381,-1.29398390010218,0.909090909090909,101,2128,2273.468,0.936014934012707,-0.639751374408503,0.734265734265734,455,2000,1000,970506
