"repeat_idx","fold_idx","method","k","disease_label","ontology_ids","open_targets_sum","open_targets_expected","open_targets_enrichment","open_targets_z","open_targets_empirical_p","open_targets_overlap","open_targets_pool_targets","GO_semantic_mean_ratio","GO_semantic_expected","GO_semantic_enrichment","GO_semantic_z","GO_semantic_empirical_p","GO_annotated","hallmark_edges","hallmark_expected","hallmark_enrichment","hallmark_z","hallmark_empirical_p","hallmark_annotated","string_edges","string_expected","string_enrichment","string_z","string_empirical_p","string_mapped","pool_size","n_null","null_seed"
1,1,"GS_full_ungrouped",10,"Atopic dermatitis","MONDO_0004980",0,0.0164406515113804,0,-0.182144764348891,1,0,8,0.840575739366242,0.962303853539707,0.873503453482282,-0.28285019026763,0.561438561438561,7,0,0.219,0,-0.409991370794771,1,3,2,0.742,2.69541778975741,0.891452893537683,0.280719280719281,10,2000,1000,950101
1,1,"DGE",10,"Atopic dermatitis","MONDO_0004980",0,0.0164406515113804,0,-0.182144764348891,1,0,8,2.2501645791556,0.962303853539707,2.3383098497202,2.99250221489154,0.011988011988012,9,0,0.219,0,-0.409991370794771,1,4,10,0.742,13.4770889487871,6.56046970458813,0.002997002997003,10,2000,1000,950101
1,1,"LASSO",10,"Atopic dermatitis","MONDO_0004980",0,0.0164406515113804,0,-0.182144764348891,1,0,8,1.08000427831289,0.962303853539707,1.12231108120396,0.273491360379033,0.332667332667333,8,0,0.219,0,-0.409991370794771,1,4,2,0.742,2.69541778975741,0.891452893537683,0.280719280719281,10,2000,1000,950101
1,1,"ElasticNet",10,"Atopic dermatitis","MONDO_0004980",0.426169231617919,0.0164406515113804,25.9216753863386,4.53935269042421,0.02997002997003,1,8,0.676928538946645,0.962303853539707,0.703445732298227,-0.663104514338465,0.734265734265734,7,0,0.219,0,-0.409991370794771,1,2,2,0.742,2.69541778975741,0.891452893537683,0.280719280719281,10,2000,1000,950101
1,1,"mRMR",10,"Atopic dermatitis","MONDO_0004980",0,0.0164406515113804,0,-0.182144764348891,1,0,8,1.16282844845895,0.962303853539707,1.20837970686872,0.465943469274672,0.278721278721279,7,0,0.219,0,-0.409991370794771,1,3,2,0.742,2.69541778975741,0.891452893537683,0.280719280719281,10,2000,1000,950101
1,1,"Boruta",10,"Atopic dermatitis","MONDO_0004980",0,0.0164406515113804,0,-0.182144764348891,1,0,8,1.84176158012524,0.962303853539707,1.91390855741725,2.0435277995236,0.037962037962038,9,1,0.219,4.5662100456621,1.46211534516309,0.175824175824176,4,2,0.742,2.69541778975741,0.891452893537683,0.280719280719281,10,2000,1000,950101
1,1,"RF_importance",10,"Atopic dermatitis","MONDO_0004980",0,0.0164406515113804,0,-0.182144764348891,1,0,8,1.52275255706591,0.962303853539707,1.58240305436237,1.30227124197238,0.103896103896104,7,1,0.219,4.5662100456621,1.46211534516309,0.175824175824176,3,4,0.742,5.39083557951483,2.3087070963003,0.0629370629370629,10,2000,1000,950101
1,1,"GS_full_ungrouped",20,"Atopic dermatitis","MONDO_0004980",0,0.0335891273033641,0,-0.25770610609505,1,0,8,1.39742131738024,0.97876405852045,1.42774073610002,1.32790793098924,0.112887112887113,15,0,0.964,0,-0.680510216343959,1,7,8,2.856,2.80112044817927,1.62689842613346,0.0929070929070929,19,2000,1000,950102
1,1,"DGE",20,"Atopic dermatitis","MONDO_0004980",0,0.0335891273033641,0,-0.25770610609505,1,0,8,2.06178568878482,0.97876405852045,2.10651961607736,3.43515604190828,0.002997002997003,16,3,0.964,3.11203319502075,1.43726016646919,0.126873126873127,7,34,3.112,10.9254498714653,9.8762685915341,0.000999000999000999,20,2000,1000,950102
1,1,"LASSO",20,"Atopic dermatitis","MONDO_0004980",0,0.0335891273033641,0,-0.25770610609505,1,0,8,1.00680088216881,0.97876405852045,1.02864512995168,0.0889279230074611,0.412587412587413,15,0,0.964,0,-0.680510216343959,1,6,2,2.856,0.700280112044818,-0.27072804291801,0.681318681318681,19,2000,1000,950102
1,1,"ElasticNet",20,"Atopic dermatitis","MONDO_0004980",0.426169231617919,0.0335891273033641,12.6877137285802,3.01199519414605,0.0599400599400599,1,8,0.575503564412016,0.97876405852045,0.587990087500737,-1.27907207399113,0.918081918081918,15,0,0.964,0,-0.680510216343959,1,2,2,2.856,0.700280112044818,-0.27072804291801,0.681318681318681,19,2000,1000,950102
1,1,"mRMR",20,"Atopic dermatitis","MONDO_0004980",0,0.0335891273033641,0,-0.25770610609505,1,0,8,0.872142540126324,0.97876405852045,0.891065147452083,-0.338184892040994,0.6003996003996,15,0,0.964,0,-0.680510216343959,1,6,2,3.112,0.6426735218509,-0.35555590111972,0.742257742257742,20,2000,1000,950102
1,1,"Boruta",20,"Atopic dermatitis","MONDO_0004980",0,0.0335891273033641,0,-0.25770610609505,1,0,8,1.30972577885922,0.97876405852045,1.3381424945651,1.04975295182659,0.145854145854146,15,2,0.964,2.0746887966805,0.731336705531475,0.222777222777223,7,8,3.112,2.5706940874036,1.56291119125287,0.104895104895105,20,2000,1000,950102
1,1,"RF_importance",20,"Atopic dermatitis","MONDO_0004980",0,0.0335891273033641,0,-0.25770610609505,1,0,8,1.48838527254562,0.97876405852045,1.52067830810577,1.61642975867051,0.0779220779220779,16,6,0.964,6.2240663900415,3.55503054928234,0.016983016983017,7,24,2.856,8.40336134453781,6.68723567693737,0.001998001998002,19,2000,1000,950102
1,1,"GS_full_ungrouped",50,"Atopic dermatitis","MONDO_0004980",0.426169231617919,0.106808947102996,3.99001434970579,1.39610119926619,0.174825174825175,1,8,0.950710561426931,0.973835768215507,0.976253483859038,-0.116846893643675,0.503496503496504,36,2,5.897,0.339155502798033,-0.897267828694224,0.883116883116883,9,28,19.782,1.41542816702052,0.785321007208407,0.196803196803197,49,2000,1000,950103
1,1,"DGE",50,"Atopic dermatitis","MONDO_0004980",0,0.106808947102996,0,-0.466921237151777,1,0,8,1.59307282455751,0.973835768215507,1.63587421673443,3.12887694904254,0.003996003996004,41,21,5.897,3.56113277937934,3.47740210848572,0.00899100899100899,14,112,19.262,5.8145571591735,9.25605741970845,0.000999000999000999,48,2000,1000,950103
1,1,"LASSO",50,"Atopic dermatitis","MONDO_0004980",0,0.106808947102996,0,-0.466921237151777,1,0,8,1.3357295276848,0.973835768215507,1.37161682829995,1.82857442139322,0.047952047952048,40,1,5.897,0.169577751399016,-1.12751361486159,0.961038961038961,9,62,14.932,4.15215644253951,5.40936147619974,0.000999000999000999,43,2000,1000,950103
1,1,"ElasticNet",50,"Atopic dermatitis","MONDO_0004980",0.426169231617919,0.106808947102996,3.99001434970579,1.39610119926619,0.174825174825175,1,8,0.66644373160039,0.973835768215507,0.684349202763015,-1.5531884725469,0.959040959040959,39,0,5.897,0,-1.35775940102895,1,8,8,18.438,0.433886538670138,-0.9960850319322,0.905094905094905,47,2000,1000,950103
1,1,"mRMR",50,"Atopic dermatitis","MONDO_0004980",0.426169231617919,0.106808947102996,3.99001434970579,1.39610119926619,0.174825174825175,1,8,0.768677092164978,0.973835768215507,0.789329286573167,-1.03662441679856,0.856143856143856,39,2,5.897,0.339155502798033,-0.897267828694224,0.883116883116883,9,10,18.438,0.542358173337672,-0.805227581858967,0.844155844155844,47,2000,1000,950103
1,1,"Boruta",50,"Atopic dermatitis","MONDO_0004980",0.426169231617919,0.106808947102996,3.99001434970579,1.39610119926619,0.174825174825175,1,8,1.2638173083658,0.973835768215507,1.29777252963471,1.46521682985812,0.0809190809190809,41,24,5.897,4.06986603357639,4.16813946698782,0.002997002997003,17,92,19.782,4.65069254878172,6.90123053036952,0.000999000999000999,49,2000,1000,950103
1,1,"RF_importance",50,"Atopic dermatitis","MONDO_0004980",0.426169231617919,0.106808947102996,3.99001434970579,1.39610119926619,0.174825174825175,1,8,1.12564880352654,0.973835768215507,1.15589182515777,0.767079912101588,0.214785214785215,40,15,5.897,2.54366627098525,2.09592739148153,0.048951048951049,13,52,19.262,2.69961582390198,3.26753658485643,0.004995004995005,48,2000,1000,950103
1,1,"GS_full_ungrouped",100,"Atopic dermatitis","MONDO_0004980",0.426169231617919,0.191535522161549,2.2250140694971,0.76116513417388,0.297702297702298,1,8,0.908845873126815,0.990489946764786,0.917572031998262,-0.583494936484865,0.718281718281718,79,13,24.011,0.541418516513265,-0.897862157545032,0.824175824175824,18,78,73.4,1.06267029972752,0.183132550618687,0.394605394605395,94,2000,1000,950104
1,1,"DGE",100,"Atopic dermatitis","MONDO_0004980",0.426169231617919,0.191535522161549,2.2250140694971,0.76116513417388,0.297702297702298,1,8,1.07497489194149,0.990489946764786,1.08529611577851,0.603798114464485,0.257742257742258,87,79,24.011,3.29015867727292,4.48392899657104,0.002997002997003,29,270,78.62,3.43424065123378,7.37106038678737,0.000999000999000999,97,2000,1000,950104
1,1,"LASSO",100,"Atopic dermatitis","MONDO_0004980",0,0.191535522161549,0,-0.621352156784908,1,0,8,1.40499357751373,0.990489946764786,1.41848343045059,2.96237998570566,0.00599400599400599,80,8,24.011,0.333180625546624,-1.30557360861443,0.958041958041958,18,156,49.452,3.15457413249211,5.46718200276056,0.000999000999000999,77,2000,1000,950104
1,1,"ElasticNet",100,"Atopic dermatitis","MONDO_0004980",0.426169231617919,0.191535522161549,2.2250140694971,0.76116513417388,0.297702297702298,1,8,0.788322410737912,0.990489946764786,0.795891380132419,-1.4448535985157,0.934065934065934,81,4,24.011,0.166590312773312,-1.63174276946995,0.998001998001998,17,66,70.42,0.937233740414655,-0.184598396434236,0.544455544455544,92,2000,1000,950104
1,1,"mRMR",100,"Atopic dermatitis","MONDO_0004980",0.426169231617919,0.191535522161549,2.2250140694971,0.76116513417388,0.297702297702298,1,8,0.834807515303355,0.990489946764786,0.842822805047207,-1.11263324341461,0.872127872127872,82,16,24.011,0.666361251093249,-0.653235286903392,0.729270729270729,20,76,73.4,1.03542234332425,0.103509702523606,0.415584415584416,94,2000,1000,950104
1,1,"Boruta",100,"Atopic dermatitis","MONDO_0004980",0.426169231617919,0.191535522161549,2.2250140694971,0.76116513417388,0.297702297702298,1,8,0.938529446135789,0.990489946764786,0.947540607758096,-0.371351987514467,0.629370629370629,84,58,24.011,2.41555953521303,2.77154090207956,0.016983016983017,29,162,72.612,2.2310361923649,3.47942989356485,0.00799200799200799,93,2000,1000,950104
1,1,"RF_importance",100,"Atopic dermatitis","MONDO_0004980",0.426169231617919,0.191535522161549,2.2250140694971,0.76116513417388,0.297702297702298,1,8,0.928524351783394,0.990489946764786,0.937439450865919,-0.442856527079246,0.662337662337662,84,46,24.011,1.91578859689309,1.793033419513,0.0579420579420579,28,176,76.988,2.28607055645036,3.71146692162381,0.003996003996004,96,2000,1000,950104
1,1,"GS_full_ungrouped",200,"Atopic dermatitis","MONDO_0004980",0.426169231617919,0.39105746561913,1.08978671700641,0.0824522642935111,0.517482517482518,1,8,0.872061095435227,0.985997736229346,0.884445332268372,-1.14418965129141,0.881118881118881,158,52,95.506,0.544468410361653,-1.3877015266895,0.948051948051948,32,232,267.744,0.866499342655671,-0.581072033258672,0.692307692307692,179,2000,1000,950105
1,1,"DGE",200,"Atopic dermatitis","MONDO_0004980",0.426169231617919,0.39105746561913,1.08978671700641,0.0824522642935111,0.517482517482518,1,8,1.02442840030642,0.985997736229346,1.03897642222186,0.385933513773724,0.340659340659341,169,211,95.506,2.20928528050594,3.68388728275359,0.00599400599400599,56,644,299.188,2.15249274703531,5.2399124872065,0.000999000999000999,189,2000,1000,950105
1,1,"LASSO",200,"Atopic dermatitis","MONDO_0004980",0,0.39105746561913,0,-0.9183124970214,1,0,8,1.36530667309197,0.985997736229346,1.38469554536016,3.80914653245566,0.000999000999000999,168,91,95.506,0.952819718132892,-0.14372691305252,0.522477522477522,37,410,207.11,1.97962435420791,3.90776793993725,0.001998001998002,158,2000,1000,950105
1,1,"ElasticNet",200,"Atopic dermatitis","MONDO_0004980",0.426169231617919,0.39105746561913,1.08978671700641,0.0824522642935111,0.517482517482518,1,8,0.88108172043844,0.985997736229346,0.89359406017287,-1.053601534028,0.863136863136863,157,37,95.506,0.387410215065022,-1.86615330116527,0.991008991008991,31,224,269.816,0.830195392415572,-0.717231012279926,0.768231768231768,180,2000,1000,950105
1,1,"mRMR",200,"Atopic dermatitis","MONDO_0004980",0.426169231617919,0.39105746561913,1.08978671700641,0.0824522642935111,0.517482517482518,1,8,0.910648214795543,0.985997736229346,0.923580431612395,-0.756684961513866,0.772227772227772,161,51,95.506,0.533997864008544,-1.41959831165456,0.953046953046953,36,248,274.16,0.904581266413773,-0.422874609464131,0.638361638361638,181,2000,1000,950105
1,1,"Boruta",200,"Atopic dermatitis","MONDO_0004980",0.426169231617919,0.39105746561913,1.08978671700641,0.0824522642935111,0.517482517482518,1,8,0.911882851559567,0.985997736229346,0.924832601590741,-0.74428632839063,0.766233766233766,168,146,95.506,1.52869976755387,1.61059626002528,0.0599400599400599,49,478,279.86,1.70799685557064,3.24915247979729,0.004995004995005,183,2000,1000,950105
1,1,"RF_importance",200,"Atopic dermatitis","MONDO_0004980",0.426169231617919,0.39105746561913,1.08978671700641,0.0824522642935111,0.517482517482518,1,8,0.92124469187986,0.985997736229346,0.934327390449075,-0.650271613397608,0.742257742257742,163,86,95.506,0.900466986367349,-0.303210837877774,0.589410589410589,45,356,278.064,1.28028079866506,1.25185451604633,0.123876123876124,182,2000,1000,950105
1,1,"GS_full_ungrouped",500,"Atopic dermatitis","MONDO_0004980",0.426169231617919,0.966011110282311,0.441163902859641,-0.889097212325648,0.86013986013986,1,8,0.866219322391622,0.985310716263088,0.87913315880382,-2.1818466503686,0.99000999000999,401,354,601.04,0.588979102888327,-2.26182444185034,0.997002997002997,90,1544,1646.67,0.937649923785579,-0.496246165436397,0.675324675324675,443,2000,1000,950106
1,1,"DGE",500,"Atopic dermatitis","MONDO_0004980",0.426169231617919,0.966011110282311,0.441163902859641,-0.889097212325648,0.86013986013986,1,8,0.927342387770501,0.985310716263088,0.941167463688573,-1.06202471259614,0.854145854145854,402,763,601.04,1.26946625848529,1.48285737776101,0.0729270729270729,124,2520,1660.398,1.51770840485233,4.06236386968438,0.000999000999000999,446,2000,1000,950106
1,1,"LASSO",500,"Atopic dermatitis","MONDO_0004980",0.426169231617919,0.966011110282311,0.441163902859641,-0.889097212325648,0.86013986013986,1,8,1.19720702119089,0.985310716263088,1.21505531344615,3.88210455938738,0.000999000999000999,410,556,601.04,0.925063223745508,-0.41237278522077,0.642357642357642,99,2004,1406.588,1.42472422628374,3.25844311458088,0.003996003996004,410,2000,1000,950106
1,1,"ElasticNet",500,"Atopic dermatitis","MONDO_0004980",0.426169231617919,0.966011110282311,0.441163902859641,-0.889097212325648,0.86013986013986,1,8,1.01386525038938,0.985310716263088,1.02898023299147,0.523141199468453,0.310689310689311,402,337,601.04,0.560694795687475,-2.41747136344787,0.999000999000999,82,1502,1479.662,1.01509669100105,0.112945920151105,0.43956043956044,420,2000,1000,950106
1,1,"mRMR",500,"Atopic dermatitis","MONDO_0004980",0.426169231617919,0.966011110282311,0.441163902859641,-0.889097212325648,0.86013986013986,1,8,1.14998829608614,0.985310716263088,1.16713263857275,3.01702091349714,0.003996003996004,406,405,601.04,0.673832024490883,-1.79488367705772,0.972027972027972,90,1784,1421.3,1.25518891155984,1.83751845739941,0.045954045954046,412,2000,1000,950106
1,1,"Boruta",500,"Atopic dermatitis","MONDO_0004980",0.853391746892733,0.966011110282311,0.883418148931367,-0.185479426478158,0.581418581418581,2,8,0.896129937006553,0.985310716263088,0.909489689105621,-1.63386100517171,0.954045954045954,408,714,601.04,1.18794090243578,1.03422801550929,0.141858141858142,121,2376,1660.398,1.43098221028934,3.38183916495528,0.002997002997003,446,2000,1000,950106
1,1,"RF_importance",500,"Atopic dermatitis","MONDO_0004980",1.24104082075929,0.966011110282311,1.28470657071077,0.452962540617995,0.354645354645355,2,8,0.92074675735907,0.985310716263088,0.93447350380103,-1.18286177438906,0.882117882117882,405,485,601.04,0.806934646612538,-1.06242757542225,0.868131868131868,106,1744,1656.808,1.05262649625062,0.409710619468637,0.315684315684316,445,2000,1000,950106
1,2,"GS_full_ungrouped",10,"Atopic dermatitis","MONDO_0004980",0,0.0226296872273911,0,-0.211389657111429,1,0,9,0.510147957309945,1.01456878322737,0.502822446090991,-1.05330322672901,0.88011988011988,8,0,0.204,0,-0.401125344363999,1,2,0,0.727999999999999,0,-0.542646926300589,1,10,2000,1000,950201
1,2,"DGE",10,"Atopic dermatitis","MONDO_0004980",0,0.0226296872273911,0,-0.211389657111429,1,0,9,1.11228003193351,1.01456878322737,1.09630815605751,0.204035139434845,0.353646353646354,9,0,0.204,0,-0.401125344363999,1,3,0,0.727999999999999,0,-0.542646926300589,1,10,2000,1000,950201
1,2,"LASSO",10,"Atopic dermatitis","MONDO_0004980",0,0.0226296872273911,0,-0.211389657111429,1,0,9,2.17761621025438,1.01456878322737,2.14634655259876,2.42861028883644,0.026973026973027,10,0,0.204,0,-0.401125344363999,1,1,12,0.428,28.0373831775701,11.7997024461999,0.000999000999000999,8,2000,1000,950201
1,2,"ElasticNet",10,"Atopic dermatitis","MONDO_0004980",0,0.0226296872273911,0,-0.211389657111429,1,0,9,0.519758802401815,1.01456878322737,0.512295283468559,-1.03323440001384,0.872127872127872,9,0,0.204,0,-0.401125344363999,1,1,0,0.688,0,-0.50493967702626,1,9,2000,1000,950201
1,2,"mRMR",10,"Atopic dermatitis","MONDO_0004980",0,0.0226296872273911,0,-0.211389657111429,1,0,9,0.526802764200427,1.01456878322737,0.519238096922965,-1.01852559476588,0.866133866133866,9,0,0.204,0,-0.401125344363999,1,2,0,0.727999999999999,0,-0.542646926300589,1,10,2000,1000,950201
1,2,"Boruta",10,"Atopic dermatitis","MONDO_0004980",0,0.0226296872273911,0,-0.211389657111429,1,0,9,0.235867311399416,1.01456878322737,0.23248035549558,-1.62604066048075,0.992007992007992,9,0,0.204,0,-0.401125344363999,1,2,0,0.727999999999999,0,-0.542646926300589,1,10,2000,1000,950201
1,2,"RF_importance",10,"Atopic dermatitis","MONDO_0004980",0,0.0226296872273911,0,-0.211389657111429,1,0,9,0.423441919108557,1.01456878322737,0.417361470320009,-1.23435790393887,0.936063936063936,9,0,0.204,0,-0.401125344363999,1,3,2,0.727999999999999,2.74725274725275,0.948141332766965,0.282717282717283,10,2000,1000,950201
1,2,"GS_full_ungrouped",20,"Atopic dermatitis","MONDO_0004980",0,0.0371743522693878,0,-0.25734005820557,1,0,9,0.698490116882075,0.998366799289627,0.699632757598785,-0.907678320014564,0.828171828171828,15,1,0.883,1.13250283125708,0.0870829815347809,0.484515484515485,5,0,2.796,0,-0.916268549017274,1,18,2000,1000,950202
1,2,"DGE",20,"Atopic dermatitis","MONDO_0004980",0,0.0371743522693878,0,-0.25734005820557,1,0,9,1.67918809064234,0.998366799289627,1.68193502812508,2.06073616996109,0.03996003996004,18,1,0.883,1.13250283125708,0.0870829815347809,0.484515484515485,5,8,3.198,2.50156347717323,1.44971907215778,0.117882117882118,20,2000,1000,950202
1,2,"LASSO",20,"Atopic dermatitis","MONDO_0004980",0,0.0371743522693878,0,-0.25734005820557,1,0,9,1.91757596340989,0.998366799289627,1.92071287303856,2.78229778698411,0.013986013986014,17,0,0.883,0,-0.657216005941983,1,2,44,2.004,21.9560878243513,17.1362435128856,0.000999000999000999,16,2000,1000,950202
1,2,"ElasticNet",20,"Atopic dermatitis","MONDO_0004980",0,0.0371743522693878,0,-0.25734005820557,1,0,9,0.919014063474827,0.998366799289627,0.920517453233359,-0.240187924431709,0.566433566433566,16,0,0.883,0,-0.657216005941983,1,3,0,2.004,0,-0.817721497281235,1,16,2000,1000,950202
1,2,"mRMR",20,"Atopic dermatitis","MONDO_0004980",0,0.0371743522693878,0,-0.25734005820557,1,0,9,0.727023581123238,0.998366799289627,0.728212898947102,-0.821312128823292,0.794205794205794,19,0,0.883,0,-0.657216005941983,1,4,2,3.08,0.649350649350649,-0.322297194195657,0.707292707292707,19,2000,1000,950202
1,2,"Boruta",20,"Atopic dermatitis","MONDO_0004980",0,0.0371743522693878,0,-0.25734005820557,1,0,9,0.336963364718266,0.998366799289627,0.33751459379261,-2.0019614513665,0.996003996003996,19,0,0.883,0,-0.657216005941983,1,2,0,3.198,0,-0.965473051387042,1,20,2000,1000,950202
1,2,"RF_importance",20,"Atopic dermatitis","MONDO_0004980",0,0.0371743522693878,0,-0.25734005820557,1,0,9,0.52240977122188,0.998366799289627,0.523264366957708,-1.44064510840666,0.95004995004995,18,1,0.883,1.13250283125708,0.0870829815347809,0.484515484515485,5,6,3.198,1.87617260787993,0.845921041271574,0.223776223776224,20,2000,1000,950202
1,2,"GS_full_ungrouped",50,"Atopic dermatitis","MONDO_0004980",0,0.102098603605141,0,-0.444012827557304,1,0,9,1.06753232442817,1.00961420291473,1.05736658750068,0.27689935327364,0.382617382617383,40,3,6.034,0.497182631753397,-0.636413024938511,0.771228771228771,8,10,16.704,0.598659003831418,-0.725693603865043,0.817182817182817,45,2000,1000,950203
1,2,"DGE",50,"Atopic dermatitis","MONDO_0004980",0,0.102098603605141,0,-0.444012827557304,1,0,9,1.43739212943455,1.00961420291473,1.42370434695237,2.04515319390312,0.02997002997003,44,19,6.034,3.14882333443818,2.71975322391322,0.018981018981019,18,74,18.932,3.90872596661737,5.37602479237413,0.000999000999000999,47,2000,1000,950203
1,2,"LASSO",50,"Atopic dermatitis","MONDO_0004980",0,0.102098603605141,0,-0.444012827557304,1,0,9,1.7464035640045,1.00961420291473,1.72977317371594,3.522498524703,0.001998001998002,39,5,6.034,0.828637719588995,-0.216892243832044,0.542457542457542,10,106,10.262,10.3293704930813,13.5696738858382,0.000999000999000999,35,2000,1000,950203
1,2,"ElasticNet",50,"Atopic dermatitis","MONDO_0004980",0,0.102098603605141,0,-0.444012827557304,1,0,9,0.822314478688071,1.00961420291473,0.814483865534052,-0.895456743959836,0.807192807192807,40,1,6.034,0.165727543917799,-1.05593380604498,0.963036963036963,7,8,15.226,0.525417049783265,-0.822955475476006,0.846153846153846,42,2000,1000,950203
1,2,"mRMR",50,"Atopic dermatitis","MONDO_0004980",0,0.102098603605141,0,-0.444012827557304,1,0,9,1.02151050357086,1.00961420291473,1.01178301634603,0.0568747375079744,0.456543456543457,43,3,6.034,0.497182631753397,-0.636413024938511,0.771228771228771,14,8,18.284,0.437541019470575,-1.03930093687695,0.917082917082917,46,2000,1000,950203
1,2,"Boruta",50,"Atopic dermatitis","MONDO_0004980",0,0.102098603605141,0,-0.444012827557304,1,0,9,1.05939762398238,1.00961420291473,1.0493093509619,0.238008359683798,0.3996003996004,44,3,6.034,0.497182631753397,-0.636413024938511,0.771228771228771,9,18,19.372,0.929176130497626,-0.132245494795841,0.536463536463537,48,2000,1000,950203
1,2,"RF_importance",50,"Atopic dermatitis","MONDO_0004980",0,0.102098603605141,0,-0.444012827557304,1,0,9,0.880446752365245,1.00961420291473,0.872062565902319,-0.617533555760421,0.71028971028971,47,12,6.034,1.98873052701359,1.25143049004059,0.11988011988012,18,36,21.07,1.70859041290935,1.36031401422281,0.0939060939060939,50,2000,1000,950203
1,2,"GS_full_ungrouped",100,"Atopic dermatitis","MONDO_0004980",0,0.216233145227319,0,-0.662901399762783,1,0,9,1.02729158333166,1.00405241157955,1.02314537715771,0.158932585239333,0.414585414585415,82,8,23.901,0.334714028701728,-1.29761345635019,0.963036963036963,20,42,65.314,0.643047432403466,-0.9924560629287,0.859140859140859,88,2000,1000,950204
1,2,"DGE",100,"Atopic dermatitis","MONDO_0004980",0,0.216233145227319,0,-0.662901399762783,1,0,9,1.233992745285,1.00405241157955,1.2290122816833,1.57256085012058,0.0699300699300699,90,89,23.901,3.72369356930672,5.31245446166535,0.001998001998002,35,206,73.862,2.78898486366467,4.92339417472242,0.002997002997003,93,2000,1000,950204
1,2,"LASSO",100,"Atopic dermatitis","MONDO_0004980",0,0.216233145227319,0,-0.662901399762783,1,0,9,1.49013312720444,1.00405241157955,1.4841188667235,3.32430370554064,0.002997002997003,80,26,23.901,1.08782059328062,0.171290525431045,0.383616383616384,19,178,47.096,3.7795141837948,6.73496608704107,0.000999000999000999,74,2000,1000,950204
1,2,"ElasticNet",100,"Atopic dermatitis","MONDO_0004980",0,0.216233145227319,0,-0.662901399762783,1,0,9,0.859691648499285,1.00405241157955,0.856221885017776,-0.98728257307113,0.839160839160839,83,3,23.901,0.125517760763148,-1.7056423401783,0.998001998001998,16,30,62.548,0.479631642898254,-1.44492743135895,0.964035964035964,86,2000,1000,950204
1,2,"mRMR",100,"Atopic dermatitis","MONDO_0004980",0,0.216233145227319,0,-0.662901399762783,1,0,9,1.13673401698926,1.00405241157955,1.13214609504396,0.90740886923183,0.168831168831169,87,13,23.901,0.543910296640308,-0.889584572522066,0.836163836163836,24,46,70.502,0.652463759893336,-0.987181633521899,0.862137862137862,90,2000,1000,950204
1,2,"Boruta",100,"Atopic dermatitis","MONDO_0004980",0,0.216233145227319,0,-0.662901399762783,1,0,9,1.02756723409587,1.00405241157955,1.02341991538004,0.160817759506567,0.412587412587413,88,33,23.901,1.38069536839463,0.742530962790412,0.203796203796204,28,68,74.068,0.918075282173138,-0.243077579556576,0.57042957042957,94,2000,1000,950204
1,2,"RF_importance",100,"Atopic dermatitis","MONDO_0004980",0,0.216233145227319,0,-0.662901399762783,1,0,9,1.02268093666741,1.00405241157955,1.01855333932076,0.127400394600587,0.423576423576424,89,51,23.901,2.13380193297352,2.21143494457164,0.037962037962038,27,140,78.628,1.78053619575724,2.30366000541476,0.027972027972028,96,2000,1000,950204
1,2,"GS_full_ungrouped",200,"Atopic dermatitis","MONDO_0004980",0,0.417610978412077,0,-0.974189609568792,1,0,9,0.922223186808804,1.00535325681302,0.917312577006272,-0.808781956611543,0.789210789210789,166,62,95.76,0.647451963241437,-1.07050123096703,0.882117882117882,41,234,280.754,0.833469870420368,-0.715067647382204,0.753246753246753,180,2000,1000,950205
1,2,"DGE",200,"Atopic dermatitis","MONDO_0004980",0,0.417610978412077,0,-0.974189609568792,1,0,9,1.01859485926379,1.00535325681302,1.013171094201,0.128829064359734,0.423576423576424,180,186,95.76,1.94235588972431,2.86143456997823,0.013986013986014,58,462,292.03,1.58202924357087,2.59570463722033,0.00999000999000999,184,2000,1000,950205
1,2,"LASSO",200,"Atopic dermatitis","MONDO_0004980",0,0.417610978412077,0,-0.974189609568792,1,0,9,1.37711500479311,1.00535325681302,1.36978220885121,3.61691255534118,0.001998001998002,165,77,95.76,0.804093567251462,-0.594863835691397,0.711288711288711,32,410,201.234,2.03742906268324,3.99170279160432,0.000999000999000999,154,2000,1000,950205
1,2,"ElasticNet",200,"Atopic dermatitis","MONDO_0004980",0,0.417610978412077,0,-0.974189609568792,1,0,9,0.969673055973058,1.00535325681302,0.964509787382523,-0.347136753838605,0.618381618381618,166,64,95.76,0.668337510442774,-1.00708291159695,0.858141858141858,39,222,264.866,0.838159673193237,-0.658239898106676,0.749250749250749,176,2000,1000,950205
1,2,"mRMR",200,"Atopic dermatitis","MONDO_0004980",0,0.417610978412077,0,-0.974189609568792,1,0,9,1.01090593881481,1.00535325681302,1.00552311534693,0.0540226781189932,0.445554445554446,175,80,95.76,0.835421888053467,-0.49973635663627,0.674325674325674,44,242,274.454,0.881750675887398,-0.530066417435312,0.691308691308691,178,2000,1000,950205
1,2,"Boruta",200,"Atopic dermatitis","MONDO_0004980",0.814871589141373,0.417610978412077,1.95126955771096,0.926716919021115,0.237762237762238,1,9,0.906408263774979,1.00535325681302,0.901581864516258,-0.962647151171209,0.833166833166833,180,183,95.76,1.91102756892231,2.76630709092311,0.015984015984016,58,336,285.684,1.17612466921494,0.77651524811875,0.20979020979021,182,2000,1000,950205
1,2,"RF_importance",200,"Atopic dermatitis","MONDO_0004980",0,0.417610978412077,0,-0.974189609568792,1,0,9,1.01390198544189,1.00535325681302,1.00850320876859,0.0831715583379385,0.438561438561439,170,138,95.76,1.44110275689223,1.33939490509619,0.0999000999000999,53,368,295.088,1.24708561513853,1.07587285861577,0.132867132867133,186,2000,1000,950205
1,2,"GS_full_ungrouped",500,"Atopic dermatitis","MONDO_0004980",0.887654762415808,1.11358440558055,0.797114936207318,-0.338355088222804,0.586413586413586,2,9,0.9946557565022,1.00316053101482,0.99152202040483,-0.150069690381893,0.564435564435564,417,601,605.862,0.991975070230515,-0.0429049975215384,0.496503496503497,114,1778,1672.032,1.06337677747794,0.48719122087285,0.30969030969031,440,2000,1000,950206
1,2,"DGE",500,"Atopic dermatitis","MONDO_0004980",0.427222515274814,1.11358440558055,0.383646280545826,-1.02790423909901,0.857142857142857,1,9,0.990875287220816,1.00316053101482,0.987753461769893,-0.2167773795409,0.59040959040959,421,876,605.862,1.44587381284847,2.38384825595916,0.016983016983017,126,2104,1704.256,1.23455631078899,1.80634458456862,0.03996003996004,445,2000,1000,950206
1,2,"LASSO",500,"Atopic dermatitis","MONDO_0004980",0.426169231617919,1.11358440558055,0.382700430683331,-1.02948165001181,0.878121878121878,1,9,1.1886415355801,1.00316053101482,1.18489663302207,3.27287653370671,0.002997002997003,409,426,605.862,0.70313041583727,-1.5872025224638,0.959040959040959,85,1770,1399.406,1.26482236034432,1.87662048066947,0.041958041958042,403,2000,1000,950206
1,2,"ElasticNet",500,"Atopic dermatitis","MONDO_0004980",0,1.11358440558055,0,-1.66771807592772,1,0,9,1.07036069796059,1.00316053101482,1.06698844787861,1.18577020850983,0.123876123876124,413,416,605.862,0.686625007014799,-1.67544809531764,0.961038961038961,95,1658,1513.838,1.09522947633763,0.705484797610577,0.23976023976024,419,2000,1000,950206
1,2,"mRMR",500,"Atopic dermatitis","MONDO_0004980",0.426169231617919,1.11358440558055,0.382700430683331,-1.02948165001181,0.878121878121878,1,9,1.12514642400529,1.00316053101482,1.12160156746504,2.15248330980039,0.012987012987013,419,437,605.862,0.721286365541988,-1.49013239232457,0.94005994005994,94,1840,1480.296,1.24299464431438,1.80418979399858,0.047952047952048,415,2000,1000,950206
1,2,"Boruta",500,"Atopic dermatitis","MONDO_0004980",1.17335074242468,1.11358440558055,1.05367023509365,0.0895068212049683,0.463536463536464,2,9,0.972290475025529,1.00316053101482,0.969227202391958,-0.544712824250535,0.706293706293706,435,932,605.862,1.53830410225431,2.87802346394068,0.00899100899100899,137,1854,1648.102,1.12493037445498,0.965015610467631,0.163836163836164,438,2000,1000,950206
1,2,"RF_importance",500,"Atopic dermatitis","MONDO_0004980",1.21478127232024,1.11358440558055,1.09087489572641,0.151553706250974,0.440559440559441,3,9,0.957160185157253,1.00316053101482,0.954144581614434,-0.811692026644467,0.783216783216783,421,674,605.862,1.11246455463455,0.60128768431152,0.251748251748252,122,2278,1714.86,1.32838832324505,2.54019832289513,0.010989010989011,447,2000,1000,950206
1,3,"GS_full_ungrouped",10,"Atopic dermatitis","MONDO_0004980",0,0.0184679029728288,0,-0.18479295742166,1,0,8,1.59886056237028,0.995037993601723,1.60683368137824,1.27981604907169,0.108891108891109,9,0,0.24,0,-0.434782105924408,1,3,2,0.756,2.64550264550265,0.871294065259496,0.278721278721279,10,2000,1000,950301
1,3,"DGE",10,"Atopic dermatitis","MONDO_0004980",0,0.0184679029728288,0,-0.18479295742166,1,0,8,1.96835243840919,0.995037993601723,1.97816812128387,2.06296271733985,0.03996003996004,9,0,0.24,0,-0.434782105924408,1,2,8,0.756,10.5820105820106,5.07367701667186,0.00799200799200799,10,2000,1000,950301
1,3,"LASSO",10,"Atopic dermatitis","MONDO_0004980",0,0.0184679029728288,0,-0.18479295742166,1,0,8,1.83951208295847,0.995037993601723,1.84868527110208,1.78988257227305,0.0619380619380619,8,0,0.24,0,-0.434782105924408,1,3,2,0.616,3.24675324675325,1.09478386528908,0.235764235764236,9,2000,1000,950301
1,3,"ElasticNet",10,"Atopic dermatitis","MONDO_0004980",0,0.0184679029728288,0,-0.18479295742166,1,0,8,1.83951208295847,0.995037993601723,1.84868527110208,1.78988257227305,0.0619380619380619,8,0,0.24,0,-0.434782105924408,1,3,2,0.616,3.24675324675325,1.09478386528908,0.235764235764236,9,2000,1000,950301
1,3,"mRMR",10,"Atopic dermatitis","MONDO_0004980",0,0.0184679029728288,0,-0.18479295742166,1,0,8,2.05586092176961,0.995037993601723,2.06611298763382,2.24843899336411,0.032967032967033,8,0,0.24,0,-0.434782105924408,1,4,2,0.756,2.64550264550265,0.871294065259496,0.278721278721279,10,2000,1000,950301
1,3,"Boruta",10,"Atopic dermatitis","MONDO_0004980",0,0.0184679029728288,0,-0.18479295742166,1,0,8,1.2530731162174,0.995037993601723,1.25932187944067,0.54691147404645,0.227772227772228,9,0,0.24,0,-0.434782105924408,1,1,2,0.756,2.64550264550265,0.871294065259496,0.278721278721279,10,2000,1000,950301
1,3,"RF_importance",10,"Atopic dermatitis","MONDO_0004980",0,0.0184679029728288,0,-0.18479295742166,1,0,8,0.885449650626543,0.995037993601723,0.889865167280191,-0.232275054602287,0.515484515484515,9,0,0.24,0,-0.434782105924408,1,2,2,0.756,2.64550264550265,0.871294065259496,0.278721278721279,10,2000,1000,950301
1,3,"GS_full_ungrouped",20,"Atopic dermatitis","MONDO_0004980",0,0.038970221681607,0,-0.266078197693875,1,0,8,1.29207946624138,0.993102528046487,1.30105344589446,0.920659547956649,0.164835164835165,19,0,0.996,0,-0.658423752171189,1,7,6,3.428,1.75029171528588,0.757640054237179,0.250749250749251,20,2000,1000,950302
1,3,"DGE",20,"Atopic dermatitis","MONDO_0004980",0,0.038970221681607,0,-0.266078197693875,1,0,8,2.30850160109971,0.993102528046487,2.32453501617876,4.05059575260737,0.000999000999000999,19,3,0.996,3.01204819277108,1.3247803206336,0.128871128871129,7,32,3.428,9.33488914819136,8.41652085134708,0.001998001998002,20,2000,1000,950302
1,3,"LASSO",20,"Atopic dermatitis","MONDO_0004980",0,0.038970221681607,0,-0.266078197693875,1,0,8,1.38235260983113,0.993102528046487,1.39195357054456,1.19864363620025,0.111888111888112,17,0,0.996,0,-0.658423752171189,1,6,6,3.076,1.95058517555267,0.91714233877142,0.201798201798202,19,2000,1000,950302
1,3,"ElasticNet",20,"Atopic dermatitis","MONDO_0004980",0,0.038970221681607,0,-0.266078197693875,1,0,8,1.84872718738367,0.993102528046487,1.86156729559461,2.63478185589164,0.014985014985015,17,0,0.996,0,-0.658423752171189,1,6,6,3.076,1.95058517555267,0.91714233877142,0.201798201798202,19,2000,1000,950302
1,3,"mRMR",20,"Atopic dermatitis","MONDO_0004980",0,0.038970221681607,0,-0.266078197693875,1,0,8,1.41910227836399,0.993102528046487,1.42895847939838,1.3118093319335,0.0949050949050949,17,0,0.996,0,-0.658423752171189,1,5,4,3.076,1.30039011703511,0.289821997614498,0.403596403596404,19,2000,1000,950302
1,3,"Boruta",20,"Atopic dermatitis","MONDO_0004980",0,0.038970221681607,0,-0.266078197693875,1,0,8,1.09501896444224,0.993102528046487,1.10262428451998,0.313838053289246,0.347652347652348,18,0,0.996,0,-0.658423752171189,1,4,4,3.428,1.16686114352392,0.168495377536418,0.460539460539461,20,2000,1000,950302
1,3,"RF_importance",20,"Atopic dermatitis","MONDO_0004980",0,0.038970221681607,0,-0.266078197693875,1,0,8,1.40279728604017,0.993102528046487,1.41254024274773,1.2616002858682,0.102897102897103,18,1,0.996,1.00401606425703,0.0026442720970729,0.502497502497502,6,6,3.428,1.75029171528588,0.757640054237179,0.250749250749251,20,2000,1000,950302
1,3,"GS_full_ungrouped",50,"Atopic dermatitis","MONDO_0004980",0,0.0865635877828968,0,-0.415259707726316,1,0,8,1.42512263868488,0.99966463589369,1.425600734001,2.04019627040468,0.028971028971029,41,8,6.217,1.28679427376548,0.371047879264809,0.294705294705295,15,40,19.016,2.10349179638199,2.14346214780921,0.038961038961039,47,2000,1000,950303
1,3,"DGE",50,"Atopic dermatitis","MONDO_0004980",0,0.0865635877828968,0,-0.415259707726316,1,0,8,1.33469432279551,0.99966463589369,1.33514208152647,1.60656589653431,0.0609390609390609,46,24,6.217,3.86038282129645,3.7006979455783,0.00799200799200799,21,88,20.56,4.28015564202335,6.31078475368458,0.001998001998002,49,2000,1000,950303
1,3,"LASSO",50,"Atopic dermatitis","MONDO_0004980",0,0.0865635877828968,0,-0.415259707726316,1,0,8,1.65837451614443,0.99966463589369,1.6589308620104,3.15870763306767,0.00599400599400599,43,3,6.217,0.482547852662056,-0.669467766458155,0.78021978021978,11,96,17.184,5.58659217877095,8.25738796286194,0.000999000999000999,44,2000,1000,950303
1,3,"ElasticNet",50,"Atopic dermatitis","MONDO_0004980",0,0.0865635877828968,0,-0.415259707726316,1,0,8,1.27071223211784,0.99966463589369,1.27113852635373,1.29975295162109,0.101898101898102,44,4,6.217,0.643397136882741,-0.461364637313563,0.685314685314685,15,40,19.476,2.05380981721093,2.01071164090283,0.046953046953047,48,2000,1000,950303
1,3,"mRMR",50,"Atopic dermatitis","MONDO_0004980",0,0.0865635877828968,0,-0.415259707726316,1,0,8,1.0404639798481,0.99966463589369,1.04081303118013,0.1956448552493,0.394605394605395,45,4,6.217,0.643397136882741,-0.461364637313563,0.685314685314685,17,22,19.476,1.12959539946601,0.247273249933675,0.362637362637363,48,2000,1000,950303
1,3,"Boruta",50,"Atopic dermatitis","MONDO_0004980",0,0.0865635877828968,0,-0.415259707726316,1,0,8,1.25235027124141,0.99966463589369,1.25277040546886,1.21170194811043,0.112887112887113,45,12,6.217,1.93019141064822,1.20346039584318,0.123876123876124,17,54,19.476,2.77264325323475,3.38227483387884,0.011988011988012,48,2000,1000,950303
1,3,"RF_importance",50,"Atopic dermatitis","MONDO_0004980",0,0.0865635877828968,0,-0.415259707726316,1,0,8,1.23449576180072,0.99966463589369,1.23490990625781,1.12608432349925,0.132867132867133,43,8,6.217,1.28679427376548,0.371047879264809,0.294705294705295,15,54,20.56,2.62645914396887,3.12919101665499,0.012987012987013,49,2000,1000,950303
1,3,"GS_full_ungrouped",100,"Atopic dermatitis","MONDO_0004980",0,0.189116934769261,0,-0.610594505119553,1,0,8,1.19977801579186,0.996667788745094,1.20378929603264,1.42484707454818,0.0819180819180819,82,11,25.457,0.432101190242369,-1.17969233401519,0.923076923076923,20,82,68.216,1.20206403189867,0.560466829783825,0.260739260739261,89,2000,1000,950304
1,3,"DGE",100,"Atopic dermatitis","MONDO_0004980",0,0.189116934769261,0,-0.610594505119553,1,0,8,1.14919549663215,0.996667788745094,1.15303766170581,1.07000352237488,0.142857142857143,89,81,25.457,3.18183603723927,4.53231315682409,0.002997002997003,35,226,78.19,2.89039519120092,5.69995944181786,0.000999000999000999,95,2000,1000,950304
1,3,"LASSO",100,"Atopic dermatitis","MONDO_0004980",0,0.189116934769261,0,-0.610594505119553,1,0,8,1.56621328890453,0.996667788745094,1.57144969125224,3.99544253149492,0.000999000999000999,82,21,25.457,0.824920454099069,-0.363691549609581,0.609390609390609,21,208,51.99,4.00076937872668,7.91514617071239,0.000999000999000999,78,2000,1000,950304
1,3,"ElasticNet",100,"Atopic dermatitis","MONDO_0004980",0,0.189116934769261,0,-0.610594505119553,1,0,8,1.46699348105956,0.996667788745094,1.47189815666327,3.29940149505524,0.002997002997003,88,30,25.457,1.1784577915701,0.370709156355469,0.315684315684316,30,164,71.212,2.30298264337471,3.62417030383431,0.00599400599400599,91,2000,1000,950304
1,3,"mRMR",100,"Atopic dermatitis","MONDO_0004980",0,0.189116934769261,0,-0.610594505119553,1,0,8,1.1573817907488,0.996667788745094,1.16125132548536,1.12743153766052,0.128871128871129,87,30,25.457,1.1784577915701,0.370709156355469,0.315684315684316,31,104,73.686,1.41139429470999,1.17734050859393,0.124875124875125,93,2000,1000,950304
1,3,"Boruta",100,"Atopic dermatitis","MONDO_0004980",0,0.189116934769261,0,-0.610594505119553,1,0,8,1.13430696474491,0.996667788745094,1.13809935221556,0.965558357735476,0.164835164835165,85,40,25.457,1.5712770554268,1.18670994076108,0.124875124875125,28,100,79.594,1.25637610875192,0.788321250657296,0.203796203796204,96,2000,1000,950304
1,3,"RF_importance",100,"Atopic dermatitis","MONDO_0004980",0,0.189116934769261,0,-0.610594505119553,1,0,8,1.2865975831383,0.996667788745094,1.29089913175407,2.03389866365707,0.030969030969031,86,35,25.457,1.37486742349845,0.778709548558275,0.204795204795205,27,124,76.046,1.63059201009915,1.86251277716258,0.0539460539460539,94,2000,1000,950304
1,3,"GS_full_ungrouped",200,"Atopic dermatitis","MONDO_0004980",0,0.386867654157804,0,-0.903257593326082,1,0,8,1.02693983832382,0.996668851117993,1.03037216139731,0.305830003626135,0.366633366633367,163,69,102.358,0.674104613220266,-1.00730532453642,0.857142857142857,41,220,274.582,0.801217851133723,-0.880111330273818,0.822177822177822,178,2000,1000,950305
1,3,"DGE",200,"Atopic dermatitis","MONDO_0004980",0.883003826695551,0.386867654157804,2.2824441826697,1.15837744601327,0.155844155844156,2,8,1.11377084781448,0.996668851117993,1.11749338465342,1.18309006015588,0.114885114885115,169,190,102.358,1.85623009437465,2.64650918079683,0.013986013986014,60,492,287.43,1.71172111470619,3.11487714592383,0.004995004995005,183,2000,1000,950305
1,3,"LASSO",200,"Atopic dermatitis","MONDO_0004980",0,0.386867654157804,0,-0.903257593326082,1,0,8,1.41782994331937,0.996668851117993,1.42256873155908,4.25502139984236,0.000999000999000999,169,110,102.358,1.07465952832216,0.230764053303774,0.368631368631369,41,494,207.56,2.38003468876469,5.4706178277021,0.000999000999000999,156,2000,1000,950305
1,3,"ElasticNet",200,"Atopic dermatitis","MONDO_0004980",0,0.386867654157804,0,-0.903257593326082,1,0,8,1.46399961410209,0.996668851117993,1.46889271442554,4.7214769695564,0.000999000999000999,171,164,102.358,1.60221966040759,1.86139201436159,0.047952047952048,54,468,222.924,2.09937018894332,4.50190000209088,0.000999000999000999,160,2000,1000,950305
1,3,"mRMR",200,"Atopic dermatitis","MONDO_0004980",0,0.386867654157804,0,-0.903257593326082,1,0,8,1.1319278715359,0.996668851117993,1.13571109427788,1.36653180233636,0.0849150849150849,168,90,102.358,0.879266886809043,-0.373172228569491,0.611388611388611,46,304,269.658,1.12735390754215,0.536005720687869,0.285714285714286,177,2000,1000,950305
1,3,"Boruta",200,"Atopic dermatitis","MONDO_0004980",1.18220470176822,0.386867654157804,3.0558375430529,1.85695087140737,0.0669330669330669,2,8,0.96370229657924,0.996668851117993,0.966923261922179,-0.333063518066841,0.617382617382617,166,123,102.358,1.20166474530569,0.623322636521396,0.252747252747253,50,330,298.25,1.10645431684828,0.499686771932443,0.295704295704296,185,2000,1000,950305
1,3,"RF_importance",200,"Atopic dermatitis","MONDO_0004980",0.515670714068702,0.386867654157804,1.33293830209532,0.30072904947669,0.370629370629371,1,8,1.05587726463651,0.996668851117993,1.05940630476422,0.598186943753934,0.268731268731269,170,136,102.358,1.32866996228922,1.01588121973902,0.161838161838162,56,298,308.084,0.967268666986926,-0.14509946117223,0.529470529470529,187,2000,1000,950305
1,3,"GS_full_ungrouped",500,"Atopic dermatitis","MONDO_0004980",0.950015541120737,1.01008904316784,0.940526528375457,-0.0955652296650878,0.513486513486514,2,8,1.07719875092818,0.999315547482944,1.07793654731122,1.33535643437594,0.0909090909090909,415,873,639.294,1.36556889318529,2.07117636652134,0.025974025974026,126,2188,1684.312,1.29904673243437,2.33553286265631,0.015984015984016,442,2000,1000,950306
1,3,"DGE",500,"Atopic dermatitis","MONDO_0004980",0.883003826695551,1.01008904316784,0.874184145118806,-0.20216780253112,0.588411588411588,2,8,1.00616104762327,0.999315547482944,1.00685018876928,0.11737039893767,0.443556443556444,406,655,639.294,1.02456772627304,0.13919153129395,0.431568431568432,116,1960,1748.864,1.12072751225939,0.957097424958599,0.166833166833167,448,2000,1000,950306
1,3,"LASSO",500,"Atopic dermatitis","MONDO_0004980",0.886601478758913,1.01008904316784,0.877745862858143,-0.196444639506253,0.575424575424575,2,8,1.22341901055257,0.999315547482944,1.22425695630783,3.8423946131898,0.000999000999000999,406,526,639.294,0.822782632091025,-1.00404720147822,0.839160839160839,96,1882,1418.5,1.32675361297145,2.52772227408674,0.00899100899100899,404,2000,1000,950306
1,3,"ElasticNet",500,"Atopic dermatitis","MONDO_0004980",0.426169231617919,1.01008904316784,0.421912537810892,-0.928902577595824,0.871128871128871,1,8,1.21991202997559,0.999315547482944,1.22074757372512,3.78226522878422,0.000999000999000999,410,570,639.294,0.891608555687993,-0.614105308129573,0.725274725274725,104,1882,1454.942,1.29352235346839,2.27821023256367,0.017982017982018,410,2000,1000,950306
1,3,"mRMR",500,"Atopic dermatitis","MONDO_0004980",0.426169231617919,1.01008904316784,0.421912537810892,-0.928902577595824,0.871128871128871,1,8,1.15343118493729,0.999315547482944,1.15422119453913,2.64240939007229,0.002997002997003,414,481,639.294,0.752392482957763,-1.40285141058479,0.925074925074925,96,1842,1504.168,1.22459725243457,1.74451541438674,0.047952047952048,415,2000,1000,950306
1,3,"Boruta",500,"Atopic dermatitis","MONDO_0004980",1.18220470176822,1.01008904316784,1.17039652074692,0.273802456700561,0.381618381618382,2,8,0.994216329842747,0.999315547482944,0.994897289796961,-0.0874292887927759,0.534465534465534,416,623,639.294,0.974512509111614,-0.144402572959611,0.536463536463537,114,1752,1733.512,1.01066505452515,0.084418193020437,0.453546453546454,447,2000,1000,950306
1,3,"RF_importance",500,"Atopic dermatitis","MONDO_0004980",1.30917305831347,1.01008904316784,1.2960966829297,0.475784357871084,0.326673326673327,3,8,1.04851524367526,0.999315547482944,1.04923339411284,0.843559689040645,0.202797202797203,422,660,639.294,1.03238885395452,0.183503110083569,0.418581418581419,118,1586,1783.452,0.889286619432427,-0.854819916188245,0.803196803196803,450,2000,1000,950306
1,4,"GS_full_ungrouped",10,"Atopic dermatitis","MONDO_0004980",0,0.0124974280047798,0,-0.171539577673845,1,0,7,0.618304345985161,1.00245130904865,0.616792397200765,-0.84507889187781,0.805194805194805,9,1,0.235,4.25531914893616,1.19155526874436,0.173826173826174,4,2,0.666,3.003003003003,1.02369082216385,0.25974025974026,10,2000,1000,950401
1,4,"DGE",10,"Atopic dermatitis","MONDO_0004980",0,0.0124974280047798,0,-0.171539577673845,1,0,7,2.23687156673849,1.00245130904865,2.23140171153184,2.71558180536141,0.017982017982018,9,3,0.235,12.7659574468085,4.30673244193224,0.018981018981019,5,22,0.666,33.033033033033,16.3713793103775,0.000999000999000999,10,2000,1000,950401
1,4,"LASSO",10,"Atopic dermatitis","MONDO_0004980",0,0.0124974280047798,0,-0.171539577673845,1,0,7,1.67102278491169,1.00245130904865,1.66693660812068,1.47077992614528,0.0849150849150849,9,0,0.235,0,-0.366033317849576,1,4,2,0.586,3.41296928327645,1.19249125574551,0.244755244755245,9,2000,1000,950401
1,4,"ElasticNet",10,"Atopic dermatitis","MONDO_0004980",0,0.0124974280047798,0,-0.171539577673845,1,0,7,0.834839781719385,1.00245130904865,0.832798335623572,-0.368725975735364,0.613386613386613,9,1,0.235,4.25531914893616,1.19155526874436,0.173826173826174,4,0,0.666,0,-0.511078026657514,1,10,2000,1000,950401
1,4,"mRMR",10,"Atopic dermatitis","MONDO_0004980",0,0.0124974280047798,0,-0.171539577673845,1,0,7,1.30298052918956,1.00245130904865,1.29979433158317,0.66112952789792,0.207792207792208,9,1,0.235,4.25531914893616,1.19155526874436,0.173826173826174,6,0,0.586,0,-0.494200760867657,1,9,2000,1000,950401
1,4,"Boruta",10,"Atopic dermatitis","MONDO_0004980",0,0.0124974280047798,0,-0.171539577673845,1,0,7,1.54322099279117,1.00245130904865,1.53944733161726,1.18963076384576,0.120879120879121,9,1,0.235,4.25531914893616,1.19155526874436,0.173826173826174,4,6,0.666,9.00900900900901,4.09322851980657,0.013986013986014,10,2000,1000,950401
1,4,"RF_importance",10,"Atopic dermatitis","MONDO_0004980",0,0.0124974280047798,0,-0.171539577673845,1,0,7,1.05764256283489,1.00245130904865,1.05505629379507,0.12141437542307,0.390609390609391,9,3,0.235,12.7659574468085,4.30673244193224,0.018981018981019,4,10,0.666,15.015015015015,7.1627662174493,0.002997002997003,10,2000,1000,950401
1,4,"GS_full_ungrouped",20,"Atopic dermatitis","MONDO_0004980",0,0.0375886843213854,0,-0.289261554191277,1,0,7,1.46185772644723,0.998685735113732,1.46378152310421,1.33252963015284,0.101898101898102,19,1,0.862,1.16009280742459,0.108336853357774,0.481518481518482,6,10,2.614,3.82555470543229,2.50182930586068,0.037962037962038,18,2000,1000,950402
1,4,"DGE",20,"Atopic dermatitis","MONDO_0004980",0,0.0375886843213854,0,-0.289261554191277,1,0,7,2.00804447761765,0.998685735113732,2.01068705300869,2.90388982280198,0.00899100899100899,18,6,0.862,6.96055684454756,4.03358516342205,0.011988011988012,6,36,2.954,12.186865267434,10.2866687077321,0.000999000999000999,19,2000,1000,950402
1,4,"LASSO",20,"Atopic dermatitis","MONDO_0004980",0,0.0375886843213854,0,-0.289261554191277,1,0,7,1.78587965485614,0.998685735113732,1.7882298625731,2.26472939288256,0.02997002997003,19,0,0.862,0,-0.676712808655082,1,5,40,2.312,17.3010380622837,13.2727934727334,0.000999000999000999,17,2000,1000,950402
1,4,"ElasticNet",20,"Atopic dermatitis","MONDO_0004980",0,0.0375886843213854,0,-0.289261554191277,1,0,7,1.31637971995124,0.998685735113732,1.31811206835885,0.91399449025079,0.168831168831169,18,2,0.862,2.32018561484919,0.89338651537063,0.186813186813187,6,6,2.614,2.29533282325937,1.1469258095917,0.170829170829171,18,2000,1000,950402
1,4,"mRMR",20,"Atopic dermatitis","MONDO_0004980",0,0.0375886843213854,0,-0.289261554191277,1,0,7,1.42739597799677,0.998685735113732,1.42927442318401,1.2333843843773,0.11988011988012,18,1,0.862,1.16009280742459,0.108336853357774,0.481518481518482,7,4,2.614,1.53022188217292,0.469474061457203,0.335664335664336,18,2000,1000,950402
1,4,"Boruta",20,"Atopic dermatitis","MONDO_0004980",0,0.0375886843213854,0,-0.289261554191277,1,0,7,1.35755809981026,0.998685735113732,1.35934463873729,1.03246324982724,0.146853146853147,19,4,0.862,4.64037122969837,2.46348583939634,0.04995004995005,6,10,2.954,3.385240352065,2.19330229724265,0.0559440559440559,19,2000,1000,950402
1,4,"RF_importance",20,"Atopic dermatitis","MONDO_0004980",0,0.0375886843213854,0,-0.289261554191277,1,0,7,1.0940906165274,0.998685735113732,1.09553043370826,0.274476509209715,0.346653346653347,18,4,0.862,4.64037122969837,2.46348583939634,0.04995004995005,6,10,3.214,3.11138767890479,2.12099367478163,0.0589410589410589,20,2000,1000,950402
1,4,"GS_full_ungrouped",50,"Atopic dermatitis","MONDO_0004980",0.426169231617919,0.0753356642664397,5.65693865936704,1.89015412903209,0.132867132867133,1,7,1.54784095212379,0.997600946564649,1.55156323523344,2.54533556497985,0.012987012987013,43,5,6.028,0.829462508294625,-0.228980085051277,0.565434565434565,12,24,16.23,1.47874306839187,0.807224252242545,0.181818181818182,44,2000,1000,950403
1,4,"DGE",50,"Atopic dermatitis","MONDO_0004980",0,0.0753356642664397,0,-0.405879112285537,1,0,7,1.77987758548708,0.997600946564649,1.78415787556767,3.61870552956032,0.004995004995005,45,27,6.028,4.47909754479098,4.67137192966476,0.002997002997003,19,118,18.982,6.21641555157518,9.4603999005045,0.000999000999000999,47,2000,1000,950403
1,4,"LASSO",50,"Atopic dermatitis","MONDO_0004980",0,0.0753356642664397,0,-0.405879112285537,1,0,7,1.78267802855597,0.997600946564649,1.78696505320572,3.63165999900807,0.004995004995005,40,7,6.028,1.16124751161248,0.216506461741091,0.377622377622378,12,112,10.52,10.6463878326996,14.3635793573655,0.000999000999000999,36,2000,1000,950403
1,4,"ElasticNet",50,"Atopic dermatitis","MONDO_0004980",0.426169231617919,0.0753356642664397,5.65693865936704,1.89015412903209,0.132867132867133,1,7,1.32811372156138,0.997600946564649,1.33130759963179,1.5289072266283,0.0699300699300699,41,3,6.028,0.497677504976775,-0.674466631843644,0.773226773226773,11,28,18.982,1.47508165630597,0.861599772796356,0.193806193806194,47,2000,1000,950403
1,4,"mRMR",50,"Atopic dermatitis","MONDO_0004980",0.426169231617919,0.0753356642664397,5.65693865936704,1.89015412903209,0.132867132867133,1,7,1.22748156439433,0.997600946564649,1.23043343996545,1.06339652942326,0.140859140859141,43,7,6.028,1.16124751161248,0.216506461741091,0.377622377622378,16,26,17.392,1.4949402023919,0.877935659054112,0.18981018981019,46,2000,1000,950403
1,4,"Boruta",50,"Atopic dermatitis","MONDO_0004980",0,0.0753356642664397,0,-0.405879112285537,1,0,7,1.21672525962978,0.997600946564649,1.21965126819467,1.01363932386139,0.155844155844156,45,13,6.028,2.15660252156603,1.55296610211819,0.0839160839160839,17,42,18.982,2.21262248445896,2.19919090377318,0.034965034965035,47,2000,1000,950403
1,4,"RF_importance",50,"Atopic dermatitis","MONDO_0004980",0.426169231617919,0.0753356642664397,5.65693865936704,1.89015412903209,0.132867132867133,1,7,1.28623396564788,0.997600946564649,1.28932713032918,1.33517716137977,0.0859140859140859,43,17,6.028,2.82017252820173,2.44393919570293,0.028971028971029,18,58,20.172,2.87527265516558,3.64016267778471,0.010989010989011,50,2000,1000,950403
1,4,"GS_full_ungrouped",100,"Atopic dermatitis","MONDO_0004980",0.426169231617919,0.150489729825986,2.83188249530852,1.09492002815209,0.261738261738262,1,7,1.22892225506747,0.99431682140514,1.2359463589591,1.57131342465835,0.0619380619380619,84,24,24.293,0.987938912443914,-0.0237211802786853,0.458541458541459,24,90,68.178,1.32007392413975,0.891536849744695,0.175824175824176,90,2000,1000,950404
1,4,"DGE",100,"Atopic dermatitis","MONDO_0004980",0.426169231617919,0.150489729825986,2.83188249530852,1.09492002815209,0.261738261738262,1,7,1.35838263683722,0.99431682140514,1.36614669247735,2.43839835385487,0.014985014985015,85,70,24.293,2.88148849462808,3.70042316381531,0.003996003996004,35,190,70.378,2.69970729489329,4.96541758523953,0.000999000999000999,92,2000,1000,950404
1,4,"LASSO",100,"Atopic dermatitis","MONDO_0004980",0,0.150489729825986,0,-0.59770210750755,1,0,7,1.4705917998769,0.99431682140514,1.47899720513498,3.18994004452049,0.00599400599400599,81,27,24.293,1.1114312764994,0.219157798683967,0.372627372627373,23,176,46.638,3.77374673013423,7.21185467301318,0.000999000999000999,75,2000,1000,950404
1,4,"ElasticNet",100,"Atopic dermatitis","MONDO_0004980",0.426169231617919,0.150489729825986,2.83188249530852,1.09492002815209,0.261738261738262,1,7,1.28151158241063,0.99431682140514,1.28883626910751,1.92354020286252,0.033966033966034,84,21,24.293,0.864446548388425,-0.266600159241337,0.555444555444555,22,72,68.178,1.0560591393118,0.156147641816709,0.391608391608392,90,2000,1000,950404
1,4,"mRMR",100,"Atopic dermatitis","MONDO_0004980",0.426169231617919,0.150489729825986,2.83188249530852,1.09492002815209,0.261738261738262,1,7,1.13724044475725,0.99431682140514,1.14374052643516,0.957257487894449,0.160839160839161,83,15,24.293,0.617461820277446,-0.752358117166642,0.779220779220779,23,74,70.378,1.05146494643212,0.150346445417545,0.410589410589411,92,2000,1000,950404
1,4,"Boruta",100,"Atopic dermatitis","MONDO_0004980",0.426169231617919,0.150489729825986,2.83188249530852,1.09492002815209,0.261738261738262,1,7,1.14989886776998,0.99431682140514,1.15647130071176,1.04203962488254,0.140859140859141,89,29,24.293,1.19375951920306,0.381077117992402,0.313686313686314,29,124,72.122,1.71930894872577,2.06544664591944,0.036963036963037,93,2000,1000,950404
1,4,"RF_importance",100,"Atopic dermatitis","MONDO_0004980",0.426169231617919,0.150489729825986,2.83188249530852,1.09492002815209,0.261738261738262,1,7,1.30190907590203,0.99431682140514,1.30935034777165,2.06015620042094,0.02997002997003,84,34,24.293,1.39958012596221,0.785875416263488,0.196803196803197,28,128,70.378,1.81875017761232,2.39184507947261,0.024975024975025,92,2000,1000,950404
1,4,"GS_full_ungrouped",200,"Atopic dermatitis","MONDO_0004980",0.426169231617919,0.336251735860398,1.26741124630165,0.246212093588774,0.502497502497502,1,7,1.14473282642822,1.00179216242595,1.14268494939722,1.44969739837015,0.0709290709290709,159,60,98.596,0.608543957158505,-1.14649796874529,0.897102897102897,39,236,265.234,0.889780344902991,-0.448766432405731,0.651348651348651,177,2000,1000,950405
1,4,"DGE",200,"Atopic dermatitis","MONDO_0004980",0.426169231617919,0.336251735860398,1.26741124630165,0.246212093588774,0.502497502497502,1,7,1.16023129522908,1.00179216242595,1.15815569211427,1.60688212992394,0.0539460539460539,165,261,98.596,2.6471662136395,4.82422676225803,0.000999000999000999,60,518,271.698,1.90652857216468,3.82759463557896,0.001998001998002,180,2000,1000,950405
1,4,"LASSO",200,"Atopic dermatitis","MONDO_0004980",0,0.336251735860398,0,-0.920724528208664,1,0,7,1.42023910143521,1.00179216242595,1.41769835571077,4.24386890233016,0.000999000999000999,167,88,98.596,0.892531137165808,-0.314755220147817,0.595404595404595,35,434,202.964,2.13831024221044,4.79496213367993,0.000999000999000999,155,2000,1000,950405
1,4,"ElasticNet",200,"Atopic dermatitis","MONDO_0004980",0.426169231617919,0.336251735860398,1.26741124630165,0.246212093588774,0.502497502497502,1,7,1.19155467350875,1.00179216242595,1.18942303423823,1.92456233882157,0.032967032967033,167,59,98.596,0.59840155787253,-1.17620306690949,0.905094905094905,40,260,258.954,1.00403932744812,0.0167552505619722,0.448551448551449,176,2000,1000,950405
1,4,"mRMR",200,"Atopic dermatitis","MONDO_0004980",0.426169231617919,0.336251735860398,1.26741124630165,0.246212093588774,0.502497502497502,1,7,1.05744164935339,1.00179216242595,1.05554993242578,0.564394442844221,0.288711288711289,163,76,98.596,0.770822345734107,-0.671216398118165,0.731268731268731,44,266,258.236,1.03006552146099,0.126312710061237,0.411588411588412,175,2000,1000,950405
1,4,"Boruta",200,"Atopic dermatitis","MONDO_0004980",0.426169231617919,0.336251735860398,1.26741124630165,0.246212093588774,0.502497502497502,1,7,1.08049165734215,1.00179216242595,1.07855870495695,0.798166524756374,0.204795204795205,168,117,98.596,1.18666071645909,0.546692626613856,0.26973026973027,53,322,281.924,1.14215178558761,0.635761250948939,0.268731268731269,183,2000,1000,950405
1,4,"RF_importance",200,"Atopic dermatitis","MONDO_0004980",0.426169231617919,0.336251735860398,1.26741124630165,0.246212093588774,0.502497502497502,1,7,1.16951220477828,1.00179216242595,1.16741999852162,1.70100867202374,0.042957042957043,164,100,98.596,1.01423992859751,0.0417059578225306,0.417582417582418,47,272,267.764,1.01581990110694,0.0669085573748554,0.438561438561439,178,2000,1000,950405
1,4,"GS_full_ungrouped",500,"Atopic dermatitis","MONDO_0004980",0.426169231617919,0.792838640839625,0.537523286158961,-0.687433308081309,0.801198801198801,1,7,0.957274822368237,1.00328669959444,0.95413885458184,-0.800603083244146,0.782217782217782,393,326,612.644,0.532119795509301,-2.5629703364508,0.998001998001998,87,1244,1601.952,0.776552605820898,-1.6705799548851,0.959040959040959,436,2000,1000,950406
1,4,"DGE",500,"Atopic dermatitis","MONDO_0004980",0.96228487607302,0.792838640839625,1.21372095973268,0.317678494848162,0.324675324675325,2,7,1.12416478668064,1.00328669959444,1.12048209862151,2.10326930896746,0.016983016983017,409,871,612.644,1.42170657021043,2.3100388085712,0.020979020979021,127,2498,1631.94,1.5306935303994,4.23980215723741,0.000999000999000999,441,2000,1000,950406
1,4,"LASSO",500,"Atopic dermatitis","MONDO_0004980",0.426169231617919,0.792838640839625,0.537523286158961,-0.687433308081309,0.801198801198801,1,7,1.23437115361683,1.00328669959444,1.23032743692884,4.02085151776286,0.000999000999000999,411,515,612.644,0.840618695359785,-0.873064412764272,0.801198801198801,93,2018,1423.532,1.41760072832925,3.15924568252145,0.002997002997003,410,2000,1000,950406
1,4,"ElasticNet",500,"Atopic dermatitis","MONDO_0004980",0.426169231617919,0.792838640839625,0.537523286158961,-0.687433308081309,0.801198801198801,1,7,1.13706556696203,1.00328669959444,1.13334061681637,2.32774188196769,0.010989010989011,406,381,612.644,0.621894607635103,-2.07119877135684,0.995004995004995,93,1736,1448.314,1.19863510260896,1.43537826269318,0.0869130869130869,413,2000,1000,950406
1,4,"mRMR",500,"Atopic dermatitis","MONDO_0004980",0.426169231617919,0.792838640839625,0.537523286158961,-0.687433308081309,0.801198801198801,1,7,1.12615166318758,1.00328669959444,1.12246246625496,2.13784080557612,0.015984015984016,403,414,612.644,0.675759494910584,-1.77613583230046,0.979020979020979,95,1744,1423.532,1.22512173944808,1.70309780406394,0.051948051948052,410,2000,1000,950406
1,4,"Boruta",500,"Atopic dermatitis","MONDO_0004980",0.96228487607302,0.792838640839625,1.21372095973268,0.317678494848162,0.324675324675325,2,7,1.04904172765361,1.00328669959444,1.04560513767167,0.79613392772476,0.228771228771229,417,838,612.644,1.36784168293495,2.01497586951483,0.03996003996004,134,2190,1730.392,1.26560917988525,2.10414768231535,0.02997002997003,454,2000,1000,950406
1,4,"RF_importance",500,"Atopic dermatitis","MONDO_0004980",0.96228487607302,0.792838640839625,1.21372095973268,0.317678494848162,0.324675324675325,2,7,1.01610505094395,1.00328669959444,1.01277635929459,0.223038315999764,0.398601398601399,411,547,612.644,0.892851313323888,-0.58694277489142,0.71028971028971,110,1692,1681.904,1.00600272072603,0.0464059771480752,0.45954045954046,445,2000,1000,950406
1,5,"GS_full_ungrouped",10,"Atopic dermatitis","MONDO_0004980",0,0.021829836442883,0,-0.212216912380299,1,0,8,1.10436861749797,1.00981837406242,1.09363093984434,0.205017269100339,0.358641358641359,7,0,0.226,0,-0.411777649509395,1,1,0,0.458,0,-0.430589716869141,1,8,2000,1000,950501
1,5,"DGE",10,"Atopic dermatitis","MONDO_0004980",0,0.021829836442883,0,-0.212216912380299,1,0,8,2.77591489062191,1.00981837406242,2.74892491751226,3.82950134908403,0.001998001998002,8,1,0.226,4.42477876106195,1.41024734831979,0.17982017982018,2,14,0.53,26.4150943396227,11.7759494441423,0.000999000999000999,9,2000,1000,950501
1,5,"LASSO",10,"Atopic dermatitis","MONDO_0004980",0,0.021829836442883,0,-0.212216912380299,1,0,8,1.84756346010938,1.00981837406242,1.82959976522984,1.81651790098941,0.056943056943057,9,0,0.226,0,-0.411777649509395,1,3,4,0.314,12.7388535031847,4.38650992149299,0.016983016983017,7,2000,1000,950501
1,5,"ElasticNet",10,"Atopic dermatitis","MONDO_0004980",0,0.021829836442883,0,-0.212216912380299,1,0,8,1.54750659880138,1.00981837406242,1.53246033004517,1.16589198988722,0.115884115884116,7,0,0.226,0,-0.411777649509395,1,3,0,0.53,0,-0.463344707156304,1,9,2000,1000,950501
1,5,"mRMR",10,"Atopic dermatitis","MONDO_0004980",0,0.021829836442883,0,-0.212216912380299,1,0,8,1.33480371526929,1.00981837406242,1.32182553769494,0.70467938242056,0.212787212787213,7,0,0.226,0,-0.411777649509395,1,3,0,0.794,0,-0.539284247779435,1,10,2000,1000,950501
1,5,"Boruta",10,"Atopic dermatitis","MONDO_0004980",0,0.021829836442883,0,-0.212216912380299,1,0,8,1.46902372622114,1.00981837406242,1.45474053944114,0.995714276716979,0.14985014985015,8,0,0.226,0,-0.411777649509395,1,2,0,0.53,0,-0.463344707156304,1,9,2000,1000,950501
1,5,"RF_importance",10,"Atopic dermatitis","MONDO_0004980",0,0.021829836442883,0,-0.212216912380299,1,0,8,1.92515637682502,1.00981837406242,1.90643825293083,1.98476588543182,0.041958041958042,8,3,0.226,13.2743362831858,5.05429734397815,0.012987012987013,4,6,0.53,11.3207547169811,4.78206707197167,0.010989010989011,9,2000,1000,950501
1,5,"GS_full_ungrouped",20,"Atopic dermatitis","MONDO_0004980",0,0.0385531210130715,0,-0.26686383353237,1,0,8,1.31532011751139,1.0051834962526,1.30853731922082,0.92730140725109,0.155844155844156,14,0,0.921,0,-0.743057256777781,1,3,2,2.006,0.997008973080758,-0.00238021817410966,0.556443556443556,16,2000,1000,950502
1,5,"DGE",20,"Atopic dermatitis","MONDO_0004980",0,0.0385531210130715,0,-0.26686383353237,1,0,8,2.14606080268649,1.0051834962526,2.13499406893086,3.41119706361345,0.00799200799200799,18,10,0.921,10.85776330076,7.32488255622744,0.000999000999000999,7,50,2.938,17.0183798502383,15.0472774205869,0.000999000999000999,19,2000,1000,950502
1,5,"LASSO",20,"Atopic dermatitis","MONDO_0004980",0,0.0385531210130715,0,-0.26686383353237,1,0,8,1.192928710954,1.0051834962526,1.1867770565288,0.561353899744682,0.258741258741259,14,0,0.921,0,-0.743057256777781,1,4,4,2.006,1.99401794616152,0.791025839862474,0.254745254745255,16,2000,1000,950502
1,5,"ElasticNet",20,"Atopic dermatitis","MONDO_0004980",0,0.0385531210130715,0,-0.26686383353237,1,0,8,1.04213751175709,1.0051834962526,1.03676345228733,0.110491661519384,0.420579420579421,14,0,0.921,0,-0.743057256777781,1,3,2,2.184,0.915750915750916,-0.0774519729794942,0.609390609390609,17,2000,1000,950502
1,5,"mRMR",20,"Atopic dermatitis","MONDO_0004980",0,0.0385531210130715,0,-0.26686383353237,1,0,8,0.862644473291418,1.0051834962526,0.858196017450961,-0.426188419940933,0.623376623376623,16,0,0.921,0,-0.743057256777781,1,3,2,2.5,0.8,-0.179053996775365,0.647352647352647,18,2000,1000,950502
1,5,"Boruta",20,"Atopic dermatitis","MONDO_0004980",0,0.0385531210130715,0,-0.26686383353237,1,0,8,1.20679657164966,1.0051834962526,1.20057340390952,0.60281848617907,0.24975024975025,17,4,0.921,4.34310532030402,2.48411866842431,0.040959040959041,5,8,2.938,2.72294077603812,1.61848876594728,0.0909090909090909,19,2000,1000,950502
1,5,"RF_importance",20,"Atopic dermatitis","MONDO_0004980",0,0.0385531210130715,0,-0.26686383353237,1,0,8,1.34427685219853,1.0051834962526,1.337344730798,1.01388138195963,0.140859140859141,18,3,0.921,3.25732899022801,1.67732468712378,0.0999000999000999,4,14,2.938,4.76514635806671,3.53688714518151,0.017982017982018,19,2000,1000,950502
1,5,"GS_full_ungrouped",50,"Atopic dermatitis","MONDO_0004980",0,0.105269163859131,0,-0.465964448990755,1,0,8,1.42765301481358,1.01213697072549,1.4105334120838,1.90368190784494,0.041958041958042,41,2,5.953,0.335965059633798,-0.880732188622932,0.872127872127872,9,22,15.318,1.43621882752318,0.775274387146555,0.215784215784216,44,2000,1000,950503
1,5,"DGE",50,"Atopic dermatitis","MONDO_0004980",0,0.105269163859131,0,-0.465964448990755,1,0,8,1.76836149424022,1.01213697072549,1.74715630926186,3.46463383103071,0.003996003996004,46,56,5.953,9.40702166974635,11.1505195659023,0.000999000999000999,18,176,17.944,9.80829246544806,15.7727259421687,0.000999000999000999,47,2000,1000,950503
1,5,"LASSO",50,"Atopic dermatitis","MONDO_0004980",0,0.105269163859131,0,-0.465964448990755,1,0,8,1.05058988920379,1.01213697072549,1.03799181295664,0.176171597348629,0.396603396603397,39,1,5.953,0.167982529816899,-1.10353314704007,0.96003996003996,9,12,14.874,0.806776926179911,-0.32125840963103,0.63036963036963,43,2000,1000,950503
1,5,"ElasticNet",50,"Atopic dermatitis","MONDO_0004980",0,0.105269163859131,0,-0.465964448990755,1,0,8,1.14742744714702,1.01213697072549,1.13366814999808,0.619831739187405,0.251748251748252,41,0,5.953,0,-1.3263341054572,1,9,20,15.318,1.30565347956652,0.543225782792603,0.280719280719281,44,2000,1000,950503
1,5,"mRMR",50,"Atopic dermatitis","MONDO_0004980",0,0.105269163859131,0,-0.465964448990755,1,0,8,1.32798722885749,1.01213697072549,1.31206276153079,1.44706427236436,0.0839160839160839,41,3,5.953,0.503947589450697,-0.657931230205798,0.777222777222777,11,16,15.318,1.04452278365322,0.0791285740846984,0.427572427572428,44,2000,1000,950503
1,5,"Boruta",50,"Atopic dermatitis","MONDO_0004980",0,0.105269163859131,0,-0.465964448990755,1,0,8,1.62920046798866,1.01213697072549,1.60966402286528,2.82706921295771,0.00699300699300699,43,17,5.953,2.85570300688728,2.46128218763408,0.028971028971029,13,58,19.336,2.99958626396359,3.91910516785384,0.00599400599400599,49,2000,1000,950503
1,5,"RF_importance",50,"Atopic dermatitis","MONDO_0004980",0,0.105269163859131,0,-0.465964448990755,1,0,8,1.34533068467887,1.01213697072549,1.32919824449704,1.52652311285058,0.0749250749250749,40,13,5.953,2.18377288761969,1.57007835396555,0.0809190809190809,12,48,15.678,3.06161500191351,3.53099146245493,0.011988011988012,45,2000,1000,950503
1,5,"GS_full_ungrouped",100,"Atopic dermatitis","MONDO_0004980",0,0.195250134731249,0,-0.631490706535064,1,0,8,1.35965944386426,0.998659328228185,1.36148474803371,2.48461121032742,0.013986013986014,83,27,23.863,1.13145874366174,0.266154283297567,0.356643356643357,25,104,66.244,1.56995350522311,1.62800929670602,0.0659340659340659,90,2000,1000,950504
1,5,"DGE",100,"Atopic dermatitis","MONDO_0004980",0,0.195250134731249,0,-0.631490706535064,1,0,8,1.49046132165837,0.998659328228185,1.4924622236321,3.38486524854701,0.002997002997003,85,102,23.863,4.27439969827767,6.62942213389289,0.000999000999000999,30,328,66.244,4.95139182416521,11.2867147332498,0.000999000999000999,90,2000,1000,950504
1,5,"LASSO",100,"Atopic dermatitis","MONDO_0004980",0,0.195250134731249,0,-0.631490706535064,1,0,8,1.45767225243893,0.998659328228185,1.45962913601891,3.1591919442178,0.004995004995005,78,15,23.863,0.628588190923187,-0.751968572797684,0.787212787212787,19,166,49.894,3.32705335310859,5.88706720773403,0.000999000999000999,78,2000,1000,950504
1,5,"ElasticNet",100,"Atopic dermatitis","MONDO_0004980",0,0.195250134731249,0,-0.631490706535064,1,0,8,1.25036066302183,0.998659328228185,1.25203923668365,1.73235389961232,0.04995004995005,79,19,23.863,0.796211708502703,-0.412594287432601,0.64035964035964,21,114,62.42,1.82633771227171,2.31092404681448,0.022977022977023,88,2000,1000,950504
1,5,"mRMR",100,"Atopic dermatitis","MONDO_0004980",0,0.195250134731249,0,-0.631490706535064,1,0,8,1.15902341033086,0.998659328228185,1.16057936632624,1.10371819528121,0.128871128871129,87,21,23.863,0.880023467292461,-0.242907144750059,0.551448551448551,25,74,67.684,1.09331599787247,0.267091673841393,0.360639360639361,91,2000,1000,950504
1,5,"Boruta",100,"Atopic dermatitis","MONDO_0004980",0,0.195250134731249,0,-0.631490706535064,1,0,8,1.31165499133184,0.998659328228185,1.31341585088778,2.15421685381164,0.027972027972028,86,23,23.863,0.963835226082219,-0.0732200020675168,0.478521478521479,25,108,67.454,1.60109111394432,1.67139774397744,0.0659340659340659,92,2000,1000,950504
1,5,"RF_importance",100,"Atopic dermatitis","MONDO_0004980",0,0.195250134731249,0,-0.631490706535064,1,0,8,1.21427261277905,0.998659328228185,1.21590273925885,1.48397510329511,0.0679320679320679,85,31,23.863,1.29908226124125,0.605528568662651,0.24975024975025,24,138,67.684,2.03888659062703,2.97353042080928,0.00999000999000999,91,2000,1000,950504
1,5,"GS_full_ungrouped",200,"Atopic dermatitis","MONDO_0004980",0,0.380614406583453,0,-0.870704495846088,1,0,8,1.15750763556991,1.01203644900334,1.14374105469209,1.4380185367761,0.0869130869130869,162,96,98.165,0.977945296184995,-0.064440559586135,0.47952047952048,45,336,271.078,1.23949564332037,1.04938235134681,0.144855144855145,182,2000,1000,950505
1,5,"DGE",200,"Atopic dermatitis","MONDO_0004980",0,0.380614406583453,0,-0.870704495846088,1,0,8,1.14464487782635,1.01203644900334,1.13103127753314,1.31086700590685,0.100899100899101,175,254,98.165,2.5874802628228,4.63838087903248,0.000999000999000999,64,682,277.37,2.45880953239355,6.65589920076365,0.000999000999000999,185,2000,1000,950505
1,5,"LASSO",200,"Atopic dermatitis","MONDO_0004980",0,0.380614406583453,0,-0.870704495846088,1,0,8,1.39371701068937,1.01203644900334,1.37714112180635,3.77300643368602,0.001998001998002,163,73,98.165,0.74364590230734,-0.749028490524288,0.764235764235764,35,440,197.458,2.22832197226752,4.81837328540435,0.001998001998002,155,2000,1000,950505
1,5,"ElasticNet",200,"Atopic dermatitis","MONDO_0004980",0,0.380614406583453,0,-0.870704495846088,1,0,8,1.13332160923961,1.01203644900334,1.11984267993086,1.19893370482545,0.125874125874126,153,76,98.165,0.774206692813121,-0.659734412575834,0.726273726273726,41,348,261.238,1.33211860449092,1.4567995428811,0.0839160839160839,179,2000,1000,950505
1,5,"mRMR",200,"Atopic dermatitis","MONDO_0004980",0,0.380614406583453,0,-0.870704495846088,1,0,8,1.10167092954059,1.01203644900334,1.08856843113262,0.886058934343494,0.188811188811189,168,122,98.165,1.24280548056843,0.709441449300473,0.217782217782218,51,428,262.97,1.62756207932464,2.64876867441974,0.016983016983017,180,2000,1000,950505
1,5,"Boruta",200,"Atopic dermatitis","MONDO_0004980",0,0.380614406583453,0,-0.870704495846088,1,0,8,1.20504360949644,1.01203644900334,1.19071166921228,1.9079233563038,0.03996003996004,173,67,98.165,0.682524321295777,-0.927616646421198,0.835164835164835,46,340,261.238,1.30149518829573,1.32247349757269,0.107892107892108,179,2000,1000,950505
1,5,"RF_importance",200,"Atopic dermatitis","MONDO_0004980",0,0.380614406583453,0,-0.870704495846088,1,0,8,1.0213287531393,1.01203644900334,1.00918178801279,0.0918567168678927,0.440559440559441,165,108,98.165,1.10018845820812,0.292735752207684,0.336663336663337,45,366,271.26,1.34925901349259,1.6096096611186,0.0669330669330669,183,2000,1000,950505
1,5,"GS_full_ungrouped",500,"Atopic dermatitis","MONDO_0004980",1.28247135065485,0.977365622237361,1.31217153691067,0.480143627398686,0.30969030969031,3,8,0.951468364325561,1.01547755300276,0.936966416945478,-1.09401722096286,0.854145854145854,392,582,604.95,0.962062980411604,-0.211240235582458,0.567432567432567,103,1590,1617.324,0.983105425999985,-0.129316096085707,0.522477522477522,444,2000,1000,950506
1,5,"DGE",500,"Atopic dermatitis","MONDO_0004980",0.427222515274814,0.977365622237361,0.437116372373347,-0.865757940158825,0.83016983016983,1,8,1.0926042318007,1.01547755300276,1.07595114098768,1.31821565847576,0.0919080919080919,405,831,604.95,1.37366724522688,2.08064728773049,0.027972027972028,125,2626,1617.324,1.6236697161484,4.77375356958522,0.000999000999000999,444,2000,1000,950506
1,5,"LASSO",500,"Atopic dermatitis","MONDO_0004980",0.426169231617919,0.977365622237361,0.436038696186534,-0.867415488308853,0.865134865134865,1,8,1.22749578939766,1.01547755300276,1.20878672873463,3.62372350857189,0.000999000999000999,410,470,604.95,0.776923712703529,-1.24212940269511,0.896103896103896,88,1888,1385.448,1.36273609691594,2.64834998146003,0.00999000999000999,411,2000,1000,950506
1,5,"ElasticNet",500,"Atopic dermatitis","MONDO_0004980",0.426169231617919,0.977365622237361,0.436038696186534,-0.867415488308853,0.865134865134865,1,8,1.18230699688459,1.01547755300276,1.16428668796126,2.85137631552856,0.003996003996004,398,420,604.95,0.694272253905281,-1.7023477808704,0.969030969030969,97,1754,1413.282,1.24108281291349,1.85573107712891,0.040959040959041,415,2000,1000,950506
1,5,"mRMR",500,"Atopic dermatitis","MONDO_0004980",0.426169231617919,0.977365622237361,0.436038696186534,-0.867415488308853,0.865134865134865,1,8,1.15222861970015,1.01547755300276,1.13466675486131,2.33728977110532,0.013986013986014,410,485,604.95,0.801719150343003,-1.10406388924252,0.862137862137862,103,1868,1413.282,1.32174612002417,2.47663558699541,0.012987012987013,415,2000,1000,950506
1,5,"Boruta",500,"Atopic dermatitis","MONDO_0004980",0,0.977365622237361,0,-1.53807625176311,1,0,8,1.04978067554909,1.01547755300276,1.03378028637353,0.586294055182222,0.278721278721279,425,558,604.95,0.922390280188445,-0.432145057106598,0.658341658341658,120,1946,1659.386,1.17272292281603,1.33044943823075,0.102897102897103,449,2000,1000,950506
1,5,"RF_importance",500,"Atopic dermatitis","MONDO_0004980",1.70438344004448,0.977365622237361,1.7438545015967,1.14410494367297,0.14985014985015,3,8,0.97438973214328,1.01547755300276,0.959538425307397,-0.702255168688323,0.751248751248751,406,625,604.95,1.0331432349781,0.184547569648291,0.401598401598402,110,1954,1644.84,1.18795749130615,1.47345855494402,0.0769230769230769,448,2000,1000,950506
2,1,"GS_full_ungrouped",10,"Atopic dermatitis","MONDO_0004980",0,0.0182484037091795,0,-0.187389348832422,1,0,8,0.317455629848587,0.968989912480872,0.327614999660643,-1.49014811171311,0.975024975024975,8,0,0.221,0,-0.386776727330832,1,2,2,0.74,2.7027027027027,0.909725164412403,0.281718281718282,10,2000,1000,960101
2,1,"DGE",10,"Atopic dermatitis","MONDO_0004980",0,0.0182484037091795,0,-0.187389348832422,1,0,8,1.67000918479329,0.968989912480872,1.72345363278098,1.60332705854008,0.0759240759240759,8,0,0.221,0,-0.386776727330832,1,1,2,0.74,2.7027027027027,0.909725164412403,0.281718281718282,10,2000,1000,960101
2,1,"LASSO",10,"Atopic dermatitis","MONDO_0004980",0,0.0182484037091795,0,-0.187389348832422,1,0,8,0.756240668003522,0.968989912480872,0.780442250494997,-0.48658665150432,0.65034965034965,9,0,0.221,0,-0.386776727330832,1,2,2,0.74,2.7027027027027,0.909725164412403,0.281718281718282,10,2000,1000,960101
2,1,"ElasticNet",10,"Atopic dermatitis","MONDO_0004980",0,0.0182484037091795,0,-0.187389348832422,1,0,8,0.924706923391293,0.968989912480872,0.954299845107568,-0.101281259224377,0.468531468531469,8,0,0.221,0,-0.386776727330832,1,3,2,0.626,3.19488817891374,1.12426067237697,0.248751248751249,9,2000,1000,960101
2,1,"mRMR",10,"Atopic dermatitis","MONDO_0004980",0,0.0182484037091795,0,-0.187389348832422,1,0,8,1.15819405676539,0.968989912480872,1.1952591475386,0.432735783594973,0.26973026973027,9,0,0.221,0,-0.386776727330832,1,3,0,0.74,0,-0.534283033067602,1,10,2000,1000,960101
2,1,"Boruta",10,"Atopic dermatitis","MONDO_0004980",0,0.0182484037091795,0,-0.187389348832422,1,0,8,1.76010933858274,0.968989912480872,1.81643721561186,1.80939844666715,0.0619380619380619,8,0,0.221,0,-0.386776727330832,1,2,0,0.626,0,-0.512217744474514,1,9,2000,1000,960101
2,1,"RF_importance",10,"Atopic dermatitis","MONDO_0004980",0,0.0182484037091795,0,-0.187389348832422,1,0,8,1.19214678746292,0.968989912480872,1.23029845007438,0.510390327469505,0.254745254745255,9,0,0.221,0,-0.386776727330832,1,2,0,0.74,0,-0.534283033067602,1,10,2000,1000,960101
2,1,"GS_full_ungrouped",20,"Atopic dermatitis","MONDO_0004980",0,0.0316538903387483,0,-0.254245679493481,1,0,8,0.950412991232856,1.00039967113926,0.950033290345366,-0.145749463694317,0.511488511488511,15,0,0.973,0,-0.658326358006614,1,4,2,3.05,0.655737704918032,-0.321292071998848,0.705294705294705,19,2000,1000,960102
2,1,"DGE",20,"Atopic dermatitis","MONDO_0004980",0,0.0316538903387483,0,-0.254245679493481,1,0,8,1.47800169736414,1.00039967113926,1.47741121873918,1.39257576842332,0.0969030969030969,18,0,0.973,0,-0.658326358006614,1,5,20,3.206,6.23830318153462,5.2156456784436,0.000999000999000999,20,2000,1000,960102
2,1,"LASSO",20,"Atopic dermatitis","MONDO_0004980",0,0.0316538903387483,0,-0.254245679493481,1,0,8,0.858721431343759,1.00039967113926,0.858378362285786,-0.413100600120132,0.624375624375624,17,0,0.973,0,-0.658326358006614,1,7,2,3.05,0.655737704918032,-0.321292071998848,0.705294705294705,19,2000,1000,960102
2,1,"ElasticNet",20,"Atopic dermatitis","MONDO_0004980",0,0.0316538903387483,0,-0.254245679493481,1,0,8,0.641272423494258,1.00039967113926,0.641016227808204,-1.04713103251267,0.865134865134865,15,0,0.973,0,-0.658326358006614,1,4,2,3.05,0.655737704918032,-0.321292071998848,0.705294705294705,19,2000,1000,960102
2,1,"mRMR",20,"Atopic dermatitis","MONDO_0004980",0,0.0316538903387483,0,-0.254245679493481,1,0,8,0.711140990181307,1.00039967113926,0.710856881201745,-0.843410638543813,0.794205794205794,17,0,0.973,0,-0.658326358006614,1,6,2,3.206,0.623830318153462,-0.374542615708168,0.721278721278721,20,2000,1000,960102
2,1,"Boruta",20,"Atopic dermatitis","MONDO_0004980",0,0.0316538903387483,0,-0.254245679493481,1,0,8,1.47798261651703,1.00039967113926,1.47739214551509,1.39252013313732,0.0969030969030969,17,1,0.973,1.02774922918808,0.0182680489888779,0.492507492507492,7,6,3.05,1.9672131147541,0.902677726091999,0.204795204795205,19,2000,1000,960102
2,1,"RF_importance",20,"Atopic dermatitis","MONDO_0004980",0,0.0316538903387483,0,-0.254245679493481,1,0,8,0.886054763107032,1.00039967113926,0.885700774069613,-0.333402999620659,0.597402597402597,17,0,0.973,0,-0.658326358006614,1,6,2,3.05,0.655737704918032,-0.321292071998848,0.705294705294705,19,2000,1000,960102
2,1,"GS_full_ungrouped",50,"Atopic dermatitis","MONDO_0004980",0,0.0946732303127241,0,-0.451388381071614,1,0,8,1.20856428512315,0.992349399536902,1.21788181228018,0.989598594851425,0.150849150849151,38,3,6.036,0.497017892644135,-0.649278932157922,0.774225774225774,14,30,15.612,1.92159877017679,1.57401539555813,0.0799200799200799,42,2000,1000,960103
2,1,"DGE",50,"Atopic dermatitis","MONDO_0004980",0,0.0946732303127241,0,-0.451388381071614,1,0,8,1.44734996382255,0.992349399536902,1.45850842908554,2.08250194177345,0.037962037962038,43,19,6.036,3.14777998674619,2.77248092111176,0.023976023976024,17,92,19.75,4.65822784810127,7.04126866592792,0.000999000999000999,48,2000,1000,960103
2,1,"LASSO",50,"Atopic dermatitis","MONDO_0004980",0,0.0946732303127241,0,-0.451388381071614,1,0,8,1.25533190734866,0.992349399536902,1.26500999338991,1.20365033839081,0.110889110889111,43,2,6.036,0.331345261762757,-0.863138922987277,0.888111888111888,13,56,17.772,3.15102408282692,4.13568310163077,0.004995004995005,46,2000,1000,960103
2,1,"ElasticNet",50,"Atopic dermatitis","MONDO_0004980",0,0.0946732303127241,0,-0.451388381071614,1,0,8,0.843200606406759,0.992349399536902,0.849701331809394,-0.682642343080032,0.734265734265734,39,5,6.036,0.828363154406892,-0.221558950499212,0.543456543456543,10,10,16.21,0.616903146206046,-0.666369057921465,0.781218781218781,44,2000,1000,960103
2,1,"mRMR",50,"Atopic dermatitis","MONDO_0004980",0,0.0946732303127241,0,-0.451388381071614,1,0,8,0.869690234694187,0.992349399536902,0.876395184095485,-0.561401389385752,0.681318681318681,40,5,6.036,0.828363154406892,-0.221558950499212,0.543456543456543,12,10,17.772,0.562682871933378,-0.840811161082827,0.851148851148851,46,2000,1000,960103
2,1,"Boruta",50,"Atopic dermatitis","MONDO_0004980",0,0.0946732303127241,0,-0.451388381071614,1,0,8,1.23655247897681,0.992349399536902,1.24608578344872,1.11769836575718,0.126873126873127,42,5,6.036,0.828363154406892,-0.221558950499212,0.543456543456543,14,54,18.704,2.88708297690334,3.47526272387422,0.00999000999000999,47,2000,1000,960103
2,1,"RF_importance",50,"Atopic dermatitis","MONDO_0004980",0,0.0946732303127241,0,-0.451388381071614,1,0,8,1.26825552869068,0.992349399536902,1.27803325046857,1.26280074094418,0.102897102897103,44,8,6.036,1.32538104705103,0.420021021988854,0.282717282717283,14,34,17.246,1.97147164559898,1.70065047954149,0.0719280719280719,45,2000,1000,960103
2,1,"GS_full_ungrouped",100,"Atopic dermatitis","MONDO_0004980",0,0.193033094582155,0,-0.629144632822775,1,0,8,0.998931935678056,0.993252898978269,1.00571761401918,0.0384802997866994,0.455544455544456,81,19,24.494,0.775700171470564,-0.450927512154205,0.651348651348651,23,96,69.934,1.37272285297566,1.05249626331877,0.152847152847153,90,2000,1000,960104
2,1,"DGE",100,"Atopic dermatitis","MONDO_0004980",0,0.193033094582155,0,-0.629144632822775,1,0,8,1.20325682412032,0.993252898978269,1.21143046786783,1.42295505788026,0.0869130869130869,87,85,24.494,3.47023760921042,4.96611213148932,0.000999000999000999,32,246,76.822,3.20220770091901,6.67117180194138,0.000999000999000999,94,2000,1000,960104
2,1,"LASSO",100,"Atopic dermatitis","MONDO_0004980",0,0.193033094582155,0,-0.629144632822775,1,0,8,1.37115636055049,0.993252898978269,1.38047053470568,2.56061710118475,0.00899100899100899,82,19,24.494,0.775700171470564,-0.450927512154205,0.651348651348651,24,194,54.898,3.53382636890233,6.44189686657339,0.000999000999000999,80,2000,1000,960104
2,1,"ElasticNet",100,"Atopic dermatitis","MONDO_0004980",0,0.193033094582155,0,-0.629144632822775,1,0,8,1.00945865976981,0.993252898978269,1.01631584544904,0.109807801304309,0.42957042957043,75,14,24.494,0.571568547399363,-0.86130930333932,0.829170829170829,19,44,67.072,0.656011450381679,-1.02885882258817,0.881118881118881,88,2000,1000,960104
2,1,"mRMR",100,"Atopic dermatitis","MONDO_0004980",0,0.193033094582155,0,-0.629144632822775,1,0,8,0.947404133089059,0.993252898978269,0.953839786487033,-0.310664351990038,0.595404595404595,82,27,24.494,1.10231076998449,0.20568335374198,0.351648351648352,27,88,69.934,1.25832928189436,0.729471245803608,0.210789210789211,90,2000,1000,960104
2,1,"Boruta",100,"Atopic dermatitis","MONDO_0004980",0,0.193033094582155,0,-0.629144632822775,1,0,8,1.25126760762308,0.993252898978269,1.2597673854365,1.74826891652285,0.048951048951049,81,30,24.494,1.22478974442721,0.451912428453049,0.278721278721279,28,124,69.934,1.77310035176023,2.18308382462182,0.037962037962038,90,2000,1000,960104
2,1,"RF_importance",100,"Atopic dermatitis","MONDO_0004980",0,0.193033094582155,0,-0.629144632822775,1,0,8,1.22151787380172,0.993252898978269,1.22981556364775,1.54668918803413,0.0719280719280719,83,48,24.494,1.95966359108353,1.92928687671947,0.0539460539460539,33,128,73.936,1.73122700714131,2.13513804781917,0.032967032967033,93,2000,1000,960104
2,1,"GS_full_ungrouped",200,"Atopic dermatitis","MONDO_0004980",0,0.398685322306398,0,-0.929986471243825,1,0,8,1.03051655954662,0.986734859974861,1.04437027751596,0.439517977354545,0.326673326673327,164,57,98.499,0.578686078031249,-1.28054534107261,0.92007992007992,41,296,272.504,1.08622258755835,0.383086039892978,0.335664335664336,178,2000,1000,960105
2,1,"DGE",200,"Atopic dermatitis","MONDO_0004980",0,0.398685322306398,0,-0.929986471243825,1,0,8,1.07722142617806,0.986734859974861,1.09170301959891,0.908381194526319,0.184815184815185,166,170,98.499,1.72590584675987,2.20632478932101,0.028971028971029,55,530,281.49,1.8828377562258,4.00420922842968,0.000999000999000999,180,2000,1000,960105
2,1,"LASSO",200,"Atopic dermatitis","MONDO_0004980",0,0.398685322306398,0,-0.929986471243825,1,0,8,1.3849470793202,0.986734859974861,1.40356557318294,3.99759330762518,0.000999000999000999,168,79,98.499,0.802038599376644,-0.60168566966854,0.723276723276723,39,392,208.34,1.8815397907267,3.46806890894338,0.003996003996004,154,2000,1000,960105
2,1,"ElasticNet",200,"Atopic dermatitis","MONDO_0004980",0,0.398685322306398,0,-0.929986471243825,1,0,8,0.926346983846314,0.986734859974861,0.938800301298683,-0.606224916628757,0.698301698301698,163,64,98.499,0.64975278936842,-1.06454453653495,0.871128871128871,41,288,271.504,1.06075785255466,0.257434558503499,0.362637362637363,177,2000,1000,960105
2,1,"mRMR",200,"Atopic dermatitis","MONDO_0004980",0,0.398685322306398,0,-0.929986471243825,1,0,8,0.988725592419578,0.986734859974861,1.00201749479568,0.0199846672494277,0.485514485514486,167,97,98.499,0.984781571386512,-0.0462550294288492,0.475524475524476,48,384,272.504,1.40915362710272,1.81786521552211,0.044955044955045,178,2000,1000,960105
2,1,"Boruta",200,"Atopic dermatitis","MONDO_0004980",0.814871589141373,0.398685322306398,2.04389663614235,0.970809748989319,0.203796203796204,1,8,1.1020653794707,0.986734859974861,1.11688096182066,1.15778595056535,0.128871128871129,165,101,98.499,1.02539112072204,0.0771740017355265,0.426573426573427,47,382,279.802,1.3652511418789,1.56587669009609,0.0729270729270729,179,2000,1000,960105
2,1,"RF_importance",200,"Atopic dermatitis","MONDO_0004980",0,0.398685322306398,0,-0.929986471243825,1,0,8,1.12452061994899,0.986734859974861,1.13963807864013,1.38321077355229,0.0879120879120879,168,247,98.499,2.50763967146875,4.58233363923524,0.000999000999000999,58,448,290.242,1.54353952908263,2.36822438538212,0.022977022977023,183,2000,1000,960105
2,1,"GS_full_ungrouped",500,"Atopic dermatitis","MONDO_0004980",0.426169231617919,0.918076568815249,0.46419791779228,-0.819330928807743,0.814185814185814,1,8,0.921704434914709,0.993163427827161,0.928049109632651,-1.22549030021376,0.885114885114885,401,480,610.638,0.78606310121545,-1.12151640517465,0.881118881118881,94,1520,1672.068,0.909053937997737,-0.72860616866462,0.762237762237762,440,2000,1000,960106
2,1,"DGE",500,"Atopic dermatitis","MONDO_0004980",0,0.918076568815249,0,-1.52916712348666,1,0,8,0.951789271056725,0.993163427827161,0.958341038734225,-0.709548591928974,0.742257742257742,415,769,610.638,1.25933859340559,1.35952464792991,0.103896103896104,116,2254,1759.98,1.28069637154968,2.15231552387063,0.031968031968032,449,2000,1000,960106
2,1,"LASSO",500,"Atopic dermatitis","MONDO_0004980",0.426169231617919,0.918076568815249,0.46419791779228,-0.819330928807743,0.814185814185814,1,8,1.22590679511079,0.993163427827161,1.2343454871197,3.9914463865257,0.000999000999000999,412,492,610.638,0.805714678745836,-1.01849739950941,0.859140859140859,95,2024,1474.678,1.37250301421734,2.76567581614118,0.00899100899100899,412,2000,1000,960106
2,1,"ElasticNet",500,"Atopic dermatitis","MONDO_0004980",0.426169231617919,0.918076568815249,0.46419791779228,-0.819330928807743,0.814185814185814,1,8,1.14494795751875,0.993163427827161,1.15282935863201,2.60303792816454,0.003996003996004,405,444,610.638,0.727108368624291,-1.43057342217037,0.946053946053946,97,1878,1509.96,1.24374155606771,1.85490898091866,0.044955044955045,416,2000,1000,960106
2,1,"mRMR",500,"Atopic dermatitis","MONDO_0004980",0.426169231617919,0.918076568815249,0.46419791779228,-0.819330928807743,0.814185814185814,1,8,1.13121076753476,0.993163427827161,1.13899760687888,2.36745116166466,0.00699300699300699,412,497,610.638,0.813902836050164,-0.975572813815556,0.854145854145854,101,2002,1539.73,1.30022796204529,2.32969852203455,0.017982017982018,420,2000,1000,960106
2,1,"Boruta",500,"Atopic dermatitis","MONDO_0004980",1.7677975024063,0.918076568815249,1.92554473390776,1.41531257840795,0.0799200799200799,3,8,1.13550578571678,0.993163427827161,1.14332219038818,2.44110883450314,0.00599400599400599,422,797,610.638,1.30519227430982,1.59990232781547,0.0729270729270729,123,2226,1687.228,1.31932376655674,2.50947680774484,0.012987012987013,439,2000,1000,960106
2,1,"RF_importance",500,"Atopic dermatitis","MONDO_0004980",0.426169231617919,0.918076568815249,0.46419791779228,-0.819330928807743,0.814185814185814,1,8,0.950811427810326,0.993163427827161,0.957356464374153,-0.726318173541462,0.746253746253746,420,714,610.638,1.16926886305798,0.887354205297554,0.173826173826174,120,1758,1786.478,0.984059137588036,-0.121986031753451,0.52047952047952,453,2000,1000,960106
2,2,"GS_full_ungrouped",10,"Atopic dermatitis","MONDO_0004980",0,0.0155459865544177,0,-0.185987253280035,1,0,7,1.94049714780168,1.00586588876702,1.92918078788846,1.98951046858538,0.042957042957043,6,0,0.204,0,-0.362498033811279,1,1,2,0.614,3.25732899022802,1.09143446834249,0.236763236763237,9,2000,1000,960201
2,2,"DGE",10,"Atopic dermatitis","MONDO_0004980",0,0.0155459865544177,0,-0.185987253280035,1,0,7,1.41682395853577,1.00586588876702,1.40856149349343,0.874789254105445,0.167832167832168,9,0,0.204,0,-0.362498033811279,1,2,0,0.78,0,-0.586388372863002,1,10,2000,1000,960201
2,2,"LASSO",10,"Atopic dermatitis","MONDO_0004980",0,0.0155459865544177,0,-0.185987253280035,1,0,7,1.59126432431201,1.00586588876702,1.58198457874198,1.24611316447215,0.115884115884116,8,0,0.204,0,-0.362498033811279,1,2,0,0.614,0,-0.483507044417235,1,9,2000,1000,960201
2,2,"ElasticNet",10,"Atopic dermatitis","MONDO_0004980",0,0.0155459865544177,0,-0.185987253280035,1,0,7,1.35395612287859,1.00586588876702,1.3460602829849,0.74096512189479,0.204795204795205,6,0,0.204,0,-0.362498033811279,1,1,0,0.614,0,-0.483507044417235,1,9,2000,1000,960201
2,2,"mRMR",10,"Atopic dermatitis","MONDO_0004980",0,0.0155459865544177,0,-0.185987253280035,1,0,7,1.35758846980688,1.00586588876702,1.34967144722543,0.748697146872036,0.201798201798202,6,0,0.204,0,-0.362498033811279,1,2,0,0.614,0,-0.483507044417235,1,9,2000,1000,960201
2,2,"Boruta",10,"Atopic dermatitis","MONDO_0004980",0,0.0155459865544177,0,-0.185987253280035,1,0,7,1.26682980919984,1.00586588876702,1.25944206215474,0.555502982171211,0.251748251748252,7,0,0.204,0,-0.362498033811279,1,1,0,0.614,0,-0.483507044417235,1,9,2000,1000,960201
2,2,"RF_importance",10,"Atopic dermatitis","MONDO_0004980",0,0.0155459865544177,0,-0.185987253280035,1,0,7,1.6344532747907,1.00586588876702,1.62492166504841,1.33804767690575,0.106893106893107,7,0,0.204,0,-0.362498033811279,1,1,0,0.614,0,-0.483507044417235,1,9,2000,1000,960201
2,2,"GS_full_ungrouped",20,"Atopic dermatitis","MONDO_0004980",0,0.0356534233511544,0,-0.270686815012521,1,0,7,1.12633665678296,1.00363182096617,1.12226080645657,0.370257203128736,0.315684315684316,16,0,0.951,0,-0.702916959955712,1,2,2,2.806,0.712758374910905,-0.271283746912613,0.685314685314685,19,2000,1000,960202
2,2,"DGE",20,"Atopic dermatitis","MONDO_0004980",0,0.0356534233511544,0,-0.270686815012521,1,0,7,2.29527600556024,1.00363182096617,2.28697013945876,3.89748749543436,0.001998001998002,17,1,0.951,1.05152471083071,0.0362175930997163,0.502497502497502,5,34,2.806,12.1168923734854,10.4992868501142,0.000999000999000999,19,2000,1000,960202
2,2,"LASSO",20,"Atopic dermatitis","MONDO_0004980",0,0.0356534233511544,0,-0.270686815012521,1,0,7,1.82779004117048,1.00363182096617,1.82117585651173,2.48686627154618,0.01998001998002,18,0,0.951,0,-0.702916959955712,1,3,32,2.346,13.6402387041773,10.7313065389865,0.000999000999000999,17,2000,1000,960202
2,2,"ElasticNet",20,"Atopic dermatitis","MONDO_0004980",0,0.0356534233511544,0,-0.270686815012521,1,0,7,1.56714724572159,1.00363182096617,1.56147624356206,1.70038649007574,0.0649350649350649,16,0,0.951,0,-0.702916959955712,1,3,8,2.346,3.41005967604433,2.04609183150434,0.0599400599400599,17,2000,1000,960202
2,2,"mRMR",20,"Atopic dermatitis","MONDO_0004980",0,0.0356534233511544,0,-0.270686815012521,1,0,7,1.15914365233515,1.00363182096617,1.15494908403689,0.469251071914354,0.275724275724276,14,0,0.951,0,-0.702916959955712,1,3,0,2.806,0,-0.944444409226788,1,19,2000,1000,960202
2,2,"Boruta",20,"Atopic dermatitis","MONDO_0004980",0,0.0356534233511544,0,-0.270686815012521,1,0,7,1.48459901021143,1.00363182096617,1.47922672358301,1.45130031022185,0.0879120879120879,16,0,0.951,0,-0.702916959955712,1,1,2,2.806,0.712758374910905,-0.271283746912613,0.685314685314685,19,2000,1000,960202
2,2,"RF_importance",20,"Atopic dermatitis","MONDO_0004980",0,0.0356534233511544,0,-0.270686815012521,1,0,7,1.59500053525045,1.00363182096617,1.58922874098889,1.78443273821453,0.0589410589410589,17,0,0.951,0,-0.702916959955712,1,3,4,2.62,1.52671755725191,0.486457170913626,0.341658341658342,18,2000,1000,960202
2,2,"GS_full_ungrouped",50,"Atopic dermatitis","MONDO_0004980",0,0.0715372165706038,0,-0.414479064242938,1,0,7,1.12258193762974,1.01865381545423,1.10202496726444,0.51805603641797,0.291708291708292,40,3,5.718,0.524658971668416,-0.600496749973038,0.726273726273726,10,8,17.434,0.458873465641849,-0.99413438838067,0.903096903096903,46,2000,1000,960203
2,2,"DGE",50,"Atopic dermatitis","MONDO_0004980",0,0.0715372165706038,0,-0.414479064242938,1,0,7,1.60306777824083,1.01865381545423,1.57371204419041,2.91315935331964,0.003996003996004,39,36,5.718,6.29590766002099,6.6903026426356,0.000999000999000999,15,124,18.144,6.8342151675485,10.8894192347663,0.000999000999000999,47,2000,1000,960203
2,2,"LASSO",50,"Atopic dermatitis","MONDO_0004980",0,0.0715372165706038,0,-0.414479064242938,1,0,7,1.83987729941369,1.01865381545423,1.80618505669001,4.0935963645615,0.000999000999000999,38,3,5.718,0.524658971668416,-0.600496749973038,0.726273726273726,9,84,9.994,8.40504302581549,11.3806572400097,0.000999000999000999,35,2000,1000,960203
2,2,"ElasticNet",50,"Atopic dermatitis","MONDO_0004980",0,0.0715372165706038,0,-0.414479064242938,1,0,7,1.71263131893029,1.01865381545423,1.68126923293034,3.4593065600366,0.000999000999000999,38,3,5.718,0.524658971668416,-0.600496749973038,0.726273726273726,9,84,10.778,7.79365373909816,10.656301794128,0.000999000999000999,37,2000,1000,960203
2,2,"mRMR",50,"Atopic dermatitis","MONDO_0004980",0,0.0715372165706038,0,-0.414479064242938,1,0,7,1.10259331224683,1.01865381545423,1.08240237803966,0.418417672685887,0.327672327672328,41,2,5.718,0.349772647778944,-0.821430064900572,0.853146853146853,8,16,18.144,0.881834215167549,-0.220553533473199,0.577422577422577,47,2000,1000,960203
2,2,"Boruta",50,"Atopic dermatitis","MONDO_0004980",0,0.0715372165706038,0,-0.414479064242938,1,0,7,1.68637833297667,1.01865381545423,1.65549699750027,3.32844190509461,0.000999000999000999,38,6,5.718,1.04931794333683,0.0623031948095649,0.418581418581419,8,40,17.434,2.29436732820925,2.37795596864513,0.024975024975025,46,2000,1000,960203
2,2,"RF_importance",50,"Atopic dermatitis","MONDO_0004980",0,0.0715372165706038,0,-0.414479064242938,1,0,7,1.67855916490401,1.01865381545423,1.64782101577417,3.28946528226133,0.000999000999000999,43,6,5.718,1.04931794333683,0.0623031948095649,0.418581418581419,10,40,17.434,2.29436732820925,2.37795596864513,0.024975024975025,46,2000,1000,960203
2,2,"GS_full_ungrouped",100,"Atopic dermatitis","MONDO_0004980",0,0.159968209834828,0,-0.597968689549863,1,0,7,0.955781560196339,1.01994315314511,0.937092971553444,-0.430714508898381,0.667332667332667,77,3,23.682,0.126678489992399,-1.72473008334177,0.998001998001998,16,32,64.412,0.496801838166801,-1.44315166767102,0.959040959040959,88,2000,1000,960204
2,2,"DGE",100,"Atopic dermatitis","MONDO_0004980",0,0.159968209834828,0,-0.597968689549863,1,0,7,1.40321832511809,1.01994315314511,1.37578091562369,2.57291270185726,0.011988011988012,80,51,23.682,2.15353432987079,2.27812476630551,0.024975024975025,25,222,67.37,3.29523526792341,6.46479929564443,0.000999000999000999,91,2000,1000,960204
2,2,"LASSO",100,"Atopic dermatitis","MONDO_0004980",0,0.159968209834828,0,-0.597968689549863,1,0,7,1.51926869619479,1.01994315314511,1.48956213050693,3.35195474692752,0.003996003996004,80,14,23.682,0.591166286631197,-0.807409180297604,0.803196803196803,18,168,45.662,3.67920809425781,6.63332553309251,0.000999000999000999,75,2000,1000,960204
2,2,"ElasticNet",100,"Atopic dermatitis","MONDO_0004980",0,0.159968209834828,0,-0.597968689549863,1,0,7,1.50017830059182,1.01994315314511,1.47084501324006,3.22380159503537,0.00599400599400599,79,14,23.682,0.591166286631197,-0.807409180297604,0.803196803196803,18,170,47.664,3.56663309835515,6.36262216155456,0.001998001998002,76,2000,1000,960204
2,2,"mRMR",100,"Atopic dermatitis","MONDO_0004980",0,0.159968209834828,0,-0.597968689549863,1,0,7,1.09038357712541,1.01994315314511,1.06906308823496,0.47286408000337,0.310689310689311,82,7,23.682,0.295583143315598,-1.39115884587117,0.967032967032967,17,74,71.278,1.03818850136087,0.110872180529813,0.427572427572428,93,2000,1000,960204
2,2,"Boruta",100,"Atopic dermatitis","MONDO_0004980",0,0.159968209834828,0,-0.597968689549863,1,0,7,1.36873534739298,1.01994315314511,1.34197219048172,2.34142968945631,0.017982017982018,83,45,23.682,1.90017734988599,1.7777679100996,0.051948051948052,25,170,64.65,2.62954369682908,4.53461194121188,0.001998001998002,89,2000,1000,960204
2,2,"RF_importance",100,"Atopic dermatitis","MONDO_0004980",0,0.159968209834828,0,-0.597968689549863,1,0,7,1.32676163276409,1.01994315314511,1.30081919631782,2.0596616246039,0.024975024975025,80,13,23.682,0.548940123300397,-0.890801989665256,0.831168831168831,19,104,64.65,1.60866202629544,1.69375396190496,0.0639360639360639,89,2000,1000,960204
2,2,"GS_full_ungrouped",200,"Atopic dermatitis","MONDO_0004980",0,0.311959829544441,0,-0.862814445376321,1,0,7,1.04878992384767,1.01307685826477,1.03525207914044,0.362277420852942,0.334665334665335,154,22,93.04,0.236457437661221,-2.26721277588845,1,28,134,225.912,0.5931513155565,-1.71345807496838,0.98001998001998,165,2000,1000,960205
2,2,"DGE",200,"Atopic dermatitis","MONDO_0004980",0,0.311959829544441,0,-0.862814445376321,1,0,7,1.17133162249649,1.01307685826477,1.15621200202202,1.60535442387245,0.0599400599400599,163,148,93.04,1.59071367153912,1.75402610026505,0.056943056943057,47,536,268.156,1.99883649815779,4.31972050506313,0.000999000999000999,180,2000,1000,960205
2,2,"LASSO",200,"Atopic dermatitis","MONDO_0004980",0,0.311959829544441,0,-0.862814445376321,1,0,7,1.39811827148078,1.01307685826477,1.38007127502203,3.90590412289472,0.000999000999000999,168,78,93.04,0.838349097162511,-0.479995497598005,0.669330669330669,33,436,195.836,2.22635266243183,5.01595305552813,0.000999000999000999,154,2000,1000,960205
2,2,"ElasticNet",200,"Atopic dermatitis","MONDO_0004980",0,0.311959829544441,0,-0.862814445376321,1,0,7,1.36982051618645,1.01307685826477,1.35213878888984,3.6188484575064,0.000999000999000999,167,78,93.04,0.838349097162511,-0.479995497598005,0.669330669330669,32,392,203.566,1.92566538616468,3.80176835411674,0.003996003996004,156,2000,1000,960205
2,2,"mRMR",200,"Atopic dermatitis","MONDO_0004980",0,0.311959829544441,0,-0.862814445376321,1,0,7,1.03599900872749,1.01307685826477,1.02262626993768,0.232524915307506,0.395604395604396,162,37,93.04,0.397678417884781,-1.78849386206065,0.994005994005994,36,268,256.986,1.04285836582538,0.189560111858351,0.392607392607393,177,2000,1000,960205
2,2,"Boruta",200,"Atopic dermatitis","MONDO_0004980",0,0.311959829544441,0,-0.862814445376321,1,0,7,1.15441861849141,1.01307685826477,1.13951731211068,1.43378697734187,0.0799200799200799,168,99,93.04,1.06405846947549,0.190210981760912,0.375624375624376,47,358,256.986,1.39307199613987,1.73853505894856,0.0639360639360639,177,2000,1000,960205
2,2,"RF_importance",200,"Atopic dermatitis","MONDO_0004980",0,0.311959829544441,0,-0.862814445376321,1,0,7,1.10030717865497,1.01307685826477,1.08610434606078,0.884874344314652,0.194805194805195,161,84,93.04,0.902837489251935,-0.288507932066886,0.573426573426573,46,402,279.824,1.43661730230431,1.9934685763035,0.040959040959041,183,2000,1000,960205
2,2,"GS_full_ungrouped",500,"Atopic dermatitis","MONDO_0004980",1.42729506658477,0.816082044571866,1.74896026211869,1.16560412808494,0.0999000999000999,3,7,1.19580580840561,1.0094325021112,1.1846317667646,3.19585803255916,0.002997002997003,417,926,577.959,1.6021897747072,3.26506230956199,0.003996003996004,131,2526,1485.814,1.70007820628962,5.41052216801364,0.000999000999000999,423,2000,1000,960206
2,2,"DGE",500,"Atopic dermatitis","MONDO_0004980",0.794555627901664,0.816082044571866,0.973622239561103,-0.0410516124984232,0.555444555444555,2,7,1.02865107669238,1.0094325021112,1.01903898927465,0.329552751790442,0.36963036963037,413,606,577.959,1.04851728236778,0.263059847036491,0.373626373626374,113,2264,1672.448,1.35370427062605,2.78320429783565,0.004995004995005,448,2000,1000,960206
2,2,"LASSO",500,"Atopic dermatitis","MONDO_0004980",0.426169231617919,0.816082044571866,0.522213709335434,-0.743577063976131,0.833166833166833,1,7,1.21569225803948,1.0094325021112,1.20433239022608,3.53686324980356,0.001998001998002,413,507,577.959,0.877224855050272,-0.665684664807334,0.749250749250749,93,1908,1374.442,1.38819972032287,2.93515817205654,0.00599400599400599,405,2000,1000,960206
2,2,"ElasticNet",500,"Atopic dermatitis","MONDO_0004980",0.426169231617919,0.816082044571866,0.522213709335434,-0.743577063976131,0.833166833166833,1,7,1.20715903238811,1.0094325021112,1.19587890211913,3.39053876651898,0.001998001998002,413,507,577.959,0.877224855050272,-0.665684664807334,0.749250749250749,93,1898,1382.4,1.37297453703704,2.70997689914059,0.00799200799200799,407,2000,1000,960206
2,2,"mRMR",500,"Atopic dermatitis","MONDO_0004980",0.426169231617919,0.816082044571866,0.522213709335434,-0.743577063976131,0.833166833166833,1,7,1.1190633873671,1.0094325021112,1.10860645464319,1.87990840656214,0.035964035964036,409,365,577.959,0.631532686574653,-1.99782325755302,0.986013986013986,92,1852,1470.694,1.25926943334235,2.02591372674347,0.034965034965035,420,2000,1000,960206
2,2,"Boruta",500,"Atopic dermatitis","MONDO_0004980",0.36733311262685,0.816082044571866,0.450117871199532,-0.855779554280795,0.873126873126873,1,7,1.07132098252647,1.0094325021112,1.06131017208761,1.0612399446602,0.138861138861139,421,541,577.959,0.936052557361335,-0.346721903164,0.626373626373626,114,1746,1668.5,1.04644890620318,0.37081244964808,0.347652347652348,447,2000,1000,960206
2,2,"RF_importance",500,"Atopic dermatitis","MONDO_0004980",0,0.816082044571866,0,-1.55629635781694,1,0,7,1.01870650909078,1.0094325021112,1.00918734730671,0.15902711761134,0.425574425574426,413,571,577.959,0.987959353518156,-0.0652841723022347,0.497502497502497,113,1826,1656.098,1.10259175483576,0.84150795597533,0.187812187812188,445,2000,1000,960206
2,3,"GS_full_ungrouped",10,"Atopic dermatitis","MONDO_0004980",0,0.0148397512556338,0,-0.188695938180988,1,0,8,0.923689130956137,0.998498421387616,0.925078208608967,-0.156570932948973,0.488511488511489,9,0,0.2,0,-0.381889271986522,1,4,2,0.782,2.55754475703325,0.842394044749475,0.295704295704296,10,2000,1000,960301
2,3,"DGE",10,"Atopic dermatitis","MONDO_0004980",0,0.0148397512556338,0,-0.188695938180988,1,0,8,1.29473028022642,0.998498421387616,1.29667734319212,0.619993830179182,0.208791208791209,9,1,0.2,5,1.52755708794609,0.164835164835165,5,2,0.782,2.55754475703325,0.842394044749475,0.295704295704296,10,2000,1000,960301
2,3,"LASSO",10,"Atopic dermatitis","MONDO_0004980",0,0.0148397512556338,0,-0.188695938180988,1,0,8,1.43388704649559,0.998498421387616,1.43604337851923,0.911239805047542,0.160839160839161,9,0,0.2,0,-0.381889271986522,1,5,0,0.782,0,-0.540847408041125,1,10,2000,1000,960301
2,3,"ElasticNet",10,"Atopic dermatitis","MONDO_0004980",0,0.0148397512556338,0,-0.188695938180988,1,0,8,1.19780260164409,0.998498421387616,1.19960390120547,0.417130563107918,0.272727272727273,9,0,0.2,0,-0.381889271986522,1,6,0,0.782,0,-0.540847408041125,1,10,2000,1000,960301
2,3,"mRMR",10,"Atopic dermatitis","MONDO_0004980",0,0.0148397512556338,0,-0.188695938180988,1,0,8,1.05205685667222,0.998498421387616,1.0536389784274,0.112094288442401,0.376623376623377,9,0,0.2,0,-0.381889271986522,1,5,0,0.782,0,-0.540847408041125,1,10,2000,1000,960301
2,3,"Boruta",10,"Atopic dermatitis","MONDO_0004980",0,0.0148397512556338,0,-0.188695938180988,1,0,8,1.20878284633259,0.998498421387616,1.21060065838936,0.440111494285981,0.265734265734266,9,0,0.2,0,-0.381889271986522,1,4,0,0.782,0,-0.540847408041125,1,10,2000,1000,960301
2,3,"RF_importance",10,"Atopic dermatitis","MONDO_0004980",0,0.0148397512556338,0,-0.188695938180988,1,0,8,0.529364907836539,0.998498421387616,0.530160986234589,-0.981865640893894,0.867132867132867,9,0,0.2,0,-0.381889271986522,1,2,2,0.782,2.55754475703325,0.842394044749475,0.295704295704296,10,2000,1000,960301
2,3,"GS_full_ungrouped",20,"Atopic dermatitis","MONDO_0004980",0,0.0299378709846667,0,-0.255111538693238,1,0,8,0.789592944029134,1.01579864349566,0.77731246156415,-0.675971649665746,0.748251748251748,16,1,0.915000000000001,1.09289617486339,0.063825964321351,0.507492507492508,6,4,2.936,1.36239782016349,0.348128229080461,0.390609390609391,19,2000,1000,960302
2,3,"DGE",20,"Atopic dermatitis","MONDO_0004980",0,0.0299378709846667,0,-0.255111538693238,1,0,8,1.50934266161812,1.01579864349566,1.48586796338302,1.47486011581365,0.0819180819180819,19,1,0.915000000000001,1.09289617486339,0.063825964321351,0.507492507492508,7,8,3.22,2.48447204968944,1.51205314050384,0.120879120879121,20,2000,1000,960302
2,3,"LASSO",20,"Atopic dermatitis","MONDO_0004980",0,0.0299378709846667,0,-0.255111538693238,1,0,8,1.08681808257706,1.01579864349566,1.06991487883564,0.212227753356391,0.360639360639361,17,0,0.915000000000001,0,-0.687067733576902,1,9,0,2.582,0,-0.894631155892687,1,18,2000,1000,960302
2,3,"ElasticNet",20,"Atopic dermatitis","MONDO_0004980",0,0.0299378709846667,0,-0.255111538693238,1,0,8,1.13369308257706,1.01579864349566,1.11606083532037,0.352304555810128,0.324675324675325,16,0,0.915000000000001,0,-0.687067733576902,1,9,0,2.582,0,-0.894631155892687,1,18,2000,1000,960302
2,3,"mRMR",20,"Atopic dermatitis","MONDO_0004980",0,0.0299378709846667,0,-0.255111538693238,1,0,8,1.2275950649094,1.01579864349566,1.20850236685185,0.632912330299334,0.237762237762238,18,0,0.915000000000001,0,-0.687067733576902,1,9,2,3.22,0.62111801242236,-0.38592151284826,0.724275724275724,20,2000,1000,960302
2,3,"Boruta",20,"Atopic dermatitis","MONDO_0004980",0,0.0299378709846667,0,-0.255111538693238,1,0,8,1.25860195369849,1.01579864349566,1.239027007722,0.725570374792456,0.211788211788212,18,1,0.915000000000001,1.09289617486339,0.063825964321351,0.507492507492508,8,2,3.22,0.62111801242236,-0.38592151284826,0.724275724275724,20,2000,1000,960302
2,3,"RF_importance",20,"Atopic dermatitis","MONDO_0004980",0,0.0299378709846667,0,-0.255111538693238,1,0,8,0.705631100628114,1.01579864349566,0.694656470695642,-0.926875256102788,0.841158841158841,18,0,0.915000000000001,0,-0.687067733576902,1,3,2,3.22,0.62111801242236,-0.38592151284826,0.724275724275724,20,2000,1000,960302
2,3,"GS_full_ungrouped",50,"Atopic dermatitis","MONDO_0004980",0,0.0854901424950572,0,-0.441566708719289,1,0,8,1.16665389156065,1.01008404077415,1.15500675633535,0.740055377233553,0.21978021978022,42,5,5.743,0.870625108828138,-0.16577951424821,0.519480519480519,15,32,16.902,1.89326706898592,1.62961156460268,0.0849150849150849,45,2000,1000,960303
2,3,"DGE",50,"Atopic dermatitis","MONDO_0004980",0,0.0854901424950572,0,-0.441566708719289,1,0,8,1.51959978495827,1.01008404077415,1.50442906096568,2.40831721033437,0.014985014985015,44,12,5.743,2.08950026118753,1.39607324448324,0.0979020979020979,16,56,18.434,3.03786481501573,3.91576700135937,0.00599400599400599,47,2000,1000,960303
2,3,"LASSO",50,"Atopic dermatitis","MONDO_0004980",0,0.0854901424950572,0,-0.441566708719289,1,0,8,1.43787161591395,1.01008404077415,1.42351681431571,2.02201441532708,0.030969030969031,40,2,5.743,0.348250043531255,-0.835144982275975,0.851148851148851,13,96,15.39,6.23781676413255,9.10639604389905,0.000999000999000999,43,2000,1000,960303
2,3,"ElasticNet",50,"Atopic dermatitis","MONDO_0004980",0,0.0854901424950572,0,-0.441566708719289,1,0,8,1.40854205171513,1.01008404077415,1.394480057952,1.8833829892369,0.042957042957043,39,5,5.743,0.870625108828138,-0.16577951424821,0.519480519480519,15,18,16.656,1.0806916426513,0.14448423193137,0.394605394605395,44,2000,1000,960303
2,3,"mRMR",50,"Atopic dermatitis","MONDO_0004980",0,0.0854901424950572,0,-0.441566708719289,1,0,8,1.48120544065201,1.01008404077415,1.46641802153095,2.22683948127944,0.01998001998002,43,6,5.743,1.04475013059377,0.0573423084277112,0.431568431568432,17,30,17.472,1.71703296703297,1.28269789527963,0.116883116883117,46,2000,1000,960303
2,3,"Boruta",50,"Atopic dermatitis","MONDO_0004980",0,0.0854901424950572,0,-0.441566708719289,1,0,8,1.07104139171592,1.01008404077415,1.06034879126993,0.28812581170486,0.363636363636364,44,4,5.743,0.69650008706251,-0.388901336924132,0.623376623376623,14,8,21.294,0.375692683384991,-1.21372469762125,0.95004995004995,50,2000,1000,960303
2,3,"RF_importance",50,"Atopic dermatitis","MONDO_0004980",0,0.0854901424950572,0,-0.441566708719289,1,0,8,1.14836754989134,1.01008404077415,1.13690297394582,0.653621715744321,0.23976023976024,44,7,5.743,1.21887515235939,0.280464131103633,0.351648351648352,15,20,19.962,1.00190361687206,0.00345164045622387,0.455544455544456,49,2000,1000,960303
2,3,"GS_full_ungrouped",100,"Atopic dermatitis","MONDO_0004980",0,0.163203971992331,0,-0.622219146653798,1,0,8,1.25573940115738,1.00652576580999,1.2475978696351,1.71507239729294,0.0579420579420579,87,22,22.99,0.956937799043062,-0.082930627160013,0.486513486513487,25,88,69.142,1.27274305053368,0.75507206896416,0.20979020979021,91,2000,1000,960304
2,3,"DGE",100,"Atopic dermatitis","MONDO_0004980",0,0.163203971992331,0,-0.622219146653798,1,0,8,1.53752781110738,1.00652576580999,1.52755931674543,3.65432232279822,0.002997002997003,86,58,22.99,2.52283601565898,2.93272854229502,0.010989010989011,34,198,72.878,2.71686928839979,4.99811988503778,0.000999000999000999,92,2000,1000,960304
2,3,"LASSO",100,"Atopic dermatitis","MONDO_0004980",0,0.163203971992331,0,-0.622219146653798,1,0,8,1.48960655589593,1.00652576580999,1.47994875689763,3.32453129052895,0.002997002997003,81,17,22.99,0.739451935624185,-0.501772178473212,0.677322677322677,23,220,49.586,4.43673617553342,9.04275439892678,0.000999000999000999,77,2000,1000,960304
2,3,"ElasticNet",100,"Atopic dermatitis","MONDO_0004980",0,0.163203971992331,0,-0.622219146653798,1,0,8,1.23684517060902,1.00652576580999,1.22882613900468,1.58504350366358,0.0699300699300699,82,17,22.99,0.739451935624185,-0.501772178473212,0.677322677322677,24,60,66.106,0.907633195171392,-0.255668975088037,0.563436563436563,88,2000,1000,960304
2,3,"mRMR",100,"Atopic dermatitis","MONDO_0004980",0,0.163203971992331,0,-0.622219146653798,1,0,8,1.31695111702716,1.00652576580999,1.30841272202044,2.1363275350099,0.02997002997003,84,22,22.99,0.956937799043062,-0.082930627160013,0.486513486513487,27,96,69.142,1.38844696421856,1.07539111402266,0.137862137862138,91,2000,1000,960304
2,3,"Boruta",100,"Atopic dermatitis","MONDO_0004980",0,0.163203971992331,0,-0.622219146653798,1,0,8,1.11354879308348,1.00652576580999,1.10632914815386,0.736525670819042,0.208791208791209,87,16,22.99,0.695954762940409,-0.585540488735852,0.702297702297702,25,56,77.376,0.723738626964433,-0.849708664672864,0.816183816183816,95,2000,1000,960304
2,3,"RF_importance",100,"Atopic dermatitis","MONDO_0004980",0,0.163203971992331,0,-0.622219146653798,1,0,8,1.08009050730033,1.00652576580999,1.07308778770422,0.506267874822376,0.286713286713287,88,25,22.99,1.08742931709439,0.168374303627907,0.381618381618382,28,76,72.878,1.04283871675952,0.124711323996483,0.414585414585415,92,2000,1000,960304
2,3,"GS_full_ungrouped",200,"Atopic dermatitis","MONDO_0004980",0.426169231617919,0.35707045439582,1.19351580723479,0.180854874786101,0.468531468531469,1,8,1.24127307891446,1.00447530536934,1.235742752738,2.30935511941432,0.010989010989011,170,88,94.783,0.928436533977612,-0.217796881239906,0.54945054945055,45,282,280.656,1.00478878057123,0.0215469731153638,0.44955044955045,181,2000,1000,960305
2,3,"DGE",200,"Atopic dermatitis","MONDO_0004980",0,0.35707045439582,0,-0.934574169265025,1,0,8,1.20777146770337,1.00447530536934,1.20239040347465,1.98263280188279,0.031968031968032,172,216,94.783,2.27888967430868,3.89218407095057,0.000999000999000999,61,514,291.456,1.76355950812473,3.46462997868017,0.001998001998002,185,2000,1000,960305
2,3,"LASSO",200,"Atopic dermatitis","MONDO_0004980",0,0.35707045439582,0,-0.934574169265025,1,0,8,1.3830690846116,1.00447530536934,1.3769070052977,3.6922115828295,0.002997002997003,166,89,94.783,0.938986949136449,-0.185687655050918,0.538461538461538,41,490,205.154,2.3884496524562,5.54501020954111,0.000999000999000999,156,2000,1000,960305
2,3,"ElasticNet",200,"Atopic dermatitis","MONDO_0004980",0,0.35707045439582,0,-0.934574169265025,1,0,8,1.29746541620809,1.00447530536934,1.29168473258883,2.8573672897068,0.004995004995005,160,73,94.783,0.770180306595065,-0.699435274074727,0.745254745254745,44,390,227.336,1.71552239856424,2.85767320263712,0.012987012987013,163,2000,1000,960305
2,3,"mRMR",200,"Atopic dermatitis","MONDO_0004980",0,0.35707045439582,0,-0.934574169265025,1,0,8,1.01655700466214,1.00447530536934,1.01202787089759,0.117825998510655,0.430569430569431,168,61,94.783,0.643575324689026,-1.08474598834258,0.871128871128871,45,220,264.344,0.83224888781285,-0.708275772581704,0.748251748251748,176,2000,1000,960305
2,3,"Boruta",200,"Atopic dermatitis","MONDO_0004980",0,0.35707045439582,0,-0.934574169265025,1,0,8,1.06555459732137,1.00447530536934,1.0608071613364,0.595671882585215,0.268731268731269,171,93,94.783,0.981188609771795,-0.0572507502949658,0.481518481518482,50,184,286.856,0.64143681847338,-1.54702064223532,0.968031968031968,183,2000,1000,960305
2,3,"RF_importance",200,"Atopic dermatitis","MONDO_0004980",0,0.35707045439582,0,-0.934574169265025,1,0,8,1.04608916287508,1.00447530536934,1.04142845252969,0.405836479924266,0.326673326673327,164,94,94.783,0.991739024930631,-0.0251415241059777,0.47052947052947,47,280,280.716,0.997449379443993,-0.0108394077304846,0.47052947052947,182,2000,1000,960305
2,3,"GS_full_ungrouped",500,"Atopic dermatitis","MONDO_0004980",0.426169231617919,0.879794488445311,0.484396341662704,-0.864231237098027,0.844155844155844,1,8,1.0161533376839,1.00024019636638,1.01590931995667,0.2746877629258,0.391608391608392,405,457,594.216,0.769080603686202,-1.24188088493121,0.902097902097902,100,1474,1620.868,0.909389290182791,-0.722155952299788,0.75024975024975,436,2000,1000,960306
2,3,"DGE",500,"Atopic dermatitis","MONDO_0004980",0.427222515274814,0.879794488445311,0.485593534496631,-0.862224557302065,0.819180819180819,1,8,1.06764937501725,1.00024019636638,1.06739299109929,1.16359655927184,0.118881118881119,409,903,594.216,1.51964942041278,2.79466641771075,0.00599400599400599,127,2362,1732.354,1.36346266409752,2.85537866712157,0.00899100899100899,449,2000,1000,960306
2,3,"LASSO",500,"Atopic dermatitis","MONDO_0004980",0.426169231617919,0.879794488445311,0.484396341662704,-0.864231237098027,0.844155844155844,1,8,1.18350281399383,1.00024019636638,1.18321860918327,3.16342307653538,0.001998001998002,414,529,594.216,0.89024866378556,-0.590240961634749,0.713286713286713,98,2042,1454.32,1.40409263435833,3.01655178398002,0.003996003996004,412,2000,1000,960306
2,3,"ElasticNet",500,"Atopic dermatitis","MONDO_0004980",0.426169231617919,0.879794488445311,0.484396341662704,-0.864231237098027,0.844155844155844,1,8,1.18924648115018,1.00024019636638,1.18896089706294,3.2625684967065,0.001998001998002,408,517,594.216,0.870053987102333,-0.698847615517493,0.751248751248751,97,2010,1429.572,1.40601522693505,3.09703450264303,0.004995004995005,410,2000,1000,960306
2,3,"mRMR",500,"Atopic dermatitis","MONDO_0004980",0,0.879794488445311,0,-1.67615419930296,1,0,8,1.10107582348747,1.00024019636638,1.10081141258609,1.74059365680469,0.048951048951049,410,450,594.216,0.757300375620986,-1.30523476636281,0.92007992007992,95,1852,1458.058,1.27018266763051,2.00324141789557,0.02997002997003,413,2000,1000,960306
2,3,"Boruta",500,"Atopic dermatitis","MONDO_0004980",0.785701668558125,0.879794488445311,0.893051364696023,-0.179262404174482,0.624375624375624,2,8,1.0902499287615,1.00024019636638,1.08998811757626,1.55372038366463,0.0659340659340659,414,681,594.216,1.14604790177309,0.78544332088,0.20979020979021,119,1650,1651.702,0.998969547775567,-0.00810008521371279,0.483516483516484,442,2000,1000,960306
2,3,"RF_importance",500,"Atopic dermatitis","MONDO_0004980",0.78464838490123,0.879794488445311,0.891854171862096,-0.181269083970444,0.638361638361638,2,8,1.00339418581061,1.00024019636638,1.00315323204935,0.0544431980738695,0.467532467532468,423,700,594.216,1.17802280652153,0.957403856194344,0.166833166833167,123,1970,1649.718,1.19414348391665,1.5183820182902,0.0759240759240759,439,2000,1000,960306
2,4,"GS_full_ungrouped",10,"Atopic dermatitis","MONDO_0004980",0,0.0250378164982346,0,-0.218938067821878,1,0,8,1.18663611719101,1.00056506958489,1.1859659638961,0.404006328844953,0.288711288711289,8,1,0.215,4.65116279069767,1.42591091832216,0.171828171828172,3,2,0.83,2.40963855421687,0.801063034280338,0.317682317682318,10,2000,1000,960401
2,4,"DGE",10,"Atopic dermatitis","MONDO_0004980",0,0.0250378164982346,0,-0.218938067821878,1,0,8,2.81781389580518,1.00056506958489,2.81622253410688,3.94569728243365,0.002997002997003,9,6,0.215,27.906976744186,10.508146066871,0.000999000999000999,5,30,0.83,36.144578313253,19.971802316203,0.000999000999000999,10,2000,1000,960401
2,4,"LASSO",10,"Atopic dermatitis","MONDO_0004980",0,0.0250378164982346,0,-0.218938067821878,1,0,8,0.815168844102107,1.00056506958489,0.814708477121135,-0.402541122880984,0.622377622377622,9,0,0.215,0,-0.3905361113876,1,3,0,0.83,0,-0.568275485856992,1,10,2000,1000,960401
2,4,"ElasticNet",10,"Atopic dermatitis","MONDO_0004980",0,0.0250378164982346,0,-0.218938067821878,1,0,8,0.921380311018653,1.00056506958489,0.920859961062715,-0.171929722653779,0.518481518481518,8,0,0.215,0,-0.3905361113876,1,3,2,0.83,2.40963855421687,0.801063034280338,0.317682317682318,10,2000,1000,960401
2,4,"mRMR",10,"Atopic dermatitis","MONDO_0004980",0,0.0250378164982346,0,-0.218938067821878,1,0,8,0.552475465109216,1.00056506958489,0.552163454335285,-0.972913510332958,0.845154845154845,9,0,0.215,0,-0.3905361113876,1,2,0,0.83,0,-0.568275485856992,1,10,2000,1000,960401
2,4,"Boruta",10,"Atopic dermatitis","MONDO_0004980",0,0.0250378164982346,0,-0.218938067821878,1,0,8,0.492193133145327,1.00056506958489,0.491915166846197,-1.10380138324104,0.884115884115884,9,3,0.215,13.953488372093,5.05880497774169,0.014985014985015,4,6,0.83,7.2289156626506,3.539740074555,0.017982017982018,10,2000,1000,960401
2,4,"RF_importance",10,"Atopic dermatitis","MONDO_0004980",0,0.0250378164982346,0,-0.218938067821878,1,0,8,1.54828460841394,1.00056506958489,1.54741021396668,1.1892347733076,0.123876123876124,10,6,0.215,27.906976744186,10.508146066871,0.000999000999000999,5,28,0.83,33.7349397590361,18.6024637960656,0.000999000999000999,10,2000,1000,960401
2,4,"GS_full_ungrouped",20,"Atopic dermatitis","MONDO_0004980",0,0.033418732483082,0,-0.26796286518686,1,0,8,1.42727121725631,0.981340462648245,1.45440983183826,1.39225376115621,0.0929070929070929,15,1,1.026,0.974658869395711,-0.0178423719799333,0.523476523476524,5,10,3.21,3.11526479750779,1.97801343146146,0.0559440559440559,20,2000,1000,960402
2,4,"DGE",20,"Atopic dermatitis","MONDO_0004980",0,0.033418732483082,0,-0.26796286518686,1,0,8,2.03563626962718,0.981340462648245,2.07434254176559,3.29164850701488,0.00699300699300699,18,36,1.026,35.0877192982456,24.0007352933149,0.000999000999000999,12,84,2.952,28.4552845528455,26.3021012578351,0.000999000999000999,19,2000,1000,960402
2,4,"LASSO",20,"Atopic dermatitis","MONDO_0004980",0,0.033418732483082,0,-0.26796286518686,1,0,8,1.12434852850861,0.981340462648245,1.14572726928475,0.446489764413678,0.298701298701299,17,0,1.026,0,-0.704087448131214,1,7,2,3.21,0.623052959501558,-0.352488402366474,0.712287712287712,20,2000,1000,960402
2,4,"ElasticNet",20,"Atopic dermatitis","MONDO_0004980",0,0.033418732483082,0,-0.26796286518686,1,0,8,1.05393397818515,0.981340462648245,1.07397383303753,0.226646388474919,0.358641358641359,16,1,1.026,0.974658869395711,-0.0178423719799333,0.523476523476524,5,4,3.21,1.24610591900312,0.230137056090508,0.424575424575425,20,2000,1000,960402
2,4,"mRMR",20,"Atopic dermatitis","MONDO_0004980",0,0.033418732483082,0,-0.26796286518686,1,0,8,0.901001824435419,0.981340462648245,0.918133775921127,-0.250827667888221,0.551448551448551,17,1,1.026,0.974658869395711,-0.0178423719799333,0.523476523476524,7,0,3.21,0,-0.935113860823457,1,20,2000,1000,960402
2,4,"Boruta",20,"Atopic dermatitis","MONDO_0004980",0,0.033418732483082,0,-0.26796286518686,1,0,8,1.09542511212735,0.981340462648245,1.11625389334425,0.356187100096,0.324675324675325,19,10,1.026,9.74658869395711,6.15836331338159,0.000999000999000999,7,26,3.21,8.09968847352025,6.63901709911732,0.002997002997003,20,2000,1000,960402
2,4,"RF_importance",20,"Atopic dermatitis","MONDO_0004980",0,0.033418732483082,0,-0.26796286518686,1,0,8,1.28857603432579,0.981340462648245,1.31307745208879,0.959229377675466,0.15984015984016,19,10,1.026,9.74658869395711,6.15836331338159,0.000999000999000999,7,36,3.21,11.214953271028,9.55214439140223,0.000999000999000999,20,2000,1000,960402
2,4,"GS_full_ungrouped",50,"Atopic dermatitis","MONDO_0004980",0,0.0964475172089464,0,-0.441398855083102,1,0,8,1.01315052057979,0.979780563937461,1.03405860237544,0.15999129423933,0.405594405594406,41,8,6.269,1.27612059339608,0.365015039232995,0.307692307692308,13,30,20.168,1.48750495834986,0.962792956253356,0.175824175824176,49,2000,1000,960403
2,4,"DGE",50,"Atopic dermatitis","MONDO_0004980",0,0.0964475172089464,0,-0.441398855083102,1,0,8,1.53089867761766,0.979780563937461,1.56249137201233,2.64231989365507,0.00899100899100899,44,59,6.269,9.41138937629606,11.1193576162883,0.000999000999000999,22,166,19.196,8.64763492394249,14.5380746148569,0.000999000999000999,47,2000,1000,960403
2,4,"LASSO",50,"Atopic dermatitis","MONDO_0004980",0,0.0964475172089464,0,-0.441398855083102,1,0,8,1.53845505508452,0.979780563937461,1.57020368816249,2.67854872738245,0.00899100899100899,41,5,6.269,0.797575370872548,-0.267593347652611,0.565434565434565,13,94,15.61,6.02178090967329,8.81448931923858,0.000999000999000999,43,2000,1000,960403
2,4,"ElasticNet",50,"Atopic dermatitis","MONDO_0004980",0,0.0964475172089464,0,-0.441398855083102,1,0,8,1.09583487958637,0.979780563937461,1.11844929356684,0.556419067658491,0.273726273726274,38,5,6.269,0.797575370872548,-0.267593347652611,0.565434565434565,13,20,19.566,1.02218133496882,0.0409055131481406,0.452547452547453,48,2000,1000,960403
2,4,"mRMR",50,"Atopic dermatitis","MONDO_0004980",0,0.0964475172089464,0,-0.441398855083102,1,0,8,1.11843147525086,0.979780563937461,1.14151220836245,0.664757793552357,0.241758241758242,39,12,6.269,1.91418089009411,1.2084928884138,0.124875124875125,14,14,19.196,0.729318608043342,-0.51456251668072,0.701298701298701,47,2000,1000,960403
2,4,"Boruta",50,"Atopic dermatitis","MONDO_0004980",0,0.0964475172089464,0,-0.441398855083102,1,0,8,1.26708777625447,0.979780563937461,1.2932362846252,1.37748613927127,0.102897102897103,46,34,6.269,5.42351252193332,5.84762105890825,0.000999000999000999,19,90,21,4.28571428571429,6.37826104615535,0.000999000999000999,50,2000,1000,960403
2,4,"RF_importance",50,"Atopic dermatitis","MONDO_0004980",0,0.0964475172089464,0,-0.441398855083102,1,0,8,1.15908497980495,0.979780563937461,1.18300466703169,0.859669848089591,0.196803196803197,43,44,6.269,7.01866326367842,7.95631568186027,0.000999000999000999,19,96,19.566,4.90647040785035,7.20408293079486,0.000999000999000999,48,2000,1000,960403
2,4,"GS_full_ungrouped",100,"Atopic dermatitis","MONDO_0004980",0,0.196558688056716,0,-0.614633334301855,1,0,8,0.99851093591129,0.995264404487393,1.00326197883624,0.022568302384827,0.44955044955045,81,34,25.403,1.33842459552021,0.703713388868093,0.22977022977023,23,102,78.956,1.29185875677593,0.920935075935906,0.185814185814186,96,2000,1000,960404
2,4,"DGE",100,"Atopic dermatitis","MONDO_0004980",0,0.196558688056716,0,-0.614633334301855,1,0,8,1.32564516150621,0.995264404487393,1.33195275097674,2.29664582071934,0.015984015984016,83,121,25.403,4.76321694288076,7.82515864087741,0.000999000999000999,36,268,75.724,3.53916855950557,7.37838170101544,0.000999000999000999,94,2000,1000,960404
2,4,"LASSO",100,"Atopic dermatitis","MONDO_0004980",0,0.196558688056716,0,-0.614633334301855,1,0,8,1.48538186774636,0.995264404487393,1.49244950492468,3.40705746246342,0.002997002997003,82,21,25.403,0.826674014880132,-0.360410614305713,0.617382617382617,22,192,51.554,3.72425030065562,7.22637456746464,0.000999000999000999,78,2000,1000,960404
2,4,"ElasticNet",100,"Atopic dermatitis","MONDO_0004980",0,0.196558688056716,0,-0.614633334301855,1,0,8,1.02531846919489,0.995264404487393,1.03019706579678,0.20892119362195,0.384615384615385,83,26,25.403,1.02350116128016,0.0488678484534431,0.445554445554446,25,86,78.956,1.08921424590911,0.281507840431024,0.368631368631369,96,2000,1000,960404
2,4,"mRMR",100,"Atopic dermatitis","MONDO_0004980",0,0.196558688056716,0,-0.614633334301855,1,0,8,1.06720456952589,0.995264404487393,1.07228246555803,0.500092925715122,0.301698301698302,84,33,25.403,1.29905916624021,0.621857696316262,0.254745254745255,27,118,75.724,1.55829063440917,1.62229537119624,0.0799200799200799,94,2000,1000,960404
2,4,"Boruta",100,"Atopic dermatitis","MONDO_0004980",0,0.196558688056716,0,-0.614633334301855,1,0,8,1.1690826566341,0.995264404487393,1.17464530165352,1.20829967810366,0.122877122877123,88,76,25.403,2.99177262528048,4.14165247604501,0.001998001998002,34,182,77.526,2.34759951500142,3.91582604965754,0.002997002997003,95,2000,1000,960404
2,4,"RF_importance",100,"Atopic dermatitis","MONDO_0004980",0,0.196558688056716,0,-0.614633334301855,1,0,8,1.01251508227507,0.995264404487393,1.0173327587221,0.119918294888422,0.418581418581419,83,77,25.403,3.03113805456048,4.22350816859684,0.001998001998002,28,168,78.956,2.12776736410153,3.55857242239354,0.003996003996004,96,2000,1000,960404
2,4,"GS_full_ungrouped",200,"Atopic dermatitis","MONDO_0004980",0,0.355817423759666,0,-0.870522373362609,1,0,8,1.0366659953938,0.994428220600561,1.04247443296382,0.442457457082479,0.310689310689311,161,131,99.803,1.31258579401421,0.944562078805188,0.170829170829171,51,392,294.868,1.3294084132561,1.53755994479062,0.0779220779220779,186,2000,1000,960405
2,4,"DGE",200,"Atopic dermatitis","MONDO_0004980",0,0.355817423759666,0,-0.870522373362609,1,0,8,1.07396139736859,0.994428220600561,1.07997880100385,0.833141597035788,0.1998001998002,169,316,99.803,3.16623748785107,6.54586940255297,0.000999000999000999,68,670,303.156,2.2100832574648,5.67229435331727,0.000999000999000999,188,2000,1000,960405
2,4,"LASSO",200,"Atopic dermatitis","MONDO_0004980",0,0.355817423759666,0,-0.870522373362609,1,0,8,1.3677435881752,0.994428220600561,1.37540705285815,3.91062666145336,0.000999000999000999,168,85,99.803,0.851677805276394,-0.448195417910478,0.647352647352647,38,424,211.572,2.00404590399486,4.08824180673376,0.000999000999000999,157,2000,1000,960405
2,4,"ElasticNet",200,"Atopic dermatitis","MONDO_0004980",0,0.355817423759666,0,-0.870522373362609,1,0,8,1.23885461452672,0.994428220600561,1.24579591453925,2.56046350049985,0.00999000999000999,163,104,99.803,1.04205284410288,0.127073982906862,0.403596403596404,46,418,249.81,1.67327168648173,2.93201836604881,0.010989010989011,170,2000,1000,960405
2,4,"mRMR",200,"Atopic dermatitis","MONDO_0004980",0,0.355817423759666,0,-0.870522373362609,1,0,8,1.02378071303089,0.994428220600561,1.02951695438873,0.307479009567461,0.374625374625375,166,127,99.803,1.27250683847179,0.823452731264695,0.198801198801199,52,422,288.656,1.46194778559947,2.08431677497751,0.036963036963037,184,2000,1000,960405
2,4,"Boruta",200,"Atopic dermatitis","MONDO_0004980",0,0.355817423759666,0,-0.870522373362609,1,0,8,1.05118169598733,0.994428220600561,1.05707146499975,0.594515182751611,0.258741258741259,169,262,99.803,2.62517158802842,4.91089321075632,0.000999000999000999,65,562,297.768,1.88737540635663,4.09262782612633,0.002997002997003,185,2000,1000,960405
2,4,"RF_importance",200,"Atopic dermatitis","MONDO_0004980",0,0.355817423759666,0,-0.870522373362609,1,0,8,1.07648486115222,0.994428220600561,1.08251640375019,0.859575881848654,0.190809190809191,163,212,99.803,2.12418464374818,3.39702636650016,0.004995004995005,60,504,308.368,1.63441083380896,2.89393332897608,0.00899100899100899,189,2000,1000,960405
2,4,"GS_full_ungrouped",500,"Atopic dermatitis","MONDO_0004980",0,0.976475715310257,0,-1.59325770771372,1,0,8,0.997863063273433,0.995484472455773,1.00238938012945,0.0409905193626894,0.484515484515485,406,893,640.13,1.39502913470701,2.12170177212335,0.02997002997003,132,2342,1714.772,1.36577924062208,2.85972093062742,0.010989010989011,446,2000,1000,960406
2,4,"DGE",500,"Atopic dermatitis","MONDO_0004980",0,0.976475715310257,0,-1.59325770771372,1,0,8,1.03722593790598,0.995484472455773,1.04193080515584,0.719335303516854,0.240759240759241,407,969,640.13,1.51375501851186,2.75937858108201,0.010989010989011,139,2894,1756.28,1.64780103400369,5.1207521267231,0.000999000999000999,450,2000,1000,960406
2,4,"LASSO",500,"Atopic dermatitis","MONDO_0004980",0.426169231617919,0.976475715310257,0.436436078169657,-0.897902562245564,0.85014985014985,1,8,1.18760541600831,0.995484472455773,1.19299240607801,3.31084152776503,0.001998001998002,412,448,640.13,0.69985784137597,-1.61206375401613,0.961038961038961,90,1792,1442.326,1.2424375626592,1.88508565685083,0.031968031968032,409,2000,1000,960406
2,4,"ElasticNet",500,"Atopic dermatitis","MONDO_0004980",0.426169231617919,0.976475715310257,0.436436078169657,-0.897902562245564,0.85014985014985,1,8,1.17218719549764,0.995484472455773,1.17750424836458,3.04513762371873,0.002997002997003,410,457,640.13,0.713917485510756,-1.5365493950605,0.95004995004995,92,1766,1470.44,1.20100106090694,1.5516661024292,0.0799200799200799,413,2000,1000,960406
2,4,"mRMR",500,"Atopic dermatitis","MONDO_0004980",0.426169231617919,0.976475715310257,0.436436078169657,-0.897902562245564,0.85014985014985,1,8,1.13783544251862,0.995484472455773,1.14299667548976,2.45315005478741,0.00599400599400599,406,486,640.13,0.759220783278397,-1.29322534953681,0.917082917082917,101,1882,1484.328,1.26791383036633,2.10107610324912,0.027972027972028,415,2000,1000,960406
2,4,"Boruta",500,"Atopic dermatitis","MONDO_0004980",0.814871589141373,0.976475715310257,0.834502667465174,-0.263679900667171,0.604395604395604,1,8,0.965703349276168,0.995484472455773,0.970083789347174,-0.513221398683972,0.695304695304695,420,893,640.13,1.39502913470701,2.12170177212335,0.02997002997003,128,2408,1720,1.4,3.31951286130607,0.004995004995005,448,2000,1000,960406
2,4,"RF_importance",500,"Atopic dermatitis","MONDO_0004980",0.886601478758913,0.976475715310257,0.907960602458211,-0.146642479546783,0.518481518481518,2,8,1.02916320889644,0.995484472455773,1.03383150352671,0.580389400283838,0.283716283716284,413,980,640.13,1.53093902800994,2.85167390869444,0.00899100899100899,133,2128,1756.28,1.2116519006081,1.67307068570959,0.0539460539460539,450,2000,1000,960406
2,5,"GS_full_ungrouped",10,"Atopic dermatitis","MONDO_0004980",0,0.0200374206018023,0,-0.198272235070262,1,0,9,2.52803222569695,1.03328135689107,2.44660586280515,3.10600079474336,0.00999000999000999,8,0,0.261,0,-0.40021247172478,1,0,2,0.586000000000001,3.41296928327645,1.19590178135759,0.243756243756244,9,2000,1000,960501
2,5,"DGE",10,"Atopic dermatitis","MONDO_0004980",0,0.0200374206018023,0,-0.198272235070262,1,0,9,2.54752979230987,1.03328135689107,2.46547542479123,3.14651554449806,0.00899100899100899,8,1,0.261,3.83141762452107,1.13316864599468,0.197802197802198,2,10,0.716,13.9664804469274,7.06038620952772,0.000999000999000999,10,2000,1000,960501
2,5,"LASSO",10,"Atopic dermatitis","MONDO_0004980",0,0.0200374206018023,0,-0.198272235070262,1,0,9,2.04542949880856,1.03328135689107,1.97954747288079,2.10318187384977,0.041958041958042,7,0,0.261,0,-0.40021247172478,1,2,4,0.716,5.58659217877095,2.49744811633876,0.0609390609390609,10,2000,1000,960501
2,5,"ElasticNet",10,"Atopic dermatitis","MONDO_0004980",0,0.0200374206018023,0,-0.198272235070262,1,0,9,2.08751318767879,1.03328135689107,2.02027567201995,2.19062920290274,0.037962037962038,8,0,0.261,0,-0.40021247172478,1,2,2,0.586000000000001,3.41296928327645,1.19590178135759,0.243756243756244,9,2000,1000,960501
2,5,"mRMR",10,"Atopic dermatitis","MONDO_0004980",0,0.0200374206018023,0,-0.198272235070262,1,0,9,2.15637277505412,1.03328135689107,2.08691733444432,2.3337152097932,0.032967032967033,8,0,0.261,0,-0.40021247172478,1,3,2,0.586000000000001,3.41296928327645,1.19590178135759,0.243756243756244,9,2000,1000,960501
2,5,"Boruta",10,"Atopic dermatitis","MONDO_0004980",0,0.0200374206018023,0,-0.198272235070262,1,0,9,2.62025668861115,1.03328135689107,2.53585983249998,3.29763758257484,0.004995004995005,9,0,0.261,0,-0.40021247172478,1,1,2,0.432,4.62962962962963,1.53872391731775,0.177822177822178,8,2000,1000,960501
2,5,"RF_importance",10,"Atopic dermatitis","MONDO_0004980",0,0.0200374206018023,0,-0.198272235070262,1,0,9,2.26945135222486,1.03328135689107,2.19635372020372,2.56868557033317,0.022977022977023,8,0,0.261,0,-0.40021247172478,1,2,2,0.586000000000001,3.41296928327645,1.19590178135759,0.243756243756244,9,2000,1000,960501
2,5,"GS_full_ungrouped",20,"Atopic dermatitis","MONDO_0004980",0,0.0485771201484691,0,-0.302755909853644,1,0,9,2.00054153858258,1.02646557360599,1.94896116345592,2.92193152195054,0.011988011988012,16,0,1,0,-0.753829812136353,1,3,4,2.404,1.66389351081531,0.592983796162365,0.316683316683317,18,2000,1000,960502
2,5,"DGE",20,"Atopic dermatitis","MONDO_0004980",0,0.0485771201484691,0,-0.302755909853644,1,0,9,2.01036697801108,1.02646557360599,1.95853327155301,2.95140485074152,0.011988011988012,17,1,1,1,0,0.541458541458541,5,22,2.62,8.3969465648855,6.52691152110006,0.000999000999000999,19,2000,1000,960502
2,5,"LASSO",20,"Atopic dermatitis","MONDO_0004980",0,0.0485771201484691,0,-0.302755909853644,1,0,9,2.05839460931806,1.02646557360599,2.00532259653569,3.0954731317445,0.010989010989011,17,0,1,0,-0.753829812136353,1,3,30,2.404,12.4792013311148,10.2531208263763,0.000999000999000999,18,2000,1000,960502
2,5,"ElasticNet",20,"Atopic dermatitis","MONDO_0004980",0,0.0485771201484691,0,-0.302755909853644,1,0,9,2.09724980281459,1.02646557360599,2.04317597856391,3.21202689012794,0.004995004995005,18,0,1,0,-0.753829812136353,1,4,18,2.23,8.07174887892377,5.99224599408194,0.002997002997003,17,2000,1000,960502
2,5,"mRMR",20,"Atopic dermatitis","MONDO_0004980",0,0.0485771201484691,0,-0.302755909853644,1,0,9,1.77882406988477,1.02646557360599,1.73296028198562,2.25684657575666,0.024975024975025,17,2,1,2,0.753829812136353,0.22977022977023,6,4,2.404,1.66389351081531,0.592983796162365,0.316683316683317,18,2000,1000,960502
2,5,"Boruta",20,"Atopic dermatitis","MONDO_0004980",0,0.0485771201484691,0,-0.302755909853644,1,0,9,1.6134227423777,1.02646557360599,1.57182353102181,1.76069291834967,0.051948051948052,17,0,1,0,-0.753829812136353,1,4,6,2.23,2.69058295964125,1.43251537081096,0.123876123876124,17,2000,1000,960502
2,5,"RF_importance",20,"Atopic dermatitis","MONDO_0004980",0,0.0485771201484691,0,-0.302755909853644,1,0,9,1.89433702878804,1.02646557360599,1.84549494644345,2.60335030641933,0.017982017982018,17,2,1,2,0.753829812136353,0.22977022977023,5,8,2.62,3.05343511450382,1.81190835828268,0.0899100899100899,19,2000,1000,960502
2,5,"GS_full_ungrouped",50,"Atopic dermatitis","MONDO_0004980",0,0.112559136390105,0,-0.456243536105944,1,0,9,1.40024517451483,1.01705441174144,1.37676525301854,1.8607130881141,0.043956043956044,39,1,6.319,0.158252888115208,-1.20104593146758,0.969030969030969,5,18,16.762,1.07385753490037,0.135345395787662,0.404595404595405,46,2000,1000,960503
2,5,"DGE",50,"Atopic dermatitis","MONDO_0004980",0,0.112559136390105,0,-0.456243536105944,1,0,9,1.92795273890391,1.01705441174144,1.89562398692396,4.42317666278085,0.000999000999000999,43,23,6.319,3.63981642664979,3.76661913570422,0.004995004995005,17,100,15.932,6.27667587245795,9.12445405724134,0.000999000999000999,45,2000,1000,960503
2,5,"LASSO",50,"Atopic dermatitis","MONDO_0004980",0,0.112559136390105,0,-0.456243536105944,1,0,9,1.88615984177264,1.01705441174144,1.85453189131059,4.22023703521899,0.000999000999000999,38,3,6.319,0.474758664345624,-0.749440016270145,0.81018981018981,8,96,10.636,9.0259496051147,12.9507555295991,0.000999000999000999,36,2000,1000,960503
2,5,"ElasticNet",50,"Atopic dermatitis","MONDO_0004980",0,0.112559136390105,0,-0.456243536105944,1,0,9,1.96066015225178,1.01705441174144,1.92778294810663,4.58199863347307,0.000999000999000999,39,3,6.319,0.474758664345624,-0.749440016270145,0.81018981018981,8,96,9.52,10.0840336134454,13.5292802300339,0.000999000999000999,35,2000,1000,960503
2,5,"mRMR",50,"Atopic dermatitis","MONDO_0004980",0,0.112559136390105,0,-0.456243536105944,1,0,9,1.38793605479795,1.01705441174144,1.364662537987,1.8009419704739,0.045954045954046,42,2,6.319,0.316505776230416,-0.975242973868863,0.896103896103896,9,14,13.848,1.01097631426921,0.0183138137091393,0.47052947052947,42,2000,1000,960503
2,5,"Boruta",50,"Atopic dermatitis","MONDO_0004980",0,0.112559136390105,0,-0.456243536105944,1,0,9,1.61977042103475,1.01705441174144,1.59260940450699,2.92669259245993,0.004995004995005,42,19,6.319,3.00680487418895,2.86340730530934,0.016983016983017,17,56,15.932,3.51493848857645,4.34884409246736,0.002997002997003,45,2000,1000,960503
2,5,"RF_importance",50,"Atopic dermatitis","MONDO_0004980",0,0.112559136390105,0,-0.456243536105944,1,0,9,1.38456838609104,1.01705441174144,1.36135133981704,1.78458910958021,0.045954045954046,43,23,6.319,3.63981642664979,3.76661913570422,0.004995004995005,13,72,15.932,4.51920662816972,6.08542953420335,0.001998001998002,45,2000,1000,960503
2,5,"GS_full_ungrouped",100,"Atopic dermatitis","MONDO_0004980",0,0.207389662236685,0,-0.638360555960943,1,0,9,1.25177480600436,1.02971684858074,1.21564953290769,1.48080033753162,0.0869130869130869,77,12,24.844,0.483014007406215,-1.03731543119043,0.895104895104895,19,80,67.92,1.17785630153121,0.496447336492227,0.277722277722278,91,2000,1000,960504
2,5,"DGE",100,"Atopic dermatitis","MONDO_0004980",0,0.207389662236685,0,-0.638360555960943,1,0,9,1.58866631955301,1.02971684858074,1.54281861245902,3.72737178564551,0.001998001998002,86,80,24.844,3.2200933827081,4.45454452839763,0.002997002997003,30,252,62.97,4.00190566936637,7.8198716062198,0.000999000999000999,88,2000,1000,960504
2,5,"LASSO",100,"Atopic dermatitis","MONDO_0004980",0,0.207389662236685,0,-0.638360555960943,1,0,9,1.55626026676708,1.02971684858074,1.51134777381964,3.51127102321287,0.001998001998002,79,18,24.844,0.724521011109322,-0.552739552403246,0.695304695304695,18,172,46.386,3.70801534945889,6.78721446051077,0.000999000999000999,76,2000,1000,960504
2,5,"ElasticNet",100,"Atopic dermatitis","MONDO_0004980",0,0.207389662236685,0,-0.638360555960943,1,0,9,1.59216566343772,1.02971684858074,1.54621696792881,3.75070726826338,0.000999000999000999,81,20,24.844,0.805023345677024,-0.391214259474185,0.609390609390609,19,174,46.386,3.75113180701074,6.8952790784755,0.000999000999000999,76,2000,1000,960504
2,5,"mRMR",100,"Atopic dermatitis","MONDO_0004980",0,0.207389662236685,0,-0.638360555960943,1,0,9,1.33257745204687,1.02971684858074,1.29412027576665,2.019635274687,0.021978021978022,82,10,24.844,0.402511672838512,-1.19884072411949,0.937062937062937,20,68,57.088,1.19114349775785,0.509731528289415,0.277722277722278,84,2000,1000,960504
2,5,"Boruta",100,"Atopic dermatitis","MONDO_0004980",0,0.207389662236685,0,-0.638360555960943,1,0,9,1.53044302746005,1.02971684858074,1.48627560049101,3.33910796666878,0.002997002997003,81,48,24.844,1.93205602962486,1.87013984153266,0.0539460539460539,28,154,67.162,2.29296328280873,3.60584579820854,0.004995004995005,90,2000,1000,960504
2,5,"RF_importance",100,"Atopic dermatitis","MONDO_0004980",0,0.207389662236685,0,-0.638360555960943,1,0,9,1.24104265856405,1.02971684858074,1.20522710711647,1.40923268133759,0.0999000999000999,87,41,24.844,1.6502978586379,1.30480131628095,0.114885114885115,25,126,67.92,1.85512367491166,2.38689249200899,0.027972027972028,91,2000,1000,960504
2,5,"GS_full_ungrouped",200,"Atopic dermatitis","MONDO_0004980",0,0.431354547276574,0,-0.933269802064212,1,0,9,1.00453143769739,1.02854969683706,0.976648421351413,-0.255423856517326,0.588411588411588,159,44,100.253,0.4388896092885,-1.68506505999358,0.985014985014985,35,224,268.862,0.833141165356205,-0.746091368847133,0.782217782217782,181,2000,1000,960505
2,5,"DGE",200,"Atopic dermatitis","MONDO_0004980",0.515670714068702,0.431354547276574,1.19546836198777,0.182424719502141,0.377622377622378,1,9,1.25607959258642,1.02854969683706,1.22121429469966,2.419682588456,0.00999000999000999,168,152,100.253,1.51616410481482,1.55008731373416,0.0819180819180819,51,550,257.538,2.13560717253376,4.92168811254004,0.001998001998002,177,2000,1000,960505
2,5,"LASSO",200,"Atopic dermatitis","MONDO_0004980",0,0.431354547276574,0,-0.933269802064212,1,0,9,1.4614145585727,1.02854969683706,1.42084972954323,4.60333164416307,0.000999000999000999,167,100,100.253,0.997476384746591,-0.00757864398660339,0.462537462537463,36,480,196.016,2.44877969145376,5.80275627252522,0.000999000999000999,155,2000,1000,960505
2,5,"ElasticNet",200,"Atopic dermatitis","MONDO_0004980",0,0.431354547276574,0,-0.933269802064212,1,0,9,1.46602578171841,1.02854969683706,1.4253329578791,4.65237001918808,0.000999000999000999,168,106,100.253,1.05732496783139,0.172152043442716,0.393606393606394,37,482,192.87,2.49909265308239,6.10135790570812,0.000999000999000999,154,2000,1000,960505
2,5,"mRMR",200,"Atopic dermatitis","MONDO_0004980",0,0.431354547276574,0,-0.933269802064212,1,0,9,1.17993305670742,1.02854969683706,1.1471813761998,1.60989692740775,0.0579420579420579,167,95,100.253,0.947602565509261,-0.157354216844369,0.52047952047952,45,308,249.598,1.23398424666864,1.0166276041826,0.14985014985015,175,2000,1000,960505
2,5,"Boruta",200,"Atopic dermatitis","MONDO_0004980",0,0.431354547276574,0,-0.933269802064212,1,0,9,1.25713411625537,1.02854969683706,1.2222395477061,2.43089699416069,0.00999000999000999,165,148,100.253,1.47626504942495,1.43026685544795,0.0919080919080919,55,392,268.862,1.45799703937336,2.04788460115684,0.030969030969031,181,2000,1000,960505
2,5,"RF_importance",200,"Atopic dermatitis","MONDO_0004980",0,0.431354547276574,0,-0.933269802064212,1,0,9,1.25558871253966,1.02854969683706,1.22073704012629,2.41446229026953,0.010989010989011,169,142,100.253,1.41641646634016,1.25053616801863,0.122877122877123,45,382,259.654,1.47118858172799,2.08792335580947,0.028971028971029,179,2000,1000,960505
2,5,"GS_full_ungrouped",500,"Atopic dermatitis","MONDO_0004980",0,1.13419709746155,0,-1.74054281072316,1,0,9,1.17236154567681,1.02621836142024,1.14240944203563,2.52058123106712,0.00699300699300699,418,975,621.308,1.56926999169494,3.01326395910248,0.003996003996004,127,2832,1552.194,1.82451420376577,6.36646978039084,0.000999000999000999,436,2000,1000,960506
2,5,"DGE",500,"Atopic dermatitis","MONDO_0004980",0.941839945686621,1.13419709746155,0.830402359338213,-0.295191954169484,0.608391608391608,2,9,1.07155975213519,1.02621836142024,1.04418298523933,0.782018395233218,0.210789210789211,405,734,621.308,1.18137863990163,0.960074703638129,0.167832167832168,117,2048,1638.21,1.25014497530842,1.92287892094506,0.038961038961039,448,2000,1000,960506
2,5,"LASSO",500,"Atopic dermatitis","MONDO_0004980",0.886601478758913,1.13419709746155,0.781699654092945,-0.379961097646905,0.657342657342657,2,9,1.23733249832056,1.02621836142024,1.20572048292739,3.64115736078175,0.000999000999000999,408,496,621.308,0.798315811159683,-1.06755617935157,0.856143856143856,90,1866,1354.982,1.37714006532928,2.71396890333975,0.00899100899100899,407,2000,1000,960506
2,5,"ElasticNet",500,"Atopic dermatitis","MONDO_0004980",0.886601478758913,1.13419709746155,0.781699654092945,-0.379961097646905,0.657342657342657,2,9,1.23903610834288,1.02621836142024,1.20738056823317,3.67054010257119,0.000999000999000999,409,501,621.308,0.806363349578631,-1.0249588918938,0.847152847152847,90,1866,1345.908,1.38642462932087,2.78657446373579,0.004995004995005,406,2000,1000,960506
2,5,"mRMR",500,"Atopic dermatitis","MONDO_0004980",0.426169231617919,1.13419709746155,0.375745302621327,-1.08654202558261,0.906093906093906,1,9,1.20103623477193,1.02621836142024,1.17035153523247,3.01514335182228,0.001998001998002,407,440,621.308,0.70818338086746,-1.54464579887855,0.955044955044955,93,1790,1378.152,1.29884076647569,2.11528675261514,0.028971028971029,412,2000,1000,960506
2,5,"Boruta",500,"Atopic dermatitis","MONDO_0004980",0.36733311262685,1.13419709746155,0.32387061600579,-1.1768321384298,0.93006993006993,1,9,1.08546250628633,1.02621836142024,1.05773054458322,1.02180392715361,0.150849150849151,403,602,621.308,0.968923625641389,-0.164493685246912,0.534465534465534,120,1540,1585.624,0.971226469831435,-0.223351103810035,0.566433566433566,440,2000,1000,960506
2,5,"RF_importance",500,"Atopic dermatitis","MONDO_0004980",0,1.13419709746155,0,-1.74054281072316,1,0,9,1.093626791725,1.02621836142024,1.06568624460341,1.16261613640212,0.127872127872128,416,623,621.308,1.00272328700097,0.0144149220757083,0.467532467532468,113,1630,1604.992,1.01558138607544,0.119489864200661,0.452547452547453,444,2000,1000,960506
3,1,"GS_full_ungrouped",10,"Atopic dermatitis","MONDO_0004980",0,0.0137109912770719,0,-0.174641970858821,1,0,7,1.24547803748788,1.00263725944394,1.24220202845705,0.517305689972391,0.252747252747253,8,0,0.22,0,-0.397767000123737,1,2,0,0.634,0,-0.513639480777834,1,9,2000,1000,970101
3,1,"DGE",10,"Atopic dermatitis","MONDO_0004980",0,0.0137109912770719,0,-0.174641970858821,1,0,7,1.77167255000834,1.00263725944394,1.7670124796588,1.63821881482585,0.0729270729270729,9,1,0.22,4.54545454545455,1.41026481862052,0.168831168831169,2,4,0.726000000000001,5.50964187327823,2.39881690485011,0.0649350649350649,10,2000,1000,970101
3,1,"LASSO",10,"Atopic dermatitis","MONDO_0004980",0,0.0137109912770719,0,-0.174641970858821,1,0,7,1.90331659233961,1.00263725944394,1.89831025569026,1.91865034983192,0.0539460539460539,9,0,0.22,0,-0.397767000123737,1,2,8,0.468,17.0940170940171,6.97484508660163,0.003996003996004,8,2000,1000,970101
3,1,"ElasticNet",10,"Atopic dermatitis","MONDO_0004980",0,0.0137109912770719,0,-0.174641970858821,1,0,7,1.12659844576512,1.00263725944394,1.12363512841118,0.264065316938131,0.32967032967033,8,0,0.22,0,-0.397767000123737,1,3,2,0.634,3.15457413249212,1.1066743387106,0.254745254745255,9,2000,1000,970101
3,1,"mRMR",10,"Atopic dermatitis","MONDO_0004980",0,0.0137109912770719,0,-0.174641970858821,1,0,7,1.3965350269782,1.00263725944394,1.39286168933391,0.839091185814045,0.185814185814186,7,0,0.22,0,-0.397767000123737,1,3,0,0.726000000000001,0,-0.531930688124979,1,10,2000,1000,970101
3,1,"Boruta",10,"Atopic dermatitis","MONDO_0004980",0,0.0137109912770719,0,-0.174641970858821,1,0,7,1.58673440777071,1.00263725944394,1.58256078439645,1.24425881336705,0.116883116883117,8,0,0.22,0,-0.397767000123737,1,2,2,0.726000000000001,2.75482093663912,0.933443108362565,0.276723276723277,10,2000,1000,970101
3,1,"RF_importance",10,"Atopic dermatitis","MONDO_0004980",0,0.0137109912770719,0,-0.174641970858821,1,0,7,1.23565401409866,1.00263725944394,1.23240384541859,0.496378301917554,0.260739260739261,8,0,0.22,0,-0.397767000123737,1,1,2,0.726000000000001,2.75482093663912,0.933443108362565,0.276723276723277,10,2000,1000,970101
3,1,"GS_full_ungrouped",20,"Atopic dermatitis","MONDO_0004980",0,0.0351601661243322,0,-0.276306442799623,1,0,7,1.02754377663682,0.991882843108841,1.03595276778475,0.110724493923332,0.406593406593407,18,0,0.956,0,-0.703643437506992,1,3,2,3.09,0.647249190938511,-0.341928716828689,0.727272727272727,19,2000,1000,970102
3,1,"DGE",20,"Atopic dermatitis","MONDO_0004980",0,0.0351601661243322,0,-0.276306442799623,1,0,7,1.59513438205457,0.991882843108841,1.60818829878634,1.87305027519371,0.04995004995005,19,6,0.956,6.27615062761507,3.71252876441974,0.01998001998002,7,22,3.184,6.90954773869347,5.52988055905913,0.004995004995005,20,2000,1000,970102
3,1,"LASSO",20,"Atopic dermatitis","MONDO_0004980",0,0.0351601661243322,0,-0.276306442799623,1,0,7,1.71305664695886,0.991882843108841,1.72707559048975,2.23918996398165,0.01998001998002,17,0,0.956,0,-0.703643437506992,1,3,44,2.538,17.3364854215918,14.8055926661743,0.000999000999000999,17,2000,1000,970102
3,1,"ElasticNet",20,"Atopic dermatitis","MONDO_0004980",0,0.0351601661243322,0,-0.276306442799623,1,0,7,1.09773667925474,0.991882843108841,1.10672009994056,0.328668132815541,0.324675324675325,17,0,0.956,0,-0.703643437506992,1,4,2,2.538,0.788022064617809,-0.192113473889388,0.64035964035964,17,2000,1000,970102
3,1,"mRMR",20,"Atopic dermatitis","MONDO_0004980",0,0.0351601661243322,0,-0.276306442799623,1,0,7,1.23276687747497,0.991882843108841,1.2428553291749,0.74792665700907,0.226773226773227,15,0,0.956,0,-0.703643437506992,1,4,2,3.09,0.647249190938511,-0.341928716828689,0.727272727272727,19,2000,1000,970102
3,1,"Boruta",20,"Atopic dermatitis","MONDO_0004980",0,0.0351601661243322,0,-0.276306442799623,1,0,7,1.2786989348857,0.991882843108841,1.28916327545085,0.890542211581423,0.195804195804196,17,0,0.956,0,-0.703643437506992,1,3,2,2.59,0.772200772200773,-0.214248425513722,0.668331668331668,18,2000,1000,970102
3,1,"RF_importance",20,"Atopic dermatitis","MONDO_0004980",0,0.0351601661243322,0,-0.276306442799623,1,0,7,1.76584665444568,0.991882843108841,1.78029760945458,2.40309893340339,0.011988011988012,17,1,0.956,1.04602510460251,0.0323852628141296,0.515484515484515,3,14,3.09,4.53074433656958,3.42242412899174,0.01998001998002,19,2000,1000,970102
3,1,"GS_full_ungrouped",50,"Atopic dermatitis","MONDO_0004980",0,0.08266352654636,0,-0.434758457631017,1,0,7,0.922357003769914,1.00333786357922,0.919288544020033,-0.381374866001598,0.623376623376623,40,1,5.74,0.174216027874564,-1.1044535456049,0.965034965034965,8,8,16.534,0.483851457602516,-0.973122648871715,0.889110889110889,45,2000,1000,970103
3,1,"DGE",50,"Atopic dermatitis","MONDO_0004980",0,0.08266352654636,0,-0.434758457631017,1,0,7,1.33915413004972,1.00333786357922,1.3346990865794,1.58150807398096,0.0649350649350649,41,11,5.74,1.91637630662021,1.22561722571346,0.125874125874126,14,50,18.898,2.64578262249973,3.10781179118787,0.015984015984016,48,2000,1000,970103
3,1,"LASSO",50,"Atopic dermatitis","MONDO_0004980",0,0.08266352654636,0,-0.434758457631017,1,0,7,1.70933709878137,1.00333786357922,1.70365054567325,3.32486422540427,0.003996003996004,38,5,5.74,0.871080139372822,-0.172425237077559,0.525474525474525,10,90,10.608,8.4841628959276,11.159089059415,0.000999000999000999,35,2000,1000,970103
3,1,"ElasticNet",50,"Atopic dermatitis","MONDO_0004980",0,0.08266352654636,0,-0.434758457631017,1,0,7,0.834482057672228,1.00333786357922,0.831705936717435,-0.795217048855901,0.774225774225774,42,7,5.74,1.21951219512195,0.293588917186114,0.343656343656344,9,16,16.008,0.999500249875062,-0.000958612752872394,0.509490509490509,44,2000,1000,970103
3,1,"mRMR",50,"Atopic dermatitis","MONDO_0004980",0,0.08266352654636,0,-0.434758457631017,1,0,7,1.0160307392714,1.00333786357922,1.01265064954979,0.0597763938006622,0.435564435564436,41,1,5.74,0.174216027874564,-1.1044535456049,0.965034965034965,9,16,16.534,0.967702915205032,-0.0608914336181738,0.518481518481518,45,2000,1000,970103
3,1,"Boruta",50,"Atopic dermatitis","MONDO_0004980",0,0.08266352654636,0,-0.434758457631017,1,0,7,1.26045168725166,1.00333786357922,1.25625846786568,1.21086328647452,0.115884115884116,42,12,5.74,2.09059233449477,1.4586243028453,0.0969030969030969,11,24,16.534,1.45155437280755,0.851339781635368,0.184815184815185,45,2000,1000,970103
3,1,"RF_importance",50,"Atopic dermatitis","MONDO_0004980",0,0.08266352654636,0,-0.434758457631017,1,0,7,1.27747063462128,1.00333786357922,1.27322079729368,1.29101307480553,0.100899100899101,45,7,5.74,1.21951219512195,0.293588917186114,0.343656343656344,12,50,17.826,2.80489173117918,3.46000612733034,0.00599400599400599,46,2000,1000,970103
3,1,"GS_full_ungrouped",100,"Atopic dermatitis","MONDO_0004980",0,0.156394013769114,0,-0.616588053438107,1,0,7,0.988621080040859,1.01652913749684,0.97254573781849,-0.188089669294574,0.566433566433566,81,22,23.468,0.93744673598091,-0.12089680750543,0.502497502497502,23,46,64.602,0.712052258444011,-0.860005057714316,0.821178821178821,88,2000,1000,970104
3,1,"DGE",100,"Atopic dermatitis","MONDO_0004980",0,0.156394013769114,0,-0.616588053438107,1,0,7,1.13589467750495,1.01652913749684,1.11742461244352,0.804478240046098,0.213786213786214,85,77,23.468,3.28106357593319,4.40861573527294,0.004995004995005,34,200,77.09,2.59437021662991,5.00231474464368,0.000999000999000999,95,2000,1000,970104
3,1,"LASSO",100,"Atopic dermatitis","MONDO_0004980",0,0.156394013769114,0,-0.616588053438107,1,0,7,1.48238922829094,1.01652913749684,1.45828503444698,3.13971943598033,0.002997002997003,79,25,23.468,1.06528038179649,0.126167513009754,0.402597402597403,18,184,46.498,3.95715944771818,7.36030279849041,0.000999000999000999,74,2000,1000,970104
3,1,"ElasticNet",100,"Atopic dermatitis","MONDO_0004980",0,0.156394013769114,0,-0.616588053438107,1,0,7,0.96446039896347,1.01652913749684,0.948777918297956,-0.350923450217712,0.625374625374625,81,17,23.468,0.724390659621613,-0.532670675030736,0.688311688311688,15,46,64.412,0.714152642364777,-0.827707463121388,0.817182817182817,87,2000,1000,970104
3,1,"mRMR",100,"Atopic dermatitis","MONDO_0004980",0,0.156394013769114,0,-0.616588053438107,1,0,7,0.98411949564995,1.01652913749684,0.968117350844759,-0.218428632180946,0.574425574425574,85,22,23.468,0.93744673598091,-0.12089680750543,0.502497502497502,23,80,73.186,1.09310523870686,0.275954335131481,0.358641358641359,92,2000,1000,970104
3,1,"Boruta",100,"Atopic dermatitis","MONDO_0004980",0,0.156394013769114,0,-0.616588053438107,1,0,7,1.15498342062482,1.01652913749684,1.13620296558239,0.933129092450539,0.180819180819181,83,30,23.468,1.27833645815579,0.537941380535061,0.255744255744256,25,110,77.09,1.42690361914645,1.33940426528536,0.10989010989011,95,2000,1000,970104
3,1,"RF_importance",100,"Atopic dermatitis","MONDO_0004980",0,0.156394013769114,0,-0.616588053438107,1,0,7,1.14468324919834,1.01652913749684,1.1260702787301,0.86370986324266,0.201798201798202,86,36,23.468,1.53400374978694,1.03207002156543,0.140859140859141,27,140,73.766,1.89789333839438,2.71248267000136,0.016983016983017,93,2000,1000,970104
3,1,"GS_full_ungrouped",200,"Atopic dermatitis","MONDO_0004980",0,0.322548428916119,0,-0.870224744899693,1,0,7,0.977382903219144,1.00478127070119,0.972732008168381,-0.275086425177511,0.596403596403596,164,75,95.845,0.782513433147269,-0.658942998854975,0.731268731268731,42,238,262.34,0.907219638636883,-0.411090588007851,0.62037962037962,176,2000,1000,970105
3,1,"DGE",200,"Atopic dermatitis","MONDO_0004980",0,0.322548428916119,0,-0.870224744899693,1,0,7,1.19033439102176,1.00478127070119,1.18467016228426,1.86299948648295,0.036963036963037,171,170,95.845,1.77369711513381,2.34415534085347,0.020979020979021,55,536,289.132,1.85382455072424,3.84743810650449,0.000999000999000999,184,2000,1000,970105
3,1,"LASSO",200,"Atopic dermatitis","MONDO_0004980",0,0.322548428916119,0,-0.870224744899693,1,0,7,1.38339334610842,1.00478127070119,1.37681044267776,3.80135942117989,0.000999000999000999,170,93,95.845,0.970316657102614,-0.0899348923839003,0.506493506493506,36,462,203.154,2.27413686169113,5.14740392590485,0.000999000999000999,155,2000,1000,970105
3,1,"ElasticNet",200,"Atopic dermatitis","MONDO_0004980",0,0.322548428916119,0,-0.870224744899693,1,0,7,0.983084981906024,1.00478127070119,0.978406953405867,-0.21783613670383,0.57042957042957,160,55,95.845,0.573843184307997,-1.29117422826728,0.924075924075924,39,212,257.34,0.823812854589259,-0.815879893212111,0.799200799200799,174,2000,1000,970105
3,1,"mRMR",200,"Atopic dermatitis","MONDO_0004980",0,0.322548428916119,0,-0.870224744899693,1,0,7,0.974074217471755,1.00478127070119,0.969439066864768,-0.308306453154778,0.609390609390609,164,71,95.845,0.740779383379415,-0.785389244737436,0.781218781218781,43,270,276.438,0.976710871877238,-0.103648005689394,0.514485514485514,179,2000,1000,970105
3,1,"Boruta",200,"Atopic dermatitis","MONDO_0004980",0,0.322548428916119,0,-0.870224744899693,1,0,7,1.05535682810601,1.00478127070119,1.05033489265732,0.507791177593772,0.300699300699301,165,100,95.845,1.04335124419636,0.131346037910406,0.410589410589411,46,364,296.512,1.2276063026117,0.961243945399388,0.177822177822178,186,2000,1000,970105
3,1,"RF_importance",200,"Atopic dermatitis","MONDO_0004980",0,0.322548428916119,0,-0.870224744899693,1,0,7,1.09299229598884,1.00478127070119,1.08779127145363,0.885660637391153,0.197802197802198,172,115,95.845,1.19985393082581,0.605519459969635,0.254745254745255,46,402,279.504,1.43826206422806,1.90652027285283,0.046953046953047,181,2000,1000,970105
3,1,"GS_full_ungrouped",500,"Atopic dermatitis","MONDO_0004980",0.523846309502818,0.813271442422302,0.644122346092172,-0.547265284310648,0.656343656343656,1,7,1.12287497177316,1.00540392961668,1.1168396489173,1.95484266249025,0.024975024975025,409,1014,597.042,1.69837297878541,3.88614121102979,0.000999000999000999,136,3024,1687.232,1.79228464135341,6.11319187867156,0.000999000999000999,443,2000,1000,970106
3,1,"DGE",500,"Atopic dermatitis","MONDO_0004980",0.426169231617919,0.813271442422302,0.524018438848151,-0.731959934910266,0.837162837162837,1,7,0.960675300112867,1.00540392961668,0.955511781696674,-0.744331807938543,0.761238761238761,413,741,597.042,1.24111871526626,1.34172054849032,0.0879120879120879,120,2434,1739.408,1.39932666746387,3.17010767491961,0.004995004995005,451,2000,1000,970106
3,1,"LASSO",500,"Atopic dermatitis","MONDO_0004980",0.426169231617919,0.813271442422302,0.524018438848151,-0.731959934910266,0.837162837162837,1,7,1.25022476159872,1.00540392961668,1.24350494837969,4.07407815780947,0.000999000999000999,412,519,597.042,0.869285577899042,-0.727368781486833,0.762237762237762,93,2056,1407.574,1.46066920815531,3.3335023522262,0.003996003996004,406,2000,1000,970106
3,1,"ElasticNet",500,"Atopic dermatitis","MONDO_0004980",0.426169231617919,0.813271442422302,0.524018438848151,-0.731959934910266,0.837162837162837,1,7,1.12935351358849,1.00540392961668,1.1232833693211,2.06265246564549,0.018981018981019,409,490,597.042,0.820712780675396,-0.997655225492858,0.839160839160839,96,1820,1491.74,1.22005175164573,1.75166212522074,0.047952047952048,418,2000,1000,970106
3,1,"mRMR",500,"Atopic dermatitis","MONDO_0004980",0.426169231617919,0.813271442422302,0.524018438848151,-0.731959934910266,0.837162837162837,1,7,1.1590908894009,1.00540392961668,1.15286091018445,2.5575139212131,0.004995004995005,409,504,597.042,0.844161717266122,-0.867172114593398,0.803196803196803,96,1974,1470.714,1.34220521461005,2.52367676972395,0.011988011988012,415,2000,1000,970106
3,1,"Boruta",500,"Atopic dermatitis","MONDO_0004980",0.426169231617919,0.813271442422302,0.524018438848151,-0.731959934910266,0.837162837162837,1,7,0.981950942870155,1.00540392961668,0.976673070339538,-0.390282559967765,0.652347652347652,424,676,597.042,1.13224865252361,0.73590610502854,0.225774225774226,123,1952,1746.234,1.11783415052049,0.963010328239014,0.182817182817183,452,2000,1000,970106
3,1,"RF_importance",500,"Atopic dermatitis","MONDO_0004980",0.426169231617919,0.813271442422302,0.524018438848151,-0.731959934910266,0.837162837162837,1,7,1.00752398480614,1.00540392961668,1.00210866013849,0.0352799656419171,0.487512487512487,416,751,597.042,1.25786795568821,1.43492277056136,0.0789210789210789,114,1804,1667.5,1.08185907046477,0.657423330615175,0.230769230769231,442,2000,1000,970106
3,2,"GS_full_ungrouped",10,"Atopic dermatitis","MONDO_0004980",0,0.0146472609356721,0,-0.183558222980057,1,0,7,1.37380354458048,0.968197303743208,1.41892932284476,0.901717125109757,0.148851148851149,10,0,0.239,0,-0.43477462954732,1,2,0,0.786,0,-0.580071424877224,1,10,2000,1000,970201
3,2,"DGE",10,"Atopic dermatitis","MONDO_0004980",0,0.0146472609356721,0,-0.183558222980057,1,0,7,2.81622741429422,0.968197303743208,2.90873296528118,4.10841902965417,0.000999000999000999,8,1,0.239,4.18410041841005,1.3843660798557,0.196803196803197,2,8,0.63,12.6984126984127,6.22767375902596,0.003996003996004,9,2000,1000,970201
3,2,"LASSO",10,"Atopic dermatitis","MONDO_0004980",0,0.0146472609356721,0,-0.183558222980057,1,0,7,1.36804096310045,0.968197303743208,1.41297745594971,0.888906132866007,0.152847152847153,9,0,0.239,0,-0.43477462954732,1,3,2,0.786,2.54452926208651,0.895937289823092,0.305694305694306,10,2000,1000,970201
3,2,"ElasticNet",10,"Atopic dermatitis","MONDO_0004980",0,0.0146472609356721,0,-0.183558222980057,1,0,7,1.29845177619457,0.968197303743208,1.34110245006317,0.734200028181909,0.196803196803197,8,0,0.239,0,-0.43477462954732,1,5,4,0.786,5.08905852417303,2.37194600452341,0.0699300699300699,10,2000,1000,970201
3,2,"mRMR",10,"Atopic dermatitis","MONDO_0004980",0,0.0146472609356721,0,-0.183558222980057,1,0,7,0.548300369595881,0.968197303743208,0.566310572727339,-0.933487254831556,0.837162837162837,8,0,0.239,0,-0.43477462954732,1,2,2,0.786,2.54452926208651,0.895937289823092,0.305694305694306,10,2000,1000,970201
3,2,"Boruta",10,"Atopic dermatitis","MONDO_0004980",0,0.0146472609356721,0,-0.183558222980057,1,0,7,0.537961389188078,0.968197303743208,0.555631984419117,-0.956472196263045,0.845154845154845,9,0,0.239,0,-0.43477462954732,1,1,2,0.786,2.54452926208651,0.895937289823092,0.305694305694306,10,2000,1000,970201
3,2,"RF_importance",10,"Atopic dermatitis","MONDO_0004980",0,0.0146472609356721,0,-0.183558222980057,1,0,7,1.38840016057857,0.968197303743208,1.43400539870416,0.934167362036495,0.142857142857143,9,0,0.239,0,-0.43477462954732,1,2,0,0.786,0,-0.580071424877224,1,10,2000,1000,970201
3,2,"GS_full_ungrouped",20,"Atopic dermatitis","MONDO_0004980",0,0.0359376068445819,0,-0.287718676300592,1,0,7,1.04213272817128,0.970687864984168,1.07360230385519,0.229827968793803,0.395604395604396,19,4,0.909,4.4004400440044,2.34162536775477,0.043956043956044,6,10,3.264,3.06372549019608,1.92484245364157,0.0659340659340659,20,2000,1000,970202
3,2,"DGE",20,"Atopic dermatitis","MONDO_0004980",0,0.0359376068445819,0,-0.287718676300592,1,0,7,2.18714122331558,0.970687864984168,2.25318694321089,3.91315753164104,0.000999000999000999,18,10,0.909,11.001100110011,6.8869997470911,0.001998001998002,7,48,2.722,17.634092578986,15.8089499941321,0.000999000999000999,19,2000,1000,970202
3,2,"LASSO",20,"Atopic dermatitis","MONDO_0004980",0,0.0359376068445819,0,-0.287718676300592,1,0,7,1.11930162153451,0.970687864984168,1.15310148803886,0.478069328977927,0.307692307692308,17,0,0.909,0,-0.688624218469455,1,5,2,3.264,0.612745098039216,-0.361193714578822,0.717282717282717,20,2000,1000,970202
3,2,"ElasticNet",20,"Atopic dermatitis","MONDO_0004980",0,0.0359376068445819,0,-0.287718676300592,1,0,7,1.09642271905641,0.970687864984168,1.12953170489495,0.404471152003284,0.330669330669331,17,0,0.909,0,-0.688624218469455,1,5,4,3.264,1.22549019607843,0.210315327476276,0.416583416583417,20,2000,1000,970202
3,2,"mRMR",20,"Atopic dermatitis","MONDO_0004980",0,0.0359376068445819,0,-0.287718676300592,1,0,7,1.02167346422219,0.970687864984168,1.05252522574685,0.164013425008899,0.41958041958042,17,1,0.909,1.1001100110011,0.0689381780866009,0.487512487512487,5,2,3.264,0.612745098039216,-0.361193714578822,0.717282717282717,20,2000,1000,970202
3,2,"Boruta",20,"Atopic dermatitis","MONDO_0004980",0,0.0359376068445819,0,-0.287718676300592,1,0,7,1.34218005145222,0.970687864984168,1.38271024071585,1.19503755525593,0.12987012987013,19,0,0.909,0,-0.688624218469455,1,4,12,3.264,3.67647058823529,2.49635149569667,0.036963036963037,20,2000,1000,970202
3,2,"RF_importance",20,"Atopic dermatitis","MONDO_0004980",0,0.0359376068445819,0,-0.287718676300592,1,0,7,1.70401808577226,0.970687864984168,1.75547480013057,2.35901907541536,0.014985014985015,17,2,0.909,2.2002200220022,0.826500574642657,0.221778221778222,4,6,3.264,1.83823529411765,0.781824369531375,0.234765234765235,20,2000,1000,970202
3,2,"GS_full_ungrouped",50,"Atopic dermatitis","MONDO_0004980",0,0.0790646193448013,0,-0.426996298912981,1,0,7,1.04788959035176,0.969666162865485,1.08067047245942,0.401268388197738,0.33966033966034,42,14,5.86,2.38907849829352,1.77572660859492,0.0639360639360639,14,44,18.256,2.41016652059597,2.62915244496849,0.018981018981019,47,2000,1000,970203
3,2,"DGE",50,"Atopic dermatitis","MONDO_0004980",0,0.0790646193448013,0,-0.426996298912981,1,0,7,1.54324193379331,0.969666162865485,1.59151880605263,2.94231322387248,0.00699300699300699,46,43,5.86,7.33788395904437,8.10202533700434,0.000999000999000999,20,134,20.118,6.66070185903171,10.8758499021092,0.000999000999000999,49,2000,1000,970203
3,2,"LASSO",50,"Atopic dermatitis","MONDO_0004980",0,0.0790646193448013,0,-0.426996298912981,1,0,7,1.43064290384212,0.969666162865485,1.47539736729019,2.36470581502974,0.018981018981019,42,2,5.86,0.341296928327645,-0.842052175574496,0.868131868131868,10,84,17.816,4.71486304445442,6.61224256025719,0.000999000999000999,46,2000,1000,970203
3,2,"ElasticNet",50,"Atopic dermatitis","MONDO_0004980",0,0.0790646193448013,0,-0.426996298912981,1,0,7,1.28939697488399,0.969666162865485,1.3297328753575,1.64014633107633,0.048951048951049,44,4,5.86,0.68259385665529,-0.40575571154626,0.643356643356643,10,20,18.256,1.09553023663453,0.178109146365173,0.394605394605395,47,2000,1000,970203
3,2,"mRMR",50,"Atopic dermatitis","MONDO_0004980",0,0.0790646193448013,0,-0.426996298912981,1,0,7,1.28203058114961,0.969666162865485,1.32213604047092,1.60235840697716,0.0529470529470529,44,11,5.86,1.87713310580205,1.12128191255257,0.130869130869131,17,22,18.464,1.19150779896014,0.371763502470638,0.327672327672328,48,2000,1000,970203
3,2,"Boruta",50,"Atopic dermatitis","MONDO_0004980",0,0.0790646193448013,0,-0.426996298912981,1,0,7,1.45693072985653,0.969666162865485,1.50250754914569,2.499556382347,0.015984015984016,45,18,5.86,3.07167235494881,2.64831953665139,0.026973026973027,15,58,16.762,3.46020761245675,4.29032719033773,0.003996003996004,45,2000,1000,970203
3,2,"RF_importance",50,"Atopic dermatitis","MONDO_0004980",0,0.0790646193448013,0,-0.426996298912981,1,0,7,1.31508099731496,0.969666162865485,1.35622036498493,1.77189952336795,0.040959040959041,45,33,5.86,5.63139931740614,5.92054301686316,0.001998001998002,18,82,20.118,4.07595188388508,5.90979560986216,0.000999000999000999,49,2000,1000,970203
3,2,"GS_full_ungrouped",100,"Atopic dermatitis","MONDO_0004980",0.426169231617919,0.159610929989879,2.67005042602623,1.00616907169498,0.260739260739261,1,7,1.0694462640209,0.9650510439731,1.1081758531839,0.75312129505864,0.208791208791209,86,32,23.169,1.38115585480599,0.793975715855153,0.200799200799201,25,98,70.364,1.39275766016713,1.12735932317319,0.127872127872128,92,2000,1000,970204
3,2,"DGE",100,"Atopic dermatitis","MONDO_0004980",0,0.159610929989879,0,-0.602478258150015,1,0,7,1.42060673502904,0.9650510439731,1.47205346691345,3.28644062306966,0.004995004995005,92,106,23.169,4.57507876904484,7.44715236326556,0.000999000999000999,37,312,77.122,4.04553823811623,8.84927137849354,0.000999000999000999,97,2000,1000,970204
3,2,"LASSO",100,"Atopic dermatitis","MONDO_0004980",0,0.159610929989879,0,-0.602478258150015,1,0,7,1.50728297856003,0.9650510439731,1.56186865759408,3.91173481516952,0.001998001998002,81,11,23.169,0.474772325089559,-1.09408792732888,0.9000999000999,18,168,51.39,3.26911850554583,5.82810930284537,0.000999000999000999,78,2000,1000,970204
3,2,"ElasticNet",100,"Atopic dermatitis","MONDO_0004980",0.426169231617919,0.159610929989879,2.67005042602623,1.00616907169498,0.260739260739261,1,7,1.04749886839103,0.9650510439731,1.08543364097975,0.594789802368053,0.258741258741259,83,16,23.169,0.690577927402995,-0.644548964666017,0.734265734265734,21,56,70.364,0.795861520095503,-0.585952718123452,0.718281718281718,92,2000,1000,970204
3,2,"mRMR",100,"Atopic dermatitis","MONDO_0004980",0,0.159610929989879,0,-0.602478258150015,1,0,7,1.16009550992659,0.9650510439731,1.20210792700715,1.40707726585232,0.0859140859140859,86,41,23.169,1.76960593897018,1.60314584864831,0.0779220779220779,31,94,71.94,1.30664442591048,0.900028022259169,0.173826173826174,93,2000,1000,970204
3,2,"Boruta",100,"Atopic dermatitis","MONDO_0004980",0,0.159610929989879,0,-0.602478258150015,1,0,7,1.15161298119163,0.9650510439731,1.19331820672455,1.34588315156898,0.0939060939060939,89,72,23.169,3.10760067331348,4.39028741715808,0.000999000999000999,35,180,71.94,2.50208507089241,4.40875013986064,0.001998001998002,93,2000,1000,970204
3,2,"RF_importance",100,"Atopic dermatitis","MONDO_0004980",0,0.159610929989879,0,-0.602478258150015,1,0,7,1.18191645817673,0.9650510439731,1.22471911258787,1.56449654997312,0.0739260739260739,88,80,23.169,3.45288963701498,5.10954975741866,0.000999000999000999,33,166,71.94,2.30747845426745,3.83756281839064,0.001998001998002,93,2000,1000,970204
3,2,"GS_full_ungrouped",200,"Atopic dermatitis","MONDO_0004980",0.426169231617919,0.302338737916871,1.40957534768534,0.351303811595441,0.451548451548452,1,7,1.04869469386055,0.97271285876072,1.07811332441584,0.799008532577739,0.198801198801199,168,129,98.614,1.30813069138256,0.955593124474473,0.16983016983017,51,388,276.564,1.40293024399416,1.79350730739275,0.043956043956044,182,2000,1000,970205
3,2,"DGE",200,"Atopic dermatitis","MONDO_0004980",0,0.302338737916871,0,-0.857726944702094,1,0,7,1.13970323036356,0.97271285876072,1.17167488853349,1.75603460476689,0.043956043956044,180,211,98.614,2.13965562699008,3.53436743523952,0.001998001998002,58,586,290.17,2.01950580694076,4.46238484753724,0.001998001998002,187,2000,1000,970205
3,2,"LASSO",200,"Atopic dermatitis","MONDO_0004980",0,0.302338737916871,0,-0.857726944702094,1,0,7,1.33607408271461,0.97271285876072,1.37355445718773,3.82102798603881,0.000999000999000999,168,86,98.614,0.872087127588375,-0.396690965316955,0.632367632367632,37,404,210.702,1.91739992975862,3.72810565514691,0.002997002997003,159,2000,1000,970205
3,2,"ElasticNet",200,"Atopic dermatitis","MONDO_0004980",0.426169231617919,0.302338737916871,1.40957534768534,0.351303811595441,0.451548451548452,1,7,1.06622477235119,0.97271285876072,1.09613516748366,0.983351043815782,0.156843156843157,167,108,98.614,1.09517918348308,0.295175313180985,0.363636363636364,49,318,272.276,1.16793253904127,0.723568233888154,0.220779220779221,181,2000,1000,970205
3,2,"mRMR",200,"Atopic dermatitis","MONDO_0004980",0,0.302338737916871,0,-0.857726944702094,1,0,7,1.01387765791163,0.97271285876072,1.04231957949375,0.432880118257389,0.338661338661339,178,100,98.614,1.01405479952137,0.0435875755453705,0.456543456543457,49,330,281.912,1.17057805272567,0.775375061068566,0.20979020979021,184,2000,1000,970205
3,2,"Boruta",200,"Atopic dermatitis","MONDO_0004980",0,0.302338737916871,0,-0.857726944702094,1,0,7,1.07821997969981,0.97271285876072,1.10846687178939,1.109490048079,0.136863136863137,175,206,98.614,2.08895288701401,3.37712509921726,0.002997002997003,60,478,281.912,1.69556457334204,3.16173983061914,0.00799200799200799,184,2000,1000,970205
3,2,"RF_importance",200,"Atopic dermatitis","MONDO_0004980",0,0.302338737916871,0,-0.857726944702094,1,0,7,1.17031950373851,0.97271285876072,1.20315002849818,2.07798870906267,0.027972027972028,177,151,98.614,1.53122274727726,1.64745940297241,0.0589410589410589,53,476,289.346,1.6450892702854,2.8475168035916,0.012987012987013,186,2000,1000,970205
3,2,"GS_full_ungrouped",500,"Atopic dermatitis","MONDO_0004980",0.426169231617919,0.770660349196844,0.552992290393632,-0.674488924043524,0.82017982017982,1,7,0.99595458138485,0.972137967487445,1.02449921173119,0.427789483607033,0.327672327672328,410,556,606.83,0.916236837335003,-0.472909774343656,0.686313686313686,107,1630,1680.752,0.969803992498596,-0.239600457081481,0.585414585414585,448,2000,1000,970206
3,2,"DGE",500,"Atopic dermatitis","MONDO_0004980",0.427222515274814,0.770660349196844,0.554359019145141,-0.672426670115339,0.773226773226773,1,7,1.0175068995767,0.972137967487445,1.04666923174137,0.814908118923712,0.1998001998002,414,812,606.83,1.3381012804245,1.90885104076505,0.041958041958042,127,2274,1680.312,1.35332009769614,2.73218364650374,0.00699300699300699,449,2000,1000,970206
3,2,"LASSO",500,"Atopic dermatitis","MONDO_0004980",0.426169231617919,0.770660349196844,0.552992290393632,-0.674488924043524,0.82017982017982,1,7,1.16632149244558,0.972137967487445,1.19974893631613,3.48788749839386,0.000999000999000999,410,514,606.83,0.847024702140632,-0.863667408072428,0.794205794205794,90,1854,1400.736,1.32358988417518,2.3780416659314,0.015984015984016,409,2000,1000,970206
3,2,"ElasticNet",500,"Atopic dermatitis","MONDO_0004980",0.426169231617919,0.770660349196844,0.552992290393632,-0.674488924043524,0.82017982017982,1,7,1.04130580177395,0.972137967487445,1.0711502241449,1.24237946834513,0.0999000999000999,414,490,606.83,0.807474910600992,-1.08695748448887,0.854145854145854,97,1642,1564.902,1.0492669828526,0.363380485044533,0.341658341658342,432,2000,1000,970206
3,2,"mRMR",500,"Atopic dermatitis","MONDO_0004980",0.426169231617919,0.770660349196844,0.552992290393632,-0.674488924043524,0.82017982017982,1,7,1.09824412742674,0.972137967487445,1.12972043491442,2.26509483138455,0.016983016983017,422,457,606.83,0.753093947233986,-1.39398133956148,0.928071928071928,99,1728,1482.152,1.16587232618517,1.20573134482573,0.114885114885115,420,2000,1000,970206
3,2,"Boruta",500,"Atopic dermatitis","MONDO_0004980",0,0.770660349196844,0,-1.50889774280957,1,0,7,0.99798744987032,0.972137967487445,1.02659034339507,0.464303480239235,0.311688311688312,416,830,606.83,1.36776362407923,2.07631859807739,0.030969030969031,129,2114,1698.064,1.24494718691404,1.92368988829023,0.034965034965035,451,2000,1000,970206
3,2,"RF_importance",500,"Atopic dermatitis","MONDO_0004980",0.426169231617919,0.770660349196844,0.552992290393632,-0.674488924043524,0.82017982017982,1,7,0.972578170798704,0.972137967487445,1.000452819791,0.00790684805223826,0.502497502497502,430,796,606.83,1.31173475273141,1.75999098982076,0.0539460539460539,127,1890,1743.976,1.08373051005289,0.686642868375937,0.251748251748252,457,2000,1000,970206
3,3,"GS_full_ungrouped",10,"Atopic dermatitis","MONDO_0004980",0,0.0203416474550372,0,-0.20050271564269,1,0,8,1.31968669557415,1.02593846152105,1.28632149497309,0.61506033756025,0.245754245754246,7,0,0.215,0,-0.368118243244567,1,1,0,0.602,0,-0.434058427133405,1,9,2000,1000,970301
3,3,"DGE",10,"Atopic dermatitis","MONDO_0004980",0,0.0203416474550372,0,-0.20050271564269,1,0,8,2.54307932537309,1.02593846152105,2.47878349506727,3.17664266086658,0.004995004995005,9,3,0.215,13.953488372093,4.7684153834238,0.010989010989011,4,22,0.75,29.3333333333333,14.3670059984312,0.000999000999000999,10,2000,1000,970301
3,3,"LASSO",10,"Atopic dermatitis","MONDO_0004980",0,0.0203416474550372,0,-0.20050271564269,1,0,8,1.40407155594884,1.02593846152105,1.36857288093788,0.791748312806607,0.191808191808192,9,1,0.215,4.65116279069767,1.34405963231156,0.166833166833167,5,2,0.75,2.66666666666667,0.845117999907715,0.276723276723277,10,2000,1000,970301
3,3,"ElasticNet",10,"Atopic dermatitis","MONDO_0004980",0,0.0203416474550372,0,-0.20050271564269,1,0,8,1.37874738719027,1.02593846152105,1.34388897473065,0.738723681576772,0.20979020979021,9,1,0.215,4.65116279069767,1.34405963231156,0.166833166833167,5,4,0.75,5.33333333333333,2.19730679976006,0.0669330669330669,10,2000,1000,970301
3,3,"mRMR",10,"Atopic dermatitis","MONDO_0004980",0,0.0203416474550372,0,-0.20050271564269,1,0,8,0.957283515817151,1.02593846152105,0.933080834495556,-0.143752129152171,0.494505494505495,9,0,0.215,0,-0.368118243244567,1,4,0,0.75,0,-0.507070799944629,1,10,2000,1000,970301
3,3,"Boruta",10,"Atopic dermatitis","MONDO_0004980",0,0.0203416474550372,0,-0.20050271564269,1,0,8,1.07730930637001,1.02593846152105,1.05007205283327,0.107562073608402,0.392607392607393,8,1,0.215,4.65116279069767,1.34405963231156,0.166833166833167,3,4,0.602,6.64451827242525,2.45005072325467,0.0549450549450549,9,2000,1000,970301
3,3,"RF_importance",10,"Atopic dermatitis","MONDO_0004980",0,0.0203416474550372,0,-0.20050271564269,1,0,8,1.26752546695568,1.02593846152105,1.23547904138076,0.5058433307413,0.27972027972028,10,1,0.215,4.65116279069767,1.34405963231156,0.166833166833167,3,12,0.75,16,7.60606199916943,0.001998001998002,10,2000,1000,970301
3,3,"GS_full_ungrouped",20,"Atopic dermatitis","MONDO_0004980",0,0.0379036114623146,0,-0.27668919092936,1,0,8,1.16408707005737,1.01438565138225,1.14757840715818,0.452390068355267,0.302697302697303,15,0,0.954,0,-0.683553710755298,1,3,0,2.614,0,-0.87859437127711,1,18,2000,1000,970302
3,3,"DGE",20,"Atopic dermatitis","MONDO_0004980",0,0.0379036114623146,0,-0.27668919092936,1,0,8,2.02770811920686,1.01438565138225,1.99895189412803,3.06220892588852,0.00799200799200799,17,6,0.954,6.28930817610063,3.61552623110193,0.021978021978022,8,40,2.614,15.3022188217291,12.5658489535448,0.000999000999000999,18,2000,1000,970302
3,3,"LASSO",20,"Atopic dermatitis","MONDO_0004980",0,0.0379036114623146,0,-0.27668919092936,1,0,8,1.6152371740546,1.01438565138225,1.59233046312672,1.81574272187109,0.04995004995005,18,1,0.954,1.04821802935011,0.0329596128875723,0.501498501498502,7,22,2.614,8.41622035195103,6.51584945737493,0.000999000999000999,18,2000,1000,970302
3,3,"ElasticNet",20,"Atopic dermatitis","MONDO_0004980",0,0.0379036114623146,0,-0.27668919092936,1,0,8,1.92689171152772,1.01438565138225,1.89956522837447,2.75754687281687,0.00999000999000999,19,1,0.954,1.04821802935011,0.0329596128875723,0.501498501498502,7,26,2.614,9.94644223412395,7.86029378985711,0.000999000999000999,18,2000,1000,970302
3,3,"mRMR",20,"Atopic dermatitis","MONDO_0004980",0,0.0379036114623146,0,-0.27668919092936,1,0,8,0.958561438184389,1.01438565138225,0.94496746565589,-0.168697931175052,0.525474525474525,14,0,0.954,0,-0.683553710755298,1,4,2,3.018,0.662690523525514,-0.324898320944983,0.721278721278721,19,2000,1000,970302
3,3,"Boruta",20,"Atopic dermatitis","MONDO_0004980",0,0.0379036114623146,0,-0.27668919092936,1,0,8,0.81152355061683,1.01438565138225,0.800014816367923,-0.613038944080637,0.708291708291708,17,3,0.954,3.14465408805032,1.46598626017331,0.103896103896104,6,12,3.018,3.97614314115308,2.86663724825917,0.01998001998002,19,2000,1000,970302
3,3,"RF_importance",20,"Atopic dermatitis","MONDO_0004980",0,0.0379036114623146,0,-0.27668919092936,1,0,8,0.908602289213367,1.01438565138225,0.895716819313501,-0.319671936752256,0.585414585414585,17,3,0.954,3.14465408805032,1.46598626017331,0.103896103896104,6,18,3.1,5.80645161290323,4.64169853192959,0.004995004995005,20,2000,1000,970302
3,3,"GS_full_ungrouped",50,"Atopic dermatitis","MONDO_0004980",0.426169231617919,0.0893879361463473,4.76763699880248,1.56361044843064,0.141858141858142,1,8,1.18041366920275,1.01552192648003,1.16237142539527,0.772361930906043,0.194805194805195,35,11,6.331,1.73748223029537,1.02655991101033,0.153846153846154,12,26,17.266,1.50584964670451,0.93201679461972,0.186813186813187,46,2000,1000,970303
3,3,"DGE",50,"Atopic dermatitis","MONDO_0004980",0,0.0893879361463473,0,-0.415010907082508,1,0,8,1.736901986073,1.01552192648003,1.71035399707556,3.37898360793766,0.00599400599400599,41,56,6.331,8.84536408150371,10.9205834696877,0.000999000999000999,19,150,18.06,8.30564784053156,13.6802596729728,0.000999000999000999,47,2000,1000,970303
3,3,"LASSO",50,"Atopic dermatitis","MONDO_0004980",0,0.0893879361463473,0,-0.415010907082508,1,0,8,1.79941360384902,1.01552192648003,1.77191014485141,3.67179144059389,0.002997002997003,41,5,6.331,0.78976465013426,-0.292643230146659,0.599400599400599,11,110,10.812,10.173880873104,15.178474060653,0.000999000999000999,37,2000,1000,970303
3,3,"ElasticNet",50,"Atopic dermatitis","MONDO_0004980",0,0.0893879361463473,0,-0.415010907082508,1,0,8,1.83280342122858,1.01552192648003,1.8047896095965,3.82819116927679,0.002997002997003,41,7,6.331,1.10567051018796,0.147091150239003,0.401598401598402,13,122,10.812,11.2837587865335,17.0148019302323,0.000999000999000999,37,2000,1000,970303
3,3,"mRMR",50,"Atopic dermatitis","MONDO_0004980",0,0.0893879361463473,0,-0.415010907082508,1,0,8,1.32716436295133,1.01552192648003,1.30687908192342,1.45975019737647,0.0839160839160839,36,5,6.331,0.78976465013426,-0.292643230146659,0.599400599400599,13,20,18.06,1.10741971207087,0.201149793584715,0.382617382617383,47,2000,1000,970303
3,3,"Boruta",50,"Atopic dermatitis","MONDO_0004980",0,0.0893879361463473,0,-0.415010907082508,1,0,8,1.38826200556941,1.01552192648003,1.36704286669748,1.74593489314781,0.051948051948052,42,22,6.331,3.47496446059074,3.44509900313147,0.00899100899100899,17,82,19.374,4.2324765149169,6.21524454865721,0.000999000999000999,48,2000,1000,970303
3,3,"RF_importance",50,"Atopic dermatitis","MONDO_0004980",0,0.0893879361463473,0,-0.415010907082508,1,0,8,1.17384976386371,1.01552192648003,1.15590784724115,0.741616239713566,0.203796203796204,39,45,6.331,7.10788185120834,8.50204437756658,0.000999000999000999,19,82,18.06,4.54042081949059,6.62964835144673,0.000999000999000999,47,2000,1000,970303
3,3,"GS_full_ungrouped",100,"Atopic dermatitis","MONDO_0004980",0.426169231617919,0.206964442328585,2.05914227015535,0.693421880460347,0.320679320679321,1,8,1.145183537836,1.0159052529483,1.12725427347926,0.914310624045201,0.184815184815185,71,22,25.075,0.877367896311067,-0.253564428513402,0.56043956043956,22,82,68.822,1.19147946877452,0.525465807001479,0.262737262737263,91,2000,1000,970304
3,3,"DGE",100,"Atopic dermatitis","MONDO_0004980",0,0.206964442328585,0,-0.654701355993126,1,0,8,1.36884556940916,1.0159052529483,1.34741459937979,2.49614296224893,0.010989010989011,82,88,25.075,3.50947158524427,5.1887940371401,0.000999000999000999,33,248,72.258,3.43214592155886,7.16426136508027,0.000999000999000999,94,2000,1000,970304
3,3,"LASSO",100,"Atopic dermatitis","MONDO_0004980",0,0.206964442328585,0,-0.654701355993126,1,0,8,1.54532176093216,1.0159052529483,1.5211278379036,3.74425711336629,0.001998001998002,82,20,25.075,0.797607178464606,-0.418484382018054,0.637362637362637,20,204,48.226,4.23008335752499,8.32515009663214,0.000999000999000999,76,2000,1000,970304
3,3,"ElasticNet",100,"Atopic dermatitis","MONDO_0004980",0,0.206964442328585,0,-0.654701355993126,1,0,8,1.51418448624763,1.0159052529483,1.49047805575693,3.52404115774303,0.001998001998002,80,21,25.075,0.837487537387836,-0.336024405265728,0.594405594405594,21,192,47.274,4.06142911536997,7.93721434122066,0.000999000999000999,75,2000,1000,970304
3,3,"mRMR",100,"Atopic dermatitis","MONDO_0004980",0,0.206964442328585,0,-0.654701355993126,1,0,8,1.12106897075699,1.0159052529483,1.10351724976664,0.743762222248709,0.235764235764236,77,22,25.075,0.877367896311067,-0.253564428513402,0.56043956043956,27,88,69.546,1.26534955281397,0.777886612844188,0.201798201798202,92,2000,1000,970304
3,3,"Boruta",100,"Atopic dermatitis","MONDO_0004980",0,0.206964442328585,0,-0.654701355993126,1,0,8,1.29058769004608,1.0159052529483,1.2703819438876,1.94267019163578,0.02997002997003,81,80,25.075,3.19042871385842,4.52911422312149,0.000999000999000999,33,204,72.258,2.82321680644358,5.37056663039231,0.001998001998002,94,2000,1000,970304
3,3,"RF_importance",100,"Atopic dermatitis","MONDO_0004980",0,0.206964442328585,0,-0.654701355993126,1,0,8,1.15263785567509,1.0159052529483,1.13459188475497,0.967030707709767,0.173826173826174,76,74,25.075,2.95114656031904,4.03435436260754,0.001998001998002,30,180,72.598,2.47940714620237,4.44869629046564,0.001998001998002,93,2000,1000,970304
3,3,"GS_full_ungrouped",200,"Atopic dermatitis","MONDO_0004980",0.426169231617919,0.400075918517118,1.0652209040662,0.0599553572824694,0.531468531468531,1,8,1.16274696099868,1.0220068390664,1.13770956959627,1.39625679534988,0.0919080919080919,152,54,98.486,0.548301281400402,-1.3663870775445,0.94005994005994,40,318,245.044,1.29772612265552,1.23429146720823,0.118881118881119,171,2000,1000,970305
3,3,"DGE",200,"Atopic dermatitis","MONDO_0004980",0,0.400075918517118,0,-0.919265964507576,1,0,8,1.11216442364175,1.0220068390664,1.08821622432362,0.894436770320866,0.177822177822178,166,249,98.486,2.52827813090185,4.62303611449742,0.000999000999000999,63,658,289.41,2.27359109913272,5.87689193359124,0.000999000999000999,187,2000,1000,970305
3,3,"LASSO",200,"Atopic dermatitis","MONDO_0004980",0,0.400075918517118,0,-0.919265964507576,1,0,8,1.42016490930237,1.0220068390664,1.38958454583307,3.9500527891959,0.000999000999000999,169,91,98.486,0.923989196434011,-0.229932420592953,0.551448551448551,37,456,197.744,2.3060118132535,5.31155941756079,0.000999000999000999,155,2000,1000,970305
3,3,"ElasticNet",200,"Atopic dermatitis","MONDO_0004980",0,0.400075918517118,0,-0.919265964507576,1,0,8,1.443947052815,1.0220068390664,1.41285458924526,4.18599104924289,0.000999000999000999,169,91,98.486,0.923989196434011,-0.229932420592953,0.551448551448551,38,490,197.744,2.47795129055749,6.01083850574099,0.000999000999000999,155,2000,1000,970305
3,3,"mRMR",200,"Atopic dermatitis","MONDO_0004980",0.426169231617919,0.400075918517118,1.0652209040662,0.0599553572824694,0.531468531468531,1,8,1.0556191882829,1.0220068390664,1.03288857562558,0.33346191801506,0.352647352647353,156,91,98.486,0.923989196434011,-0.229932420592953,0.551448551448551,48,344,259.052,1.32791871902166,1.42734407858162,0.0889110889110889,178,2000,1000,970305
3,3,"Boruta",200,"Atopic dermatitis","MONDO_0004980",0,0.400075918517118,0,-0.919265964507576,1,0,8,1.10124895179733,1.0220068390664,1.07753579496916,0.786146387109765,0.206793206793207,160,154,98.486,1.56367402473448,1.70511199529751,0.0599400599400599,51,472,278.466,1.69500046684335,3.12864536053981,0.00799200799200799,184,2000,1000,970305
3,3,"RF_importance",200,"Atopic dermatitis","MONDO_0004980",0,0.400075918517118,0,-0.919265964507576,1,0,8,1.06467959438691,1.0220068390664,1.04175388430815,0.423348536114216,0.320679320679321,156,145,98.486,1.47229047783441,1.42867707874173,0.0909090909090909,51,380,278.466,1.36461901991626,1.64138537950463,0.0699300699300699,184,2000,1000,970305
3,3,"GS_full_ungrouped",500,"Atopic dermatitis","MONDO_0004980",0.426169231617919,0.976506662508698,0.436422246749518,-0.910217661300203,0.88011988011988,1,8,0.978721959098593,1.0185309158531,0.960915318195161,-0.679540253913346,0.751248751248751,395,390,622.94,0.626063505313513,-2.0449238036094,0.988011988011988,94,1352,1546.1,0.874458314468663,-0.959558412963618,0.833166833166833,431,2000,1000,970306
3,3,"DGE",500,"Atopic dermatitis","MONDO_0004980",0.426169231617919,0.976506662508698,0.436422246749518,-0.910217661300203,0.88011988011988,1,8,1.04081753654768,1.0185309158531,1.02188114307351,0.380433377821377,0.33966033966034,393,781,622.94,1.25373230166629,1.38757043186444,0.0899100899100899,123,2342,1640.752,1.42739426799419,3.31191214637721,0.001998001998002,445,2000,1000,970306
3,3,"LASSO",500,"Atopic dermatitis","MONDO_0004980",0.886601478758913,0.976506662508698,0.907931827603906,-0.148696565957796,0.532467532467532,2,8,1.21897953114678,1.0185309158531,1.19680169955939,3.42166472166622,0.000999000999000999,411,418,622.94,0.671011654412945,-1.79911858981588,0.978021978021978,90,1792,1384.456,1.2943712187314,2.0956922731481,0.034965034965035,407,2000,1000,970306
3,3,"ElasticNet",500,"Atopic dermatitis","MONDO_0004980",0.886601478758913,0.976506662508698,0.907931827603906,-0.148696565957796,0.532467532467532,2,8,1.2233243333865,1.0185309158531,1.2010674534723,3.49583064456116,0.000999000999000999,410,439,622.94,0.704722766237519,-1.61476467947074,0.966033966033966,91,1816,1384.456,1.3117065475537,2.21910622245309,0.025974025974026,407,2000,1000,970306
3,3,"mRMR",500,"Atopic dermatitis","MONDO_0004980",0.426169231617919,0.976506662508698,0.436422246749518,-0.910217661300203,0.88011988011988,1,8,1.13676021315229,1.0185309158531,1.11607826081564,2.0181781502623,0.01998001998002,404,414,622.94,0.664590490255883,-1.83423362035781,0.982017982017982,93,1828,1437.38,1.27175833808735,2.07503432990835,0.030969030969031,416,2000,1000,970306
3,3,"Boruta",500,"Atopic dermatitis","MONDO_0004980",0.965195248217214,0.976506662508698,0.988416449446004,-0.0187082478575502,0.412587412587413,2,8,0.99326833839301,1.0185309158531,0.975197044029898,-0.431233061634852,0.662337662337662,401,840,622.94,1.34844447298295,1.90551713235793,0.046953046953047,129,1756,1702.796,1.0312450816187,0.250254914973035,0.363636363636364,452,2000,1000,970306
3,3,"RF_importance",500,"Atopic dermatitis","MONDO_0004980",0.36733311262685,0.976506662508698,0.376170615859549,-1.00752827770031,0.917082917082917,1,8,1.03571407948407,1.0185309158531,1.01687053712707,0.293317191124318,0.373626373626374,405,791,622.94,1.26978521205895,1.47535800821927,0.0819180819180819,124,1864,1662.508,1.12119761228217,0.980439900425999,0.16983016983017,448,2000,1000,970306
3,4,"GS_full_ungrouped",10,"Atopic dermatitis","MONDO_0004980",0,0.0157373904575287,0,-0.175210981312007,1,0,7,0.624667427389466,1.02124021139941,0.611675314403728,-0.814637378909011,0.78021978021978,8,0,0.213,0,-0.413069347795983,1,2,0,0.774,0,-0.535770244872598,1,10,2000,1000,970401
3,4,"DGE",10,"Atopic dermatitis","MONDO_0004980",0,0.0157373904575287,0,-0.175210981312007,1,0,7,2.31454142503105,1.02124021139941,2.26640255563323,2.6566914152795,0.013986013986014,9,1,0.213,4.69483568075117,1.52622336486121,0.174825174825175,3,12,0.774,15.5038759689923,7.77074517950876,0.000999000999000999,10,2000,1000,970401
3,4,"LASSO",10,"Atopic dermatitis","MONDO_0004980",0,0.0157373904575287,0,-0.175210981312007,1,0,7,1.65578335900567,1.02124021139941,1.62134563496744,1.30347463924218,0.102897102897103,9,1,0.213,4.69483568075117,1.52622336486121,0.174825174825175,2,6,0.774,7.75193798449613,3.61748746731808,0.018981018981019,10,2000,1000,970401
3,4,"ElasticNet",10,"Atopic dermatitis","MONDO_0004980",0,0.0157373904575287,0,-0.175210981312007,1,0,7,0.991871520377757,1.02124021139941,0.971242132170439,-0.0603289848434773,0.457542457542458,9,1,0.213,4.69483568075117,1.52622336486121,0.174825174825175,3,2,0.774,2.58397932816538,0.848648992524296,0.288711288711289,10,2000,1000,970401
3,4,"mRMR",10,"Atopic dermatitis","MONDO_0004980",0,0.0157373904575287,0,-0.175210981312007,1,0,7,1.47048699715505,1.02124021139941,1.4399031498574,0.922839990003176,0.165834165834166,9,0,0.213,0,-0.413069347795983,1,3,0,0.632,0,-0.487271200559823,1,9,2000,1000,970401
3,4,"Boruta",10,"Atopic dermatitis","MONDO_0004980",0,0.0157373904575287,0,-0.175210981312007,1,0,7,2.10044526132574,1.02124021139941,2.05675925984885,2.21689638983217,0.034965034965035,8,0,0.213,0,-0.413069347795983,1,2,0,0.774,0,-0.535770244872598,1,10,2000,1000,970401
3,4,"RF_importance",10,"Atopic dermatitis","MONDO_0004980",0,0.0157373904575287,0,-0.175210981312007,1,0,7,1.63357644047043,1.02124021139941,1.59960058587188,1.25785732348421,0.111888111888112,9,0,0.213,0,-0.413069347795983,1,3,0,0.774,0,-0.535770244872598,1,10,2000,1000,970401
3,4,"GS_full_ungrouped",20,"Atopic dermatitis","MONDO_0004980",0,0.0393547289799639,0,-0.268728603946762,1,0,7,1.30699314823345,0.996689871344502,1.31133383192744,0.896557768786272,0.173826173826174,17,1,0.928,1.07758620689655,0.0564911739653623,0.512487512487512,5,2,2.844,0.70323488045007,-0.282836858849505,0.693306693306693,18,2000,1000,970402
3,4,"DGE",20,"Atopic dermatitis","MONDO_0004980",0,0.0393547289799639,0,-0.268728603946762,1,0,7,1.65410465624955,0.996689871344502,1.65959813960808,1.89946538312747,0.0559440559440559,18,6,0.928,6.46551724137931,3.9794893660044,0.011988011988012,5,40,2.78,14.3884892086331,12.6917669319935,0.000999000999000999,19,2000,1000,970402
3,4,"LASSO",20,"Atopic dermatitis","MONDO_0004980",0,0.0393547289799639,0,-0.268728603946762,1,0,7,1.88138488847803,0.996689871344502,1.8876331972152,2.55614506739944,0.017982017982018,19,1,0.928,1.07758620689655,0.0564911739653623,0.512487512487512,4,18,2.844,6.32911392405063,5.07899932787098,0.002997002997003,18,2000,1000,970402
3,4,"ElasticNet",20,"Atopic dermatitis","MONDO_0004980",0,0.0393547289799639,0,-0.268728603946762,1,0,7,1.85811702179127,0.996689871344502,1.86428805510457,2.48891733184263,0.01998001998002,17,2,0.928,2.1551724137931,0.841090812373169,0.218781218781219,5,10,2.78,3.59712230215827,2.46197090943024,0.040959040959041,19,2000,1000,970402
3,4,"mRMR",20,"Atopic dermatitis","MONDO_0004980",0,0.0393547289799639,0,-0.268728603946762,1,0,7,1.20814356159604,0.996689871344502,1.21215595375349,0.610952132488725,0.236763236763237,17,0,0.928,0,-0.728108464442445,1,3,0,2.78,0,-0.947961098090866,1,19,2000,1000,970402
3,4,"Boruta",20,"Atopic dermatitis","MONDO_0004980",0,0.0393547289799639,0,-0.268728603946762,1,0,7,1.33802046706548,0.996689871344502,1.34246419627054,0.986204852189208,0.157842157842158,16,0,0.928,0,-0.728108464442445,1,4,6,3.046,1.96979645436638,0.998598054048911,0.208791208791209,20,2000,1000,970402
3,4,"RF_importance",20,"Atopic dermatitis","MONDO_0004980",0,0.0393547289799639,0,-0.268728603946762,1,0,7,1.20569513037034,0.996689871344502,1.20969939098899,0.603877891898209,0.23976023976024,18,0,0.928,0,-0.728108464442445,1,4,2,2.844,0.70323488045007,-0.282836858849505,0.693306693306693,18,2000,1000,970402
3,4,"GS_full_ungrouped",50,"Atopic dermatitis","MONDO_0004980",0,0.0858642346424629,0,-0.388131592095627,1,0,7,1.11492383844899,1.01566906470298,1.09772353731679,0.470114054264385,0.298701298701299,42,8,6.177,1.29512708434515,0.403935533801222,0.320679320679321,15,20,19.532,1.02396067990989,0.0475226203477761,0.454545454545455,48,2000,1000,970403
3,4,"DGE",50,"Atopic dermatitis","MONDO_0004980",0,0.0858642346424629,0,-0.388131592095627,1,0,7,1.60951436561247,1.01566906470298,1.58468385180478,2.81271128309476,0.011988011988012,43,47,6.177,7.60887162052776,9.04545271331175,0.000999000999000999,17,142,17.45,8.13753581661891,12.7167714154819,0.000999000999000999,46,2000,1000,970403
3,4,"LASSO",50,"Atopic dermatitis","MONDO_0004980",0,0.0858642346424629,0,-0.388131592095627,1,0,7,1.81153472497389,1.01566906470298,1.78358757584455,3.7695681333897,0.002997002997003,41,5,6.177,0.809454427715719,-0.260796556930357,0.56943056943057,9,100,11.284,8.86210563629919,12.2730406813914,0.000999000999000999,37,2000,1000,970403
3,4,"ElasticNet",50,"Atopic dermatitis","MONDO_0004980",0,0.0858642346424629,0,-0.388131592095627,1,0,7,1.67079080622429,1.01566906470298,1.64501496037284,3.10294332775821,0.003996003996004,44,2,6.177,0.323781771086288,-0.925528647661936,0.889110889110889,7,70,16.678,4.19714594076028,5.73764020571129,0.001998001998002,45,2000,1000,970403
3,4,"mRMR",50,"Atopic dermatitis","MONDO_0004980",0,0.0858642346424629,0,-0.388131592095627,1,0,7,1.37913163402459,1.01566906470298,1.35785531129463,1.72151782315661,0.0549450549450549,44,3,6.177,0.485672656629432,-0.703951284084743,0.788211788211788,12,8,17.45,0.458452722063037,-0.964861420122877,0.886113886113886,46,2000,1000,970403
3,4,"Boruta",50,"Atopic dermatitis","MONDO_0004980",0,0.0858642346424629,0,-0.388131592095627,1,0,7,1.08546651050083,1.01566906470298,1.06872065737107,0.330591255039197,0.346653346653347,41,16,6.177,2.5902541686903,2.17655444241877,0.035964035964036,14,28,17.45,1.60458452722063,1.07717333145993,0.151848151848152,46,2000,1000,970403
3,4,"RF_importance",50,"Atopic dermatitis","MONDO_0004980",0,0.0858642346424629,0,-0.388131592095627,1,0,7,1.20924931708168,1.01566906470298,1.19059382539657,0.916880809220867,0.16983016983017,45,10,6.177,1.61890885543144,0.847090260955609,0.203796203796204,14,42,17.45,2.40687679083095,2.5065976575679,0.025974025974026,46,2000,1000,970403
3,4,"GS_full_ungrouped",100,"Atopic dermatitis","MONDO_0004980",0,0.162505945751977,0,-0.576612741478148,1,0,7,1.05653590249766,1.000249869217,1.05627197264692,0.397459946555442,0.32967032967033,82,19,23.374,0.812868999743305,-0.371325391291886,0.617382617382617,25,66,65.066,1.01435465527311,0.037648220292577,0.451548451548452,89,2000,1000,970404
3,4,"DGE",100,"Atopic dermatitis","MONDO_0004980",0,0.162505945751977,0,-0.576612741478148,1,0,7,1.42229811413746,1.000249869217,1.42194281439981,2.98026460726878,0.000999000999000999,83,77,23.374,3.29425857790708,4.5525138165109,0.002997002997003,28,234,70.19,3.33380823479128,6.7613300400114,0.000999000999000999,92,2000,1000,970404
3,4,"LASSO",100,"Atopic dermatitis","MONDO_0004980",0,0.162505945751977,0,-0.576612741478148,1,0,7,1.46155845237972,1.000249869217,1.46119334514269,3.2574987811838,0.000999000999000999,80,16,23.374,0.68452126294173,-0.626006729626513,0.723276723276723,16,166,45.732,3.62984343566868,6.33494539810317,0.000999000999000999,74,2000,1000,970404
3,4,"ElasticNet",100,"Atopic dermatitis","MONDO_0004980",0,0.162505945751977,0,-0.576612741478148,1,0,7,1.54665372769178,1.000249869217,1.5462673630765,3.85839320572079,0.000999000999000999,82,11,23.374,0.47060836827244,-1.05047562685089,0.891108891108891,16,176,50.746,3.46825365546053,6.37498396828031,0.000999000999000999,78,2000,1000,970404
3,4,"mRMR",100,"Atopic dermatitis","MONDO_0004980",0,0.162505945751977,0,-0.576612741478148,1,0,7,1.07038362784217,1.000249869217,1.0701162387355,0.495244705127797,0.301698301698302,85,13,23.374,0.556173526140156,-0.880688067961139,0.829170829170829,23,46,65.066,0.706974456705499,-0.76852352044782,0.788211788211788,89,2000,1000,970404
3,4,"Boruta",100,"Atopic dermatitis","MONDO_0004980",0,0.162505945751977,0,-0.576612741478148,1,0,7,1.16425436406528,1.000249869217,1.16396352541057,1.15810644236049,0.130869130869131,82,47,23.374,2.01078120989133,2.00570043316463,0.040959040959041,26,142,65.4,2.17125382262997,3.33414340477394,0.00899100899100899,88,2000,1000,970404
3,4,"RF_importance",100,"Atopic dermatitis","MONDO_0004980",0,0.162505945751977,0,-0.576612741478148,1,0,7,0.928129919008284,1.000249869217,0.927898065845119,-0.509270060169349,0.694305694305694,84,56,23.374,2.39582442029606,2.76974444816851,0.020979020979021,26,128,72.494,1.76566336524402,2.24769323199118,0.027972027972028,94,2000,1000,970404
3,4,"GS_full_ungrouped",200,"Atopic dermatitis","MONDO_0004980",0,0.366508114550329,0,-0.853944439155869,1,0,7,0.998197680245265,1.00474510274615,0.993483498966067,-0.0637487224251332,0.502497502497502,167,49,95.385,0.513707606017718,-1.46755661986348,0.958041958041958,40,256,256.842,0.996721719967918,-0.0143776038508697,0.468531468531469,176,2000,1000,970405
3,4,"DGE",200,"Atopic dermatitis","MONDO_0004980",0,0.366508114550329,0,-0.853944439155869,1,0,7,1.19501592517107,1.00474510274615,1.1893722317281,1.85256440114105,0.03996003996004,171,220,95.385,2.30644231273261,3.94264456579255,0.001998001998002,55,614,274.55,2.23638681478783,5.34739812204503,0.000999000999000999,181,2000,1000,970405
3,4,"LASSO",200,"Atopic dermatitis","MONDO_0004980",0,0.366508114550329,0,-0.853944439155869,1,0,7,1.40814440862505,1.00474510274615,1.40149417476765,3.92768152253701,0.000999000999000999,167,77,95.385,0.807254809456413,-0.581675723966586,0.697302697302697,32,424,195.02,2.17413598605271,4.57178330400227,0.000999000999000999,153,2000,1000,970405
3,4,"ElasticNet",200,"Atopic dermatitis","MONDO_0004980",0,0.366508114550329,0,-0.853944439155869,1,0,7,1.38627090045525,1.00474510274615,1.37972396846357,3.71471096800318,0.001998001998002,167,78,95.385,0.817738638150653,-0.550037120541697,0.681318681318681,35,440,208.212,2.11323074558623,4.5957030276065,0.000999000999000999,158,2000,1000,970405
3,4,"mRMR",200,"Atopic dermatitis","MONDO_0004980",0,0.366508114550329,0,-0.853944439155869,1,0,7,0.942299108223462,1.00474510274615,0.937848918743659,-0.608002976873815,0.709290709290709,165,62,95.385,0.649997379042826,-1.05625477533992,0.87012987012987,43,238,265.122,0.89769992682614,-0.435641796720802,0.65034965034965,178,2000,1000,970405
3,4,"Boruta",200,"Atopic dermatitis","MONDO_0004980",0,0.366508114550329,0,-0.853944439155869,1,0,7,1.16810476153434,1.00474510274615,1.16258816125771,1.59054491170325,0.0629370629370629,163,158,95.385,1.65644493368978,1.98105115344943,0.03996003996004,55,480,265.122,1.81048724738045,3.45143566093107,0.004995004995005,178,2000,1000,970405
3,4,"RF_importance",200,"Atopic dermatitis","MONDO_0004980",0,0.366508114550329,0,-0.853944439155869,1,0,7,1.01902788482422,1.00474510274615,1.01421532888196,0.139063747609198,0.427572427572428,167,134,95.385,1.40483304502804,1.22172467125209,0.122877122877123,48,350,293.152,1.1939198777426,0.866704697512357,0.183816183816184,186,2000,1000,970405
3,4,"GS_full_ungrouped",500,"Atopic dermatitis","MONDO_0004980",0,0.865632389102174,0,-1.45897723105424,1,0,7,0.937871403453327,1.00584587287988,0.932420591206555,-1.19741014336641,0.901098901098901,405,403,601.987,0.669449672501233,-1.79303058023823,0.986013986013986,96,1490,1557.602,0.956598668979624,-0.341250155565098,0.625374625374625,431,2000,1000,970406
3,4,"DGE",500,"Atopic dermatitis","MONDO_0004980",0.36733311262685,0.865632389102174,0.42435232005106,-0.839856858154701,0.86013986013986,1,7,0.959501100226331,1.00584587287988,0.953924578403992,-0.81639034972284,0.784215784215784,410,756,601.987,1.25584107297998,1.38777919539583,0.103896103896104,125,2330,1644.606,1.41675270551123,3.34521062881633,0.003996003996004,443,2000,1000,970406
3,4,"LASSO",500,"Atopic dermatitis","MONDO_0004980",0.426169231617919,0.865632389102174,0.492321263602368,-0.740691717094532,0.814185814185814,1,7,1.20823821036354,1.00584587287988,1.20121605401053,3.56525972011376,0.000999000999000999,413,554,601.987,0.92028565400914,-0.432400902842355,0.642357642357642,95,1886,1423.726,1.32469309403635,2.4252897996371,0.010989010989011,411,2000,1000,970406
3,4,"ElasticNet",500,"Atopic dermatitis","MONDO_0004980",0.426169231617919,0.865632389102174,0.492321263602368,-0.740691717094532,0.814185814185814,1,7,1.20719900792942,1.00584587287988,1.20018289131419,3.54695355978428,0.000999000999000999,412,506,601.987,0.840549712867554,-0.864918945988063,0.801198801198801,94,1828,1423.726,1.28395491829186,2.12099665665491,0.026973026973027,411,2000,1000,970406
3,4,"mRMR",500,"Atopic dermatitis","MONDO_0004980",0.426169231617919,0.865632389102174,0.492321263602368,-0.740691717094532,0.814185814185814,1,7,1.10517342210116,1.00584587287988,1.0987502677094,1.7497130313287,0.046953046953047,408,398,601.987,0.661143845298985,-1.8380845430659,0.988011988011988,96,1782,1427.64,1.24821383542069,1.83191702812944,0.037962037962038,413,2000,1000,970406
3,4,"Boruta",500,"Atopic dermatitis","MONDO_0004980",0.36733311262685,0.865632389102174,0.42435232005106,-0.839856858154701,0.86013986013986,1,7,1.00832822017122,1.00584587287988,1.0024679201439,0.0437280033384296,0.453546453546454,408,643,601.987,1.06812937820916,0.369559635490311,0.320679320679321,116,1976,1608.842,1.22821259017355,1.70615982671492,0.0559440559440559,438,2000,1000,970406
3,4,"RF_importance",500,"Atopic dermatitis","MONDO_0004980",1.32961798869987,0.865632389102174,1.53600766958239,0.782022985591155,0.21978021978022,3,7,1.06198982889813,1.00584587287988,1.0558176531137,0.989008711537256,0.175824175824176,418,598,601.987,0.993376933388927,-0.03592602995879,0.483516483516484,115,1972,1605.496,1.22828085526217,1.84893319163348,0.045954045954046,437,2000,1000,970406
3,5,"GS_full_ungrouped",10,"Atopic dermatitis","MONDO_0004980",0,0.0219903874558998,0,-0.212701753948199,1,0,9,0.583178538946645,1.0233832039232,0.569853537473546,-0.908230834443803,0.838161838161838,8,0,0.212,0,-0.396874788962536,1,2,2,0.75,2.66666666666667,0.90698867605832,0.27972027972028,10,2000,1000,970501
3,5,"DGE",10,"Atopic dermatitis","MONDO_0004980",0,0.0219903874558998,0,-0.212701753948199,1,0,9,1.75719098071629,1.0233832039232,1.71704105947801,1.51399315469235,0.0759240759240759,9,0,0.212,0,-0.396874788962536,1,3,8,0.75,10.6666666666667,5.26053432113825,0.002997002997003,10,2000,1000,970501
3,5,"LASSO",10,"Atopic dermatitis","MONDO_0004980",0,0.0219903874558998,0,-0.212701753948199,1,0,9,1.86704440676599,1.0233832039232,1.82438445306564,1.74064288547825,0.0579420579420579,9,0,0.212,0,-0.396874788962536,1,3,10,0.51,19.6078431372549,8.71748976713997,0.001998001998002,8,2000,1000,970501
3,5,"ElasticNet",10,"Atopic dermatitis","MONDO_0004980",0,0.0219903874558998,0,-0.212701753948199,1,0,9,0.830021844493736,1.0233832039232,0.811056739363905,-0.398943407001747,0.607392607392607,9,0,0.212,0,-0.396874788962536,1,2,2,0.634,3.15457413249211,1.11849461350981,0.258741258741259,9,2000,1000,970501
3,5,"mRMR",10,"Atopic dermatitis","MONDO_0004980",0,0.0219903874558998,0,-0.212701753948199,1,0,9,0.590222500745257,1.0233832039232,0.576736552332113,-0.893697723345392,0.828171828171828,8,0,0.212,0,-0.396874788962536,1,3,2,0.75,2.66666666666667,0.90698867605832,0.27972027972028,10,2000,1000,970501
3,5,"Boruta",10,"Atopic dermatitis","MONDO_0004980",0,0.0219903874558998,0,-0.212701753948199,1,0,9,1.29217548283636,1.0233832039232,1.26265066485627,0.554572577694873,0.227772227772228,8,0,0.212,0,-0.396874788962536,1,3,2,0.75,2.66666666666667,0.90698867605832,0.27972027972028,10,2000,1000,970501
3,5,"RF_importance",10,"Atopic dermatitis","MONDO_0004980",0,0.0219903874558998,0,-0.212701753948199,1,0,9,0.944772885824187,1.0233832039232,0.923185842998348,-0.162188910030656,0.502497502497502,8,0,0.212,0,-0.396874788962536,1,2,2,0.75,2.66666666666667,0.90698867605832,0.27972027972028,10,2000,1000,970501
3,5,"GS_full_ungrouped",20,"Atopic dermatitis","MONDO_0004980",0,0.0430312074253726,0,-0.290439889970637,1,0,9,0.897409390235686,1.00048957715574,0.896970254089908,-0.316338787147382,0.585414585414585,17,0,0.967000000000001,0,-0.646950096355768,1,3,2,2.632,0.759878419452887,-0.220049830237543,0.657342657342657,18,2000,1000,970502
3,5,"DGE",20,"Atopic dermatitis","MONDO_0004980",0,0.0430312074253726,0,-0.290439889970637,1,0,9,1.81350135186947,1.00048957715574,1.8126139374935,2.49502029860459,0.018981018981019,18,1,0.967000000000001,1.03412616339193,0.0220779246946637,0.501498501498502,6,26,3.364,7.72889417360285,6.74252863598329,0.000999000999000999,20,2000,1000,970502
3,5,"LASSO",20,"Atopic dermatitis","MONDO_0004980",0,0.0430312074253726,0,-0.290439889970637,1,0,9,1.75640966605955,1.00048957715574,1.75555018879137,2.31981383861517,0.022977022977023,16,0,0.967000000000001,0,-0.646950096355768,1,3,42,2.356,17.8268251273345,16.0574955351814,0.000999000999000999,17,2000,1000,970502
3,5,"ElasticNet",20,"Atopic dermatitis","MONDO_0004980",0,0.0430312074253726,0,-0.290439889970637,1,0,9,0.836286030999351,1.00048957715574,0.835876804810705,-0.503917893326076,0.657342657342657,17,0,0.967000000000001,0,-0.646950096355768,1,4,2,2.632,0.759878419452887,-0.220049830237543,0.657342657342657,18,2000,1000,970502
3,5,"mRMR",20,"Atopic dermatitis","MONDO_0004980",0,0.0430312074253726,0,-0.290439889970637,1,0,9,0.812957390043009,1.00048957715574,0.812559579435242,-0.575510254636497,0.699300699300699,17,0,0.967000000000001,0,-0.646950096355768,1,5,2,2.632,0.759878419452887,-0.220049830237543,0.657342657342657,18,2000,1000,970502
3,5,"Boruta",20,"Atopic dermatitis","MONDO_0004980",0,0.0430312074253726,0,-0.290439889970637,1,0,9,1.27796413287718,1.00048957715574,1.27733877699183,0.8515309007856,0.191808191808192,18,0,0.967000000000001,0,-0.646950096355768,1,4,6,3.364,1.78359096313912,0.785178719051598,0.23976023976024,20,2000,1000,970502
3,5,"RF_importance",20,"Atopic dermatitis","MONDO_0004980",0,0.0430312074253726,0,-0.290439889970637,1,0,9,1.2083800206203,1.00048957715574,1.20778871485655,0.637986917855672,0.243756243756244,18,1,0.967000000000001,1.03412616339193,0.0220779246946637,0.501498501498502,5,6,3.364,1.78359096313912,0.785178719051598,0.23976023976024,20,2000,1000,970502
3,5,"GS_full_ungrouped",50,"Atopic dermatitis","MONDO_0004980",0,0.120188148667515,0,-0.482042839573052,1,0,9,1.19869284115978,0.997376437119652,1.2018459596073,0.965972488380149,0.163836163836164,43,1,5.918,0.168976005407232,-1.07094477434829,0.951048951048951,9,20,17.198,1.16292592161879,0.2938784814498,0.34965034965035,46,2000,1000,970503
3,5,"DGE",50,"Atopic dermatitis","MONDO_0004980",0,0.120188148667515,0,-0.482042839573052,1,0,9,1.56708654683381,0.997376437119652,1.57120871168708,2.73362866260132,0.012987012987013,45,10,5.918,1.68976005407232,0.888897228322431,0.1998001998002,13,78,17.198,4.53541109431329,6.37701621310161,0.000999000999000999,46,2000,1000,970503
3,5,"LASSO",50,"Atopic dermatitis","MONDO_0004980",0,0.120188148667515,0,-0.482042839573052,1,0,9,1.76374477164478,0.997376437119652,1.76838423889213,3.67724990244427,0.000999000999000999,38,5,5.918,0.844880027036161,-0.199903884272413,0.525474525474525,11,106,10.128,10.4660347551343,14.2028413735989,0.000999000999000999,35,2000,1000,970503
3,5,"ElasticNet",50,"Atopic dermatitis","MONDO_0004980",0,0.120188148667515,0,-0.482042839573052,1,0,9,0.874692589443543,0.997376437119652,0.876993436870827,-0.588671460673022,0.7002997002997,41,0,5.918,0,-1.28870499686726,1,6,10,16.916,0.591156301726176,-0.797378882322081,0.827172827172827,45,2000,1000,970503
3,5,"mRMR",50,"Atopic dermatitis","MONDO_0004980",0,0.120188148667515,0,-0.482042839573052,1,0,9,0.962205139612089,0.997376437119652,0.96473618565811,-0.16876173571115,0.534465534465534,42,1,5.918,0.168976005407232,-1.07094477434829,0.951048951048951,8,16,18.132,0.882417824840062,-0.223956003277588,0.571428571428571,47,2000,1000,970503
3,5,"Boruta",50,"Atopic dermatitis","MONDO_0004980",0,0.120188148667515,0,-0.482042839573052,1,0,9,1.34189336279422,0.997376437119652,1.34542316506846,1.65308869671948,0.0609390609390609,43,7,5.918,1.18283203785063,0.235616560765525,0.361638361638362,13,48,20.44,2.34833659491194,2.6490861710303,0.023976023976024,49,2000,1000,970503
3,5,"RF_importance",50,"Atopic dermatitis","MONDO_0004980",0,0.120188148667515,0,-0.482042839573052,1,0,9,1.50188123800593,0.997376437119652,1.50583188263726,2.42075532908244,0.018981018981019,47,11,5.918,1.85873605947956,1.1066574508414,0.157842157842158,13,52,18.132,2.8678579307302,3.55766506519951,0.00599400599400599,47,2000,1000,970503
3,5,"GS_full_ungrouped",100,"Atopic dermatitis","MONDO_0004980",0,0.206643525442313,0,-0.657737074528636,1,0,9,1.18229707489018,0.995095130679413,1.18812467113868,1.26934661498638,0.10989010989011,78,11,24.658,0.446102684727066,-1.10259065163056,0.917082917082917,19,62,65.282,0.94972580496921,-0.142911956575949,0.522477522477522,88,2000,1000,970504
3,5,"DGE",100,"Atopic dermatitis","MONDO_0004980",0,0.206643525442313,0,-0.657737074528636,1,0,9,1.21576745270883,0.995095130679413,1.22176002597737,1.49629677282552,0.0779220779220779,86,42,24.658,1.70330115986698,1.3999946610468,0.0899100899100899,25,180,73.25,2.45733788395904,4.41658379722846,0.000999000999000999,93,2000,1000,970504
3,5,"LASSO",100,"Atopic dermatitis","MONDO_0004980",0,0.206643525442313,0,-0.657737074528636,1,0,9,1.54547308794826,0.995095130679413,1.55309079534242,3.73190780666133,0.001998001998002,81,23,24.658,0.932760158974775,-0.133847949949001,0.492507492507492,20,190,46.196,4.11291020867608,8.24640028267338,0.000999000999000999,74,2000,1000,970504
3,5,"ElasticNet",100,"Atopic dermatitis","MONDO_0004980",0,0.206643525442313,0,-0.657737074528636,1,0,9,1.0290915228229,0.995095130679413,1.03416396191214,0.230516864934362,0.388611388611389,79,9,24.658,0.364993105685782,-1.26404776857749,0.96003996003996,17,44,67.868,0.648317321860081,-0.959632694978871,0.859140859140859,89,2000,1000,970504
3,5,"mRMR",100,"Atopic dermatitis","MONDO_0004980",0.427222515274814,0.206643525442313,2.06743721759663,0.702093032744997,0.270729270729271,1,9,1.14667080028107,0.995095130679413,1.15232279299585,1.02777812449712,0.155844155844156,82,13,24.658,0.527212263768351,-0.941133534683634,0.865134865134865,18,60,69.376,0.864852398523985,-0.381474119436032,0.618381618381618,90,2000,1000,970504
3,5,"Boruta",100,"Atopic dermatitis","MONDO_0004980",0,0.206643525442313,0,-0.657737074528636,1,0,9,1.17260177931765,0.995095130679413,1.17838158701173,1.20360642907023,0.11988011988012,87,52,24.658,2.1088490550734,2.20728024578143,0.034965034965035,28,154,77.858,1.97795987567109,2.75257977129404,0.012987012987013,95,2000,1000,970504
3,5,"RF_importance",100,"Atopic dermatitis","MONDO_0004980",0,0.206643525442313,0,-0.657737074528636,1,0,9,1.31895297900645,0.995095130679413,1.32545415844405,2.19595937020755,0.018981018981019,86,34,24.658,1.37886284370184,0.754166193259095,0.188811188811189,27,136,69.376,1.96033210332103,2.71067957906423,0.016983016983017,90,2000,1000,970504
3,5,"GS_full_ungrouped",200,"Atopic dermatitis","MONDO_0004980",0.427222515274814,0.433333630754988,0.985897435494386,-0.0128985666161654,0.47052947052947,1,9,1.13997645436464,0.984715890225654,1.15767041608662,1.56871976621283,0.0689310689310689,159,48,99.773,0.481092079019374,-1.58722594498956,0.964035964035964,36,200,269.188,0.742975169769826,-1.12335145303461,0.895104895104895,177,2000,1000,970505
3,5,"DGE",200,"Atopic dermatitis","MONDO_0004980",0.427222515274814,0.433333630754988,0.985897435494386,-0.0128985666161654,0.47052947052947,1,9,1.09239319539629,0.984715890225654,1.10934860119497,1.08794862320925,0.134865134865135,164,119,99.773,1.1927074459022,0.589449968986042,0.251748251748252,51,460,276.412,1.66418245228138,2.86639796758281,0.00599400599400599,180,2000,1000,970505
3,5,"LASSO",200,"Atopic dermatitis","MONDO_0004980",0,0.433333630754988,0,-0.914625606642737,1,0,9,1.38542793727434,0.984715890225654,1.40693163482603,4.04870942116484,0.002997002997003,167,91,99.773,0.912070399807563,-0.268957433708563,0.577422577422577,36,448,203.43,2.2022317259008,4.72967007339271,0.001998001998002,154,2000,1000,970505
3,5,"ElasticNet",200,"Atopic dermatitis","MONDO_0004980",0.427222515274814,0.433333630754988,0.985897435494386,-0.0128985666161654,0.47052947052947,1,9,1.17845968337875,0.984715890225654,1.19675095636844,1.95754613920016,0.02997002997003,155,38,99.773,0.380864562557004,-1.89380001738049,0.991008991008991,34,176,252.536,0.696930338644787,-1.32076798929469,0.933066933066933,172,2000,1000,970505
3,5,"mRMR",200,"Atopic dermatitis","MONDO_0004980",0.427222515274814,0.433333630754988,0.985897435494386,-0.0128985666161654,0.47052947052947,1,9,0.992149586027206,0.984715890225654,1.00754907671882,0.0751084836292893,0.458541458541459,160,63,99.773,0.631433353712928,-1.12736483640317,0.879120879120879,39,234,263.696,0.887385474182392,-0.470862035292389,0.678321678321678,175,2000,1000,970505
3,5,"Boruta",200,"Atopic dermatitis","MONDO_0004980",0,0.433333630754988,0,-0.914625606642737,1,0,9,1.12799928277659,0.984715890225654,1.14550734275051,1.44770496816873,0.0809190809190809,174,136,99.773,1.36309422388823,1.11062589205062,0.151848151848152,60,342,302.126,1.13197804889351,0.589467032969761,0.244755244755245,188,2000,1000,970505
3,5,"RF_importance",200,"Atopic dermatitis","MONDO_0004980",0,0.433333630754988,0,-0.914625606642737,1,0,9,1.09058686888926,0.984715890225654,1.10751423808074,1.06969788380531,0.136863136863137,170,100,99.773,1.0022751646237,0.00695923144327424,0.46953046953047,47,328,291.896,1.12368788883712,0.545290239316716,0.26973026973027,185,2000,1000,970505
3,5,"GS_full_ungrouped",500,"Atopic dermatitis","MONDO_0004980",1.24209410441619,1.07537021213624,1.15503860010103,0.253409699194811,0.404595404595405,2,9,1.21651431408902,0.989006206653927,1.23003708763853,4.03478057087822,0.000999000999000999,420,1062,630.362,1.68474622518489,3.6543416723064,0.001998001998002,141,2406,1678.878,1.4330999631897,3.32864391621236,0.003996003996004,442,2000,1000,970506
3,5,"DGE",500,"Atopic dermatitis","MONDO_0004980",0.427222515274814,1.07537021213624,0.397279476828851,-0.985143224821488,0.84015984015984,1,9,1.03252247208442,0.989006206653927,1.04399999225255,0.771746485237869,0.213786213786214,405,644,630.362,1.02163518740026,0.115462289527138,0.426573426573427,116,1940,1697.46,1.14288407385152,1.14209429883609,0.130869130869131,444,2000,1000,970506
3,5,"LASSO",500,"Atopic dermatitis","MONDO_0004980",0.426169231617919,1.07537021213624,0.396300015388495,-0.986744148906277,0.873126873126873,1,9,1.2204520394554,0.989006206653927,1.23401858476148,4.10461481977958,0.000999000999000999,407,519,630.362,0.823336432081883,-0.942815037859004,0.84015984015984,93,2002,1389.604,1.44069821330393,3.34170280187563,0.001998001998002,403,2000,1000,970506
3,5,"ElasticNet",500,"Atopic dermatitis","MONDO_0004980",0.427222515274814,1.07537021213624,0.397279476828851,-0.985143224821488,0.84015984015984,1,9,1.1881733525108,0.989006206653927,1.20138108792129,3.53216304913374,0.001998001998002,402,363,630.362,0.575859585444554,-2.26354514243691,0.994005994005994,89,1634,1484.104,1.10100100801561,0.765505056446279,0.230769230769231,416,2000,1000,970506
3,5,"mRMR",500,"Atopic dermatitis","MONDO_0004980",0.427222515274814,1.07537021213624,0.397279476828851,-0.985143224821488,0.84015984015984,1,9,1.09275082779485,0.989006206653927,1.10489784638655,1.83987632982241,0.037962037962038,406,378,630.362,0.599655436082759,-2.13655186315057,0.992007992007992,91,1686,1475.938,1.14232440658076,1.08471166492589,0.146853146853147,414,2000,1000,970506
3,5,"Boruta",500,"Atopic dermatitis","MONDO_0004980",1.15489186967227,1.07537021213624,1.07394816839688,0.120867855471148,0.445554445554446,3,9,1.06001058746145,0.989006206653927,1.07179366552991,1.25923906343051,0.115884115884116,407,752,630.362,1.19296531199533,1.02981390038876,0.144855144855145,130,1726,1678.878,1.02806755464066,0.215716700388323,0.391608391608392,442,2000,1000,970506
3,5,"RF_importance",500,"Atopic dermatitis","MONDO_0004980",0.814871589141373,1.07537021213624,0.757759123272181,-0.395941318254171,0.662337662337662,1,9,1.05605845615564,0.989006206653927,1.0677976023311,1.18914932998761,0.124875124875125,412,524,630.362,0.831268382294618,-0.900483944763558,0.823176823176823,113,1456,1712.396,0.850270614974574,-1.16810192265489,0.89010989010989,448,2000,1000,970506
